-- MySQL dump 10.13  Distrib 5.1.61, for redhat-linux-gnu (x86_64)
--
-- Host: db.local    Database: sitev3__demo_cgp_maestro_basedoc
-- ------------------------------------------------------
-- Server version	5.1.61

/*!40101 SET @OLD_CHARACTER_SET_CLIENT=@@CHARACTER_SET_CLIENT */;
/*!40101 SET @OLD_CHARACTER_SET_RESULTS=@@CHARACTER_SET_RESULTS */;
/*!40101 SET @OLD_COLLATION_CONNECTION=@@COLLATION_CONNECTION */;
/*!40101 SET NAMES utf8 */;
/*!40103 SET @OLD_TIME_ZONE=@@TIME_ZONE */;
/*!40103 SET TIME_ZONE='+00:00' */;
/*!40014 SET @OLD_UNIQUE_CHECKS=@@UNIQUE_CHECKS, UNIQUE_CHECKS=0 */;
/*!40014 SET @OLD_FOREIGN_KEY_CHECKS=@@FOREIGN_KEY_CHECKS, FOREIGN_KEY_CHECKS=0 */;
/*!40101 SET @OLD_SQL_MODE=@@SQL_MODE, SQL_MODE='NO_AUTO_VALUE_ON_ZERO' */;
/*!40111 SET @OLD_SQL_NOTES=@@SQL_NOTES, SQL_NOTES=0 */;

--
-- Dumping data for table `dm_area`
--

LOCK TABLES `dm_area` WRITE;
/*!40000 ALTER TABLE `dm_area` DISABLE KEYS */;
INSERT INTO `dm_area` (`id`, `dm_layout_id`, `dm_page_view_id`, `type`) VALUES (1,NULL,2,'1'),(2,NULL,3,'1'),(3,1,NULL,'top'),(4,1,NULL,'left'),(5,NULL,1,'content'),(6,1,NULL,'bottom'),(7,NULL,12,'content'),(9,NULL,5,'content'),(10,NULL,9,'content'),(11,NULL,10,'content'),(12,NULL,11,'content'),(15,NULL,16,'content'),(29,NULL,2,'content'),(31,NULL,3,'content'),(32,NULL,35,'1'),(33,NULL,35,'content'),(65,1,NULL,'right'),(68,1,NULL,'centerTop'),(69,1,NULL,'centerBottom'),(72,NULL,76,'content'),(73,NULL,77,'content'),(88,NULL,1,'right'),(90,NULL,81,'content'),(91,1,NULL,'customTop'),(92,1,NULL,'customBottom'),(109,NULL,82,'content'),(126,NULL,83,'content'),(137,NULL,85,'content'),(138,NULL,86,'content'),(139,NULL,87,'content'),(140,NULL,88,'content'),(141,NULL,89,'content'),(142,NULL,90,'content'),(143,NULL,91,'content'),(144,NULL,92,'content'),(145,NULL,93,'content'),(146,NULL,94,'content'),(147,NULL,95,'content'),(148,NULL,96,'content'),(149,NULL,97,'content'),(150,NULL,98,'content'),(151,NULL,99,'content'),(152,NULL,100,'content'),(153,NULL,101,'content'),(154,NULL,102,'content'),(155,NULL,103,'content'),(165,NULL,111,'content'),(166,NULL,110,'content'),(167,NULL,109,'content'),(168,NULL,107,'content'),(169,NULL,108,'content'),(170,NULL,106,'content'),(171,NULL,105,'content'),(172,NULL,114,'content');
/*!40000 ALTER TABLE `dm_area` ENABLE KEYS */;
UNLOCK TABLES;

--
-- Dumping data for table `dm_auto_seo`
--

LOCK TABLES `dm_auto_seo` WRITE;
/*!40000 ALTER TABLE `dm_auto_seo` DISABLE KEYS */;
INSERT INTO `dm_auto_seo` (`id`, `module`, `action`, `created_at`, `updated_at`) VALUES (1,'dmTag','show','2011-08-05 12:24:36','2011-08-05 12:24:36'),(2,'rubrique','show','2011-08-05 12:24:36','2011-08-05 12:24:36'),(3,'section','show','2011-08-05 12:24:37','2011-08-05 12:24:37'),(4,'article','show','2011-08-05 12:24:37','2011-08-05 12:24:37'),(9,'renseignements','show','2011-08-08 18:14:11','2011-08-08 18:14:11'),(10,'presentation','show','2011-08-10 20:37:35','2011-08-10 20:37:35'),(11,'equipe','show','2011-08-10 20:37:35','2011-08-10 20:37:35'),(12,'mission','show','2011-08-10 20:37:35','2011-08-10 20:37:35'),(13,'recrutement','show','2011-08-10 20:37:35','2011-08-10 20:37:35'),(14,'accueil','show','2011-08-10 21:46:35','2011-08-10 21:46:35'),(15,'pageCabinet','show','2011-08-17 20:53:11','2011-08-17 20:53:11'),(16,'constantes','show','2011-08-29 19:32:01','2011-08-29 19:32:01'),(18,'download','show','2011-09-01 17:40:14','2011-09-01 17:40:14'),(19,'indexSitesUtiles','show','2011-09-01 22:48:27','2011-09-01 22:48:27'),(20,'groupeSitesUtiles','show','2011-09-01 22:48:27','2011-09-01 22:48:27'),(21,'sitesUtiles','show','2011-09-01 22:48:27','2011-09-01 22:48:27'),(23,'bandeau','show','2011-09-07 04:04:04','2011-09-07 04:04:04'),(24,'sidActuTypeContenu','show','2011-09-07 04:04:04','2011-09-07 04:04:04'),(25,'sidActuRubrique','show','2011-09-07 04:04:04','2011-09-07 04:04:04'),(26,'sidActuArticle','show','2011-09-07 04:04:04','2011-09-07 04:04:04'),(27,'selectionPlacement','show','2012-04-04 15:31:46','2012-04-04 15:31:46');
/*!40000 ALTER TABLE `dm_auto_seo` ENABLE KEYS */;
UNLOCK TABLES;

--
-- Dumping data for table `dm_auto_seo_translation`
--

LOCK TABLES `dm_auto_seo_translation` WRITE;
/*!40000 ALTER TABLE `dm_auto_seo_translation` DISABLE KEYS */;
INSERT INTO `dm_auto_seo_translation` (`id`, `slug`, `name`, `title`, `h1`, `description`, `keywords`, `strip_words`, `lang`) VALUES (1,'%dm_tag.name%','%dm_tag.name%','%dm_tag.name%',NULL,'%dm_tag.name%',NULL,NULL,'fr'),(2,'%rubrique.title%','%rubrique.title%','%rubrique.title%',NULL,'%rubrique.title%',NULL,NULL,'fr'),(3,'%section.title%','%section.title%','%section.title%',NULL,'%section.title%',NULL,NULL,'fr'),(4,'%article.title%','%article.title%','%article.title%',NULL,'%article.title%',NULL,NULL,'fr'),(9,'%renseignements.title%','%renseignements.title%','%renseignements.title%',NULL,'%renseignements.title%',NULL,NULL,'fr'),(10,'%presentation%','%presentation%','%presentation%',NULL,'%presentation.text%',NULL,NULL,'fr'),(11,'%equipe%','%equipe%','%equipe%',NULL,'%equipe.text%',NULL,NULL,'fr'),(12,'%mission.title%','%mission.title%','%mission.title%',NULL,'%mission.text%',NULL,NULL,'fr'),(13,'%recrutement%','%recrutement%','%recrutement%',NULL,'%recrutement.text%',NULL,NULL,'fr'),(14,'%accueil%','%accueil%','%accueil%',NULL,'%accueil%',NULL,NULL,'fr'),(15,'%page_cabinet.title%','%page_cabinet.title%','%page_cabinet.title%',NULL,'%page_cabinet.text%',NULL,NULL,'fr'),(16,'%constantes.name%','%constantes.name%','%constantes.name%',NULL,'%constantes.name%',NULL,NULL,'fr'),(18,'%download.title%','%download.title%','%download.title%',NULL,'%download.title%',NULL,NULL,'fr'),(19,'%index_sites_utiles.title%','%index_sites_utiles.title%','%index_sites_utiles.title%',NULL,'%index_sites_utiles.description%',NULL,NULL,'fr'),(20,'%groupe_sites_utiles.title%','%groupe_sites_utiles.title%','%groupe_sites_utiles.title%',NULL,'%groupe_sites_utiles.description%',NULL,NULL,'fr'),(21,'%sites_utiles.title%','%sites_utiles.title%','%sites_utiles.title%',NULL,'%sites_utiles.description%',NULL,NULL,'fr'),(23,'%bandeau.title%','%bandeau.title%','%bandeau.title%',NULL,'%bandeau.title%',NULL,NULL,'fr'),(24,'%sid_actu_type_contenu.title%','%sid_actu_type_contenu.title%','%sid_actu_type_contenu.title%',NULL,'%sid_actu_type_contenu.title%',NULL,NULL,'fr'),(25,'%sid_actu_rubrique.title%','%sid_actu_rubrique.title%','%sid_actu_rubrique.title%',NULL,'%sid_actu_rubrique.title%',NULL,NULL,'fr'),(26,'%sid_actu_article.title%','%sid_actu_article.title%','%sid_actu_article.title%',NULL,'%sid_actu_article.resume%',NULL,NULL,'fr'),(27,'%selection_placement.title%','%selection_placement.title%','%selection_placement.title%',NULL,'%selection_placement.text%',NULL,NULL,'fr');
/*!40000 ALTER TABLE `dm_auto_seo_translation` ENABLE KEYS */;
UNLOCK TABLES;

--
-- Dumping data for table `dm_contact`
--

LOCK TABLES `dm_contact` WRITE;
/*!40000 ALTER TABLE `dm_contact` DISABLE KEYS */;
INSERT INTO `dm_contact` (`id`, `title`, `name`, `firstname`, `function`, `adresse`, `postalcode`, `ville`, `email`, `phone`, `fax`, `body`, `created_at`, `updated_at`) VALUES (1,'Monsieur','salliou','bertrand','dd','1( rue de la demi lune','86','','bsalliou@lesechos.fr','','','nglkgljkhglkj:','2012-03-13 11:42:50','2012-03-13 11:42:50');
/*!40000 ALTER TABLE `dm_contact` ENABLE KEYS */;
UNLOCK TABLES;

--
-- Dumping data for table `dm_layout`
--

LOCK TABLES `dm_layout` WRITE;
/*!40000 ALTER TABLE `dm_layout` DISABLE KEYS */;
INSERT INTO `dm_layout` (`id`, `name`, `template`, `css_class`) VALUES (1,'default','page','');
/*!40000 ALTER TABLE `dm_layout` ENABLE KEYS */;
UNLOCK TABLES;

--
-- Dumping data for table `dm_lock`
--

LOCK TABLES `dm_lock` WRITE;
/*!40000 ALTER TABLE `dm_lock` DISABLE KEYS */;
INSERT INTO `dm_lock` (`id`, `user_id`, `user_name`, `module`, `action`, `record_id`, `time`, `app`, `url`, `culture`) VALUES (445,1,'admin','dmLayout','index',0,1337001065,'admin','/admin.php/tools/configuration/layouts/index','fr');
/*!40000 ALTER TABLE `dm_lock` ENABLE KEYS */;
UNLOCK TABLES;

--
-- Dumping data for table `dm_mail_template`
--

LOCK TABLES `dm_mail_template` WRITE;
/*!40000 ALTER TABLE `dm_mail_template` DISABLE KEYS */;
INSERT INTO `dm_mail_template` (`id`, `name`, `vars`, `created_at`, `updated_at`) VALUES (1,'dm_user_forgot_password','username, email, step2_url','2011-11-16 14:23:13','2011-11-16 14:23:13');
/*!40000 ALTER TABLE `dm_mail_template` ENABLE KEYS */;
UNLOCK TABLES;

--
-- Dumping data for table `dm_mail_template_translation`
--

LOCK TABLES `dm_mail_template_translation` WRITE;
/*!40000 ALTER TABLE `dm_mail_template_translation` DISABLE KEYS */;
INSERT INTO `dm_mail_template_translation` (`id`, `description`, `subject`, `body`, `from_email`, `to_email`, `cc_email`, `bcc_email`, `reply_to_email`, `sender_email`, `list_unsuscribe`, `is_html`, `is_active`, `lang`) VALUES (1,'Sent to a user that requests a new password','Sitediem: change your password','Hello %username%\nYou can choose a new password at %step2_url%','webmaster@domain.com','%email%',NULL,NULL,NULL,NULL,NULL,0,1,'fr');
/*!40000 ALTER TABLE `dm_mail_template_translation` ENABLE KEYS */;
UNLOCK TABLES;

--
-- Dumping data for table `dm_media`
--

LOCK TABLES `dm_media` WRITE;
/*!40000 ALTER TABLE `dm_media` DISABLE KEYS */;
INSERT INTO `dm_media` (`id`, `dm_media_folder_id`, `file`, `mime`, `size`, `dimensions`, `created_at`, `updated_at`) VALUES (3,3,'home_img-big.jpg','image/jpeg',30286,'450x300','2011-08-08 14:11:32','2011-08-08 14:11:32'),(4,3,'home_img-lit1.jpg','image/jpeg',9654,'200x145','2011-08-08 14:12:52','2011-09-14 13:18:04'),(102,21,'gestion-250x250.swf','application/x-shockwave-flash',37810,NULL,'2011-09-16 16:59:31','2011-09-16 16:59:31'),(103,21,'recrutement-250x250.swf','application/x-shockwave-flash',114663,NULL,'2011-09-16 16:59:31','2011-09-16 16:59:31'),(104,9,'logo_gauche-1-.jpg','image/jpeg',9530,'82x108','2011-09-19 18:18:53','2011-09-19 18:19:19'),(105,9,'ministere-economie-1-.png','image/png',2747,'133x130','2011-09-19 18:21:06','2011-09-19 18:21:20'),(106,9,'legifrance-1-.gif','image/gif',5592,'425x61','2011-09-19 18:22:40','2011-09-19 18:22:54'),(107,9,'banner-infogreffe-1-.jpg','image/jpeg',61459,'968x165','2011-09-19 18:25:22','2011-09-19 18:25:27'),(112,1,'logo.png','image/png',2141,'84x68','2011-09-28 02:39:16','2011-09-28 02:39:16'),(126,9,'net-entreprises-logo-1.gif','image/gif',2552,'260x41','2012-01-05 12:01:52','2012-01-05 12:01:58'),(127,9,'SEMAPHORE.png','image/png',28528,'970x80','2012-01-05 12:01:52','2012-01-05 12:01:58'),(128,9,'logo_jedeclarecom.gif','image/gif',3386,'144x89','2012-01-05 12:01:52','2012-01-05 12:01:58'),(130,21,'generique-250x250.swf','application/x-shockwave-flash',221997,NULL,'2012-01-12 13:39:29','2012-01-12 13:39:29'),(131,21,'services-250x250.swf','application/x-shockwave-flash',6367,NULL,'2012-01-12 13:39:29','2012-01-12 13:39:29'),(132,21,'espacecol-250x250.swf','application/x-shockwave-flash',43605,NULL,'2012-01-12 13:39:29','2012-01-12 13:39:29'),(133,21,'modulecrea-250x250.swf','application/x-shockwave-flash',62099,NULL,'2012-01-12 13:39:29','2012-01-12 13:39:29'),(153,9,'google-chrome-20100107-2-.jpg','image/jpeg',22100,'600x400','2012-02-08 14:30:35','2012-02-14 09:28:37'),(154,9,'GLE-1-.png','image/png',21521,'761x103','2012-02-08 14:30:35','2012-02-14 09:28:37'),(160,23,'_planete.jpg','image/jpeg',211057,'2000x850','2012-02-14 09:23:27','2012-02-14 09:23:35'),(161,23,'_dossier.jpg','image/jpeg',191885,'2000x850','2012-02-14 09:23:28','2012-02-14 09:23:35'),(162,23,'_business-plan.jpg','image/jpeg',312291,'2000x850','2012-02-14 09:23:28','2012-02-14 09:23:35'),(163,23,'_pont.jpg','image/jpeg',408753,'2000x850','2012-02-14 09:23:30','2012-02-14 09:23:35'),(164,23,'_reunion.jpg','image/jpeg',206787,'2000x850','2012-02-14 09:23:31','2012-02-14 09:23:36'),(165,23,'_reunion02.jpg','image/jpeg',261361,'2000x850','2012-02-14 09:23:31','2012-02-14 09:23:36'),(166,23,'_ville.jpg','image/jpeg',406362,'2000x850','2012-02-14 09:23:33','2012-02-14 09:23:36'),(179,5,'portrait_homme03.jpg','image/jpeg',64052,'754x754','2012-02-14 09:32:04','2012-02-14 09:32:13'),(180,5,'portrait_homme04.jpg','image/jpeg',71372,'754x754','2012-02-14 09:32:07','2012-02-14 09:32:13'),(181,5,'portrait_homme05.jpg','image/jpeg',56115,'754x754','2012-02-14 09:32:07','2012-02-14 09:32:13'),(182,5,'portrait_homme06.jpg','image/jpeg',54737,'754x754','2012-02-14 09:32:07','2012-02-14 09:32:13'),(183,5,'portrait_homme07.jpg','image/jpeg',67317,'754x754','2012-02-14 09:32:10','2012-02-14 09:32:13'),(184,5,'portrait_homme08.jpg','image/jpeg',81847,'754x754','2012-02-14 09:32:10','2012-02-14 09:32:13'),(185,5,'portrait_homme09.jpg','image/jpeg',71406,'754x754','2012-02-14 09:32:11','2012-02-14 09:32:13'),(186,8,'alpin03.jpg','image/jpeg',7218967,'6299x4724','2012-02-14 10:14:05','2012-02-14 10:20:54'),(187,8,'graphique03.jpg','image/jpeg',413851,'1000x667','2012-02-14 10:15:01','2012-02-14 10:20:57'),(188,8,'maritime05.jpg','image/jpeg',883439,'2717x1772','2012-02-14 10:15:48','2012-02-14 10:20:57'),(189,8,'personnes17.jpg','image/jpeg',237811,'1000x678','2012-02-14 10:16:52','2012-02-14 10:20:58'),(190,8,'professionnel16.jpg','image/jpeg',186963,'1000x750','2012-02-14 10:17:36','2012-02-14 10:20:58'),(191,8,'rural08.jpg','image/jpeg',852384,'2356x1571','2012-02-14 10:18:17','2012-02-14 10:20:58'),(192,8,'technologique08.jpg','image/jpeg',2008823,'2200x1800','2012-02-14 10:19:18','2012-02-14 10:20:58'),(193,8,'urbain03.jpg','image/jpeg',864249,'2717x1817','2012-02-14 10:20:06','2012-02-14 10:20:59'),(194,8,'zen11.jpg','image/jpeg',249312,'1000x668','2012-02-14 10:20:49','2012-02-14 10:20:59'),(195,8,'rural08_1.jpg','image/jpeg',852384,'2356x1571','2012-02-14 10:23:04','2012-02-14 10:23:18'),(196,8,'modele_lettre.odt','application/vnd.oasis.opendocument.text',10856,NULL,'2012-02-14 10:36:50','2012-02-14 10:36:50'),(197,25,'wallpaper-890623_1.jpg','image/jpeg',483246,NULL,'2012-02-23 11:56:24','2012-02-23 11:56:24'),(198,25,'wallpaper-890623.jpg','image/jpeg',483246,NULL,'2012-02-23 11:56:24','2012-02-23 11:56:24'),(199,25,'equipedu-cabinet.jpg','image/jpeg',30785,'420x300','2012-02-23 12:22:18','2012-02-23 12:23:19'),(200,8,'koala.jpg','image/jpeg',780831,'1024x768','2012-02-23 12:22:18','2012-02-23 12:22:23'),(201,8,'point-clicrdv.doc','application/msword',25600,NULL,'2012-02-23 12:22:18','2012-02-23 12:22:18'),(202,8,'loi-de-finances.jpg','image/jpeg',130665,'550x240','2012-02-23 12:22:18','2012-02-23 12:22:23'),(205,3,'404.jpg','image/jpeg',81058,'700x558','2012-03-13 15:19:50','2012-03-13 15:19:50'),(206,8,'actualite-cabinet-parternaire.jpg','image/jpeg',290574,'2000x850','2012-03-16 15:32:47','2012-03-16 15:33:34'),(207,8,'actualite-collaborateur-nouveau.jpg','image/jpeg',170869,'2000x850','2012-03-16 15:33:08','2012-03-16 15:33:34'),(208,8,'actualite-reunion.jpg','image/jpeg',110378,'2000x850','2012-03-16 15:33:24','2012-03-16 15:33:34'),(209,24,'cabinet-accueil.jpg','image/jpeg',1302710,'2000x850','2012-03-16 15:34:28','2012-03-16 15:34:53'),(210,25,'mission-collectivites.jpg','image/jpeg',183653,'2000x850','2012-03-16 15:35:41','2012-03-16 15:37:56'),(211,25,'mission-compta.jpg','image/jpeg',133183,'2000x850','2012-03-16 15:36:02','2012-03-16 15:37:56'),(212,25,'mission-conseils.jpg','image/jpeg',211678,'2000x850','2012-03-16 15:36:33','2012-03-16 15:37:56'),(213,25,'cabinet-service.jpg','image/jpeg',155852,'2000x850','2012-03-16 15:38:20','2012-03-16 15:38:23'),(214,25,'missions-sociale.jpg','image/jpeg',194173,'2000x850','2012-03-16 15:38:40','2012-03-16 15:38:41'),(215,25,'missions-informatique.jpg','image/jpeg',97112,'2000x850','2012-03-16 15:38:57','2012-03-16 15:39:00'),(216,25,'mission-organisation.jpg','image/jpeg',101402,'2000x850','2012-03-16 15:39:13','2012-03-16 15:39:14'),(217,25,'mission-juridique.jpg','image/jpeg',172146,'2000x850','2012-03-16 15:47:49','2012-03-16 15:47:52'),(218,23,'argent-plante-numero-5.jpg','image/jpeg',402655,NULL,'2012-04-04 14:30:13','2012-04-04 14:30:13'),(219,23,'photo-argent-numero-7.jpg','image/jpeg',137928,NULL,'2012-04-04 14:30:13','2012-04-04 14:30:13'),(220,23,'photo-argent-medecin-numero-4.jpg','image/jpeg',647249,NULL,'2012-04-04 14:30:13','2012-04-04 14:30:13'),(221,23,'declaration-impot-numero-3.jpg','image/jpeg',721550,NULL,'2012-04-04 14:30:13','2012-04-04 14:30:13'),(222,23,'photo-boussole-numero-2.jpg','image/jpeg',609511,NULL,'2012-04-04 14:30:13','2012-04-04 14:30:13'),(223,23,'photo-argent-numero-6.jpg','image/jpeg',80824,NULL,'2012-04-04 14:30:13','2012-04-04 14:30:13'),(224,23,'_pont-numero-1.jpg','image/jpeg',408753,NULL,'2012-04-04 14:30:13','2012-04-04 14:30:13'),(226,3,'logolight.png','image/png',2514,'112x90','2012-04-23 16:22:09','2012-04-23 16:22:09'),(227,3,'logofull.png','image/png',8407,'622x90','2012-04-23 16:22:09','2012-04-23 16:22:09');
/*!40000 ALTER TABLE `dm_media` ENABLE KEYS */;
UNLOCK TABLES;

--
-- Dumping data for table `dm_media_folder`
--

LOCK TABLES `dm_media_folder` WRITE;
/*!40000 ALTER TABLE `dm_media_folder` DISABLE KEYS */;
INSERT INTO `dm_media_folder` (`id`, `rel_path`, `lft`, `rgt`, `level`) VALUES (1,'',1,42,0),(2,'assets',2,3,1),(3,'widget',4,5,1),(5,'equipe',6,7,1),(8,'sid_actu_article',8,9,1),(9,'sites_utiles',10,11,1),(21,'pubs',32,33,1),(23,'diaporama',34,35,1),(24,'page_cabinet',36,37,1),(25,'mission',38,39,1),(28,'renseignements',40,41,1);
/*!40000 ALTER TABLE `dm_media_folder` ENABLE KEYS */;
UNLOCK TABLES;

--
-- Dumping data for table `dm_media_translation`
--

LOCK TABLES `dm_media_translation` WRITE;
/*!40000 ALTER TABLE `dm_media_translation` DISABLE KEYS */;
INSERT INTO `dm_media_translation` (`id`, `legend`, `author`, `license`, `lang`) VALUES (3,NULL,NULL,NULL,'fr'),(4,'','','','fr'),(102,NULL,NULL,NULL,'fr'),(103,NULL,NULL,NULL,'fr'),(104,'','','','fr'),(105,'','','','fr'),(106,'','','','fr'),(107,'','','','fr'),(112,'','','','fr'),(160,'','','','fr'),(161,'','','','fr'),(162,'','','','fr'),(163,'','','','fr'),(164,'','','','fr'),(165,'','','','fr'),(166,'','','','fr'),(179,'','','','fr'),(180,'','','','fr'),(181,'','','','fr'),(182,'','','','fr'),(183,'','','','fr'),(184,'','','','fr'),(185,'','','','fr'),(186,NULL,NULL,NULL,'fr'),(187,NULL,NULL,NULL,'fr'),(188,NULL,NULL,NULL,'fr'),(189,NULL,NULL,NULL,'fr'),(190,NULL,NULL,NULL,'fr'),(191,NULL,NULL,NULL,'fr'),(192,NULL,NULL,NULL,'fr'),(193,NULL,NULL,NULL,'fr'),(194,NULL,NULL,NULL,'fr'),(195,NULL,NULL,NULL,'fr'),(196,NULL,NULL,NULL,'fr'),(206,NULL,NULL,NULL,'fr'),(207,NULL,NULL,NULL,'fr'),(208,NULL,NULL,NULL,'fr'),(209,NULL,NULL,NULL,'fr'),(210,NULL,NULL,NULL,'fr'),(211,NULL,NULL,NULL,'fr'),(212,NULL,NULL,NULL,'fr'),(213,NULL,NULL,NULL,'fr'),(214,NULL,NULL,NULL,'fr'),(215,NULL,NULL,NULL,'fr'),(216,NULL,NULL,NULL,'fr'),(217,NULL,NULL,NULL,'fr');
/*!40000 ALTER TABLE `dm_media_translation` ENABLE KEYS */;
UNLOCK TABLES;

--
-- Dumping data for table `dm_page`
--

LOCK TABLES `dm_page` WRITE;
/*!40000 ALTER TABLE `dm_page` DISABLE KEYS */;
INSERT INTO `dm_page` (`id`, `module`, `action`, `record_id`, `credentials`, `lft`, `rgt`, `level`) VALUES (1,'main','root',0,'',1,592,0),(2,'main','error404',0,NULL,4,5,1),(3,'main','signin',0,NULL,2,3,1),(5,'rubrique','list',0,'',6,421,1),(1548,'main','contact',0,NULL,422,423,1),(1591,'main','search',0,NULL,424,425,1),(6561,'main','filDActualite',0,'',504,505,1),(8418,'main','planDuSite',0,NULL,506,507,1),(23103,'main','bourse',0,'',555,556,2),(25518,'main','simulateurs',0,NULL,557,590,2),(25519,'main','valeurAcquiseParUnCapitalPlaceAInteretsComposesPendantUneDureeDeterminee',0,NULL,558,559,3),(25520,'main','valeurAcquiseParUneSuiteDeVersementsConstants',0,NULL,560,561,3),(25521,'main','tauxDeRendementDUnCapital',0,NULL,562,563,3),(25522,'main','tauxDeRendementDUneSuiteDeVersement',0,NULL,564,565,3),(25523,'main','calculDuCapitalEmprunte',0,NULL,566,567,3),(25524,'main','calculDeLaDureeSelonVotreCapaciteDeRemboursement',0,NULL,568,569,3),(25525,'main','calculDuVersementPeriodique',0,NULL,570,571,3),(25526,'main','calculDuTaux',0,NULL,572,573,3),(25527,'main','calculDesLoyersConstants',0,NULL,574,575,3),(25528,'main','calculDuTauxReelCoutReelDuCreditBail',0,NULL,576,577,3),(25529,'main','calculDeLaDuree',0,NULL,578,579,3),(25530,'main','absencesEtCongesDuSalarie',0,NULL,580,581,3),(25531,'main','correspondanceJoursOuvresJoursOuvrables',0,NULL,582,583,3),(25532,'main','seuilDeRentabiliteEstimationRapide',0,NULL,584,585,3),(25533,'main','calculDesFraisKilometriquesVehiculesAutomobiles',0,NULL,586,587,3),(25534,'main','versementTransport',0,NULL,588,589,3),(28968,'sidActuArticle','list',0,NULL,532,533,1),(28969,'indexSitesUtiles','list',0,NULL,534,535,1),(28970,'groupeSitesUtiles','list',0,NULL,536,537,1),(28971,'pageCabinet','list',0,NULL,538,539,1),(28972,'recrutement','list',0,NULL,540,541,1),(28973,'selectionPlacement','list',0,NULL,542,543,1),(28974,'mission','list',0,NULL,544,545,1),(30545,'renseignements','list',0,NULL,546,553,1),(30547,'rubrique','show',78,NULL,7,58,2),(30548,'rubrique','show',79,'',59,336,2),(30549,'rubrique','show',80,NULL,337,394,2),(30550,'rubrique','show',81,NULL,395,420,2),(30554,'section','show',639,NULL,8,53,3),(30555,'section','show',640,NULL,54,57,3),(30556,'section','show',641,'',60,321,3),(30557,'section','show',642,'',322,327,3),(30558,'section','show',643,'',328,335,3),(30559,'section','show',644,NULL,338,389,3),(30560,'section','show',645,NULL,390,393,3),(30561,'section','show',646,NULL,396,409,3),(30562,'section','show',647,NULL,410,419,3),(30762,'renseignements','show',3,NULL,547,548,2),(30763,'renseignements','show',4,NULL,549,550,2),(30764,'renseignements','show',2,NULL,551,552,2),(30765,'main','outilsPratiques',0,'',554,591,1),(31002,'article','show',21492,NULL,9,10,4),(31003,'article','show',21493,NULL,11,12,4),(31004,'article','show',21494,NULL,13,14,4),(31005,'article','show',21495,NULL,15,16,4),(31006,'article','show',21496,NULL,17,18,4),(31007,'article','show',21497,NULL,19,20,4),(31008,'article','show',21498,NULL,21,22,4),(31009,'article','show',21499,NULL,23,24,4),(31010,'article','show',21500,NULL,25,26,4),(31011,'article','show',21501,NULL,27,28,4),(31012,'article','show',21502,NULL,29,30,4),(31013,'article','show',21503,NULL,31,32,4),(31014,'article','show',21504,NULL,33,34,4),(31015,'article','show',21505,NULL,35,36,4),(31016,'article','show',21506,NULL,37,38,4),(31017,'article','show',21507,NULL,39,40,4),(31018,'article','show',21508,NULL,41,42,4),(31019,'article','show',21509,NULL,43,44,4),(31020,'article','show',21510,NULL,45,46,4),(31021,'article','show',21511,NULL,47,48,4),(31022,'article','show',21512,NULL,49,50,4),(31023,'article','show',21513,NULL,51,52,4),(31024,'article','show',21514,NULL,55,56,4),(31025,'article','show',21515,NULL,61,62,4),(31026,'article','show',21516,NULL,63,64,4),(31027,'article','show',21517,NULL,65,66,4),(31028,'article','show',21518,NULL,67,68,4),(31029,'article','show',21519,NULL,69,70,4),(31030,'article','show',21520,NULL,71,72,4),(31031,'article','show',21521,NULL,73,74,4),(31032,'article','show',21522,NULL,75,76,4),(31033,'article','show',21523,NULL,77,78,4),(31034,'article','show',21524,NULL,79,80,4),(31035,'article','show',21525,NULL,81,82,4),(31036,'article','show',21526,NULL,83,84,4),(31037,'article','show',21527,NULL,85,86,4),(31038,'article','show',21528,NULL,87,88,4),(31039,'article','show',21529,NULL,89,90,4),(31040,'article','show',21530,NULL,91,92,4),(31041,'article','show',21531,NULL,93,94,4),(31042,'article','show',21532,NULL,95,96,4),(31043,'article','show',21533,NULL,97,98,4),(31044,'article','show',21534,NULL,99,100,4),(31045,'article','show',21535,NULL,101,102,4),(31046,'article','show',21536,NULL,103,104,4),(31047,'article','show',21537,NULL,105,106,4),(31048,'article','show',21538,NULL,107,108,4),(31049,'article','show',21539,NULL,109,110,4),(31050,'article','show',21540,NULL,111,112,4),(31051,'article','show',21541,NULL,113,114,4),(31052,'article','show',21542,NULL,115,116,4),(31053,'article','show',21543,NULL,117,118,4),(31054,'article','show',21544,NULL,119,120,4),(31055,'article','show',21545,NULL,121,122,4),(31056,'article','show',21546,NULL,123,124,4),(31057,'article','show',21547,NULL,125,126,4),(31058,'article','show',21548,NULL,127,128,4),(31059,'article','show',21549,NULL,129,130,4),(31060,'article','show',21550,NULL,131,132,4),(31061,'article','show',21551,NULL,133,134,4),(31062,'article','show',21552,NULL,135,136,4),(31063,'article','show',21553,NULL,137,138,4),(31064,'article','show',21554,NULL,139,140,4),(31065,'article','show',21555,NULL,141,142,4),(31066,'article','show',21556,NULL,143,144,4),(31067,'article','show',21557,NULL,145,146,4),(31068,'article','show',21558,NULL,147,148,4),(31069,'article','show',21559,NULL,149,150,4),(31070,'article','show',21560,NULL,151,152,4),(31071,'article','show',21561,NULL,153,154,4),(31072,'article','show',21562,NULL,155,156,4),(31073,'article','show',21563,NULL,157,158,4),(31074,'article','show',21564,NULL,159,160,4),(31075,'article','show',21565,NULL,161,162,4),(31076,'article','show',21566,NULL,163,164,4),(31077,'article','show',21567,NULL,165,166,4),(31078,'article','show',21568,NULL,167,168,4),(31079,'article','show',21569,NULL,169,170,4),(31080,'article','show',21570,NULL,171,172,4),(31081,'article','show',21571,NULL,173,174,4),(31082,'article','show',21572,NULL,175,176,4),(31083,'article','show',21573,NULL,177,178,4),(31084,'article','show',21574,NULL,179,180,4),(31085,'article','show',21575,NULL,181,182,4),(31086,'article','show',21576,NULL,183,184,4),(31087,'article','show',21577,NULL,185,186,4),(31088,'article','show',21578,NULL,187,188,4),(31089,'article','show',21579,NULL,189,190,4),(31090,'article','show',21580,NULL,191,192,4),(31091,'article','show',21581,NULL,193,194,4),(31092,'article','show',21582,NULL,195,196,4),(31093,'article','show',21583,NULL,197,198,4),(31094,'article','show',21584,NULL,199,200,4),(31095,'article','show',21585,NULL,201,202,4),(31096,'article','show',21586,NULL,203,204,4),(31097,'article','show',21587,NULL,205,206,4),(31098,'article','show',21588,NULL,207,208,4),(31099,'article','show',21589,NULL,209,210,4),(31100,'article','show',21590,NULL,211,212,4),(31101,'article','show',21591,NULL,213,214,4),(31102,'article','show',21592,NULL,215,216,4),(31103,'article','show',21593,NULL,217,218,4),(31104,'article','show',21594,NULL,219,220,4),(31105,'article','show',21595,NULL,221,222,4),(31106,'article','show',21596,NULL,223,224,4),(31107,'article','show',21597,NULL,225,226,4),(31108,'article','show',21598,NULL,227,228,4),(31109,'article','show',21599,NULL,229,230,4),(31110,'article','show',21600,NULL,231,232,4),(31111,'article','show',21601,NULL,233,234,4),(31112,'article','show',21602,NULL,235,236,4),(31113,'article','show',21603,NULL,237,238,4),(31114,'article','show',21604,NULL,239,240,4),(31115,'article','show',21605,NULL,241,242,4),(31116,'article','show',21606,NULL,243,244,4),(31117,'article','show',21607,NULL,245,246,4),(31118,'article','show',21608,NULL,247,248,4),(31119,'article','show',21609,NULL,249,250,4),(31120,'article','show',21610,NULL,251,252,4),(31121,'article','show',21611,NULL,253,254,4),(31122,'article','show',21612,NULL,255,256,4),(31123,'article','show',21613,NULL,257,258,4),(31124,'article','show',21614,NULL,259,260,4),(31125,'article','show',21615,NULL,261,262,4),(31126,'article','show',21616,NULL,263,264,4),(31127,'article','show',21617,NULL,265,266,4),(31128,'article','show',21618,NULL,267,268,4),(31129,'article','show',21619,NULL,269,270,4),(31130,'article','show',21620,NULL,271,272,4),(31131,'article','show',21621,NULL,273,274,4),(31132,'article','show',21622,NULL,275,276,4),(31133,'article','show',21623,NULL,277,278,4),(31134,'article','show',21624,NULL,279,280,4),(31135,'article','show',21625,NULL,281,282,4),(31136,'article','show',21626,NULL,283,284,4),(31137,'article','show',21627,NULL,285,286,4),(31138,'article','show',21628,NULL,287,288,4),(31139,'article','show',21629,NULL,289,290,4),(31140,'article','show',21630,NULL,291,292,4),(31141,'article','show',21631,NULL,293,294,4),(31142,'article','show',21632,NULL,295,296,4),(31143,'article','show',21633,NULL,297,298,4),(31144,'article','show',21634,NULL,299,300,4),(31145,'article','show',21635,NULL,301,302,4),(31146,'article','show',21636,NULL,303,304,4),(31147,'article','show',21637,NULL,305,306,4),(31148,'article','show',21638,NULL,307,308,4),(31149,'article','show',21639,NULL,309,310,4),(31150,'article','show',21640,NULL,311,312,4),(31151,'article','show',21641,NULL,313,314,4),(31152,'article','show',21642,NULL,323,324,4),(31153,'article','show',21643,NULL,325,326,4),(31154,'article','show',21644,NULL,329,330,4),(31155,'article','show',21645,NULL,331,332,4),(31156,'article','show',21646,NULL,333,334,4),(31157,'article','show',21647,NULL,381,382,4),(31158,'article','show',21648,NULL,383,384,4),(31159,'article','show',21649,NULL,385,386,4),(31160,'article','show',21650,NULL,339,340,4),(31161,'article','show',21651,NULL,341,342,4),(31162,'article','show',21652,NULL,343,344,4),(31163,'article','show',21653,NULL,345,346,4),(31164,'article','show',21654,NULL,347,348,4),(31165,'article','show',21655,NULL,349,350,4),(31166,'article','show',21656,NULL,351,352,4),(31167,'article','show',21657,NULL,353,354,4),(31168,'article','show',21658,NULL,355,356,4),(31169,'article','show',21659,NULL,357,358,4),(31170,'article','show',21660,NULL,359,360,4),(31171,'article','show',21661,NULL,361,362,4),(31172,'article','show',21662,NULL,363,364,4),(31173,'article','show',21663,NULL,365,366,4),(31174,'article','show',21664,NULL,367,368,4),(31175,'article','show',21665,NULL,369,370,4),(31176,'article','show',21666,NULL,371,372,4),(31177,'article','show',21667,NULL,373,374,4),(31178,'article','show',21668,NULL,375,376,4),(31179,'article','show',21669,NULL,377,378,4),(31180,'article','show',21670,NULL,379,380,4),(31181,'article','show',21671,NULL,391,392,4),(31182,'article','show',21672,NULL,401,402,4),(31183,'article','show',21673,NULL,403,404,4),(31184,'article','show',21674,NULL,405,406,4),(31185,'article','show',21675,NULL,407,408,4),(31186,'article','show',21676,NULL,397,398,4),(31187,'article','show',21677,NULL,399,400,4),(31188,'article','show',21678,NULL,411,412,4),(31189,'article','show',21679,NULL,413,414,4),(31190,'article','show',21680,NULL,415,416,4),(31191,'article','show',21681,NULL,417,418,4),(31192,'article','show',21682,NULL,315,316,4),(31193,'article','show',21683,NULL,317,318,4),(31194,'article','show',21684,NULL,319,320,4),(31195,'article','show',21685,NULL,387,388,4);
/*!40000 ALTER TABLE `dm_page` ENABLE KEYS */;
UNLOCK TABLES;

--
-- Dumping data for table `dm_page_translation`
--

LOCK TABLES `dm_page_translation` WRITE;
/*!40000 ALTER TABLE `dm_page_translation` DISABLE KEYS */;
INSERT INTO `dm_page_translation` (`id`, `slug`, `name`, `title`, `h1`, `description`, `keywords`, `auto_mod`, `is_active`, `is_secure`, `is_indexable`, `is_visible_bread_crumb`, `group_page`, `lang`) VALUES (1,'','Accueil','Accueil','','','','snthdk',1,0,1,1,NULL,'fr'),(2,'page_introuvable_404','Page introuvable','Page introuvable',NULL,NULL,NULL,'snthdk',1,0,1,1,NULL,'fr'),(3,'Connexion','Connexion','Connexion',NULL,NULL,NULL,'snthdk',1,0,1,1,NULL,'fr'),(5,'infos-de-gestion','Infos de gestion','Infos de gestion','','Infos de gestion','','snthdk',0,0,0,1,'','fr'),(1548,'contact','Contact','Contact',NULL,NULL,NULL,'snthdk',1,0,1,1,NULL,'fr'),(1591,'search','Recherche : résultats','Recherche : résultats',NULL,NULL,NULL,'snthdk',1,0,1,1,NULL,'fr'),(6561,'fil-dactualite','Fil d\'actualité','Fil d\'actualité','','','','snthdk',1,0,1,1,NULL,'fr'),(8418,'plan-du-site','Plan du site','Plan du site',NULL,NULL,NULL,'snthdk',1,0,1,1,NULL,'fr'),(23103,'outils-pratiques/bourse','Bourse','Bourse','','Bourse','','snthdk',1,0,1,1,'','fr'),(25518,'outils-pratiques/simulateurs','Simulateurs','Simulateurs',NULL,NULL,NULL,'snthdk',1,0,1,1,NULL,'fr'),(25519,'outils-pratiques/simulateurs/valeur-acquise-par-un-capital-place-a-interets-composes-pendant-une-duree-determinee','Valeur acquise par un capital placé à intérêts composés pendant une durée déterminée ','Valeur acquise par un capital placé à intérêts composés pendant une durée déterminée ',NULL,NULL,NULL,'snthdk',1,0,1,1,NULL,'fr'),(25520,'outils-pratiques/simulateurs/valeur-acquise-par-une-suite-de-versements-constants','Valeur acquise par une suite de versements constants','Valeur acquise par une suite de versements constants',NULL,NULL,NULL,'snthdk',1,0,1,1,NULL,'fr'),(25521,'outils-pratiques/simulateurs/taux-de-rendement-dun-capital','Taux de rendement d\'un capital ','Taux de rendement d\'un capital ',NULL,NULL,NULL,'snthdk',1,0,1,1,NULL,'fr'),(25522,'outils-pratiques/simulateurs/taux-de-rendement-dune-suite-de-versement','Taux de rendement d\'une suite de versement ','Taux de rendement d\'une suite de versement ',NULL,NULL,NULL,'snthdk',1,0,1,1,NULL,'fr'),(25523,'outils-pratiques/simulateurs/calcul-du-capital-emprunte','Calcul du capital emprunté ','Calcul du capital emprunté ',NULL,NULL,NULL,'snthdk',1,0,1,1,NULL,'fr'),(25524,'outils-pratiques/simulateurs/calcul-de-la-duree-selon-votre-capacite-de-remboursement','Calcul de la durée (selon votre capacité de remboursement) ','Calcul de la durée (selon votre capacité de remboursement) ',NULL,NULL,NULL,'snthdk',1,0,1,1,NULL,'fr'),(25525,'outils-pratiques/simulateurs/calcul-du-versement-periodique','Calcul du versement périodique ','Calcul du versement périodique ',NULL,NULL,NULL,'snthdk',1,0,1,1,NULL,'fr'),(25526,'outils-pratiques/simulateurs/calcul-du-taux','Calcul du taux ','Calcul du taux ',NULL,NULL,NULL,'snthdk',1,0,1,1,NULL,'fr'),(25527,'outils-pratiques/simulateurs/calcul-des-loyers-constants','Calcul des loyers (constants) ','Calcul des loyers (constants) ',NULL,NULL,NULL,'snthdk',1,0,1,1,NULL,'fr'),(25528,'outils-pratiques/simulateurs/calcul-du-taux-reel-cout-reel-du-credit-bail','Calcul du taux réel (coût réel du crédit-bail) ','Calcul du taux réel (coût réel du crédit-bail) ',NULL,NULL,NULL,'snthdk',1,0,1,1,NULL,'fr'),(25529,'outils-pratiques/simulateurs/calcul-de-la-duree','Calcul de la durée','Calcul de la durée',NULL,NULL,NULL,'snthdk',1,0,1,1,NULL,'fr'),(25530,'outils-pratiques/simulateurs/absences-et-conges-du-salarie','Absences et congés du salarié ','Absences et congés du salarié ',NULL,NULL,NULL,'snthdk',1,0,1,1,NULL,'fr'),(25531,'outils-pratiques/simulateurs/correspondance-jours-ouvres/jours-ouvrables','Correspondance jours ouvrés/jours ouvrables ','Correspondance jours ouvrés/jours ouvrables ',NULL,NULL,NULL,'snthdk',1,0,1,1,NULL,'fr'),(25532,'outils-pratiques/simulateurs/seuil-de-rentabilite-estimation-rapide','Seuil de rentabilité (estimation rapide) ','Seuil de rentabilité (estimation rapide) ',NULL,NULL,NULL,'snthdk',1,0,1,1,NULL,'fr'),(25533,'outils-pratiques/simulateurs/calcul-des-frais-kilometriques-vehicules-automobiles','Calcul des frais kilométriques : véhicules automobiles','Calcul des frais kilométriques : véhicules automobiles',NULL,NULL,NULL,'snthdk',1,0,1,1,NULL,'fr'),(25534,'outils-pratiques/simulateurs/versement-transport','Versement transport ','Versement transport ',NULL,NULL,NULL,'snthdk',1,0,1,1,NULL,'fr'),(28968,'les-actualites-du-cabinet','Les Actualités du Cabinet','Les Actualités du Cabinet',NULL,'Les Actualités du Cabinet',NULL,'snthdk',1,0,1,1,NULL,'fr'),(28969,'la-page-d-accueil-des-sites-utiles','La page d\'accueil des sites utiles','La page d\'accueil des sites utiles',NULL,'La page d\'accueil des sites utiles',NULL,'snthdk',1,0,1,1,NULL,'fr'),(28970,'les-groupes-de-sites-utiles','Les groupes de sites utiles','Les groupes de sites utiles',NULL,'Les groupes de sites utiles',NULL,'snthdk',1,0,1,1,NULL,'fr'),(28971,'presentation-du-cabinet','Présentation du Cabinet','Présentation du Cabinet',NULL,'Présentation du Cabinet',NULL,'snthdk',1,0,1,1,NULL,'fr'),(28972,'les-recrutements','Les Recrutements','Les Recrutements',NULL,'Les Recrutements',NULL,'snthdk',1,0,1,1,NULL,'fr'),(28973,'les-selections-de-placements','Les Sélections de placements','Les Sélections de placements',NULL,'Les Sélections de placements',NULL,'snthdk',1,0,1,1,NULL,'fr'),(28974,'les-missions','Les Missions','Les Missions',NULL,'Les Missions',NULL,'snthdk',1,0,1,1,NULL,'fr'),(30545,'renseignements','Renseignements','Renseignements',NULL,'Renseignements',NULL,'snthdk',1,0,1,1,NULL,'fr'),(30547,'infos-de-gestion/famille','Famille','Famille',NULL,'famille',NULL,'hk',1,0,0,1,NULL,'fr'),(30548,'infos-de-gestion/fiscalite','Fiscalité','Fiscalité','','Fiscalité','','hk',1,0,0,1,'','fr'),(30549,'infos-de-gestion/immobilier','Immobilier','Immobilier',NULL,'immobilier',NULL,'hk',1,0,0,1,NULL,'fr'),(30550,'infos-de-gestion/placement','Placement','Placement',NULL,'placement',NULL,'hk',1,0,0,1,NULL,'fr'),(30554,'infos-de-gestion/famille/actualites','actualités','actualités',NULL,'actualités',NULL,'hk',1,0,0,1,NULL,'fr'),(30555,'infos-de-gestion/famille/questions-reponses','questions/réponses','questions/réponses',NULL,'questions/réponses',NULL,'hk',1,0,0,1,NULL,'fr'),(30556,'infos-de-gestion/fiscalite/actualites','Actualités','Actualités','','actualités','','hk',1,0,0,1,'','fr'),(30557,'infos-de-gestion/fiscalite/dossiers','Dossiers','Dossiers','','dossiers','','hk',1,0,0,1,'','fr'),(30558,'infos-de-gestion/fiscalite/questions-reponses','Questions/réponses','Questions/réponses','','questions/réponses','','hk',1,0,0,1,'','fr'),(30559,'infos-de-gestion/immobilier/actualites','Actualités','Actualités',NULL,'actualités',NULL,'hk',1,0,0,1,NULL,'fr'),(30560,'infos-de-gestion/immobilier/questions-reponses','Questions/réponses','Questions/réponses',NULL,'questions/réponses',NULL,'hk',1,0,0,1,NULL,'fr'),(30561,'infos-de-gestion/placement/actualites','actualités','actualités',NULL,'actualités',NULL,'hk',1,0,0,1,NULL,'fr'),(30562,'infos-de-gestion/placement/dossiers','dossiers','dossiers',NULL,'dossiers',NULL,'hk',1,0,0,1,NULL,'fr'),(30762,'renseignements/cabinet-2','Cabinet 2','Cabinet 2',NULL,'Cabinet 2',NULL,'snthdk',1,0,1,1,NULL,'fr'),(30763,'renseignements/cabinet-3','Cabinet 3','Cabinet 3',NULL,'Cabinet 3',NULL,'snthdk',1,0,1,1,NULL,'fr'),(30764,'renseignements/cabinet-1','Cabinet 1','Cabinet 1',NULL,'Cabinet 1',NULL,'snthdk',1,0,1,1,NULL,'fr'),(30765,'outils-pratiques','Outils pratiques','Outils pratiques','','','','snthdk',0,0,1,1,'','fr'),(31002,'infos-de-gestion/famille/actualites/assouplissement-du-dispositif-d-exoneration-des-dons-de-sommes-d-argent','Assouplissement du dispositif d\'exonération des dons de sommes d\'argent','Assouplissement du dispositif d\'exonération des dons de sommes d\'argent',NULL,'Assouplissement du dispositif d\'exonération des dons de sommes d\'argent',NULL,'snthdk',1,0,0,1,NULL,'fr'),(31003,'infos-de-gestion/famille/actualites/don-manuel-repoussez-le-paiement-de-vos-droits-de-donation','Don manuel : repoussez le paiement de vos droits de donation !','Don manuel : repoussez le paiement de vos droits de donation !',NULL,'Don manuel : repoussez le paiement de vos droits de donation !',NULL,'snthdk',1,0,0,1,NULL,'fr'),(31004,'infos-de-gestion/famille/actualites/les-incidences-d-une-donation-avec-reserve-d-usufruit','Les incidences d\'une donation avec réserve d\'usufruit','Les incidences d\'une donation avec réserve d\'usufruit',NULL,'Les incidences d\'une donation avec réserve d\'usufruit',NULL,'snthdk',1,0,0,1,NULL,'fr'),(31005,'infos-de-gestion/famille/actualites/un-epoux-peut-il-s-affranchir-du-remboursement-d-un-emprunt','Un époux peut-il s\'affranchir du remboursement d\'un emprunt ?','Un époux peut-il s\'affranchir du remboursement d\'un emprunt ?',NULL,'Un époux peut-il s\'affranchir du remboursement d\'un emprunt ?',NULL,'snthdk',1,0,0,1,NULL,'fr'),(31006,'infos-de-gestion/famille/actualites/quelle-est-la-valeur-d-un-acte-non-signe-par-le-notaire','Quelle est la valeur d\'un acte non signé par le notaire ?','Quelle est la valeur d\'un acte non signé par le notaire ?',NULL,'Quelle est la valeur d\'un acte non signé par le notaire ?',NULL,'snthdk',1,0,0,1,NULL,'fr'),(31007,'infos-de-gestion/famille/actualites/abattement-successoral-le-fisc-fait-marche-arriere','Abattement successoral : le fisc fait marche arrière !','Abattement successoral : le fisc fait marche arrière !',NULL,'Abattement successoral : le fisc fait marche arrière !',NULL,'snthdk',1,0,0,1,NULL,'fr'),(31008,'infos-de-gestion/famille/actualites/quel-sort-pour-la-vente-de-parts-de-sci-par-un-seul-des-epoux','Quel sort pour la vente de parts de SCI par un seul des époux ?','Quel sort pour la vente de parts de SCI par un seul des époux ?',NULL,'Quel sort pour la vente de parts de SCI par un seul des époux ?',NULL,'snthdk',1,0,0,1,NULL,'fr'),(31009,'infos-de-gestion/famille/actualites/comment-est-imposee-la-reversion-d-usufruit','Comment est imposée la réversion d\'usufruit ?','Comment est imposée la réversion d\'usufruit ?',NULL,'Comment est imposée la réversion d\'usufruit ?',NULL,'snthdk',1,0,0,1,NULL,'fr'),(31010,'infos-de-gestion/famille/actualites/assurance-vie-veillez-a-ne-pas-porter-atteinte-aux-droits-des-heritiers','Assurance-vie : veillez à ne pas porter atteinte aux droits des héritiers !','Assurance-vie : veillez à ne pas porter atteinte aux droits des héritiers !',NULL,'Assurance-vie : veillez à ne pas porter atteinte aux droits des héritiers !',NULL,'snthdk',1,0,0,1,NULL,'fr'),(31011,'infos-de-gestion/famille/actualites/comment-distinguer-un-present-d-usage-d-un-don-manuel','Comment distinguer un présent d\'usage d\'un don manuel ?','Comment distinguer un présent d\'usage d\'un don manuel ?',NULL,'Comment distinguer un présent d\'usage d\'un don manuel ?',NULL,'snthdk',1,0,0,1,NULL,'fr'),(31012,'infos-de-gestion/famille/actualites/combien-de-personnes-ont-ete-exonerees-de-droits-de-succession-en-2010','Combien de personnes ont été exonérées de droits de succession en 2010 ?','Combien de personnes ont été exonérées de droits de succession en 2010 ?',NULL,'Combien de personnes ont été exonérées de droits de succession en 2010 ?',NULL,'snthdk',1,0,0,1,NULL,'fr'),(31013,'infos-de-gestion/famille/actualites/le-paiement-fractionne-des-droits-de-succession','Le paiement fractionné des droits de succession','Le paiement fractionné des droits de succession',NULL,'Le paiement fractionné des droits de succession',NULL,'snthdk',1,0,0,1,NULL,'fr'),(31014,'infos-de-gestion/famille/actualites/comment-faire-tomber-en-matiere-successorale-la-presomption-fiscale-de-propriete-de-l-usufruitier','Comment faire tomber en matière successorale la présomption fiscale de propriété de l\'usufruitier ?','Comment faire tomber en matière successorale la présomption fiscale de propriété',NULL,'Comment faire tomber en matière successorale la présomption fiscale de propriété de l\'usufruitier ?',NULL,'snthdk',1,0,0,1,NULL,'fr'),(31015,'infos-de-gestion/famille/actualites/de-quel-delai-disposez-vous-pour-reclamer-le-benefice-d-un-contrat-d-assurance-vie','De quel délai disposez-vous pour réclamer le bénéfice d\'un contrat d\'assurance-vie ?','De quel délai disposez-vous pour réclamer le bénéfice d\'un contrat d\'assurance-v',NULL,'De quel délai disposez-vous pour réclamer le bénéfice d\'un contrat d\'assurance-vie ?',NULL,'snthdk',1,0,0,1,NULL,'fr'),(31016,'infos-de-gestion/famille/actualites/declaration-de-succession-incomplete-le-fisc-determine-lui-meme-les-droits-a-payer','Déclaration de succession incomplète : le fisc détermine lui-même les droits à payer !','Déclaration de succession incomplète : le fisc détermine lui-même les droits à p',NULL,'Déclaration de succession incomplète : le fisc détermine lui-même les droits à payer !',NULL,'snthdk',1,0,0,1,NULL,'fr'),(31017,'infos-de-gestion/famille/actualites/solidarite-des-epoux-pour-un-emprunt','Solidarité des époux pour un emprunt','Solidarité des époux pour un emprunt',NULL,'Solidarité des époux pour un emprunt',NULL,'snthdk',1,0,0,1,NULL,'fr'),(31018,'infos-de-gestion/famille/actualites/abattement-successoral-l-administration-fiscale-durcit-le-ton','Abattement successoral : l\'administration fiscale durcit le ton','Abattement successoral : l\'administration fiscale durcit le ton',NULL,'Abattement successoral : l\'administration fiscale durcit le ton',NULL,'snthdk',1,0,0,1,NULL,'fr'),(31019,'infos-de-gestion/famille/actualites/le-sort-des-indemnites-de-licenciement-lors-d-un-divorce','Le sort des indemnités de licenciement lors d\'un divorce','Le sort des indemnités de licenciement lors d\'un divorce',NULL,'Le sort des indemnités de licenciement lors d\'un divorce',NULL,'snthdk',1,0,0,1,NULL,'fr'),(31020,'infos-de-gestion/famille/actualites/reforme-de-la-fiscalite-du-patrimoine-l-assurance-vie-mise-a-contribution','Réforme de la fiscalité du patrimoine : l\'assurance-vie mise à contribution','Réforme de la fiscalité du patrimoine : l\'assurance-vie mise à contribution',NULL,'Réforme de la fiscalité du patrimoine : l\'assurance-vie mise à contribution',NULL,'snthdk',1,0,0,1,NULL,'fr'),(31021,'infos-de-gestion/famille/actualites/liquidation-judiciaire-le-logement-de-l-entrepreneur-declare-insaisissable-est-a-l-abri','Liquidation judiciaire : le logement de l\'entrepreneur déclaré insaisissable est à l\'abri !','Liquidation judiciaire : le logement de l\'entrepreneur déclaré insaisissable est',NULL,'Liquidation judiciaire : le logement de l\'entrepreneur déclaré insaisissable est à l\'abri !',NULL,'snthdk',1,0,0,1,NULL,'fr'),(31022,'infos-de-gestion/famille/actualites/assurance-vie-demembree-comment-se-partager-l-abattement-fiscal','Assurance-vie démembrée : comment se partager l\'abattement fiscal ?','Assurance-vie démembrée : comment se partager l\'abattement fiscal ?',NULL,'Assurance-vie démembrée : comment se partager l\'abattement fiscal ?',NULL,'snthdk',1,0,0,1,NULL,'fr'),(31023,'infos-de-gestion/famille/actualites/quelles-obligations-declaratives-pour-les-contribuables-soumis-a-l-exit-tax','Quelles obligations déclaratives pour les contribuables soumis à « l\'exit tax » ?','Quelles obligations déclaratives pour les contribuables soumis à « l\'exit tax » ',NULL,'Quelles obligations déclaratives pour les contribuables soumis à « l\'exit tax » ?',NULL,'snthdk',1,0,0,1,NULL,'fr'),(31024,'infos-de-gestion/famille/questions-reponses/construction-d-une-maison','Construction d\'une maison','Construction d\'une maison',NULL,'Construction d\'une maison',NULL,'snthdk',1,0,0,1,NULL,'fr'),(31025,'infos-de-gestion/fiscalite/actualites/assouplissement-du-dispositif-d-exoneration-des-dons-de-sommes-d-argent','Assouplissement du dispositif d\'exonération des dons de sommes d\'argent','Assouplissement du dispositif d\'exonération des dons de sommes d\'argent',NULL,'Assouplissement du dispositif d\'exonération des dons de sommes d\'argent',NULL,'snthdk',1,0,0,1,NULL,'fr'),(31026,'infos-de-gestion/fiscalite/actualites/le-dispositif-de-reduction-d-isf-pour-investissement-dans-une-pme-assoupli','Le dispositif de réduction d\'ISF pour investissement dans une PME assoupli !','Le dispositif de réduction d\'ISF pour investissement dans une PME assoupli !',NULL,'Le dispositif de réduction d\'ISF pour investissement dans une PME assoupli !',NULL,'snthdk',1,0,0,1,NULL,'fr'),(31027,'infos-de-gestion/fiscalite/actualites/declaration-d-isf-le-compte-a-rebours-a-commence','Déclaration d\'ISF : le compte à rebours a commencé','Déclaration d\'ISF : le compte à rebours a commencé',NULL,'Déclaration d\'ISF : le compte à rebours a commencé',NULL,'snthdk',1,0,0,1,NULL,'fr'),(31028,'infos-de-gestion/fiscalite/actualites/le-secteur-bancaire-le-barometre-des-crises','Le secteur bancaire : le baromètre des crises','Le secteur bancaire : le baromètre des crises',NULL,'Le secteur bancaire : le baromètre des crises',NULL,'snthdk',1,0,0,1,NULL,'fr'),(31029,'infos-de-gestion/fiscalite/actualites/comment-calculer-une-plus-value-immobiliere','Comment calculer une plus-value immobilière ?','Comment calculer une plus-value immobilière ?',NULL,'Comment calculer une plus-value immobilière ?',NULL,'snthdk',1,0,0,1,NULL,'fr'),(31030,'infos-de-gestion/fiscalite/actualites/plus-value-de-cession-de-titres-sous-condition-suspensive-a-quel-moment-est-on-impose','Plus-value de cession de titres sous condition suspensive : à quel moment est-on imposé ?','Plus-value de cession de titres sous condition suspensive : à quel moment est-on',NULL,'Plus-value de cession de titres sous condition suspensive : à quel moment est-on imposé ?',NULL,'snthdk',1,0,0,1,NULL,'fr'),(31031,'infos-de-gestion/fiscalite/actualites/projet-de-loi-de-finances-pour-2012','Projet de loi de finances pour 2012','Projet de loi de finances pour 2012',NULL,'Projet de loi de finances pour 2012',NULL,'snthdk',1,0,0,1,NULL,'fr'),(31032,'infos-de-gestion/fiscalite/actualites/quotient-familial-incidence-de-l-obtention-de-la-garde-d-un-enfant-en-cours-d-annee','Quotient familial : incidence de l\'obtention de la garde d\'un enfant en cours d\'année','Quotient familial : incidence de l\'obtention de la garde d\'un enfant en cours d\'',NULL,'Quotient familial : incidence de l\'obtention de la garde d\'un enfant en cours d\'année',NULL,'snthdk',1,0,0,1,NULL,'fr'),(31033,'infos-de-gestion/fiscalite/actualites/augmentation-annoncee-du-malus-automobile-en-2012','Augmentation annoncée du malus automobile en 2012','Augmentation annoncée du malus automobile en 2012',NULL,'Augmentation annoncée du malus automobile en 2012',NULL,'snthdk',1,0,0,1,NULL,'fr'),(31034,'infos-de-gestion/fiscalite/actualites/activez-votre-holding-pour-etre-exonere-d-isf','Activez votre holding pour être exonéré d\'ISF !','Activez votre holding pour être exonéré d\'ISF !',NULL,'Activez votre holding pour être exonéré d\'ISF !',NULL,'snthdk',1,0,0,1,NULL,'fr'),(31035,'infos-de-gestion/fiscalite/actualites/pas-de-penalites-de-retard-en-cas-de-difficultes-techniques-de-teledeclaration','Pas de pénalités de retard en cas de difficultés techniques de télédéclaration','Pas de pénalités de retard en cas de difficultés techniques de télédéclaration',NULL,'Pas de pénalités de retard en cas de difficultés techniques de télédéclaration',NULL,'snthdk',1,0,0,1,NULL,'fr'),(31036,'infos-de-gestion/fiscalite/actualites/projet-de-loi-de-finances-pour-2012-les-amendements-adoptes','Projet de loi de finances pour 2012 : les amendements adoptés','Projet de loi de finances pour 2012 : les amendements adoptés',NULL,'Projet de loi de finances pour 2012 : les amendements adoptés',NULL,'snthdk',1,0,0,1,NULL,'fr'),(31037,'infos-de-gestion/fiscalite/actualites/evitez-de-payer-un-impot-prescrit','Évitez de payer un impôt prescrit !','Évitez de payer un impôt prescrit !',NULL,'Évitez de payer un impôt prescrit !',NULL,'snthdk',1,0,0,1,NULL,'fr'),(31038,'infos-de-gestion/fiscalite/actualites/plan-d-austerite-acte-ii','Plan d\'austérité : acte II','Plan d\'austérité : acte II',NULL,'Plan d\'austérité : acte II',NULL,'snthdk',1,0,0,1,NULL,'fr'),(31039,'infos-de-gestion/fiscalite/actualites/projet-de-loi-de-finances-pour-2012-les-nouveaux-amendements-votes-par-les-deputes','Projet de loi de finances pour 2012 : les nouveaux amendements votés par les députés','Projet de loi de finances pour 2012 : les nouveaux amendements votés par les dép',NULL,'Projet de loi de finances pour 2012 : les nouveaux amendements votés par les députés',NULL,'snthdk',1,0,0,1,NULL,'fr'),(31040,'infos-de-gestion/fiscalite/actualites/abattement-successoral-le-fisc-fait-marche-arriere','Abattement successoral : le fisc fait marche arrière !','Abattement successoral : le fisc fait marche arrière !',NULL,'Abattement successoral : le fisc fait marche arrière !',NULL,'snthdk',1,0,0,1,NULL,'fr'),(31041,'infos-de-gestion/fiscalite/actualites/projet-de-loi-de-finances-pour-2012-les-amendements-des-senateurs','Projet de loi de finances pour 2012 : les amendements des sénateurs','Projet de loi de finances pour 2012 : les amendements des sénateurs',NULL,'Projet de loi de finances pour 2012 : les amendements des sénateurs',NULL,'snthdk',1,0,0,1,NULL,'fr'),(31042,'infos-de-gestion/fiscalite/actualites/societe-civile-immobiliere-une-precision-interessante-en-cas-d-option-a-l-impot-sur-les-societes','Société civile immobilière : une précision intéressante en cas d\'option à l\'impôt sur les sociétés','Société civile immobilière : une précision intéressante en cas d\'option à l\'impô',NULL,'Société civile immobilière : une précision intéressante en cas d\'option à l\'impôt sur les sociétés',NULL,'snthdk',1,0,0,1,NULL,'fr'),(31043,'infos-de-gestion/fiscalite/actualites/comment-est-imposee-la-reversion-d-usufruit','Comment est imposée la réversion d\'usufruit ?','Comment est imposée la réversion d\'usufruit ?',NULL,'Comment est imposée la réversion d\'usufruit ?',NULL,'snthdk',1,0,0,1,NULL,'fr'),(31044,'infos-de-gestion/fiscalite/actualites/l-administration-fiscale-vigilante-sur-les-donations-realisees-successivement','L\'administration fiscale vigilante sur les donations réalisées successivement !','L\'administration fiscale vigilante sur les donations réalisées successivement !',NULL,'L\'administration fiscale vigilante sur les donations réalisées successivement !',NULL,'snthdk',1,0,0,1,NULL,'fr'),(31045,'infos-de-gestion/fiscalite/actualites/lutte-contre-la-fraude-et-l-evasion-fiscales-bilan-et-perspectives','Lutte contre la fraude et l\'évasion fiscales : bilan et perspectives','Lutte contre la fraude et l\'évasion fiscales : bilan et perspectives',NULL,'Lutte contre la fraude et l\'évasion fiscales : bilan et perspectives',NULL,'snthdk',1,0,0,1,NULL,'fr'),(31046,'infos-de-gestion/fiscalite/actualites/projet-de-4e-loi-de-finances-rectificative-pour-2011-les-amendements-des-deputes','Projet de 4e loi de finances rectificative pour 2011 : les amendements des députés','Projet de 4e loi de finances rectificative pour 2011 : les amendements des déput',NULL,'Projet de 4e loi de finances rectificative pour 2011 : les amendements des députés',NULL,'snthdk',1,0,0,1,NULL,'fr'),(31047,'infos-de-gestion/fiscalite/actualites/plus-que-quelques-jours-pour-reduire-votre-impot-sur-le-revenu','Plus que quelques jours pour réduire votre impôt sur le revenu !','Plus que quelques jours pour réduire votre impôt sur le revenu !',NULL,'Plus que quelques jours pour réduire votre impôt sur le revenu !',NULL,'snthdk',1,0,0,1,NULL,'fr'),(31048,'infos-de-gestion/fiscalite/actualites/valeur-locative-d-un-local-modalites-pratiques-de-la-nouvelle-obligation-de-mise-a-jour','Valeur locative d\'un local : modalités pratiques de la nouvelle obligation de mise à jour','Valeur locative d\'un local : modalités pratiques de la nouvelle obligation de mi',NULL,'Valeur locative d\'un local : modalités pratiques de la nouvelle obligation de mise à jour',NULL,'snthdk',1,0,0,1,NULL,'fr'),(31049,'infos-de-gestion/fiscalite/actualites/combien-de-personnes-ont-ete-exonerees-de-droits-de-succession-en-2010','Combien de personnes ont été exonérées de droits de succession en 2010 ?','Combien de personnes ont été exonérées de droits de succession en 2010 ?',NULL,'Combien de personnes ont été exonérées de droits de succession en 2010 ?',NULL,'snthdk',1,0,0,1,NULL,'fr'),(31050,'infos-de-gestion/fiscalite/actualites/bouclier-fiscal-attention-a-la-perte-de-la-creance-2011','Bouclier fiscal : attention à la perte de la créance 2011 !','Bouclier fiscal : attention à la perte de la créance 2011 !',NULL,'Bouclier fiscal : attention à la perte de la créance 2011 !',NULL,'snthdk',1,0,0,1,NULL,'fr'),(31051,'infos-de-gestion/fiscalite/actualites/la-loi-de-finances-pour-2012-est-definitive','La loi de finances pour 2012 est définitive !','La loi de finances pour 2012 est définitive !',NULL,'La loi de finances pour 2012 est définitive !',NULL,'snthdk',1,0,0,1,NULL,'fr'),(31052,'infos-de-gestion/fiscalite/actualites/la-4e-loi-de-finances-rectificative-pour-2011-est-definitivement-adoptee','La 4e loi de finances rectificative pour 2011 est définitivement adoptée !','La 4e loi de finances rectificative pour 2011 est définitivement adoptée !',NULL,'La 4e loi de finances rectificative pour 2011 est définitivement adoptée !',NULL,'snthdk',1,0,0,1,NULL,'fr'),(31053,'infos-de-gestion/fiscalite/actualites/le-dispositif-du-controle-sur-demande-des-successions-et-donations-est-perennise','Le dispositif du contrôle sur demande des successions et donations est pérennisé !','Le dispositif du contrôle sur demande des successions et donations est pérennisé',NULL,'Le dispositif du contrôle sur demande des successions et donations est pérennisé !',NULL,'snthdk',1,0,0,1,NULL,'fr'),(31054,'infos-de-gestion/fiscalite/actualites/attention-au-changement-de-taux-de-tva-au-1er-janvier-2012','Attention au changement de taux de TVA au 1er janvier 2012 !','Attention au changement de taux de TVA au 1er janvier 2012 !',NULL,'Attention au changement de taux de TVA au 1er janvier 2012 !',NULL,'snthdk',1,0,0,1,NULL,'fr'),(31055,'infos-de-gestion/fiscalite/actualites/declaration-de-revenus-vous-pouvez-recourir-a-un-tiers-de-confiance','Déclaration de revenus : vous pouvez recourir à un tiers de confiance !','Déclaration de revenus : vous pouvez recourir à un tiers de confiance !',NULL,'Déclaration de revenus : vous pouvez recourir à un tiers de confiance !',NULL,'snthdk',1,0,0,1,NULL,'fr'),(31056,'infos-de-gestion/fiscalite/actualites/prorogation-de-la-reduction-d-impot-pour-la-souscription-au-capital-de-sofica','Prorogation de la réduction d\'impôt pour la souscription au capital de SOFICA','Prorogation de la réduction d\'impôt pour la souscription au capital de SOFICA',NULL,'Prorogation de la réduction d\'impôt pour la souscription au capital de SOFICA',NULL,'snthdk',1,0,0,1,NULL,'fr'),(31057,'infos-de-gestion/fiscalite/actualites/le-malus-automobile-une-nouvelle-fois-durci','Le malus automobile une nouvelle fois durci !','Le malus automobile une nouvelle fois durci !',NULL,'Le malus automobile une nouvelle fois durci !',NULL,'snthdk',1,0,0,1,NULL,'fr'),(31058,'infos-de-gestion/fiscalite/actualites/un-millesime-2011-record-pour-les-entreprises-de-luxe','Un millésime 2011 record pour les entreprises de luxe','Un millésime 2011 record pour les entreprises de luxe',NULL,'Un millésime 2011 record pour les entreprises de luxe',NULL,'snthdk',1,0,0,1,NULL,'fr'),(31059,'infos-de-gestion/fiscalite/actualites/calculez-votre-impot-sur-le-revenu-2012','Calculez votre impôt sur le revenu 2012','Calculez votre impôt sur le revenu 2012',NULL,'Calculez votre impôt sur le revenu 2012',NULL,'snthdk',1,0,0,1,NULL,'fr'),(31060,'infos-de-gestion/fiscalite/actualites/l-administration-vous-aide-a-evaluer-votre-bien-immobilier','L\'administration vous aide à évaluer votre bien immobilier !','L\'administration vous aide à évaluer votre bien immobilier !',NULL,'L\'administration vous aide à évaluer votre bien immobilier !',NULL,'snthdk',1,0,0,1,NULL,'fr'),(31061,'infos-de-gestion/fiscalite/actualites/l-administration-fiscale-peut-prolonger-son-delai-de-reponse-dans-certains-cas','L\'administration fiscale peut prolonger son délai de réponse dans certains cas','L\'administration fiscale peut prolonger son délai de réponse dans certains cas',NULL,'L\'administration fiscale peut prolonger son délai de réponse dans certains cas',NULL,'snthdk',1,0,0,1,NULL,'fr'),(31062,'infos-de-gestion/fiscalite/actualites/bailleurs-attention-a-ne-pas-fixer-un-loyer-trop-eleve','Bailleurs : attention à ne pas fixer un loyer trop élevé !','Bailleurs : attention à ne pas fixer un loyer trop élevé !',NULL,'Bailleurs : attention à ne pas fixer un loyer trop élevé !',NULL,'snthdk',1,0,0,1,NULL,'fr'),(31063,'infos-de-gestion/fiscalite/actualites/le-paiement-fractionne-des-droits-de-succession','Le paiement fractionné des droits de succession','Le paiement fractionné des droits de succession',NULL,'Le paiement fractionné des droits de succession',NULL,'snthdk',1,0,0,1,NULL,'fr'),(31064,'infos-de-gestion/fiscalite/actualites/n-oubliez-pas-de-payer-votre-premier-tiers-provisionnel','N\'oubliez pas de payer votre premier tiers provisionnel !','N\'oubliez pas de payer votre premier tiers provisionnel !',NULL,'N\'oubliez pas de payer votre premier tiers provisionnel !',NULL,'snthdk',1,0,0,1,NULL,'fr'),(31065,'infos-de-gestion/fiscalite/actualites/dispositif-scellier-du-changement-pour-la-zone-c','Dispositif \"Scellier\" : du changement pour la zone C !','Dispositif \"Scellier\" : du changement pour la zone C !',NULL,'Dispositif \"Scellier\" : du changement pour la zone C !',NULL,'snthdk',1,0,0,1,NULL,'fr'),(31066,'infos-de-gestion/fiscalite/actualites/evaluation-des-biens-dans-le-cadre-d-une-succession','Évaluation des biens dans le cadre d\'une succession','Évaluation des biens dans le cadre d\'une succession',NULL,'Évaluation des biens dans le cadre d\'une succession',NULL,'snthdk',1,0,0,1,NULL,'fr'),(31067,'infos-de-gestion/fiscalite/actualites/projet-de-loi-de-finances-rectificative-pour-2012','Projet de loi de finances rectificative pour 2012','Projet de loi de finances rectificative pour 2012',NULL,'Projet de loi de finances rectificative pour 2012',NULL,'snthdk',1,0,0,1,NULL,'fr'),(31068,'infos-de-gestion/fiscalite/actualites/quand-et-comment-appliquer-le-nouveau-taux-de-tva-de-7','Quand et comment appliquer le nouveau taux de TVA de 7 % ?','Quand et comment appliquer le nouveau taux de TVA de 7 % ?',NULL,'Quand et comment appliquer le nouveau taux de TVA de 7 % ?',NULL,'snthdk',1,0,0,1,NULL,'fr'),(31069,'infos-de-gestion/fiscalite/actualites/comment-faire-tomber-en-matiere-successorale-la-presomption-fiscale-de-propriete-de-l-usufruitier','Comment faire tomber en matière successorale la présomption fiscale de propriété de l\'usufruitier ?','Comment faire tomber en matière successorale la présomption fiscale de propriété',NULL,'Comment faire tomber en matière successorale la présomption fiscale de propriété de l\'usufruitier ?',NULL,'snthdk',1,0,0,1,NULL,'fr'),(31070,'infos-de-gestion/fiscalite/actualites/baremes-des-frais-kilometriques-2011','Barèmes des frais kilométriques 2011','Barèmes des frais kilométriques 2011',NULL,'Barèmes des frais kilométriques 2011',NULL,'snthdk',1,0,0,1,NULL,'fr'),(31071,'infos-de-gestion/fiscalite/actualites/quel-delai-de-reprise-en-matiere-d-isf','Quel délai de reprise en matière d\'ISF ?','Quel délai de reprise en matière d\'ISF ?',NULL,'Quel délai de reprise en matière d\'ISF ?',NULL,'snthdk',1,0,0,1,NULL,'fr'),(31072,'infos-de-gestion/fiscalite/actualites/louez-une-partie-de-votre-residence-principale-sans-etre-impose-c-est-possible','Louez une partie de votre résidence principale sans être imposé : c\'est possible !','Louez une partie de votre résidence principale sans être imposé : c\'est possible',NULL,'Louez une partie de votre résidence principale sans être imposé : c\'est possible !',NULL,'snthdk',1,0,0,1,NULL,'fr'),(31073,'infos-de-gestion/fiscalite/actualites/les-plafonds-de-loyers-des-investissements-immobiliers-locatifs-publies','Les plafonds de loyers des investissements immobiliers locatifs publiés !','Les plafonds de loyers des investissements immobiliers locatifs publiés !',NULL,'Les plafonds de loyers des investissements immobiliers locatifs publiés !',NULL,'snthdk',1,0,0,1,NULL,'fr'),(31074,'infos-de-gestion/fiscalite/actualites/la-loi-de-finances-rectificative-pour-2012-est-adoptee','La loi de finances rectificative pour 2012 est adoptée !','La loi de finances rectificative pour 2012 est adoptée !',NULL,'La loi de finances rectificative pour 2012 est adoptée !',NULL,'snthdk',1,0,0,1,NULL,'fr'),(31075,'infos-de-gestion/fiscalite/actualites/dispositif-scellier-le-plafonnement-supplementaire-enfin-publie','Dispositif « Scellier » : le plafonnement supplémentaire enfin publié !','Dispositif « Scellier » : le plafonnement supplémentaire enfin publié !',NULL,'Dispositif « Scellier » : le plafonnement supplémentaire enfin publié !',NULL,'snthdk',1,0,0,1,NULL,'fr'),(31076,'infos-de-gestion/fiscalite/actualites/secteur-de-l-aeronautique-les-avionneurs-survolent-la-crise','Secteur de l\'aéronautique : les avionneurs survolent la crise','Secteur de l\'aéronautique : les avionneurs survolent la crise',NULL,'Secteur de l\'aéronautique : les avionneurs survolent la crise',NULL,'snthdk',1,0,0,1,NULL,'fr'),(31077,'infos-de-gestion/fiscalite/actualites/declaration-de-succession-incomplete-le-fisc-determine-lui-meme-les-droits-a-payer','Déclaration de succession incomplète : le fisc détermine lui-même les droits à payer !','Déclaration de succession incomplète : le fisc détermine lui-même les droits à p',NULL,'Déclaration de succession incomplète : le fisc détermine lui-même les droits à payer !',NULL,'snthdk',1,0,0,1,NULL,'fr'),(31078,'infos-de-gestion/fiscalite/actualites/pacte-d-associes-et-isf','Pacte d\'associés et ISF','Pacte d\'associés et ISF',NULL,'Pacte d\'associés et ISF',NULL,'snthdk',1,0,0,1,NULL,'fr'),(31079,'infos-de-gestion/fiscalite/actualites/reduction-d-impot-scellier-amenagements-dans-certains-territoires-d-outre-mer','Réduction d\'impôt Scellier : aménagements dans certains territoires d\'outre-mer','Réduction d\'impôt Scellier : aménagements dans certains territoires d\'outre-mer',NULL,'Réduction d\'impôt Scellier : aménagements dans certains territoires d\'outre-mer',NULL,'snthdk',1,0,0,1,NULL,'fr'),(31080,'infos-de-gestion/fiscalite/actualites/reduction-d-impot-et-augmentation-de-capital-d-une-pme','Réduction d\'impôt et augmentation de capital d\'une PME','Réduction d\'impôt et augmentation de capital d\'une PME',NULL,'Réduction d\'impôt et augmentation de capital d\'une PME',NULL,'snthdk',1,0,0,1,NULL,'fr'),(31081,'infos-de-gestion/fiscalite/actualites/repartition-du-patrimoine-des-menages-les-francais-recentrent-leurs-placements','Répartition du patrimoine des ménages : les Français recentrent leurs placements','Répartition du patrimoine des ménages : les Français recentrent leurs placements',NULL,'Répartition du patrimoine des ménages : les Français recentrent leurs placements',NULL,'snthdk',1,0,0,1,NULL,'fr'),(31082,'infos-de-gestion/fiscalite/actualites/loi-de-finances-pour-2011-les-mesures-concernant-les-particuliers','Loi de finances pour 2011 : les mesures concernant les particuliers','Loi de finances pour 2011 : les mesures concernant les particuliers',NULL,'Loi de finances pour 2011 : les mesures concernant les particuliers',NULL,'snthdk',1,0,0,1,NULL,'fr'),(31083,'infos-de-gestion/fiscalite/actualites/adoption-definitive-de-la-loi-de-finances-rectificative-pour-2010','Adoption définitive de la loi de finances rectificative pour 2010','Adoption définitive de la loi de finances rectificative pour 2010',NULL,'Adoption définitive de la loi de finances rectificative pour 2010',NULL,'snthdk',1,0,0,1,NULL,'fr'),(31084,'infos-de-gestion/fiscalite/actualites/annonces-immobilieres-n-oubliez-pas-l-etiquette-energie','Annonces immobilières : n\'oubliez pas «l\'étiquette énergie» !','Annonces immobilières : n\'oubliez pas «l\'étiquette énergie» !',NULL,'Annonces immobilières : n\'oubliez pas «l\'étiquette énergie» !',NULL,'snthdk',1,0,0,1,NULL,'fr'),(31085,'infos-de-gestion/fiscalite/actualites/petits-enfants-succedant-a-leurs-grands-parents-quelle-fiscalite','Petits-enfants succédant à leurs grands-parents : quelle fiscalité ?','Petits-enfants succédant à leurs grands-parents : quelle fiscalité ?',NULL,'Petits-enfants succédant à leurs grands-parents : quelle fiscalité ?',NULL,'snthdk',1,0,0,1,NULL,'fr'),(31086,'infos-de-gestion/fiscalite/actualites/les-nouveaux-plafonds-de-loyers-des-investissements-immobiliers-defiscalises','Les nouveaux plafonds de loyers des investissements immobiliers défiscalisés','Les nouveaux plafonds de loyers des investissements immobiliers défiscalisés',NULL,'Les nouveaux plafonds de loyers des investissements immobiliers défiscalisés',NULL,'snthdk',1,0,0,1,NULL,'fr'),(31087,'infos-de-gestion/fiscalite/actualites/les-equipementiers-automobiles-font-la-course-en-tete','Les équipementiers automobiles font la course en tête !','Les équipementiers automobiles font la course en tête !',NULL,'Les équipementiers automobiles font la course en tête !',NULL,'snthdk',1,0,0,1,NULL,'fr'),(31088,'infos-de-gestion/fiscalite/actualites/la-reforme-des-retraites-et-ses-consequences-patrimoniales','La réforme des retraites et ses conséquences patrimoniales','La réforme des retraites et ses conséquences patrimoniales',NULL,'La réforme des retraites et ses conséquences patrimoniales',NULL,'snthdk',1,0,0,1,NULL,'fr'),(31089,'infos-de-gestion/fiscalite/actualites/simulez-votre-pret-a-taux-zero-renforce','Simulez votre prêt à taux zéro renforcé !','Simulez votre prêt à taux zéro renforcé !',NULL,'Simulez votre prêt à taux zéro renforcé !',NULL,'snthdk',1,0,0,1,NULL,'fr'),(31090,'infos-de-gestion/fiscalite/actualites/cession-de-droits-sociaux-au-sein-de-sa-famille','Cession de droits sociaux au sein de sa famille','Cession de droits sociaux au sein de sa famille',NULL,'Cession de droits sociaux au sein de sa famille',NULL,'snthdk',1,0,0,1,NULL,'fr'),(31091,'infos-de-gestion/fiscalite/actualites/les-amenagements-apportes-au-credit-d-impot-pour-l-isolation-des-logements','Les aménagements apportés au crédit d\'impôt pour l\'isolation des logements','Les aménagements apportés au crédit d\'impôt pour l\'isolation des logements',NULL,'Les aménagements apportés au crédit d\'impôt pour l\'isolation des logements',NULL,'snthdk',1,0,0,1,NULL,'fr'),(31092,'infos-de-gestion/fiscalite/actualites/paiement-de-l-impot-sur-le-revenu-attention-a-l-echeance','Paiement de l\'impôt sur le revenu : attention à l\'échéance !','Paiement de l\'impôt sur le revenu : attention à l\'échéance !',NULL,'Paiement de l\'impôt sur le revenu : attention à l\'échéance !',NULL,'snthdk',1,0,0,1,NULL,'fr'),(31093,'infos-de-gestion/fiscalite/actualites/exoneration-limitee-des-dividendes-dans-un-pea','Exonération limitée des dividendes dans un PEA','Exonération limitée des dividendes dans un PEA',NULL,'Exonération limitée des dividendes dans un PEA',NULL,'snthdk',1,0,0,1,NULL,'fr'),(31094,'infos-de-gestion/fiscalite/actualites/les-locations-de-locaux-d-hebergement-de-gardiens-peuvent-etre-soumises-a-la-tva','Les locations de locaux d\'hébergement de gardiens peuvent être soumises à la TVA','Les locations de locaux d\'hébergement de gardiens peuvent être soumises à la TVA',NULL,'Les locations de locaux d\'hébergement de gardiens peuvent être soumises à la TVA',NULL,'snthdk',1,0,0,1,NULL,'fr'),(31095,'infos-de-gestion/fiscalite/actualites/louez-une-partie-de-votre-habitation-principale-en-franchise-d-impot','Louez une partie de votre habitation principale en franchise d\'impôt !','Louez une partie de votre habitation principale en franchise d\'impôt !',NULL,'Louez une partie de votre habitation principale en franchise d\'impôt !',NULL,'snthdk',1,0,0,1,NULL,'fr'),(31096,'infos-de-gestion/fiscalite/actualites/fonds-en-euros-les-societes-d-assurances-anticipent-la-baisse-des-rendements','Fonds en euros : les sociétés d\'assurances anticipent la baisse des rendements','Fonds en euros : les sociétés d\'assurances anticipent la baisse des rendements',NULL,'Fonds en euros : les sociétés d\'assurances anticipent la baisse des rendements',NULL,'snthdk',1,0,0,1,NULL,'fr'),(31097,'infos-de-gestion/fiscalite/actualites/apport-en-usufruit-et-abus-de-droit','Apport en usufruit et abus de droit','Apport en usufruit et abus de droit',NULL,'Apport en usufruit et abus de droit',NULL,'snthdk',1,0,0,1,NULL,'fr'),(31098,'infos-de-gestion/fiscalite/actualites/contrats-de-capitalisation-pour-les-personnes-morales-acces-limite','Contrats de capitalisation pour les personnes morales : accès limité !','Contrats de capitalisation pour les personnes morales : accès limité !',NULL,'Contrats de capitalisation pour les personnes morales : accès limité !',NULL,'snthdk',1,0,0,1,NULL,'fr'),(31099,'infos-de-gestion/fiscalite/actualites/investissement-locatif-les-modalites-d-agrement-en-zone-c','Investissement locatif : les modalités d\'agrément en zone C','Investissement locatif : les modalités d\'agrément en zone C',NULL,'Investissement locatif : les modalités d\'agrément en zone C',NULL,'snthdk',1,0,0,1,NULL,'fr'),(31100,'infos-de-gestion/fiscalite/actualites/reforme-de-la-fiscalite-du-patrimoine-les-differentes-hypotheses','Réforme de la fiscalité du patrimoine : les différentes hypothèses','Réforme de la fiscalité du patrimoine : les différentes hypothèses',NULL,'Réforme de la fiscalité du patrimoine : les différentes hypothèses',NULL,'snthdk',1,0,0,1,NULL,'fr'),(31101,'infos-de-gestion/fiscalite/actualites/baremes-des-frais-kilometriques-2010','Barèmes des frais kilométriques 2010','Barèmes des frais kilométriques 2010',NULL,'Barèmes des frais kilométriques 2010',NULL,'snthdk',1,0,0,1,NULL,'fr'),(31102,'infos-de-gestion/fiscalite/actualites/isf-delai-supplementaire-accorde-pour-transmettre-des-justificatifs','ISF : délai supplémentaire accordé pour transmettre des justificatifs','ISF : délai supplémentaire accordé pour transmettre des justificatifs',NULL,'ISF : délai supplémentaire accordé pour transmettre des justificatifs',NULL,'snthdk',1,0,0,1,NULL,'fr'),(31103,'infos-de-gestion/fiscalite/actualites/une-transaction-avec-l-administration-fiscale-ne-vous-preserve-pas-de-tout-redressement','Une transaction avec l\'administration fiscale ne vous préserve pas de tout redressement','Une transaction avec l\'administration fiscale ne vous préserve pas de tout redre',NULL,'Une transaction avec l\'administration fiscale ne vous préserve pas de tout redressement',NULL,'snthdk',1,0,0,1,NULL,'fr'),(31104,'infos-de-gestion/fiscalite/actualites/le-secteur-de-l-agroalimentaire-sante-retrouvee-pour-les-champagnes-et-spiritueux','Le secteur de l\'agroalimentaire : santé retrouvée pour les champagnes et spiritueux !','Le secteur de l\'agroalimentaire : santé retrouvée pour les champagnes et spiritu',NULL,'Le secteur de l\'agroalimentaire : santé retrouvée pour les champagnes et spiritueux !',NULL,'snthdk',1,0,0,1,NULL,'fr'),(31105,'infos-de-gestion/fiscalite/actualites/le-credit-d-impot-sur-les-interets-d-emprunt-n-a-pas-totalement-disparu','Le crédit d\'impôt sur les intérêts d\'emprunt n\'a pas totalement disparu !','Le crédit d\'impôt sur les intérêts d\'emprunt n\'a pas totalement disparu !',NULL,'Le crédit d\'impôt sur les intérêts d\'emprunt n\'a pas totalement disparu !',NULL,'snthdk',1,0,0,1,NULL,'fr'),(31106,'infos-de-gestion/fiscalite/actualites/investissement-locatif-le-dispositif-girardin-reactualise','Investissement locatif : le dispositif Girardin réactualisé !','Investissement locatif : le dispositif Girardin réactualisé !',NULL,'Investissement locatif : le dispositif Girardin réactualisé !',NULL,'snthdk',1,0,0,1,NULL,'fr'),(31107,'infos-de-gestion/fiscalite/actualites/quel-sera-le-montant-de-votre-impot-en-2011','Quel sera le montant de votre impôt en 2011 ?','Quel sera le montant de votre impôt en 2011 ?',NULL,'Quel sera le montant de votre impôt en 2011 ?',NULL,'snthdk',1,0,0,1,NULL,'fr'),(31108,'infos-de-gestion/fiscalite/actualites/contrat-d-assurance-vie-apporte-en-garantie-d-un-credit','Contrat d\'assurance-vie apporté en garantie d\'un crédit','Contrat d\'assurance-vie apporté en garantie d\'un crédit',NULL,'Contrat d\'assurance-vie apporté en garantie d\'un crédit',NULL,'snthdk',1,0,0,1,NULL,'fr'),(31109,'infos-de-gestion/fiscalite/actualites/recouvrement-de-l-impot-frais-de-poursuite','Recouvrement de l\'impôt : frais de poursuite','Recouvrement de l\'impôt : frais de poursuite',NULL,'Recouvrement de l\'impôt : frais de poursuite',NULL,'snthdk',1,0,0,1,NULL,'fr'),(31110,'infos-de-gestion/fiscalite/actualites/une-possibilite-de-reduire-l-impot-sur-les-dividendes','Une possibilité de réduire l\'impôt sur les dividendes','Une possibilité de réduire l\'impôt sur les dividendes',NULL,'Une possibilité de réduire l\'impôt sur les dividendes',NULL,'snthdk',1,0,0,1,NULL,'fr'),(31111,'infos-de-gestion/fiscalite/actualites/les-nouveaux-plafonds-des-investissements-locatifs','Les nouveaux plafonds des investissements locatifs','Les nouveaux plafonds des investissements locatifs',NULL,'Les nouveaux plafonds des investissements locatifs',NULL,'snthdk',1,0,0,1,NULL,'fr'),(31112,'infos-de-gestion/fiscalite/actualites/les-nouveaux-plafonds-de-l-investissement-scellier','Les nouveaux plafonds de l\'investissement Scellier','Les nouveaux plafonds de l\'investissement Scellier',NULL,'Les nouveaux plafonds de l\'investissement Scellier',NULL,'snthdk',1,0,0,1,NULL,'fr'),(31113,'infos-de-gestion/fiscalite/actualites/quelles-perspectives-pour-le-patrimoine-des-francais','Quelles perspectives pour le patrimoine des Français ?','Quelles perspectives pour le patrimoine des Français ?',NULL,'Quelles perspectives pour le patrimoine des Français ?',NULL,'snthdk',1,0,0,1,NULL,'fr'),(31114,'infos-de-gestion/fiscalite/actualites/lutte-contre-la-fraude-fiscale-au-sein-de-l-union-europeenne','Lutte contre la fraude fiscale au sein de l\'Union européenne','Lutte contre la fraude fiscale au sein de l\'Union européenne',NULL,'Lutte contre la fraude fiscale au sein de l\'Union européenne',NULL,'snthdk',1,0,0,1,NULL,'fr'),(31115,'infos-de-gestion/fiscalite/actualites/reactualisation-des-baremes-des-frais-kilometriques-2010','Réactualisation des barèmes des frais kilométriques 2010','Réactualisation des barèmes des frais kilométriques 2010',NULL,'Réactualisation des barèmes des frais kilométriques 2010',NULL,'snthdk',1,0,0,1,NULL,'fr'),(31116,'infos-de-gestion/fiscalite/actualites/restitution-de-droits-de-succession-en-cas-de-surevaluation-d-un-bien-immobilier','Restitution de droits de succession en cas de surévaluation d\'un bien immobilier','Restitution de droits de succession en cas de surévaluation d\'un bien immobilier',NULL,'Restitution de droits de succession en cas de surévaluation d\'un bien immobilier',NULL,'snthdk',1,0,0,1,NULL,'fr'),(31117,'infos-de-gestion/fiscalite/actualites/depot-des-declarations-fiscales-des-entreprises-n-oubliez-pas-la-date-limite-du-3-mai-2011','Dépôt des déclarations fiscales des entreprises : n\'oubliez pas la date limite du 3 mai 2011 !','Dépôt des déclarations fiscales des entreprises : n\'oubliez pas la date limite d',NULL,'Dépôt des déclarations fiscales des entreprises : n\'oubliez pas la date limite du 3 mai 2011 !',NULL,'snthdk',1,0,0,1,NULL,'fr'),(31118,'infos-de-gestion/fiscalite/actualites/les-taux-de-la-reduction-d-impot-scellier-pour-2012-deja-annonces','Les taux de la réduction d\'impôt Scellier pour 2012 déjà annoncés !','Les taux de la réduction d\'impôt Scellier pour 2012 déjà annoncés !',NULL,'Les taux de la réduction d\'impôt Scellier pour 2012 déjà annoncés !',NULL,'snthdk',1,0,0,1,NULL,'fr'),(31119,'infos-de-gestion/fiscalite/actualites/soutenir-la-creation-d-entreprise-peut-vous-permettre-de-reduire-votre-isf','Soutenir la création d\'entreprise peut vous permettre de réduire votre ISF !','Soutenir la création d\'entreprise peut vous permettre de réduire votre ISF !',NULL,'Soutenir la création d\'entreprise peut vous permettre de réduire votre ISF !',NULL,'snthdk',1,0,0,1,NULL,'fr'),(31120,'infos-de-gestion/fiscalite/actualites/exoneration-d-isf-des-dirigeants-de-societes','Exonération d\'ISF des dirigeants de sociétés','Exonération d\'ISF des dirigeants de sociétés',NULL,'Exonération d\'ISF des dirigeants de sociétés',NULL,'snthdk',1,0,0,1,NULL,'fr'),(31121,'infos-de-gestion/fiscalite/actualites/investir-pour-reduire-son-isf','Investir pour réduire son ISF','Investir pour réduire son ISF',NULL,'Investir pour réduire son ISF',NULL,'snthdk',1,0,0,1,NULL,'fr'),(31122,'infos-de-gestion/fiscalite/actualites/la-liste-2011-des-etats-et-territoires-non-cooperatifs-est-connue','La liste 2011 des États et territoires non coopératifs est connue !','La liste 2011 des États et territoires non coopératifs est connue !',NULL,'La liste 2011 des États et territoires non coopératifs est connue !',NULL,'snthdk',1,0,0,1,NULL,'fr'),(31123,'infos-de-gestion/fiscalite/actualites/reforme-de-la-fiscalite-du-patrimoine-les-incidences-sur-votre-patrimoine-personnel','Réforme de la fiscalité du patrimoine : les incidences sur votre patrimoine personnel','Réforme de la fiscalité du patrimoine : les incidences sur votre patrimoine pers',NULL,'Réforme de la fiscalité du patrimoine : les incidences sur votre patrimoine personnel',NULL,'snthdk',1,0,0,1,NULL,'fr'),(31124,'infos-de-gestion/fiscalite/actualites/reforme-de-la-fiscalite-du-patrimoine-l-assouplissement-du-pacte-dutreil','Réforme de la fiscalité du patrimoine : l\'assouplissement du pacte Dutreil','Réforme de la fiscalité du patrimoine : l\'assouplissement du pacte Dutreil',NULL,'Réforme de la fiscalité du patrimoine : l\'assouplissement du pacte Dutreil',NULL,'snthdk',1,0,0,1,NULL,'fr'),(31125,'infos-de-gestion/fiscalite/actualites/le-nouveau-plafond-de-versement-a-certaines-uvres-vient-d-etre-publie','Le nouveau plafond de versement à certaines Œuvres vient d\'être publié','Le nouveau plafond de versement à certaines Œuvres vient d\'être publié',NULL,'Le nouveau plafond de versement à certaines Œuvres vient d\'être publié',NULL,'snthdk',1,0,0,1,NULL,'fr'),(31126,'infos-de-gestion/fiscalite/actualites/la-date-limite-de-declaration-et-de-paiement-de-l-isf-reportee','La date limite de déclaration et de paiement de l\'ISF reportée','La date limite de déclaration et de paiement de l\'ISF reportée',NULL,'La date limite de déclaration et de paiement de l\'ISF reportée',NULL,'snthdk',1,0,0,1,NULL,'fr'),(31127,'infos-de-gestion/fiscalite/actualites/donnees-bancaires-du-contribuable-un-acces-facilite-pour-l-administration-fiscale','Données bancaires du contribuable : un accès facilité pour l\'administration fiscale','Données bancaires du contribuable : un accès facilité pour l\'administration fisc',NULL,'Données bancaires du contribuable : un accès facilité pour l\'administration fiscale',NULL,'snthdk',1,0,0,1,NULL,'fr'),(31128,'infos-de-gestion/fiscalite/actualites/reforme-de-la-fiscalite-du-patrimoine-les-amenagements-concernant-les-biens-professionnels','Réforme de la fiscalité du patrimoine : les aménagements concernant les biens professionnels','Réforme de la fiscalité du patrimoine : les aménagements concernant les biens pr',NULL,'Réforme de la fiscalité du patrimoine : les aménagements concernant les biens professionnels',NULL,'snthdk',1,0,0,1,NULL,'fr'),(31129,'infos-de-gestion/fiscalite/actualites/un-bien-immobilier-recu-par-donation-peut-il-beneficier-du-dispositif-scellier','Un bien immobilier reçu par donation peut-il bénéficier du dispositif Scellier ?','Un bien immobilier reçu par donation peut-il bénéficier du dispositif Scellier ?',NULL,'Un bien immobilier reçu par donation peut-il bénéficier du dispositif Scellier ?',NULL,'snthdk',1,0,0,1,NULL,'fr'),(31130,'infos-de-gestion/fiscalite/actualites/rentes-et-indemnites-percues-en-reparation-de-dommages-corporels-au-regard-de-l-isf','Rentes et indemnités perçues en réparation de dommages corporels au regard de l\'ISF','Rentes et indemnités perçues en réparation de dommages corporels au regard de l\'',NULL,'Rentes et indemnités perçues en réparation de dommages corporels au regard de l\'ISF',NULL,'snthdk',1,0,0,1,NULL,'fr'),(31131,'infos-de-gestion/fiscalite/actualites/un-diagnostic-mitige-pour-le-secteur-de-la-sante','Un Diagnostic mitigé pour le secteur de la santé','Un Diagnostic mitigé pour le secteur de la santé',NULL,'Un Diagnostic mitigé pour le secteur de la santé',NULL,'snthdk',1,0,0,1,NULL,'fr'),(31132,'infos-de-gestion/fiscalite/actualites/les-impots-supplementaires-et-les-penalites-fiscales-influent-ils-sur-le-calcul-du-bouclier-fiscal','Les impôts supplémentaires et les pénalités fiscales influent-ils sur le calcul du bouclier fiscal ?','Les impôts supplémentaires et les pénalités fiscales influent-ils sur le calcul ',NULL,'Les impôts supplémentaires et les pénalités fiscales influent-ils sur le calcul du bouclier fiscal ?',NULL,'snthdk',1,0,0,1,NULL,'fr'),(31133,'infos-de-gestion/fiscalite/actualites/redressement-fiscal-soyez-vigilant-sur-l-adresse-d-envoi-de-votre-reponse','Redressement fiscal : soyez vigilant sur l\'adresse d\'envoi de votre réponse !','Redressement fiscal : soyez vigilant sur l\'adresse d\'envoi de votre réponse !',NULL,'Redressement fiscal : soyez vigilant sur l\'adresse d\'envoi de votre réponse !',NULL,'snthdk',1,0,0,1,NULL,'fr'),(31134,'infos-de-gestion/fiscalite/actualites/imposition-separee-des-epoux-et-controle-fiscal','Imposition séparée des époux et contrôle fiscal','Imposition séparée des époux et contrôle fiscal',NULL,'Imposition séparée des époux et contrôle fiscal',NULL,'snthdk',1,0,0,1,NULL,'fr'),(31135,'infos-de-gestion/fiscalite/actualites/controle-fiscal-l-administration-fiscale-peut-demander-vos-releves-de-comptes','Contrôle fiscal : l\'administration fiscale peut demander vos relevés de comptes !','Contrôle fiscal : l\'administration fiscale peut demander vos relevés de comptes ',NULL,'Contrôle fiscal : l\'administration fiscale peut demander vos relevés de comptes !',NULL,'snthdk',1,0,0,1,NULL,'fr'),(31136,'infos-de-gestion/fiscalite/actualites/dons-deductibles-de-l-isf-le-resultat-par-region-publie','Dons déductibles de l\'ISF : le résultat par région publié','Dons déductibles de l\'ISF : le résultat par région publié',NULL,'Dons déductibles de l\'ISF : le résultat par région publié',NULL,'snthdk',1,0,0,1,NULL,'fr'),(31137,'infos-de-gestion/fiscalite/actualites/comment-sera-impose-le-remboursement-des-rachats-de-vos-cotisations-retraite','Comment sera imposé le remboursement des rachats de vos cotisations retraite ?','Comment sera imposé le remboursement des rachats de vos cotisations retraite ?',NULL,'Comment sera imposé le remboursement des rachats de vos cotisations retraite ?',NULL,'snthdk',1,0,0,1,NULL,'fr'),(31138,'infos-de-gestion/fiscalite/actualites/lutte-contre-la-fraude-fiscale-bilan-2010','Lutte contre la fraude fiscale : bilan 2010','Lutte contre la fraude fiscale : bilan 2010',NULL,'Lutte contre la fraude fiscale : bilan 2010',NULL,'snthdk',1,0,0,1,NULL,'fr'),(31139,'infos-de-gestion/fiscalite/actualites/controle-fiscal-et-documents-deposes-au-greffe','Contrôle fiscal et documents déposés au greffe','Contrôle fiscal et documents déposés au greffe',NULL,'Contrôle fiscal et documents déposés au greffe',NULL,'snthdk',1,0,0,1,NULL,'fr'),(31140,'infos-de-gestion/fiscalite/actualites/la-reforme-de-la-fiscalite-du-patrimoine-enfin-adoptee','La réforme de la fiscalité du patrimoine enfin adoptée !','La réforme de la fiscalité du patrimoine enfin adoptée !',NULL,'La réforme de la fiscalité du patrimoine enfin adoptée !',NULL,'snthdk',1,0,0,1,NULL,'fr'),(31141,'infos-de-gestion/fiscalite/actualites/abattement-successoral-l-administration-fiscale-durcit-le-ton','Abattement successoral : l\'administration fiscale durcit le ton','Abattement successoral : l\'administration fiscale durcit le ton',NULL,'Abattement successoral : l\'administration fiscale durcit le ton',NULL,'snthdk',1,0,0,1,NULL,'fr'),(31142,'infos-de-gestion/fiscalite/actualites/btp-materiaux-la-construction-a-nouveau-sur-la-bonne-voie','BTP-matériaux : la construction à nouveau sur la bonne voie','BTP-matériaux : la construction à nouveau sur la bonne voie',NULL,'BTP-matériaux : la construction à nouveau sur la bonne voie',NULL,'snthdk',1,0,0,1,NULL,'fr'),(31143,'infos-de-gestion/fiscalite/actualites/reforme-de-la-fiscalite-du-patrimoine-l-assurance-vie-mise-a-contribution','Réforme de la fiscalité du patrimoine : l\'assurance-vie mise à contribution','Réforme de la fiscalité du patrimoine : l\'assurance-vie mise à contribution',NULL,'Réforme de la fiscalité du patrimoine : l\'assurance-vie mise à contribution',NULL,'snthdk',1,0,0,1,NULL,'fr'),(31144,'infos-de-gestion/fiscalite/actualites/sci-et-si-vous-optiez-a-l-impot-sur-les-societes','SCI : et si vous optiez à l\'impôt sur les sociétés ?','SCI : et si vous optiez à l\'impôt sur les sociétés ?',NULL,'SCI : et si vous optiez à l\'impôt sur les sociétés ?',NULL,'snthdk',1,0,0,1,NULL,'fr'),(31145,'infos-de-gestion/fiscalite/actualites/plan-d-austerite-du-gouvernement-quelles-consequences-sur-votre-patrimoine','Plan d\'austérité du gouvernement : quelles conséquences sur votre patrimoine ?','Plan d\'austérité du gouvernement : quelles conséquences sur votre patrimoine ?',NULL,'Plan d\'austérité du gouvernement : quelles conséquences sur votre patrimoine ?',NULL,'snthdk',1,0,0,1,NULL,'fr'),(31146,'infos-de-gestion/fiscalite/actualites/isf-a-vos-declarations','ISF : à vos déclarations !','ISF : à vos déclarations !',NULL,'ISF : à vos déclarations !',NULL,'snthdk',1,0,0,1,NULL,'fr'),(31147,'infos-de-gestion/fiscalite/actualites/assurance-vie-demembree-comment-se-partager-l-abattement-fiscal','Assurance-vie démembrée : comment se partager l\'abattement fiscal ?','Assurance-vie démembrée : comment se partager l\'abattement fiscal ?',NULL,'Assurance-vie démembrée : comment se partager l\'abattement fiscal ?',NULL,'snthdk',1,0,0,1,NULL,'fr'),(31148,'infos-de-gestion/fiscalite/actualites/deduire-les-interets-d-un-emprunt-renegocie-de-vos-revenus-fonciers','Déduire les intérêts d\'un emprunt renégocié de vos revenus fonciers','Déduire les intérêts d\'un emprunt renégocié de vos revenus fonciers',NULL,'Déduire les intérêts d\'un emprunt renégocié de vos revenus fonciers',NULL,'snthdk',1,0,0,1,NULL,'fr'),(31149,'infos-de-gestion/fiscalite/actualites/la-reduction-d-impot-pour-mecenat-est-elargie','La réduction d\'impôt pour mécénat est élargie !','La réduction d\'impôt pour mécénat est élargie !',NULL,'La réduction d\'impôt pour mécénat est élargie !',NULL,'snthdk',1,0,0,1,NULL,'fr'),(31150,'infos-de-gestion/fiscalite/actualites/quelles-obligations-declaratives-pour-les-contribuables-soumis-a-l-exit-tax','Quelles obligations déclaratives pour les contribuables soumis à « l\'exit tax » ?','Quelles obligations déclaratives pour les contribuables soumis à « l\'exit tax » ',NULL,'Quelles obligations déclaratives pour les contribuables soumis à « l\'exit tax » ?',NULL,'snthdk',1,0,0,1,NULL,'fr'),(31151,'infos-de-gestion/fiscalite/actualites/le-nouveau-mecanisme-de-plafonnement-de-la-taxe-fonciere-sur-les-proprietes-baties','Le nouveau mécanisme de plafonnement de la taxe foncière sur les propriétés bâties','Le nouveau mécanisme de plafonnement de la taxe foncière sur les propriétés bâti',NULL,'Le nouveau mécanisme de plafonnement de la taxe foncière sur les propriétés bâties',NULL,'snthdk',1,0,0,1,NULL,'fr'),(31152,'infos-de-gestion/fiscalite/dossiers/reforme-de-la-fiscalite-du-patrimoine','Réforme de la fiscalité du patrimoine','Réforme de la fiscalité du patrimoine',NULL,'Réforme de la fiscalité du patrimoine',NULL,'snthdk',1,0,0,1,NULL,'fr'),(31153,'infos-de-gestion/fiscalite/dossiers/reforme-de-la-fiscalite-du-patrimoine-31153','Réforme de la fiscalité du patrimoine','Réforme de la fiscalité du patrimoine',NULL,'Réforme de la fiscalité du patrimoine',NULL,'snthdk',1,0,0,1,NULL,'fr'),(31154,'infos-de-gestion/fiscalite/questions-reponses/plan-d-epargne-logement','Plan d\'épargne logement','Plan d\'épargne logement',NULL,'Plan d\'épargne logement',NULL,'snthdk',1,0,0,1,NULL,'fr'),(31155,'infos-de-gestion/fiscalite/questions-reponses/exoneration-de-tva-relative-aux-livraisons-intracommunautaires','Exonération de TVA relative aux livraisons intracommunautaires','Exonération de TVA relative aux livraisons intracommunautaires',NULL,'Exonération de TVA relative aux livraisons intracommunautaires',NULL,'snthdk',1,0,0,1,NULL,'fr'),(31156,'infos-de-gestion/fiscalite/questions-reponses/deductibilite-du-resultat-des-depenses-de-cadeaux-d-affaires','Déductibilité du résultat des dépenses de cadeaux d\'affaires','Déductibilité du résultat des dépenses de cadeaux d\'affaires',NULL,'Déductibilité du résultat des dépenses de cadeaux d\'affaires',NULL,'snthdk',1,0,0,1,NULL,'fr'),(31157,'infos-de-gestion/immobilier/actualites/gare-aux-notifications-par-lettre-recommandee-avec-accuse-de-reception','Gare aux notifications par lettre recommandée avec accusé de réception !','Gare aux notifications par lettre recommandée avec accusé de réception !',NULL,'Gare aux notifications par lettre recommandée avec accusé de réception !',NULL,'snthdk',1,0,0,1,NULL,'fr'),(31158,'infos-de-gestion/immobilier/actualites/le-diagnostic-de-performance-energetique-subit-un-nouveau-lifting','Le diagnostic de performance énergétique subit un nouveau lifting !','Le diagnostic de performance énergétique subit un nouveau lifting !',NULL,'Le diagnostic de performance énergétique subit un nouveau lifting !',NULL,'snthdk',1,0,0,1,NULL,'fr'),(31159,'infos-de-gestion/immobilier/actualites/comment-calculer-une-plus-value-immobiliere','Comment calculer une plus-value immobilière ?','Comment calculer une plus-value immobilière ?',NULL,'Comment calculer une plus-value immobilière ?',NULL,'snthdk',1,0,0,1,NULL,'fr'),(31160,'infos-de-gestion/immobilier/actualites/deces-d-un-locataire-comment-recuperer-le-logement','Décès d\'un locataire : comment récupérer le logement ?','Décès d\'un locataire : comment récupérer le logement ?',NULL,'Décès d\'un locataire : comment récupérer le logement ?',NULL,'snthdk',1,0,0,1,NULL,'fr'),(31161,'infos-de-gestion/immobilier/actualites/un-epoux-a-t-il-pouvoir-sur-le-compte-de-son-conjoint','Un époux a-t-il pouvoir sur le compte de son conjoint ?','Un époux a-t-il pouvoir sur le compte de son conjoint ?',NULL,'Un époux a-t-il pouvoir sur le compte de son conjoint ?',NULL,'snthdk',1,0,0,1,NULL,'fr'),(31162,'infos-de-gestion/immobilier/actualites/sur-qui-pese-le-reglement-des-frais-de-diagnostics-immobiliers','Sur qui pèse le règlement des frais de diagnostics immobiliers ?','Sur qui pèse le règlement des frais de diagnostics immobiliers ?',NULL,'Sur qui pèse le règlement des frais de diagnostics immobiliers ?',NULL,'snthdk',1,0,0,1,NULL,'fr'),(31163,'infos-de-gestion/immobilier/actualites/projet-de-loi-de-finances-pour-2012-les-amendements-adoptes','Projet de loi de finances pour 2012 : les amendements adoptés','Projet de loi de finances pour 2012 : les amendements adoptés',NULL,'Projet de loi de finances pour 2012 : les amendements adoptés',NULL,'snthdk',1,0,0,1,NULL,'fr'),(31164,'infos-de-gestion/immobilier/actualites/quels-pouvoirs-pour-le-gerant-d-une-sci','Quels pouvoirs pour le gérant d\'une SCI ?','Quels pouvoirs pour le gérant d\'une SCI ?',NULL,'Quels pouvoirs pour le gérant d\'une SCI ?',NULL,'snthdk',1,0,0,1,NULL,'fr'),(31165,'infos-de-gestion/immobilier/actualites/entree-en-piste-de-l-indice-des-loyers-des-activites-tertiaires','Entrée en piste de l\'indice des loyers des activités tertiaires','Entrée en piste de l\'indice des loyers des activités tertiaires',NULL,'Entrée en piste de l\'indice des loyers des activités tertiaires',NULL,'snthdk',1,0,0,1,NULL,'fr'),(31166,'infos-de-gestion/immobilier/actualites/l-administration-vous-aide-a-evaluer-votre-bien-immobilier','L\'administration vous aide à évaluer votre bien immobilier !','L\'administration vous aide à évaluer votre bien immobilier !',NULL,'L\'administration vous aide à évaluer votre bien immobilier !',NULL,'snthdk',1,0,0,1,NULL,'fr'),(31167,'infos-de-gestion/immobilier/actualites/bailleurs-attention-a-ne-pas-fixer-un-loyer-trop-eleve','Bailleurs : attention à ne pas fixer un loyer trop élevé !','Bailleurs : attention à ne pas fixer un loyer trop élevé !',NULL,'Bailleurs : attention à ne pas fixer un loyer trop élevé !',NULL,'snthdk',1,0,0,1,NULL,'fr'),(31168,'infos-de-gestion/immobilier/actualites/dispositif-scellier-du-changement-pour-la-zone-c','Dispositif \"Scellier\" : du changement pour la zone C !','Dispositif \"Scellier\" : du changement pour la zone C !',NULL,'Dispositif \"Scellier\" : du changement pour la zone C !',NULL,'snthdk',1,0,0,1,NULL,'fr'),(31169,'infos-de-gestion/immobilier/actualites/evaluation-des-biens-dans-le-cadre-d-une-succession','Évaluation des biens dans le cadre d\'une succession','Évaluation des biens dans le cadre d\'une succession',NULL,'Évaluation des biens dans le cadre d\'une succession',NULL,'snthdk',1,0,0,1,NULL,'fr'),(31170,'infos-de-gestion/immobilier/actualites/donner-en-location-un-logement-a-l-un-de-vos-enfants-peut-etre-dangereux','Donner en location un logement à l\'un de vos enfants peut être dangereux !','Donner en location un logement à l\'un de vos enfants peut être dangereux !',NULL,'Donner en location un logement à l\'un de vos enfants peut être dangereux !',NULL,'snthdk',1,0,0,1,NULL,'fr'),(31171,'infos-de-gestion/immobilier/actualites/louez-une-partie-de-votre-residence-principale-sans-etre-impose-c-est-possible','Louez une partie de votre résidence principale sans être imposé : c\'est possible !','Louez une partie de votre résidence principale sans être imposé : c\'est possible',NULL,'Louez une partie de votre résidence principale sans être imposé : c\'est possible !',NULL,'snthdk',1,0,0,1,NULL,'fr'),(31172,'infos-de-gestion/immobilier/actualites/les-plafonds-de-loyers-des-investissements-immobiliers-locatifs-publies','Les plafonds de loyers des investissements immobiliers locatifs publiés !','Les plafonds de loyers des investissements immobiliers locatifs publiés !',NULL,'Les plafonds de loyers des investissements immobiliers locatifs publiés !',NULL,'snthdk',1,0,0,1,NULL,'fr'),(31173,'infos-de-gestion/immobilier/actualites/dispositif-scellier-le-plafonnement-supplementaire-enfin-publie','Dispositif « Scellier » : le plafonnement supplémentaire enfin publié !','Dispositif « Scellier » : le plafonnement supplémentaire enfin publié !',NULL,'Dispositif « Scellier » : le plafonnement supplémentaire enfin publié !',NULL,'snthdk',1,0,0,1,NULL,'fr'),(31174,'infos-de-gestion/immobilier/actualites/la-remise-en-mains-propres-gagne-ses-lettres-de-noblesse','La remise en mains propres gagne ses lettres de noblesse !','La remise en mains propres gagne ses lettres de noblesse !',NULL,'La remise en mains propres gagne ses lettres de noblesse !',NULL,'snthdk',1,0,0,1,NULL,'fr'),(31175,'infos-de-gestion/immobilier/actualites/depot-de-garantie-le-bailleur-doit-justifier-les-sommes-deduites','Dépôt de garantie : le bailleur doit justifier les sommes déduites','Dépôt de garantie : le bailleur doit justifier les sommes déduites',NULL,'Dépôt de garantie : le bailleur doit justifier les sommes déduites',NULL,'snthdk',1,0,0,1,NULL,'fr'),(31176,'infos-de-gestion/immobilier/actualites/resiliation-d-un-bail-d-habitation-en-justice-il-faut-prevenir-le-prefet','Résiliation d\'un bail d\'habitation en justice : il faut prévenir le préfet','Résiliation d\'un bail d\'habitation en justice : il faut prévenir le préfet',NULL,'Résiliation d\'un bail d\'habitation en justice : il faut prévenir le préfet',NULL,'snthdk',1,0,0,1,NULL,'fr'),(31177,'infos-de-gestion/immobilier/actualites/transaction-immobiliere-attention-au-prix-derisoire','Transaction immobilière : attention au prix dérisoire !','Transaction immobilière : attention au prix dérisoire !',NULL,'Transaction immobilière : attention au prix dérisoire !',NULL,'snthdk',1,0,0,1,NULL,'fr'),(31178,'infos-de-gestion/immobilier/actualites/comment-reprendre-un-logement-abandonne-par-son-locataire','Comment reprendre un logement abandonné par son locataire ?','Comment reprendre un logement abandonné par son locataire ?',NULL,'Comment reprendre un logement abandonné par son locataire ?',NULL,'snthdk',1,0,0,1,NULL,'fr'),(31179,'infos-de-gestion/immobilier/actualites/deduire-les-interets-d-un-emprunt-renegocie-de-vos-revenus-fonciers','Déduire les intérêts d\'un emprunt renégocié de vos revenus fonciers','Déduire les intérêts d\'un emprunt renégocié de vos revenus fonciers',NULL,'Déduire les intérêts d\'un emprunt renégocié de vos revenus fonciers',NULL,'snthdk',1,0,0,1,NULL,'fr'),(31180,'infos-de-gestion/immobilier/actualites/le-nouveau-mecanisme-de-plafonnement-de-la-taxe-fonciere-sur-les-proprietes-baties','Le nouveau mécanisme de plafonnement de la taxe foncière sur les propriétés bâties','Le nouveau mécanisme de plafonnement de la taxe foncière sur les propriétés bâti',NULL,'Le nouveau mécanisme de plafonnement de la taxe foncière sur les propriétés bâties',NULL,'snthdk',1,0,0,1,NULL,'fr'),(31181,'infos-de-gestion/immobilier/questions-reponses/bail-d-habitation-et-garantie-des-loyers-impayes','Bail d\'habitation et garantie des loyers impayés','Bail d\'habitation et garantie des loyers impayés',NULL,'Bail d\'habitation et garantie des loyers impayés',NULL,'snthdk',1,0,0,1,NULL,'fr'),(31182,'infos-de-gestion/placement/actualites/le-dispositif-de-reduction-d-isf-pour-investissement-dans-une-pme-assoupli','Le dispositif de réduction d\'ISF pour investissement dans une PME assoupli !','Le dispositif de réduction d\'ISF pour investissement dans une PME assoupli !',NULL,'Le dispositif de réduction d\'ISF pour investissement dans une PME assoupli !',NULL,'snthdk',1,0,0,1,NULL,'fr'),(31183,'infos-de-gestion/placement/actualites/la-hausse-du-taux-du-livret-a-bloquee-par-le-ministre-de-l-economie','La hausse du taux du livret A bloquée par le ministre de l\'Économie','La hausse du taux du livret A bloquée par le ministre de l\'Économie',NULL,'La hausse du taux du livret A bloquée par le ministre de l\'Économie',NULL,'snthdk',1,0,0,1,NULL,'fr'),(31184,'infos-de-gestion/placement/actualites/secteur-de-l-aeronautique-les-avionneurs-survolent-la-crise','Secteur de l\'aéronautique : les avionneurs survolent la crise','Secteur de l\'aéronautique : les avionneurs survolent la crise',NULL,'Secteur de l\'aéronautique : les avionneurs survolent la crise',NULL,'snthdk',1,0,0,1,NULL,'fr'),(31185,'infos-de-gestion/placement/actualites/le-livret-a-suit-le-rythme-de-l-inflation','Le livret A suit le rythme de l\'inflation','Le livret A suit le rythme de l\'inflation',NULL,'Le livret A suit le rythme de l\'inflation',NULL,'snthdk',1,0,0,1,NULL,'fr'),(31186,'infos-de-gestion/placement/actualites/reforme-de-la-fiscalite-du-patrimoine-l-assurance-vie-mise-a-contribution','Réforme de la fiscalité du patrimoine : l\'assurance-vie mise à contribution','Réforme de la fiscalité du patrimoine : l\'assurance-vie mise à contribution',NULL,'Réforme de la fiscalité du patrimoine : l\'assurance-vie mise à contribution',NULL,'snthdk',1,0,0,1,NULL,'fr'),(31187,'infos-de-gestion/placement/actualites/la-reduction-d-impot-pour-mecenat-est-elargie','La réduction d\'impôt pour mécénat est élargie !','La réduction d\'impôt pour mécénat est élargie !',NULL,'La réduction d\'impôt pour mécénat est élargie !',NULL,'snthdk',1,0,0,1,NULL,'fr'),(31188,'infos-de-gestion/placement/dossiers/la-ruee-vers-les-placements-or','La ruée vers les placements or','La ruée vers les placements or',NULL,'La ruée vers les placements or',NULL,'snthdk',1,0,0,1,NULL,'fr'),(31189,'infos-de-gestion/placement/dossiers/le-contrat-de-capitalisation','Le contrat de capitalisation','Le contrat de capitalisation',NULL,'Le contrat de capitalisation',NULL,'snthdk',1,0,0,1,NULL,'fr'),(31190,'infos-de-gestion/placement/dossiers/la-ruee-vers-les-placements-or-31190','La ruée vers les placements or','La ruée vers les placements or',NULL,'La ruée vers les placements or',NULL,'snthdk',1,0,0,1,NULL,'fr'),(31191,'infos-de-gestion/placement/dossiers/le-contrat-de-capitalisation-31191','Le contrat de capitalisation','Le contrat de capitalisation',NULL,'Le contrat de capitalisation',NULL,'snthdk',1,0,0,1,NULL,'fr'),(31192,'infos-de-gestion/fiscalite/actualites/la-liste-2012-des-etats-et-territoires-non-cooperatifs-est-connue','La liste 2012 des États et territoires non coopératifs est connue !','La liste 2012 des États et territoires non coopératifs est connue !',NULL,'La liste 2012 des États et territoires non coopératifs est connue !',NULL,'snthdk',1,0,0,1,NULL,'fr'),(31193,'infos-de-gestion/fiscalite/actualites/depot-des-declarations-fiscales-des-entreprises-n-oubliez-pas-la-date-limite-du-3-mai-2012','Dépôt des déclarations fiscales des entreprises : n\'oubliez pas la date limite du 3 mai 2012 !','Dépôt des déclarations fiscales des entreprises : n\'oubliez pas la date limite d',NULL,'Dépôt des déclarations fiscales des entreprises : n\'oubliez pas la date limite du 3 mai 2012 !',NULL,'snthdk',1,0,0,1,NULL,'fr'),(31194,'infos-de-gestion/fiscalite/actualites/la-nouvelle-saison-de-declaration-des-revenus-a-commence','La nouvelle saison de déclaration des revenus a commencé !','La nouvelle saison de déclaration des revenus a commencé !',NULL,'La nouvelle saison de déclaration des revenus a commencé !',NULL,'snthdk',1,0,0,1,NULL,'fr'),(31195,'infos-de-gestion/immobilier/actualites/acquisition-immobiliere-peut-on-revenir-sur-sa-retractation','Acquisition immobilière : peut-on revenir sur sa rétractation ?','Acquisition immobilière : peut-on revenir sur sa rétractation ?',NULL,'Acquisition immobilière : peut-on revenir sur sa rétractation ?',NULL,'snthdk',1,0,0,1,NULL,'fr');
/*!40000 ALTER TABLE `dm_page_translation` ENABLE KEYS */;
UNLOCK TABLES;

--
-- Dumping data for table `dm_page_view`
--

LOCK TABLES `dm_page_view` WRITE;
/*!40000 ALTER TABLE `dm_page_view` DISABLE KEYS */;
INSERT INTO `dm_page_view` (`id`, `module`, `action`, `dm_layout_id`) VALUES (1,'main','root',1),(2,'main','error404',1),(3,'main','signin',1),(5,'rubrique','list',1),(9,'rubrique','show',1),(10,'section','show',1),(11,'article','show',1),(12,'main','contact',1),(16,'main','planDAcces',1),(35,'main','search',1),(76,'main','eco',1),(77,'rubrique','thematiquePlacement',1),(81,'main','filDActualite',NULL),(82,'main','dessin',1),(83,'main','planDuSite',1),(85,'main','presentationDuCabinet',1),(86,'main','bourse',1),(87,'main','simulateurs',1),(88,'main','valeurAcquiseParUnCapitalPlaceAInteretsComposesPendantUneDureeDeterminee',1),(89,'main','valeurAcquiseParUneSuiteDeVersementsConstants',1),(90,'main','tauxDeRendementDUnCapital',1),(91,'main','tauxDeRendementDUneSuiteDeVersement',1),(92,'main','calculDuCapitalEmprunte',1),(93,'main','calculDeLaDureeSelonVotreCapaciteDeRemboursement',1),(94,'main','calculDuVersementPeriodique',1),(95,'main','calculDuTaux',1),(96,'main','calculDesLoyersConstants',1),(97,'main','calculDuTauxReelCoutReelDuCreditBail',1),(98,'main','calculDeLaDuree',1),(99,'main','absencesEtCongesDuSalarie',1),(100,'main','correspondanceJoursOuvresJoursOuvrables',1),(101,'main','seuilDeRentabiliteEstimationRapide',1),(102,'main','calculDesFraisKilometriquesVehiculesAutomobiles',1),(103,'main','versementTransport',1),(105,'sidActuArticle','list',1),(106,'indexSitesUtiles','list',1),(107,'groupeSitesUtiles','list',1),(108,'pageCabinet','list',1),(109,'recrutement','list',1),(110,'selectionPlacement','list',1),(111,'mission','list',1),(112,'renseignements','list',1),(113,'renseignements','show',1),(114,'main','outilsPratiques',1);
/*!40000 ALTER TABLE `dm_page_view` ENABLE KEYS */;
UNLOCK TABLES;

--
-- Dumping data for table `dm_record_permission`
--

LOCK TABLES `dm_record_permission` WRITE;
/*!40000 ALTER TABLE `dm_record_permission` DISABLE KEYS */;
/*!40000 ALTER TABLE `dm_record_permission` ENABLE KEYS */;
UNLOCK TABLES;

--
-- Dumping data for table `dm_record_permission_association`
--

LOCK TABLES `dm_record_permission_association` WRITE;
/*!40000 ALTER TABLE `dm_record_permission_association` DISABLE KEYS */;
/*!40000 ALTER TABLE `dm_record_permission_association` ENABLE KEYS */;
UNLOCK TABLES;

--
-- Dumping data for table `dm_record_permission_association_group`
--

LOCK TABLES `dm_record_permission_association_group` WRITE;
/*!40000 ALTER TABLE `dm_record_permission_association_group` DISABLE KEYS */;
/*!40000 ALTER TABLE `dm_record_permission_association_group` ENABLE KEYS */;
UNLOCK TABLES;

--
-- Dumping data for table `dm_record_permission_association_user`
--

LOCK TABLES `dm_record_permission_association_user` WRITE;
/*!40000 ALTER TABLE `dm_record_permission_association_user` DISABLE KEYS */;
/*!40000 ALTER TABLE `dm_record_permission_association_user` ENABLE KEYS */;
UNLOCK TABLES;

--
-- Dumping data for table `dm_record_permission_group`
--

LOCK TABLES `dm_record_permission_group` WRITE;
/*!40000 ALTER TABLE `dm_record_permission_group` DISABLE KEYS */;
/*!40000 ALTER TABLE `dm_record_permission_group` ENABLE KEYS */;
UNLOCK TABLES;

--
-- Dumping data for table `dm_record_permission_user`
--

LOCK TABLES `dm_record_permission_user` WRITE;
/*!40000 ALTER TABLE `dm_record_permission_user` DISABLE KEYS */;
/*!40000 ALTER TABLE `dm_record_permission_user` ENABLE KEYS */;
UNLOCK TABLES;

--
-- Dumping data for table `dm_redirect`
--

LOCK TABLES `dm_redirect` WRITE;
/*!40000 ALTER TABLE `dm_redirect` DISABLE KEYS */;
/*!40000 ALTER TABLE `dm_redirect` ENABLE KEYS */;
UNLOCK TABLES;

--
-- Dumping data for table `dm_tag`
--

LOCK TABLES `dm_tag` WRITE;
/*!40000 ALTER TABLE `dm_tag` DISABLE KEYS */;
INSERT INTO `dm_tag` (`id`, `name`) VALUES (83,'AIDE A L\'EMPLOI'),(103,'AIDES A L\'ENTREPRISE'),(114,'AUTO-ENTREPRENEUR'),(62,'AVANTAGES FISCAUX'),(94,'BAIL COMMERCIAL'),(74,'BAIL D\'HABITATION'),(91,'COMMERCE/CONSOMMATION'),(78,'COMMUNICATION'),(112,'COMPTABILITE'),(108,'CONDITIONS DE TRAVAIL'),(56,'CONJONCTURE ECONOMIQUE'),(90,'CONTRAT DE TRAVAIL'),(81,'CONTRATS'),(89,'COTISATIONS SOCIALES'),(98,'CREATION D\'ENTREPRISE'),(60,'DEFAILLANCE D\'ENTREPRISE'),(111,'DEVELOPPEMENT D\'ENTREPRISE'),(59,'DROIT'),(73,'DROIT D\'ENREGISTREMENT'),(87,'DROIT DES PARTICULIERS'),(82,'DROIT DES SOCIETES'),(86,'DROIT DU TRAVAIL'),(88,'EMBAUCHE'),(113,'ENVIRONNEMENT'),(101,'EQUIPEMENT'),(109,'ETUDE DE MARCHE'),(107,'EVENEMENT'),(95,'EXPORT'),(102,'FINANCEMENT D\'ENTREPRISE'),(61,'FISCALITE'),(63,'FISCALITE PERSONNELLE'),(65,'FISCALITE PROFESSIONNELLE'),(99,'FORMALITES/DECLARATIONS'),(106,'GARANTIES/SURETES'),(76,'GESTION DE L\'ENTREPRISE'),(77,'IMMOBILIER'),(110,'IMPLANTATION D\'ENTREPRISE'),(71,'IMPOTS SUR LE REVENU'),(66,'IMPOTS SUR LES BENEFICES'),(97,'INVESTISSEMENT'),(64,'ISF'),(116,'MANAGEMENT'),(79,'MARKETING'),(104,'MARQUES ET BREVETS/PROPRIETE INDUSTRIELLE'),(105,'MULTIMEDIA'),(58,'PLACEMENT'),(96,'PRELEVEMENTS OBLIGATOIRES'),(67,'PROCEDURE FISCALE'),(85,'PROTECTION SOCIALE'),(93,'REMUNERATION'),(72,'REVENUS DU PATRIMOINE'),(92,'RUPTURE DE CONTRAT'),(100,'STATUT DE L\'ENTREPRISE'),(117,'SUCCESS STORY'),(68,'TAXES LOCALES/IMPOTS LOCAUX'),(57,'TENDANCES'),(115,'TRANSMISSION A TITRE GRATUIT'),(70,'TRANSMISSIONS D\'ENTREPRISES/CESSION D\'ENTREPRISE'),(84,'TRAVAIL'),(75,'TRESORERIE/DELAIS DE PAIEMENT'),(69,'TVA'),(80,'VIE DE L\'ENTREPRISE');
/*!40000 ALTER TABLE `dm_tag` ENABLE KEYS */;
UNLOCK TABLES;

--
-- Dumping data for table `dm_user`
--

LOCK TABLES `dm_user` WRITE;
/*!40000 ALTER TABLE `dm_user` DISABLE KEYS */;
INSERT INTO `dm_user` (`id`, `username`, `email`, `algorithm`, `salt`, `password`, `is_active`, `is_super_admin`, `last_login`, `forgot_password_code`, `created_at`, `updated_at`) VALUES (1,'admin','admin@_demo_cgp-maestro-basedoc.com','sha1','7252025dfb1d312a4312c084433d51fa','06eeb0a054801304151dd1faeed9bd06918f3d81',1,1,'2012-05-14 15:11:02',NULL,'2011-11-16 14:23:09','2011-11-16 14:23:09'),(2,'client','client@client.fr','sha1','1ecbcc7d51d509c40c13c00a9a62ee14','9c4e226396030f4e6674335b7274dc210483d7e8',1,0,'2012-03-21 11:04:48',NULL,'2011-11-16 14:45:56','2011-11-16 14:45:56');
/*!40000 ALTER TABLE `dm_user` ENABLE KEYS */;
UNLOCK TABLES;

--
-- Dumping data for table `dm_user_group`
--

LOCK TABLES `dm_user_group` WRITE;
/*!40000 ALTER TABLE `dm_user_group` DISABLE KEYS */;
INSERT INTO `dm_user_group` (`dm_user_id`, `dm_group_id`) VALUES (2,1);
/*!40000 ALTER TABLE `dm_user_group` ENABLE KEYS */;
UNLOCK TABLES;

--
-- Dumping data for table `dm_user_permission`
--

LOCK TABLES `dm_user_permission` WRITE;
/*!40000 ALTER TABLE `dm_user_permission` DISABLE KEYS */;
/*!40000 ALTER TABLE `dm_user_permission` ENABLE KEYS */;
UNLOCK TABLES;

--
-- Dumping data for table `dm_widget`
--

LOCK TABLES `dm_widget` WRITE;
/*!40000 ALTER TABLE `dm_widget` DISABLE KEYS */;
INSERT INTO `dm_widget` (`id`, `dm_zone_id`, `module`, `action`, `css_class`, `position`, `updated_at`) VALUES (1,1,'dmWidgetContent','title',NULL,-1,'2011-08-05 12:20:30'),(2,2,'dmUser','signin',NULL,-2,'2011-08-05 12:20:30'),(5,103,'dmWidgetNavigation','breadCrumb','',4,'2012-02-13 16:37:09'),(7,7,'dmContact','form','',1,'2011-08-05 12:41:35'),(11,11,'article','listBySection','',3,'2011-09-26 18:43:30'),(92,41,'dmWidgetSearch','results',NULL,-3,'2011-08-10 14:33:05'),(93,18,'dmWidgetSearch','form','search',4,'2012-04-23 17:22:58'),(95,42,'dmWidgetSearch','results','',1,'2011-08-10 14:53:46'),(249,39,'dmUser','signin','',1,'2011-09-14 09:27:15'),(293,6,'dmWidgetContent','text','',2,'2012-04-20 16:25:53'),(354,84,'dmWidgetFeedReader','show','',1,'2011-09-28 01:47:44'),(355,85,'handWidgets','listSousHomeByRubrique','',1,'2011-09-28 12:11:42'),(362,40,'dmWidgetNavigation','menu','',1,'2012-02-27 12:06:56'),(440,102,'specifiquesBaseEditoriale','filActualite','',2,'2012-01-03 16:51:05'),(441,102,'specifiquesBaseEditoriale','filActualite','',3,'2012-01-03 16:51:05'),(442,102,'specifiquesBaseEditoriale','filActualite','',4,'2012-01-03 16:51:05'),(454,81,'adresses','multiples','',2,'2011-12-06 15:23:19'),(495,102,'specifiquesBaseEditoriale','dessinSemaine','',5,'2012-01-03 16:51:05'),(496,121,'specifiquesBaseEditoriale','dessinSemaine','',1,'2011-12-29 12:22:42'),(497,6,'adresses','multiples','',3,'2012-04-20 10:16:21'),(539,138,'sitemap','planDuSite','',1,'2012-01-03 17:06:32'),(554,12,'affichage','article','',1,'2012-03-06 15:41:56'),(571,18,'dmWidgetContent','image','logoLight',2,'2012-04-23 17:22:58'),(577,18,'dmWidgetContent','ckEditor','printInfo',3,'2012-04-23 17:22:58'),(580,104,'socialNetwork','logos','',1,'2012-05-02 17:27:42'),(597,149,'actusDuCabinet','actuArticlesContextuel','',2,'2012-02-28 13:09:18'),(598,149,'recrutementsCabinet','recrutementsList','',3,'2012-02-28 13:09:53'),(600,150,'dmWidgetFeedReader','show','',1,'2012-02-29 16:07:13'),(602,185,'specifiquesBaseEditoriale','listActualite','',1,'2012-05-04 16:18:40'),(605,35,'dmWidgetContent','ckEditor','',3,'2012-03-13 15:23:01'),(621,21,'dmWidgetGoogleMap','smartGoogleMap','',2,'2012-03-15 15:05:11'),(623,149,'pagesDuCabinet','introPageCabinet','',1,'2012-03-21 16:01:43'),(625,152,'vacpicpdd','form','',1,'2012-03-23 12:25:09'),(626,153,'vasvc','form',NULL,-4,'2012-03-23 12:25:53'),(627,154,'trc','form','',1,'2012-03-23 12:32:27'),(628,155,'trsvc','form','',1,'2012-03-23 12:33:08'),(629,156,'cce','form','',1,'2012-03-23 12:33:28'),(630,157,'cd','form','',1,'2012-03-23 12:33:48'),(631,158,'cvp','form','',1,'2012-03-23 12:34:10'),(632,159,'ct','form','',1,'2012-03-23 12:34:41'),(633,160,'cl','form','',1,'2012-03-23 12:35:04'),(634,161,'ctr','form','',1,'2012-03-23 12:35:34'),(636,162,'cld','form','',1,'2012-03-23 12:36:54'),(637,163,'acs','form','',1,'2012-03-23 12:37:13'),(638,164,'cjo','form',NULL,-5,'2012-03-23 12:37:30'),(639,165,'srtb','form',NULL,-6,'2012-03-23 12:39:42'),(640,166,'fk','form','',1,'2012-03-23 12:40:53'),(641,167,'vt','form',NULL,-7,'2012-03-23 12:41:15'),(642,151,'dmWidgetContent','ckEditor','',1,'2012-03-23 14:26:28'),(648,9,'specifiquesBaseEditoriale','filActualite','',1,'2012-04-04 16:00:07'),(649,9,'specifiquesBaseEditoriale','filActualite','',2,'2012-04-04 16:00:29'),(650,9,'specifiquesBaseEditoriale','filActualite','',3,'2012-04-04 16:01:01'),(651,9,'specifiquesBaseEditoriale','dessinSemaine','',4,'2012-04-04 16:01:36'),(668,10,'affichage','listSection','',1,'2012-04-11 12:22:07'),(673,65,'specifiquesBaseEditoriale','filActualite','',1,'2012-04-11 14:55:26'),(674,65,'specifiquesBaseEditoriale','filActualite','',2,'2012-04-11 14:56:03'),(675,65,'specifiquesBaseEditoriale','filActualite','',3,'2012-04-11 14:57:53'),(676,6,'dmWidgetNavigation','menu','',1,'2012-04-20 16:25:53'),(677,18,'dmWidgetContent','image','logoFull',1,'2012-04-23 17:24:05');
/*!40000 ALTER TABLE `dm_widget` ENABLE KEYS */;
UNLOCK TABLES;

--
-- Dumping data for table `dm_widget_translation`
--

LOCK TABLES `dm_widget_translation` WRITE;
/*!40000 ALTER TABLE `dm_widget_translation` DISABLE KEYS */;
INSERT INTO `dm_widget_translation` (`id`, `value`, `lang`) VALUES (1,'{\"text\":\"Page introuvable\",\"tag\":\"h1\"}','fr'),(2,'[]','fr'),(5,'{\"separator\":\">\",\"includeCurrent\":true,\"includeInactivePages\":true}','fr'),(7,'[]','fr'),(11,'{\"orderField\":\"position\",\"orderType\":\"asc\",\"maxPerPage\":6,\"navBottom\":true,\"sectionFilter\":null,\"navTop\":false}','fr'),(92,'[]','fr'),(93,'[]','fr'),(95,'{\"maxPerPage\":20,\"navBottom\":true,\"widthImage\":\"\",\"heightImage\":\"\",\"length\":null,\"withImage\":false,\"nbArticles\":null,\"lien\":\"\",\"titreBloc\":\"\",\"chapo\":null,\"navTop\":false}','fr'),(249,'[]','fr'),(293,'{\"title\":\"\",\"text\":\"2011 - SID Presse - mentions l\\u00e9gales\\n\",\"mediaId\":null,\"titleLink\":\"\",\"mediaLink\":\"\",\"titlePosition\":\"outside\",\"width\":\"\",\"height\":\"\",\"legend\":\"\",\"method\":\"center\",\"background\":\"FFFFFF\",\"quality\":null}','fr'),(354,'{\"url\":\"http:\\/\\/www.lesechos.fr\\/rss\\/rss_articles_gratuit.xml\",\"title\":\"L\'actualit\\u00e9 \\u00e9conomique des Echos\",\"nbArticles\":20,\"length\":200,\"life_time\":86400,\"logo_les_echos\":true,\"widthImage\":\"\",\"heightImage\":\"\",\"withImage\":false,\"lien\":\"\",\"titreBloc\":\"\",\"chapo\":null}','fr'),(355,'{\"photo\":true,\"titreBloc\":true}','fr'),(362,'{\"menuType\":\"megadropdown\",\"ulClass\":\"\",\"menuName\":\"\",\"liClass\":\"\",\"menuClass\":\"\",\"widthImage\":\"\",\"heightImage\":\"\",\"length\":null,\"withImage\":false,\"nbArticles\":null,\"lien\":\"\",\"titreBloc\":\"\",\"chapo\":null,\"items\":[{\"link\":\"page:1\",\"text\":\"Accueil\",\"groupdisplayed\":\"\",\"secure\":0,\"nofollow\":0,\"depth\":\"0\",\"target\":\"\"},{\"link\":\"page:5\",\"text\":\"Infos de gestion\",\"groupdisplayed\":\"\",\"secure\":0,\"nofollow\":0,\"depth\":\"2\",\"target\":\"\"},{\"link\":\"page:30765\",\"text\":\"Outils pratiques\",\"groupdisplayed\":\"\",\"secure\":0,\"nofollow\":0,\"depth\":\"2\",\"target\":\"\"}]}','fr'),(440,'{\"titreBloc\":\"Actualit\\u00e9s \\u00e0 la une\",\"length\":300,\"nbArticles\":3,\"section\":[\"505\",\"486\",\"508\",\"504\",\"493\",\"500\"],\"lien\":\"Les actus en \",\"withImage\":true,\"widthImage\":\"\",\"heightImage\":\"\",\"chapo\":null}','fr'),(441,'{\"titreBloc\":\"Dossier \\u00e0 la une\",\"length\":0,\"nbArticles\":1,\"section\":[\"511\",\"506\",\"487\",\"495\",\"502\",\"498\"],\"lien\":\"Les dossiers en \",\"widthImage\":\"\",\"heightImage\":\"\",\"withImage\":false,\"chapo\":null}','fr'),(442,'{\"titreBloc\":\"La question \\u00e0 la une\",\"length\":0,\"nbArticles\":1,\"section\":[\"507\",\"496\",\"503\",\"499\",\"512\"],\"lien\":\"Les autres questions r\\u00e9ponses en\",\"widthImage\":\"\",\"heightImage\":\"\",\"withImage\":false,\"chapo\":null}','fr'),(454,'{\"titreBloc\":\"\"}','fr'),(495,'{\"titreBloc\":\"Le dessin de la semaine\",\"effect\":\"slide-hori\",\"lien\":\"Tous les dessins\",\"filDActu\":true,\"widthImage\":\"\",\"heightImage\":\"\",\"length\":null,\"withImage\":false,\"nbArticles\":null,\"chapo\":null}','fr'),(496,'{\"titreBloc\":\"Dessin de la semaine\",\"effect\":\"fade\",\"lien\":\"LES AUTRES DESSINS\",\"widthImage\":\"\",\"heightImage\":\"\",\"length\":null,\"withImage\":false,\"nbArticles\":null,\"chapo\":null,\"filDActu\":false}','fr'),(497,'{\"titreBloc\":\"\"}','fr'),(539,'{\"titreBloc\":\"Plan du site\"}','fr'),(554,'{\"recordId\":null,\"withImage\":true,\"widthImage\":\"174\",\"heightImage\":\"\",\"length\":null,\"nbArticles\":null,\"lien\":\"\",\"titreBloc\":\"\",\"chapo\":null}','fr'),(571,'{\"mediaId\":\"226\",\"legend\":\"\",\"width\":\"112\",\"height\":\"90\",\"method\":\"center\",\"background\":\"FFFFFF\",\"quality\":null,\"link\":\"\",\"widthImage\":\"\",\"heightImage\":\"\",\"length\":null,\"withImage\":false,\"nbArticles\":null,\"lien\":\"\",\"titreBloc\":\"\",\"chapo\":null}','fr'),(577,'{\"html\":\"<h1 class=\\\"dm_site_title\\\">\\n\\t{{Nomcabinet}}<\\/h1>\\n<p class=\\\"dm_site_slogan\\\">\\n\\t{{Slogancabinet}}<\\/p>\\n\",\"widthImage\":\"\",\"heightImage\":\"\",\"length\":null,\"withImage\":false,\"nbArticles\":null,\"lien\":\"\",\"titreBloc\":\"\",\"chapo\":null}','fr'),(580,'{\"facebook\":\"http:\\/\\/www.facebook.com\\/xxxx\",\"googleplus\":\"http:\\/\\/www.googleplus.com\\/xxxx\",\"linkedin\":\"http:\\/\\/www.linkedin.com\\/xxxx\",\"twitter\":\"http:\\/\\/www.twitter.com\\/xxx\"}','fr'),(597,'{\"type\":\"2\",\"titreBloc\":\"\",\"lien\":\"vers les actus du cabinet\",\"nbArticles\":1,\"length\":300,\"chapo\":\"0\",\"withImage\":true,\"widthImage\":\"200\",\"heightImage\":\"\"}','fr'),(598,'{\"titreBloc\":\"\",\"nbArticles\":1,\"length\":200,\"lien\":\"Les autres annonces de recrutements\",\"withImage\":true,\"widthImage\":\"200\",\"heightImage\":\"\",\"chapo\":null}','fr'),(600,'{\"url\":\"http:\\/\\/www.lesechos.fr\\/rss\\/rss_anafi.xml\",\"title\":\"Bourse\",\"nbArticles\":10,\"length\":120,\"life_time\":86400,\"logo_les_echos\":true,\"widthImage\":\"\",\"heightImage\":\"\",\"withImage\":false,\"lien\":\"\",\"titreBloc\":\"\",\"chapo\":null}','fr'),(602,'{\"titreBloc\":\"Dans la m\\u00eame rubrique\",\"nbArticles\":5,\"length\":0,\"chapo\":\"0\",\"widthImage\":\"\",\"heightImage\":\"100\",\"withImage\":false,\"lien\":\"\",\"justTitle\":false}','fr'),(605,'{\"html\":\"<p style=\\\"text-align: center;\\\">\\n\\t<img alt=\\\"\\\" id=\\\"ck-media-205\\\" src=\\\"\\/uploads\\/widget\\/404.jpg\\\" style=\\\"width: 496px; height: 395px;\\\" \\/><\\/p>\\n<p style=\\\"text-align: center;\\\">\\n\\t<span style=\\\"font-size:14px;\\\"><span style=\\\"color: rgb(128, 0, 0);\\\"><strong>Erreur 404<br \\/>\\n\\t<\\/strong><\\/span><\\/span><\\/p>\\n<p style=\\\"text-align: center;\\\">\\n\\t<span style=\\\"font-size: 14px;\\\"><span style=\\\"color: rgb(128, 0, 0);\\\"><strong>Cette page est introuvable.<\\/strong><\\/span><\\/span><\\/p>\\n\",\"widthImage\":\"\",\"heightImage\":\"\",\"length\":null,\"withImage\":false,\"nbArticles\":null,\"lien\":\"\",\"titreBloc\":\"\",\"chapo\":null}','fr'),(621,'{\"titreBloc\":\"Nos implantations\",\"length\":0,\"withResume\":true,\"smartGoogleMap\":true,\"widthImage\":\"\",\"heightImage\":\"\",\"withImage\":false,\"nbArticles\":null,\"lien\":\"\",\"chapo\":null}','fr'),(623,'{\"page\":\"1\",\"length\":300,\"titreBloc\":\"\",\"lien\":\"Vers la pr\\u00e9sentation du cabinet\",\"withImage\":true,\"widthImage\":\"200\",\"heightImage\":\"\",\"nbArticles\":null,\"chapo\":null}','fr'),(625,'[]','fr'),(626,'{\"cssClass\":null}','fr'),(627,'[]','fr'),(628,'[]','fr'),(629,'[]','fr'),(630,'[]','fr'),(631,'[]','fr'),(632,'[]','fr'),(633,'[]','fr'),(634,'[]','fr'),(636,'[]','fr'),(637,'[]','fr'),(638,'{\"cssClass\":null}','fr'),(639,'{\"cssClass\":null}','fr'),(640,'[]','fr'),(641,'{\"cssClass\":null}','fr'),(642,'{\"html\":\"<h1 class=\\\"title\\\">\\n\\tSimulateurs<\\/h1>\\n<div class=\\\"text_content\\\">\\n\\t<div class=\\\"markdown text_markdown\\\">\\n\\t\\t<h2 id=\\\"calculs-financiers-placements\\\">\\n\\t\\t\\tCalculs financiers : placements<\\/h2>\\n\\t\\t<p class=\\\"dm_first_p\\\">\\n\\t\\t\\tCe module vous permet de calculer la valeur acquise et le taux de rendement d&#39;un placement selon deux modes de versement : un capital plac&eacute; &agrave; int&eacute;r&ecirc;ts compos&eacute;s et une suite de versements constants ou non.<\\/p>\\n\\t\\t<ul>\\n\\t\\t\\t<li>\\n\\t\\t\\t\\t<a class=\\\"link\\\" href=\\\"simulateurs\\/valeur-acquise-par-un-capital-place-a-interets-composes-pendant-une-duree-determinee\\\" title=\\\"Valeur acquise par un capital plac\\u00e9 \\u00e0 int\\u00e9r\\u00eats compos\\u00e9s pendant une dur\\u00e9e d\\u00e9termin\\u00e9e \\\">Valeur acquise par un capital plac&eacute; &agrave; int&eacute;r&ecirc;ts compos&eacute;s pendant une dur&eacute;e d&eacute;termin&eacute;e<\\/a><\\/li>\\n\\t\\t\\t<li>\\n\\t\\t\\t\\t<a class=\\\"link\\\" href=\\\"simulateurs\\/valeur-acquise-par-une-suite-de-versements-constants\\\">Valeur acquise par une suite de versements constants<\\/a><\\/li>\\n\\t\\t\\t<li>\\n\\t\\t\\t\\t<a class=\\\"link\\\" href=\\\"simulateurs\\/taux-de-rendement-dun-capital\\\" title=\\\"Taux de rendement d\'un capital \\\">Taux de rendement d&#39;un capital<\\/a><\\/li>\\n\\t\\t\\t<li>\\n\\t\\t\\t\\t<a class=\\\"link\\\" href=\\\"simulateurs\\/taux-de-rendement-dune-suite-de-versement\\\" title=\\\"Taux de rendement d\'une suite de versement \\\">Taux de rendement d&#39;une suite de versement<\\/a><\\/li>\\n\\t\\t<\\/ul>\\n\\t\\t<h2 id=\\\"calculs-financiers-emprunts\\\">\\n\\t\\t\\tCalculs financiers : emprunts<\\/h2>\\n\\t\\t<p>\\n\\t\\t\\tCe module vous permet de calculer une donn&eacute;e connaissant les 3 autres ; les donn&eacute;es &eacute;tant : le capital emprunt&eacute;, la dur&eacute;e, le montant du versement p&eacute;riodique et le taux.<\\/p>\\n\\t\\t<ul>\\n\\t\\t\\t<li>\\n\\t\\t\\t\\t<a class=\\\"link\\\" href=\\\"simulateurs\\/calcul-du-capital-emprunte\\\" title=\\\"Calcul du capital emprunt\\u00e9 \\\">Calcul du capital emprunt&eacute;<\\/a><\\/li>\\n\\t\\t\\t<li>\\n\\t\\t\\t\\t<a class=\\\"link\\\" href=\\\"simulateurs\\/calcul-de-la-duree-selon-votre-capacite-de-remboursement\\\" title=\\\"Calcul de la dur\\u00e9e (selon votre capacit\\u00e9 de remboursement) \\\">Calcul de la dur&eacute;e (selon votre capacit&eacute; de remboursement)<\\/a><\\/li>\\n\\t\\t\\t<li>\\n\\t\\t\\t\\t<a class=\\\"link\\\" href=\\\"simulateurs\\/calcul-du-versement-periodique\\\" title=\\\"Calcul du versement p\\u00e9riodique \\\">Calcul du versement p&eacute;riodique<\\/a><\\/li>\\n\\t\\t\\t<li>\\n\\t\\t\\t\\t<a class=\\\"link\\\" href=\\\"simulateurs\\/calcul-du-taux\\\" title=\\\"Calcul du taux \\\">Calcul du taux<\\/a><\\/li>\\n\\t\\t<\\/ul>\\n\\t\\t<h2 id=\\\"calculs-financiers-credit-bail\\\">\\n\\t\\t\\tCalculs financiers : cr&eacute;dit-bail<\\/h2>\\n\\t\\t<p>\\n\\t\\t\\tCette fonction permet de conna&icirc;tre le taux d&#39;int&eacute;r&ecirc;t r&eacute;el (proportionnel et &eacute;quivalent) d&#39;un cr&eacute;dit-bail.<br \\/>\\n\\t\\t\\tUne soci&eacute;t&eacute; de cr&eacute;dit-bail propose le financement d&#39;un v&eacute;hicule, vous souhaitez comparer le taux d&#39;int&eacute;r&ecirc;t de ce cr&eacute;dit-bail avec les taux en vigueur sur le march&eacute; bancaire. Ce calcul vous aide &agrave; faire le choix du financement : emprunt ou cr&eacute;dit-bail.<\\/p>\\n\\t\\t<ul>\\n\\t\\t\\t<li>\\n\\t\\t\\t\\t<a class=\\\"link\\\" href=\\\"simulateurs\\/calcul-des-loyers-constants\\\" title=\\\"Calcul des loyers (constants) \\\">Calcul des loyers (constants)<\\/a><\\/li>\\n\\t\\t\\t<li>\\n\\t\\t\\t\\t<a class=\\\"link\\\" href=\\\"simulateurs\\/calcul-du-taux-reel-cout-reel-du-credit-bail\\\" title=\\\"Calcul du taux r\\u00e9el (co\\u00fbt r\\u00e9el du cr\\u00e9dit-bail) \\\">Calcul du taux r&eacute;el (co&ucirc;t r&eacute;el du cr&eacute;dit-bail)<\\/a><\\/li>\\n\\t\\t\\t<li>\\n\\t\\t\\t\\t<a class=\\\"link\\\" href=\\\"simulateurs\\/calcul-de-la-duree\\\">Calcul de la dur&eacute;e<\\/a><\\/li>\\n\\t\\t<\\/ul>\\n\\t\\t<h2 id=\\\"conges-payes\\\">\\n\\t\\t\\tCong&eacute;s pay&eacute;s<\\/h2>\\n\\t\\t<ul>\\n\\t\\t\\t<li>\\n\\t\\t\\t\\t<a class=\\\"link\\\" href=\\\"simulateurs\\/absences-et-conges-du-salarie\\\" title=\\\"Absences et cong\\u00e9s du salari\\u00e9 \\\">Absences et cong&eacute;s du salari&eacute;<\\/a><\\/li>\\n\\t\\t\\t<li>\\n\\t\\t\\t\\t<a class=\\\"link\\\" href=\\\"simulateurs\\/correspondance-jours-ouvres\\/jours-ouvrables\\\" title=\\\"Correspondance jours ouvr\\u00e9s\\/jours ouvrables \\\">Correspondance jours ouvr&eacute;s\\/jours ouvrables<\\/a><\\/li>\\n\\t\\t<\\/ul>\\n\\t\\t<h2 id=\\\"autres-simulateurs\\\">\\n\\t\\t\\tAutres simulateurs<\\/h2>\\n\\t\\t<ul>\\n\\t\\t\\t<li>\\n\\t\\t\\t\\t<a class=\\\"link\\\" href=\\\"simulateurs\\/seuil-de-rentabilite-estimation-rapide\\\" title=\\\"Seuil de rentabilit\\u00e9 (estimation rapide) \\\">Seuil de rentabilit&eacute; (estimation rapide)<\\/a><\\/li>\\n\\t\\t\\t<li>\\n\\t\\t\\t\\t<a class=\\\"link\\\" href=\\\"simulateurs\\/calcul-des-frais-kilometriques-vehicules-automobiles\\\">Calcul des frais kilom&eacute;triques : v&eacute;hicules automobiles<\\/a><\\/li>\\n\\t\\t\\t<li>\\n\\t\\t\\t\\t<a class=\\\"link\\\" href=\\\"simulateurs\\/versement-transport\\\" title=\\\"Versement transport \\\">Versement transport<\\/a><\\/li>\\n\\t\\t<\\/ul>\\n\\t<\\/div>\\n<\\/div>\",\"widthImage\":\"\",\"heightImage\":\"\",\"length\":null,\"withImage\":false,\"nbArticles\":null,\"lien\":\"\",\"titreBloc\":\"\",\"chapo\":null}','fr'),(648,'{\"titreBloc\":\"Actualit\\u00e9s\",\"length\":0,\"nbArticles\":1,\"section\":[\"557\",\"560\",\"555\",\"544\",\"551\"],\"lien\":\"Nos articles en\",\"withImage\":true,\"widthImage\":\"200\",\"heightImage\":\"\",\"chapo\":null}','fr'),(649,'{\"titreBloc\":\"Question \\u00e0 la une\",\"length\":0,\"nbArticles\":1,\"section\":[\"547\",\"554\",\"550\",\"564\",\"559\"],\"lien\":\"Nos articles en\",\"withImage\":true,\"widthImage\":\"200\",\"heightImage\":\"\",\"chapo\":null}','fr'),(650,'{\"titreBloc\":\"Dossier \\u00e0 la une\",\"length\":0,\"nbArticles\":1,\"section\":[\"558\",\"546\",\"553\",\"549\",\"556\",\"563\"],\"lien\":\"Nos articles en\",\"withImage\":true,\"widthImage\":\"200\",\"heightImage\":\"\",\"chapo\":null}','fr'),(651,'{\"titreBloc\":\"Dessin de la semaine\",\"effect\":\"slide-hori\",\"lien\":\"LES AUTRES DESSINS\",\"filDActu\":true,\"widthImage\":\"\",\"heightImage\":\"\",\"length\":null,\"withImage\":false,\"nbArticles\":null,\"chapo\":null}','fr'),(668,'{\"recordId\":null,\"nbSections\":4,\"nbArticles\":1,\"withImage\":true,\"widthImage\":\"200\",\"heightImage\":\"\",\"length\":null,\"lien\":\"\",\"titreBloc\":\"\",\"chapo\":null}','fr'),(673,'{\"titreBloc\":\"Actualit\\u00e9s \\u00e0 la une\",\"length\":0,\"nbArticles\":3,\"section\":[\"636\",\"639\",\"646\",\"641\",\"644\"],\"lien\":\"Les actus en\",\"withImage\":true,\"widthImage\":\"200\",\"heightImage\":\"\",\"chapo\":null}','fr'),(674,'{\"titreBloc\":\"Dossiers \\u00e0 la une\",\"length\":0,\"nbArticles\":1,\"section\":[\"647\",\"642\",\"637\"],\"lien\":\"Les dossiers en\",\"withImage\":true,\"widthImage\":\"200\",\"heightImage\":\"\",\"chapo\":null}','fr'),(675,'{\"titreBloc\":\"La question \\u00e0 la une\",\"length\":0,\"nbArticles\":1,\"section\":[\"640\",\"643\",\"638\",\"645\"],\"lien\":\"Les autres questions r\\u00e9ponses en\",\"withImage\":true,\"widthImage\":\"200\",\"heightImage\":\"\",\"chapo\":null}','fr'),(676,'{\"menuType\":\"default\",\"ulClass\":\"\",\"menuName\":\"\",\"liClass\":\"\",\"menuClass\":\"\",\"widthImage\":\"\",\"heightImage\":\"\",\"length\":null,\"withImage\":false,\"nbArticles\":null,\"lien\":\"\",\"titreBloc\":\"\",\"chapo\":null,\"items\":[{\"link\":\"page:8418\",\"text\":\"Plan du site\",\"groupdisplayed\":\"\",\"secure\":0,\"nofollow\":0,\"depth\":\"0\",\"target\":\"\"},{\"link\":\"http:\\/\\/abonnes.expertinfos.com\\/login.php\",\"text\":\"Administration\",\"groupdisplayed\":\"\",\"secure\":0,\"nofollow\":0,\"depth\":\"0\",\"target\":\"\"}]}','fr'),(677,'{\"mediaId\":\"227\",\"legend\":\"\",\"width\":\"622\",\"height\":\"90\",\"method\":\"center\",\"background\":\"FFFFFF\",\"quality\":null,\"link\":\"page:1 Accueil\",\"widthImage\":\"\",\"heightImage\":\"\",\"length\":null,\"withImage\":false,\"nbArticles\":null,\"lien\":\"\",\"titreBloc\":\"\",\"chapo\":null}','fr');
/*!40000 ALTER TABLE `dm_widget_translation` ENABLE KEYS */;
UNLOCK TABLES;

--
-- Dumping data for table `dm_zone`
--

LOCK TABLES `dm_zone` WRITE;
/*!40000 ALTER TABLE `dm_zone` DISABLE KEYS */;
INSERT INTO `dm_zone` (`id`, `dm_area_id`, `css_class`, `width`, `position`) VALUES (1,1,NULL,NULL,-1),(2,2,NULL,NULL,-2),(6,6,NULL,NULL,-6),(7,7,NULL,NULL,-7),(9,9,NULL,NULL,-9),(10,10,NULL,NULL,-10),(11,11,NULL,NULL,-11),(12,12,NULL,NULL,-12),(18,3,NULL,NULL,4),(21,15,NULL,NULL,-15),(35,29,NULL,NULL,-29),(39,31,NULL,NULL,-31),(40,4,'derniers_articles_colonne','',2),(41,32,NULL,NULL,-32),(42,33,NULL,NULL,-33),(65,5,NULL,NULL,2),(77,65,NULL,NULL,1),(80,68,NULL,NULL,-67),(81,69,NULL,NULL,-68),(84,72,NULL,NULL,-71),(85,73,NULL,NULL,-72),(100,88,NULL,NULL,-80),(102,90,NULL,NULL,-82),(103,91,'','',-83),(104,92,'left','',1),(121,109,NULL,NULL,-85),(138,126,NULL,NULL,-86),(149,137,NULL,NULL,-89),(150,138,NULL,NULL,-90),(151,139,NULL,NULL,-91),(152,140,NULL,NULL,-92),(153,141,NULL,NULL,-93),(154,142,NULL,NULL,-94),(155,143,NULL,NULL,-95),(156,144,NULL,NULL,-96),(157,145,NULL,NULL,-97),(158,146,NULL,NULL,-98),(159,147,NULL,NULL,-99),(160,148,NULL,NULL,-100),(161,149,NULL,NULL,-101),(162,150,NULL,NULL,-102),(163,151,NULL,NULL,-103),(164,152,NULL,NULL,-104),(165,153,NULL,NULL,-105),(166,154,NULL,NULL,-106),(167,155,NULL,NULL,-107),(177,165,NULL,NULL,-108),(178,166,NULL,NULL,-109),(179,167,NULL,NULL,-110),(180,168,NULL,NULL,-111),(181,169,NULL,NULL,-112),(182,170,NULL,NULL,-113),(183,171,NULL,NULL,-114),(184,172,NULL,NULL,-115),(185,92,'right','',2);
/*!40000 ALTER TABLE `dm_zone` ENABLE KEYS */;
UNLOCK TABLES;

--
-- Dumping data for table `sid_actu_article`
--

LOCK TABLES `sid_actu_article` WRITE;
/*!40000 ALTER TABLE `sid_actu_article` DISABLE KEYS */;
/*!40000 ALTER TABLE `sid_actu_article` ENABLE KEYS */;
UNLOCK TABLES;

--
-- Dumping data for table `sid_actu_article_sid_rubrique`
--

LOCK TABLES `sid_actu_article_sid_rubrique` WRITE;
/*!40000 ALTER TABLE `sid_actu_article_sid_rubrique` DISABLE KEYS */;
/*!40000 ALTER TABLE `sid_actu_article_sid_rubrique` ENABLE KEYS */;
UNLOCK TABLES;

--
-- Dumping data for table `sid_actu_article_translation`
--

LOCK TABLES `sid_actu_article_translation` WRITE;
/*!40000 ALTER TABLE `sid_actu_article_translation` DISABLE KEYS */;
/*!40000 ALTER TABLE `sid_actu_article_translation` ENABLE KEYS */;
UNLOCK TABLES;

--
-- Dumping data for table `sid_actu_article_translation_version`
--

LOCK TABLES `sid_actu_article_translation_version` WRITE;
/*!40000 ALTER TABLE `sid_actu_article_translation_version` DISABLE KEYS */;
/*!40000 ALTER TABLE `sid_actu_article_translation_version` ENABLE KEYS */;
UNLOCK TABLES;

--
-- Dumping data for table `sid_actu_type`
--

LOCK TABLES `sid_actu_type` WRITE;
/*!40000 ALTER TABLE `sid_actu_type` DISABLE KEYS */;
INSERT INTO `sid_actu_type` (`id`, `is_active`, `position`) VALUES (2,1,-2);
/*!40000 ALTER TABLE `sid_actu_type` ENABLE KEYS */;
UNLOCK TABLES;

--
-- Dumping data for table `sid_actu_type_article`
--

LOCK TABLES `sid_actu_type_article` WRITE;
/*!40000 ALTER TABLE `sid_actu_type_article` DISABLE KEYS */;
/*!40000 ALTER TABLE `sid_actu_type_article` ENABLE KEYS */;
UNLOCK TABLES;

--
-- Dumping data for table `sid_actu_type_translation`
--

LOCK TABLES `sid_actu_type_translation` WRITE;
/*!40000 ALTER TABLE `sid_actu_type_translation` DISABLE KEYS */;
INSERT INTO `sid_actu_type_translation` (`id`, `title`, `lang`, `version`, `created_at`, `updated_at`) VALUES (2,'publié sur le site','fr',2,'2011-08-19 02:05:04','2011-08-19 02:05:04');
/*!40000 ALTER TABLE `sid_actu_type_translation` ENABLE KEYS */;
UNLOCK TABLES;

--
-- Dumping data for table `sid_actu_type_translation_version`
--

LOCK TABLES `sid_actu_type_translation_version` WRITE;
/*!40000 ALTER TABLE `sid_actu_type_translation_version` DISABLE KEYS */;
INSERT INTO `sid_actu_type_translation_version` (`id`, `lang`, `title`, `version`) VALUES (2,'fr','éditer sur le site',1);
/*!40000 ALTER TABLE `sid_actu_type_translation_version` ENABLE KEYS */;
UNLOCK TABLES;

--
-- Dumping data for table `sid_article`
--

LOCK TABLES `sid_article` WRITE;
/*!40000 ALTER TABLE `sid_article` DISABLE KEYS */;
INSERT INTO `sid_article` (`id`, `filename`, `section_id`, `is_active`, `is_dossier`, `position`) VALUES (21492,'10013870',639,1,0,-1),(21493,'10014087',639,1,0,-2),(21494,'10014786',639,1,0,-3),(21495,'10014942',639,1,0,-4),(21496,'10015121',639,1,0,-5),(21497,'10015264',639,1,0,-6),(21498,'10015342',639,1,0,-7),(21499,'10015382',639,1,0,-8),(21500,'10015624',639,1,0,-9),(21501,'10015722',639,1,0,-10),(21502,'10015918',639,1,0,-11),(21503,'10016842',639,1,0,-12),(21504,'10017253',639,1,0,-13),(21505,'10017606',639,1,0,-14),(21506,'10017960',639,1,0,-15),(21507,'114291',639,1,0,-16),(21508,'114719',639,1,0,-17),(21509,'114756',639,1,0,-18),(21510,'114794',639,1,0,-19),(21511,'114889',639,1,0,-20),(21512,'10018326',639,1,0,-21),(21513,'10018591',639,1,0,-22),(21514,'10014050',640,1,0,-23),(21515,'10013870',641,1,0,-24),(21516,'10013883',641,1,0,-25),(21517,'10014122',641,1,0,-26),(21518,'10014137',641,1,0,-27),(21519,'10014142',641,1,0,-28),(21520,'10014196',641,1,0,-29),(21521,'10014283',641,1,0,-30),(21522,'10014430',641,1,0,-31),(21523,'10014540',641,1,0,-32),(21524,'10014775',641,1,0,-33),(21525,'10014840',641,1,0,-34),(21526,'10014860',641,1,0,-35),(21527,'10014950',641,1,0,-36),(21528,'10014967',641,1,0,-37),(21529,'10015170',641,1,0,-38),(21530,'10015264',641,1,0,-39),(21531,'10015278',641,1,0,-40),(21532,'10015379',641,1,0,-41),(21533,'10015382',641,1,0,-42),(21534,'10015457',641,1,0,-43),(21535,'10015480',641,1,0,-44),(21536,'10015762',641,1,0,-45),(21537,'10015822',641,1,0,-46),(21538,'10015890',641,1,0,-47),(21539,'10015918',641,1,0,-48),(21540,'10016009',641,1,0,-49),(21541,'10016013',641,1,0,-50),(21542,'10016075',641,1,0,-51),(21543,'10016137',641,1,0,-52),(21544,'10016164',641,1,0,-53),(21545,'10016177',641,1,0,-54),(21546,'10016325',641,1,0,-55),(21547,'10016329',641,1,0,-56),(21548,'10016360',641,1,0,-57),(21549,'10016384',641,1,0,-58),(21550,'10016513',641,1,0,-59),(21551,'10016563',641,1,0,-60),(21552,'10016771',641,1,0,-61),(21553,'10016842',641,1,0,-62),(21554,'10016931',641,1,0,-63),(21555,'10016977',641,1,0,-64),(21556,'10017076',641,1,0,-65),(21557,'10017158',641,1,0,-66),(21558,'10017170',641,1,0,-67),(21559,'10017253',641,1,0,-68),(21560,'10017305',641,1,0,-69),(21561,'10017322',641,1,0,-70),(21562,'10017451',641,1,0,-71),(21563,'10017653',641,1,0,-72),(21564,'10017689',641,1,0,-73),(21565,'10017811',641,1,0,-74),(21566,'10017930',641,1,0,-75),(21567,'10017960',641,1,0,-76),(21568,'110193',641,1,0,-77),(21569,'110308',641,1,0,-78),(21570,'110367',641,1,0,-79),(21571,'110420',641,1,0,-80),(21572,'110499',641,1,0,-81),(21573,'110598',641,1,0,-82),(21574,'110725',641,1,0,-83),(21575,'110825',641,1,0,-84),(21576,'110847',641,1,0,-85),(21577,'110860',641,1,0,-86),(21578,'110861',641,1,0,-87),(21579,'110949',641,1,0,-88),(21580,'111094',641,1,0,-89),(21581,'111117',641,1,0,-90),(21582,'111206',641,1,0,-91),(21583,'111248',641,1,0,-92),(21584,'111332',641,1,0,-93),(21585,'111366',641,1,0,-94),(21586,'111476',641,1,0,-95),(21587,'111518',641,1,0,-96),(21588,'111579',641,1,0,-97),(21589,'111645',641,1,0,-98),(21590,'111728',641,1,0,-99),(21591,'111729',641,1,0,-100),(21592,'111916',641,1,0,-101),(21593,'111953',641,1,0,-102),(21594,'112014',641,1,0,-103),(21595,'112102',641,1,0,-104),(21596,'112186',641,1,0,-105),(21597,'112236',641,1,0,-106),(21598,'112347',641,1,0,-107),(21599,'112371',641,1,0,-108),(21600,'112390',641,1,0,-109),(21601,'112398',641,1,0,-110),(21602,'112442',641,1,0,-111),(21603,'112513',641,1,0,-112),(21604,'112579',641,1,0,-113),(21605,'112602',641,1,0,-114),(21606,'112673',641,1,0,-115),(21607,'112736',641,1,0,-116),(21608,'112837',641,1,0,-117),(21609,'112910',641,1,0,-118),(21610,'112964',641,1,0,-119),(21611,'113055',641,1,0,-120),(21612,'113074',641,1,0,-121),(21613,'113103',641,1,0,-122),(21614,'113188',641,1,0,-123),(21615,'113240',641,1,0,-124),(21616,'113286',641,1,0,-125),(21617,'113348',641,1,0,-126),(21618,'113409',641,1,0,-127),(21619,'113546',641,1,0,-128),(21620,'113659',641,1,0,-129),(21621,'113772',641,1,0,-130),(21622,'113830',641,1,0,-131),(21623,'113895',641,1,0,-132),(21624,'114271',641,1,0,-133),(21625,'114286',641,1,0,-134),(21626,'114313',641,1,0,-135),(21627,'114430',641,1,0,-136),(21628,'114590',641,1,0,-137),(21629,'114593',641,1,0,-138),(21630,'114669',641,1,0,-139),(21631,'114719',641,1,0,-140),(21632,'114765',641,1,0,-141),(21633,'114794',641,1,0,-142),(21634,'114880',641,1,0,-143),(21635,'114952',641,1,0,-144),(21636,'114994',641,1,0,-145),(21637,'10018326',641,1,0,-146),(21638,'10018500',641,1,0,-147),(21639,'10018308',641,1,0,-148),(21640,'10018591',641,1,0,-149),(21641,'10018628',641,1,0,-150),(21642,'10014071',642,1,0,-151),(21643,'tpepme_00010014071',642,1,0,-152),(21644,'10013976',643,1,0,-153),(21645,'10014056',643,1,0,-154),(21646,'10014057',643,1,0,-155),(21647,'10013855',644,1,0,-156),(21648,'10013926',644,1,0,-157),(21649,'10014142',644,1,0,-158),(21650,'10014530',644,1,0,-159),(21651,'10014619',644,1,0,-160),(21652,'10014693',644,1,0,-161),(21653,'10014860',644,1,0,-162),(21654,'10015067',644,1,0,-163),(21655,'10016419',644,1,0,-164),(21656,'10016513',644,1,0,-165),(21657,'10016771',644,1,0,-166),(21658,'10016977',644,1,0,-167),(21659,'10017076',644,1,0,-168),(21660,'10017137',644,1,0,-169),(21661,'10017451',644,1,0,-170),(21662,'10017653',644,1,0,-171),(21663,'10017811',644,1,0,-172),(21664,'10017825',644,1,0,-173),(21665,'10017877',644,1,0,-174),(21666,'10018092',644,1,0,-175),(21667,'114041',644,1,0,-176),(21668,'115158',644,1,0,-177),(21669,'10018500',644,1,0,-178),(21670,'10018628',644,1,0,-179),(21671,'10014059',645,1,0,-180),(21672,'10013883',646,1,0,-181),(21673,'10016657',646,1,0,-182),(21674,'10017930',646,1,0,-183),(21675,'114606',646,1,0,-184),(21676,'114794',646,1,0,-185),(21677,'10018308',646,1,0,-186),(21678,'10014065',647,1,0,-187),(21679,'10014068',647,1,0,-188),(21680,'tpepme_00010014065',647,1,0,-189),(21681,'tpepme_00010014068',647,1,0,-190),(21682,'10018712',641,1,0,-191),(21683,'10018637',641,1,0,-192),(21684,'10018781',641,1,0,-193),(21685,'10018925',644,1,0,-194);
/*!40000 ALTER TABLE `sid_article` ENABLE KEYS */;
UNLOCK TABLES;

--
-- Dumping data for table `sid_article_dm_tag`
--

LOCK TABLES `sid_article_dm_tag` WRITE;
/*!40000 ALTER TABLE `sid_article_dm_tag` DISABLE KEYS */;
INSERT INTO `sid_article_dm_tag` (`id`, `dm_tag_id`) VALUES (21632,56),(21632,57),(21528,58),(21495,59),(21496,59),(21497,59),(21500,59),(21501,59),(21502,59),(21511,59),(21530,59),(21539,59),(21647,59),(21651,59),(21664,59),(21511,60),(21497,61),(21499,61),(21502,61),(21516,61),(21520,61),(21523,61),(21524,61),(21525,61),(21526,61),(21527,61),(21528,61),(21529,61),(21530,61),(21531,61),(21532,61),(21533,61),(21534,61),(21535,61),(21536,61),(21537,61),(21538,61),(21539,61),(21540,61),(21541,61),(21542,61),(21543,61),(21544,61),(21545,61),(21546,61),(21547,61),(21549,61),(21552,61),(21557,61),(21558,61),(21564,61),(21573,61),(21580,61),(21584,61),(21591,61),(21593,61),(21599,61),(21600,61),(21604,61),(21605,61),(21607,61),(21610,61),(21611,61),(21612,61),(21617,61),(21623,61),(21625,61),(21627,61),(21628,61),(21629,61),(21634,61),(21639,61),(21653,61),(21657,61),(21672,61),(21677,61),(21682,61),(21683,61),(21516,62),(21524,62),(21528,62),(21529,62),(21531,62),(21536,62),(21537,62),(21541,62),(21542,62),(21546,62),(21600,62),(21610,62),(21611,62),(21639,62),(21672,62),(21677,62),(21497,63),(21499,63),(21516,63),(21520,63),(21523,63),(21524,63),(21525,63),(21526,63),(21527,63),(21528,63),(21529,63),(21530,63),(21531,63),(21532,63),(21533,63),(21534,63),(21535,63),(21536,63),(21537,63),(21538,63),(21540,63),(21541,63),(21542,63),(21543,63),(21545,63),(21546,63),(21547,63),(21549,63),(21552,63),(21557,63),(21564,63),(21580,63),(21584,63),(21591,63),(21593,63),(21599,63),(21600,63),(21604,63),(21605,63),(21607,63),(21610,63),(21611,63),(21612,63),(21617,63),(21623,63),(21625,63),(21627,63),(21628,63),(21629,63),(21634,63),(21639,63),(21653,63),(21657,63),(21672,63),(21677,63),(21682,63),(21683,63),(21516,64),(21524,64),(21531,64),(21540,64),(21593,64),(21610,64),(21611,64),(21672,64),(21520,65),(21523,65),(21525,65),(21526,65),(21527,65),(21531,65),(21535,65),(21536,65),(21538,65),(21541,65),(21542,65),(21544,65),(21545,65),(21547,65),(21557,65),(21558,65),(21564,65),(21573,65),(21591,65),(21593,65),(21599,65),(21604,65),(21605,65),(21607,65),(21612,65),(21617,65),(21623,65),(21627,65),(21628,65),(21629,65),(21639,65),(21653,65),(21677,65),(21682,65),(21683,65),(21526,66),(21527,66),(21531,66),(21532,66),(21536,66),(21541,66),(21542,66),(21573,66),(21591,66),(21599,66),(21604,66),(21607,66),(21634,66),(21639,66),(21653,66),(21677,66),(21683,66),(21527,67),(21573,67),(21593,67),(21604,67),(21617,67),(21623,67),(21625,67),(21628,67),(21629,67),(21538,68),(21573,68),(21599,68),(21607,68),(21683,68),(21542,69),(21544,69),(21557,69),(21558,69),(21564,69),(21573,69),(21584,69),(21599,69),(21607,69),(21683,69),(21580,70),(21520,71),(21525,71),(21526,71),(21527,71),(21528,71),(21529,71),(21531,71),(21532,71),(21536,71),(21537,71),(21541,71),(21542,71),(21545,71),(21546,71),(21549,71),(21557,71),(21564,71),(21580,71),(21591,71),(21593,71),(21599,71),(21600,71),(21604,71),(21607,71),(21625,71),(21627,71),(21634,71),(21639,71),(21653,71),(21677,71),(21683,71),(21520,72),(21526,72),(21527,72),(21528,72),(21531,72),(21536,72),(21542,72),(21552,72),(21557,72),(21564,72),(21584,72),(21600,72),(21607,72),(21634,72),(21653,72),(21657,72),(21683,72),(21526,73),(21531,73),(21541,73),(21557,73),(21564,73),(21599,73),(21653,73),(21647,74),(21666,74),(21528,77),(21664,82),(21495,87),(21496,87),(21497,87),(21500,87),(21501,87),(21502,87),(21530,87),(21539,87),(21651,87),(21664,87),(21557,89),(21564,89),(21664,91),(21557,96),(21564,96),(21502,115),(21531,115),(21539,115),(21543,115);
/*!40000 ALTER TABLE `sid_article_dm_tag` ENABLE KEYS */;
UNLOCK TABLES;

--
-- Dumping data for table `sid_article_translation`
--

LOCK TABLES `sid_article_translation` WRITE;
/*!40000 ALTER TABLE `sid_article_translation` DISABLE KEYS */;
INSERT INTO `sid_article_translation` (`id`, `title`, `chapeau`, `lang`, `created_at`, `updated_at`) VALUES (21492,'Assouplissement du dispositif d\'exonération des dons de sommes d\'argent','Si la loi portant réforme de la fiscalité du patrimoine alourdit les droits de donation et de succession, elle assouplit toutefois le dispositif permettant de faire un don d\'une somme d\'argent à certains membres du cercle familial.','fr','2011-09-15 09:27:00','2011-09-16 12:32:01'),(21493,'Don manuel : repoussez le paiement de vos droits de donation !','Pour les dons manuels supérieurs à 15 000 €, le donataire peut choisir de payer les droits de mutation dans le délai d\'un mois qui suit le décès du donateur.','fr','2011-09-23 10:34:00','2011-09-23 15:35:05'),(21494,'Les incidences d\'une donation avec réserve d\'usufruit','Un bien donné avec réserve d\'usufruit doit être rapporté à la succession du donateur pour sa valeur en pleine propriété.','fr','2011-10-28 10:54:00','2011-10-28 12:16:55'),(21495,'Un époux peut-il s\'affranchir du remboursement d\'un emprunt ?','L\'époux, qui perd en bourse une partie des sommes empruntées dans le but de financer les études de ses enfants, commet une faute de gestion et doit rembourser seul l\'emprunt souscrit.','fr','2011-11-08 09:54:00','2011-11-14 14:32:48'),(21496,'Quelle est la valeur d\'un acte non signé par le notaire ?','Un acte de cession de parts de société civile immobilière qui n\'est pas signé par le notaire est néanmoins valable en tant qu\'acte sous seing privé.','fr','2011-11-17 09:20:00','2011-11-17 12:01:47'),(21497,'Abattement successoral : le fisc fait marche arrière !','L\'administration fiscale est revenue sur sa position : les petits-enfants succédant à l\'un de leurs grands-parents après renonciation ou décès de leur père ou de leur mère, enfant unique, continuent de bénéficier de l\'abattement applicable aux successions en ligne directe !','fr','2011-11-24 09:55:00','2011-11-24 11:49:01'),(21498,'Quel sort pour la vente de parts de SCI par un seul des époux ?','Des époux, mariés sous le régime légal, ne peuvent, l\'un sans l\'autre, céder des parts de société civile immobilière appartenant à la communauté.','fr','2011-11-29 10:02:00','2011-11-29 10:38:46'),(21499,'Comment est imposée la réversion d\'usufruit ?','Le bénéficiaire d\'une réversion d\'usufruit est en principe taxé, lors du décès du donateur, au titre des droits de succession.','fr','2011-12-01 12:06:00','2011-12-02 09:51:15'),(21500,'Assurance-vie : veillez à ne pas porter atteinte aux droits des héritiers !','Lorsque les primes versées sur un contrat d\'assurance-vie sont manifestement exagérées, les héritiers du souscripteur sont en droit de demander leur réintégration dans la succession de ce dernier.','fr','2011-12-08 09:55:00','2011-12-08 11:12:27'),(21501,'Comment distinguer un présent d\'usage d\'un don manuel ?','Lorsqu\'ils reçoivent une donation d\'un même montant de la part de leurs parents, les enfants peuvent s\'accorder pour qualifier cette donation de présent d\'usage.','fr','2011-12-14 12:42:00','2011-12-16 14:44:50'),(21502,'Combien de personnes ont été exonérées de droits de succession en 2010 ?','L\'administration fiscale vient de communiquer sur le nombre de personnes ayant bénéficié d\'une exonération de droits de succession en 2010.','fr','2011-12-23 09:26:00','2011-12-23 10:06:31'),(21503,'Le paiement fractionné des droits de succession','Le remboursement partiel par anticipation des droits de succession, dont le paiement est fractionné, est sans incidence sur le taux d\'intérêt légal appliqué.','fr','2012-02-02 12:24:00','2012-02-02 17:01:28'),(21504,'Comment faire tomber en matière successorale la présomption fiscale de propriété de l\'usufruitier ?','La présomption fiscale de propriété de l\'usufruitier peut être écartée lorsque les héritiers attestent du décès soudain du donateur.','fr','2012-02-21 14:18:00','2012-02-24 12:26:15'),(21505,'De quel délai disposez-vous pour réclamer le bénéfice d\'un contrat d\'assurance-vie ?','Le délai de prescription de la demande de paiement d\'une garantie décès ne s\'interrompt que lorsque le bénéficiaire du contrat en demande expressément le paiement.','fr','2012-03-06 14:00:00','2012-03-09 14:35:24'),(21506,'Déclaration de succession incomplète : le fisc détermine lui-même les droits à payer !','Le dépôt d\'une déclaration de succession incomplète est susceptible d\'entraîner l\'application d\'une procédure de taxation d\'office.','fr','2012-03-21 12:33:00','2012-03-22 11:35:11'),(21507,'Solidarité des époux pour un emprunt','Les époux sont engagés solidairement par un emprunt souscrit par un seul d\'entre eux uniquement lorsqu\'il porte sur des sommes modestes nécessaires aux besoins de la vie courante.','fr','2011-07-07 14:22:00','2011-07-08 14:25:00'),(21508,'Abattement successoral : l\'administration fiscale durcit le ton','Les petits-enfants qui succèdent à leurs grands-parents après renonciation de leur père ou de leur mère, enfant unique, ne bénéficient plus désormais de l\'abattement fiscal applicable à leur parent.','fr','2011-08-04 10:49:00','2011-08-09 10:24:17'),(21509,'Le sort des indemnités de licenciement lors d\'un divorce','Le capital, global et forfaitaire, versé au titre des indemnités de carrière doit être considéré, dans un régime communautaire, comme un bien commun appartenant aux deux époux.','fr','2011-08-08 11:10:00','2011-08-08 16:06:09'),(21510,'Réforme de la fiscalité du patrimoine : l\'assurance-vie mise à contribution','La réforme de la fiscalité du patrimoine a alourdi la taxation des contrats d\'assurance-vie supérieurs à 902 838 € et modifié les règles régissant les clauses bénéficiaires ayant fait l\'objet d\'un démembrement de propriété.','fr','2011-08-19 13:00:00','2011-09-05 10:11:43'),(21511,'Liquidation judiciaire : le logement de l\'entrepreneur déclaré insaisissable est à l\'abri !','La résidence principale du chef d\'entreprise mis en liquidation judiciaire ne peut pas être vendue par le liquidateur lorsqu\'elle a fait l\'objet d\'une déclaration d\'insaisissabilité.','fr','2011-08-26 09:57:00','2011-08-26 13:55:09'),(21512,'Assurance-vie démembrée : comment se partager l\'abattement fiscal ?','En présence de plusieurs nus-propriétaires bénéficiaires d\'un contrat d\'assurance-vie, chacun d\'entre eux partage un abattement de 152 500 € avec l\'usufruitier en fonction de leurs droits respectifs.','fr','2012-04-04 14:01:00','2012-04-06 12:00:20'),(21513,'Quelles obligations déclaratives pour les contribuables soumis à « l\'exit tax » ?','Les contribuables soumis à « l\'exit tax » ont l\'obligation de joindre à leur déclaration de revenus un formulaire comportant un certain nombre de renseignements.','fr','2012-04-17 13:59:00','2012-04-20 14:21:52'),(21514,'Construction d\'une maison','Je suis marié sous le régime légal. Mon épouse et moi-même souhaiterions faire construire une maison sur un terrain dont j\'avais fait l\'acquisition avant mon mariage. Est-ce possible ?','fr','2011-09-22 14:29:00','2011-09-26 10:10:45'),(21515,'Assouplissement du dispositif d\'exonération des dons de sommes d\'argent','Si la loi portant réforme de la fiscalité du patrimoine alourdit les droits de donation et de succession, elle assouplit toutefois le dispositif permettant de faire un don d\'une somme d\'argent à certains membres du cercle familial.','fr','2011-09-15 09:27:00','2011-09-16 12:32:01'),(21516,'Le dispositif de réduction d\'ISF pour investissement dans une PME assoupli !','La société, au sein de laquelle le redevable de l\'ISF investit pour réduire son impôt, dispose de plus de temps pour employer des salariés.','fr','2011-09-16 10:00:00','2011-09-16 12:14:18'),(21517,'Déclaration d\'ISF : le compte à rebours a commencé','N\'oubliez pas de faire votre déclaration d\'impôt de solidarité sur la fortune le 30 septembre prochain au plus tard !','fr','2011-09-26 09:11:00','2011-09-27 08:19:19'),(21518,'Le secteur bancaire : le baromètre des crises','Malmené en raison de son exposition à la crise de la dette, le secteur bancaire peine a voir le bout du tunnel.','fr','2011-09-26 10:50:00','2011-10-06 09:33:32'),(21519,'Comment calculer une plus-value immobilière ?','La vente d\'un bien immobilier obéit à des règles d\'imposition particulières qui ont, par ailleurs, été remodelées par le plan d\'austérité du gouvernement.','fr','2011-09-30 11:45:00','2011-10-03 11:27:48'),(21520,'Plus-value de cession de titres sous condition suspensive : à quel moment est-on imposé ?','La cession de titres inscrits dans une convention dont la condition suspensive ne s\'est pas encore réalisée entraîne l\'imposition du cédant, encore propriétaire des titres.','fr','2011-09-29 12:00:00','2011-09-29 17:48:43'),(21521,'Projet de loi de finances pour 2012','Quelles seraient les conséquences du projet de loi de finances sur votre imposition ?','fr','2011-10-04 13:08:00','2011-10-07 15:10:53'),(21522,'Quotient familial : incidence de l\'obtention de la garde d\'un enfant en cours d\'année','Un père divorcé peut majorer son quotient familial s\'il obtient la garde de ses enfants en cours d\'année.','fr','2011-10-12 13:00:00','2011-10-14 12:10:48'),(21523,'Augmentation annoncée du malus automobile en 2012','Le gouvernement vient de présenter le nouveau barème 2012 du « bonus-malus automobile », qui conduit à davantage taxer les véhicules les plus polluants.','fr','2011-10-18 14:00:00','2011-10-21 12:25:25'),(21524,'Activez votre holding pour être exonéré d\'ISF !','L\'exonération des titres d\'une société holding en tant que biens professionnels suppose que la société anime les filiales qu\'elle détient.','fr','2011-10-28 10:00:00','2011-10-28 10:11:14'),(21525,'Pas de pénalités de retard en cas de difficultés techniques de télédéclaration','Certaines difficultés techniques liées à la télédéclaration annuelle de l\'impôt sur le revenu n\'entraînent pas de pénalités de retard pour dépôt tardif de la déclaration papier.','fr','2011-11-02 14:00:00','2011-11-02 14:00:02'),(21526,'Projet de loi de finances pour 2012 : les amendements adoptés','Découvrez les nouvelles mesures votées par les députés lors de l\'examen de la première partie de la loi de finances pour 2012.','fr','2011-11-03 14:00:00','2011-12-15 11:29:17'),(21527,'Évitez de payer un impôt prescrit !','\nIl n\'est pas possible de demander le remboursement d\'un impôt payé alors qu\'il était prescrit.','fr','2011-11-08 14:07:00','2011-11-10 14:43:22'),(21528,'Plan d\'austérité : acte II','Le gouvernement envisage d\'alourdir à nouveau la fiscalité des particuliers et des entreprises.','fr','2011-11-09 11:24:00','2011-11-14 14:36:59'),(21529,'Projet de loi de finances pour 2012 : les nouveaux amendements votés par les députés','Les députés ont de nouveau affaibli l\'attractivité des niches fiscales et de certains dispositifs d\'exonération.','fr','2011-11-18 12:00:00','2011-11-18 14:31:34'),(21530,'Abattement successoral : le fisc fait marche arrière !','L\'administration fiscale est revenue sur sa position : les petits-enfants succédant à l\'un de leurs grands-parents après renonciation ou décès de leur père ou de leur mère, enfant unique, continuent de bénéficier de l\'abattement applicable aux successions en ligne directe !','fr','2011-11-24 09:55:00','2011-11-24 11:49:01'),(21531,'Projet de loi de finances pour 2012 : les amendements des sénateurs','Les sénateurs ont radicalement amendé le projet de loi de finances pour 2012.','fr','2011-11-25 12:00:00','2011-11-25 15:20:27'),(21532,'Société civile immobilière : une précision intéressante en cas d\'option à l\'impôt sur les sociétés','Les sociétés civiles immobilières disposent d\'un délai de 60 jours à compter de la notification de l\'option à l\'impôt sur les sociétés pour respecter leurs obligations déclaratives.','fr','2011-12-02 12:00:00','2011-12-02 12:00:02'),(21533,'Comment est imposée la réversion d\'usufruit ?','Le bénéficiaire d\'une réversion d\'usufruit est en principe taxé, lors du décès du donateur, au titre des droits de succession.','fr','2011-12-01 12:06:00','2011-12-02 09:51:15'),(21534,'L\'administration fiscale vigilante sur les donations réalisées successivement !','La donation successive d\'un même bien consentie dans le seul but de réduire les droits de donation est sanctionnable fiscalement.','fr','2011-12-06 11:48:00','2011-12-09 16:14:22'),(21535,'Lutte contre la fraude et l\'évasion fiscales : bilan et perspectives','Le gouvernement vient de présenter son bilan de la lutte contre la fraude et l\'évasion fiscales et d\'annoncer de nouvelles mesures visant à renforcer ses actions.','fr','2011-12-07 12:00:00','2011-12-09 16:32:24'),(21536,'Projet de 4e loi de finances rectificative pour 2011 : les amendements des députés','L\'Assemblée nationale durcit encore la fiscalité des entreprises et des particuliers.','fr','2011-12-15 12:00:00','2011-12-16 14:42:41'),(21537,'Plus que quelques jours pour réduire votre impôt sur le revenu !','Vous avez jusqu\'au 31 décembre pour saisir les dernières opportunités afin de réduire votre impôt sur le revenu 2011.','fr','2011-12-19 13:44:00','2011-12-23 09:48:10'),(21538,'Valeur locative d\'un local : modalités pratiques de la nouvelle obligation de mise à jour','L\'administration fiscale peut demander aux propriétaires de locaux de souscrire une déclaration pour mettre à jour la valeur locative de ceux-ci.','fr','2011-12-21 12:00:00','2011-12-21 13:52:59'),(21539,'Combien de personnes ont été exonérées de droits de succession en 2010 ?','L\'administration fiscale vient de communiquer sur le nombre de personnes ayant bénéficié d\'une exonération de droits de succession en 2010.','fr','2011-12-23 09:26:00','2011-12-23 10:06:31'),(21540,'Bouclier fiscal : attention à la perte de la créance 2011 !','Les redevables de l\'ISF ont jusqu\'au 31 décembre prochain pour déposer une demande de restitution de la créance acquise au titre du bouclier fiscal.','fr','2011-12-29 11:13:00','2011-12-29 12:30:34'),(21541,'La loi de finances pour 2012 est définitive !','La loi de finances pour 2012 a été adoptée conformément à la version de l\'Assemblée nationale.','fr','2011-12-30 12:00:00','2012-01-06 11:53:07'),(21542,'La 4e loi de finances rectificative pour 2011 est définitivement adoptée !','La hausse des impositions se poursuit avec la 4e loi de finances rectificative pour 2011.','fr','2012-01-03 11:03:00','2012-01-03 18:07:42'),(21543,'Le dispositif du contrôle sur demande des successions et donations est pérennisé !','La procédure de contrôle sur demande du contribuable des successions et donations est définitivement instituée.','fr','2012-01-04 13:55:00','2012-01-06 11:49:52'),(21544,'Attention au changement de taux de TVA au 1er janvier 2012 !','La plupart des produits et services auparavant soumis au taux réduit de TVA de 5,5 % sont désormais taxés à 7 %.','fr','2012-01-05 15:32:00','2012-01-05 19:13:07'),(21545,'Déclaration de revenus : vous pouvez recourir à un tiers de confiance !','Le décret fixant les conditions d\'application du dispositif du tiers de confiance vient de paraître, permettant ainsi son entrée en vigueur à compter du 30 décembre 2011.','fr','2012-01-06 12:00:00','2012-01-06 12:28:25'),(21546,'Prorogation de la réduction d\'impôt pour la souscription au capital de SOFICA','La réduction d\'impôt pour les versements réalisés au capital de sociétés pour le financement de l\'industrie cinématographique et audiovisuelle (Sofica) est reconduite jusqu\'au 31 décembre 2012.','fr','2012-01-12 09:26:00','2012-01-12 11:32:26'),(21547,'Le malus automobile une nouvelle fois durci !','Les barèmes du malus automobile et le montant du malus annuel viennent d\'être augmentés par la loi de finances pour 2012.','fr','2012-01-12 12:00:00','2012-01-13 14:05:55'),(21548,'Un millésime 2011 record pour les entreprises de luxe','Les résultats exceptionnels des entreprises du secteur de luxe en 2011 sont à peine éclipsés par des performances boursières en demi-teinte.','fr','2012-01-13 12:20:00','2012-02-06 09:35:56'),(21549,'Calculez votre impôt sur le revenu 2012','Le gouvernement met à la disposition des contribuables un simulateur pour réaliser une estimation de leur impôt pour 2012.','fr','2012-01-16 12:00:00','2012-01-16 13:51:45'),(21550,'L\'administration vous aide à évaluer votre bien immobilier !','Certains contribuables peuvent obtenir de l\'administration fiscale des informations relatives aux transactions immobilières afin d\'évaluer plus justement leur bien.','fr','2012-01-23 10:25:00','2012-01-27 14:35:25'),(21551,'L\'administration fiscale peut prolonger son délai de réponse dans certains cas','L\'administration fiscale peut, de façon exceptionnelle, allonger le délai de réponse des informations transmises par le contribuable.','fr','2012-01-25 12:24:00','2012-01-27 14:33:11'),(21552,'Bailleurs : attention à ne pas fixer un loyer trop élevé !','Le seuil d\'application de la taxe sur les loyers élevés des « micro-logements » vient d\'être précisé.','fr','2012-02-01 12:00:00','2012-02-15 10:24:38'),(21553,'Le paiement fractionné des droits de succession','Le remboursement partiel par anticipation des droits de succession, dont le paiement est fractionné, est sans incidence sur le taux d\'intérêt légal appliqué.','fr','2012-02-02 12:24:00','2012-02-02 17:01:28'),(21554,'N\'oubliez pas de payer votre premier tiers provisionnel !','Le paiement du premier acompte provisionnel de l\'impôt sur le revenu 2012 doit, en principe, être effectué au plus tard le mercredi 15 février 2012.','fr','2012-02-07 11:45:00','2012-02-10 14:51:02'),(21555,'Dispositif \"Scellier\" : du changement pour la zone C !','La liste des communes de la zone C éligibles au dispositif \"Scellier\" a été élargie alors que le plafond de loyer de cette zone a, quant à lui, été revalorisé.','fr','2012-02-09 12:21:00','2012-02-10 14:50:12'),(21556,'Évaluation des biens dans le cadre d\'une succession','Un terrain devenu inconstructible peut être taxé aux droits de succession pour sa valeur en tant que terrain constructible !','fr','2012-02-14 09:38:00','2012-02-17 15:13:08'),(21557,'Projet de loi de finances rectificative pour 2012','Comme annoncé par le Président de la république, un projet de loi prévoit d\'alléger le coût du travail pour les entreprises du secteur privé.','fr','2012-02-17 11:00:00','2012-02-17 13:54:40'),(21558,'Quand et comment appliquer le nouveau taux de TVA de 7 % ?','Le champ et les modalités d\'application du nouveau taux de TVA de 7 % viennent d\'être précisés.','fr','2012-02-20 12:00:00','2012-02-22 09:01:24'),(21559,'Comment faire tomber en matière successorale la présomption fiscale de propriété de l\'usufruitier ?','La présomption fiscale de propriété de l\'usufruitier peut être écartée lorsque les héritiers attestent du décès soudain du donateur.','fr','2012-02-21 14:18:00','2012-02-24 12:26:15'),(21560,'Barèmes des frais kilométriques 2011','Les barèmes kilométriques pour les frais engagés en 2011 viennent d\'être publiés et restent inchangés par rapport à ceux utilisés l\'an dernier.','fr','2012-02-23 10:00:00','2012-02-24 11:34:43'),(21561,'Quel délai de reprise en matière d\'ISF ?','L\'administration fiscale dispose d\'un délai de reprise de longue durée pour le contrôle de la qualification de biens professionnels inscrits dans une déclaration d\'ISF.','fr','2012-02-23 16:34:00','2012-02-24 10:29:54'),(21562,'Louez une partie de votre résidence principale sans être imposé : c\'est possible !','Les loyers perçus au titre de la location meublée d\'une partie de votre résidence principale peuvent être, sous certaines conditions, exonérés d\'impôt sur le revenu.','fr','2012-02-29 14:00:00','2012-03-02 12:47:38'),(21563,'Les plafonds de loyers des investissements immobiliers locatifs publiés !','Les nouveaux plafonds de loyers conditionnant l\'application des dispositifs d\'investissements locatifs pour les baux conclus ou renouvelés à compter du 1er janvier 2012 ont été publiés.','fr','2012-03-07 14:00:00','2012-03-09 11:02:44'),(21564,'La loi de finances rectificative pour 2012 est adoptée !','La première loi de finances rectificative pour 2012 augmente la TVA et les prélèvements sociaux pour financer une réduction de cotisations sociales des employeurs.','fr','2012-03-08 14:00:00','2012-03-16 12:09:01'),(21565,'Dispositif « Scellier » : le plafonnement supplémentaire enfin publié !','Un décret fixe les plafonds par mètre carré de surface habitable applicables pour le calcul de la réduction d\'impôt « Scellier».','fr','2012-03-14 10:13:00','2012-03-16 14:07:03'),(21566,'Secteur de l\'aéronautique : les avionneurs survolent la crise','Portées par des carnets de commandes records, les principales sociétés du secteur de l\'aéronautique ont réalisé des performances boursières remarquées.','fr','2012-03-20 09:51:00','2012-03-20 09:52:42'),(21567,'Déclaration de succession incomplète : le fisc détermine lui-même les droits à payer !','Le dépôt d\'une déclaration de succession incomplète est susceptible d\'entraîner l\'application d\'une procédure de taxation d\'office.','fr','2012-03-21 12:33:00','2012-03-22 11:35:11'),(21568,'Pacte d\'associés et ISF','Pour bénéficier d\'une exonération d\'ISF en 2011, vous pouvez souscrire un « pacte Dutreil » avant le 31 décembre 2010.','fr','2010-12-16 10:23:00','2010-12-17 15:20:43'),(21569,'Réduction d\'impôt Scellier : aménagements dans certains territoires d\'outre-mer','Les conditions d\'application du dispositif Scellier pour les investissements réalisés dans certaines collectivités territoriales d\'outre-mer sont assouplies.','fr','2010-12-22 14:03:00','2010-12-22 18:30:22'),(21570,'Réduction d\'impôt et augmentation de capital d\'une PME','L\'administration fiscale a apporté des précisions quant à l\'éligibilité aux réductions d\'impôt d\'une augmentation de capital par compensation avec un compte courant d\'associé.','fr','2010-12-23 16:44:00','2010-12-24 10:00:02'),(21571,'Répartition du patrimoine des ménages : les Français recentrent leurs placements','Une étude récente de l\'Insee concernant la répartition du patrimoine des ménages souligne que les Français ont restreint leur univers de placement pour se concentrer sur l\'immobilier et l\'assurance-vie.','fr','2010-12-28 17:32:00','2010-12-30 17:06:38'),(21572,'Loi de finances pour 2011 : les mesures concernant les particuliers','La loi de finances pour 2011 contient de nombreuses dispositions intéressant la fiscalité des particuliers.','fr','2011-01-03 14:09:00','2011-01-07 15:38:04'),(21573,'Adoption définitive de la loi de finances rectificative pour 2010','La 4e loi de finances rectificative pour 2010 définitivement adoptée n\'affecte pas la fiscalité des entreprises autant qu\'il l\'était annoncé.','fr','2011-01-07 10:00:00','2011-01-07 15:38:39'),(21574,'Annonces immobilières : n\'oubliez pas «l\'étiquette énergie» !','L\'affichage de la « classe énergie » figurant dans le diagnostic de performance énergétique est obligatoire pour toutes les annonces immobilières de vente ou de location parues depuis le 1er janvier 2011.','fr','2011-01-13 12:31:00','2011-01-14 17:09:30'),(21575,'Petits-enfants succédant à leurs grands-parents : quelle fiscalité ?','Les petits-enfants succédant à l\'un de leurs grands-parents après renonciation ou décès de leur père ou de leur mère bénéficient de l\'abattement applicable aux successions en ligne directe.','fr','2011-01-19 14:00:00','2011-01-21 14:11:07'),(21576,'Les nouveaux plafonds de loyers des investissements immobiliers défiscalisés','Les nouveaux plafonds de loyers conditionnant la réduction d\'impôt Scellier pour les logements acquis à compter du 1er janvier 2011 ont été publiés.','fr','2011-01-20 14:00:00','2011-04-08 15:37:12'),(21577,'Les équipementiers automobiles font la course en tête !','Les valeurs du secteur automobile ont été à l\'honneur durant l\'année 2010 portées par la prime à la casse et par la croissance des pays émergents.','fr','2011-01-20 17:42:00','2011-01-26 15:05:00'),(21578,'La réforme des retraites et ses conséquences patrimoniales','Afin de favoriser la constitution d\'un complément de retraite, de nombreux aménagements ont été apportés.','fr','2011-01-20 17:46:00','2011-01-28 16:17:24'),(21579,'Simulez votre prêt à taux zéro renforcé !','Les particuliers ont désormais la possibilité de réaliser en ligne une simulation de leurs droits au nouveau prêt à taux zéro « renforcé » entré en vigueur le 1er janvier 2011.','fr','2011-01-27 14:00:00','2011-03-01 09:59:16'),(21580,'Cession de droits sociaux au sein de sa famille','Les plus-values de cession de titres de sociétés entre membres d\'une même famille ne peuvent plus être exonérées de prélèvements sociaux.','fr','2011-02-02 09:53:00','2011-02-03 17:51:09'),(21581,'Les aménagements apportés au crédit d\'impôt pour l\'isolation des logements','Isoler son logement peut, dans certains cas, ouvrir droit à un crédit d\'impôt.','fr','2011-02-03 09:03:00','2011-02-04 15:42:44'),(21582,'Paiement de l\'impôt sur le revenu : attention à l\'échéance !','N\'oubliez pas de régler votre premier tiers provisionnel de l\'impôt sur le revenu pour le 20 février prochain au plus tard.','fr','2011-02-08 13:57:00','2011-02-11 15:50:37'),(21583,'Exonération limitée des dividendes dans un PEA','Les produits des titres de sociétés non cotées, placés dans un PEA, sont exonérés d\'impôt sur le revenu dans la limite de 10 % de la valeur d\'inscription de ces titres.','fr','2011-02-10 14:12:00','2011-02-18 12:00:27'),(21584,'Les locations de locaux d\'hébergement de gardiens peuvent être soumises à la TVA','L\'administration fiscale autorise l\'extension de l\'option à la TVA sur les loyers relatifs aux locaux d\'habitation du personnel de gardiennage.','fr','2011-02-16 10:00:00','2011-02-18 11:56:03'),(21585,'Louez une partie de votre habitation principale en franchise d\'impôt !','Les loyers perçus au titre de la location en meublé d\'une partie de votre résidence principale peuvent être, sous certaines conditions, exonérés d\'impôt sur le revenu.','fr','2011-02-17 09:00:00','2011-02-18 11:52:51'),(21586,'Fonds en euros : les sociétés d\'assurances anticipent la baisse des rendements','La Fédération française des sociétés d\'assurances (FFSA) vient d\'annoncer que le taux moyen de rémunération des fonds en euros ne dépasserait pas 3,4 % pour l\'année 2010.','fr','2011-02-23 12:08:00','2011-02-25 11:28:00'),(21587,'Apport en usufruit et abus de droit','L\'apport en usufruit d\'un bien à une société réalisé dans le seul but d\'échapper à l\'ISF entre dans le cadre de l\'abus de droit.','fr','2011-02-24 14:04:00','2011-02-25 12:04:01'),(21588,'Contrats de capitalisation pour les personnes morales : accès limité !','La Fédération française des sociétés d\'assurances (FFSA) précise les conditions dans lesquelles les personnes morales peuvent souscrire à des contrats de capitalisation.','fr','2011-02-28 10:47:00','2011-03-04 15:12:03'),(21589,'Investissement locatif : les modalités d\'agrément en zone C','Les conditions dans lesquelles l\'agrément d\'une commune située en zone C est délivré par le ministre chargé du Logement viennent d\'être précisées.','fr','2011-03-03 14:00:00','2011-03-04 15:09:20'),(21590,'Réforme de la fiscalité du patrimoine : les différentes hypothèses','Le ministre du Budget a annoncé, jeudi 3 mars dernier, les pistes de réflexion étudiées par le gouvernement pour la réforme de la fiscalité du patrimoine','fr','2011-03-08 12:34:00','2011-03-11 22:24:37'),(21591,'Barèmes des frais kilométriques 2010','Les barèmes kilométriques pour les frais engagés en 2010 viennent d\'être publiés.','fr','2011-03-08 16:00:00','2011-03-11 11:21:13'),(21592,'ISF : délai supplémentaire accordé pour transmettre des justificatifs','Les redevables ont, en principe, jusqu\'au 15 septembre 2011 pour transmettre les justificatifs liés aux dons éligibles à la réduction d\'ISF.','fr','2011-03-16 09:35:00','2011-03-18 11:29:09'),(21593,'Une transaction avec l\'administration fiscale ne vous préserve pas de tout redressement','L\'administration fiscale peut utiliser des éléments ressortant d\'une transaction pour redresser des impôts non visés par celle-ci.','fr','2011-03-18 12:00:00','2011-03-18 12:08:15'),(21594,'Le secteur de l\'agroalimentaire : santé retrouvée pour les champagnes et spiritueux !','Les producteurs de champagne et de spiritueux ont réalisé en 2010 les meilleures performances boursières du compartiment alimentaire, après une année 2009 délicate. Une bonne raison de s\'y intéresser de près.','fr','2011-03-21 14:26:00','2011-03-25 12:54:33'),(21595,'Le crédit d\'impôt sur les intérêts d\'emprunt n\'a pas totalement disparu !','Les logements acquis en l\'état futur d\'achèvement (VEFA) avant le 1er janvier 2011 demeurent éligibles au crédit d\'impôt sur les intérêts d\'emprunt.','fr','2011-03-24 10:06:00','2011-03-29 11:55:10'),(21596,'Investissement locatif : le dispositif Girardin réactualisé !','L\'administration fiscale vient de réactualiser les plafonds d\'investissements ainsi que les plafonds de loyers et de ressources du locataire pour les investissements éligibles au dispositif Girardin.','fr','2011-03-29 11:42:00','2011-04-01 16:15:18'),(21597,'Quel sera le montant de votre impôt en 2011 ?','Le gouvernement vient de lancer la campagne déclarative des revenus perçus en 2010 et met à la disposition des contribuables un simulateur pour réaliser une estimation de leur impôt.','fr','2011-03-31 14:00:00','2011-04-08 11:12:00'),(21598,'Contrat d\'assurance-vie apporté en garantie d\'un crédit','La restriction à la faculté de rachat d\'un contrat d\'assurance-vie est sans incidence sur son caractère imposable à l\'ISF.','fr','2011-04-05 11:21:00','2011-04-29 14:51:19'),(21599,'Recouvrement de l\'impôt : frais de poursuite','Les frais mis à la charge d\'une entreprise, en cas de poursuites pour non-paiement de l\'impôt, viennent d\'être unifiés.','fr','2011-04-06 14:00:00','2011-04-08 14:39:09'),(21600,'Une possibilité de réduire l\'impôt sur les dividendes','L\'imposition du bénéficiaire de dividendes peut être atténuée grâce au système du quotient.','fr','2011-04-08 10:00:00','2011-04-08 14:41:26'),(21601,'Les nouveaux plafonds des investissements locatifs','L\'administration fiscale vient de réactualiser les plafonds d\'investissements ainsi que les plafonds de loyers et de ressources du locataire pour les investissements locatifs.','fr','2011-04-07 12:00:00','2011-04-07 13:41:55'),(21602,'Les nouveaux plafonds de l\'investissement Scellier','Les nouveaux plafonds de loyers conditionnant la réduction d\'impôt Scellier pour les logements acquis à compter du 1er janvier 2011 ont été publiés.','fr','2011-04-08 11:59:00','2011-04-08 12:04:51'),(21603,'Quelles perspectives pour le patrimoine des Français ?','Le BIPE, société d\'études économiques et de conseil en stratégie, a présenté ses prévisions sur les comportements financiers des Français en 2011 et 2012.','fr','2011-04-12 14:00:00','2011-05-24 13:17:27'),(21604,'Lutte contre la fraude fiscale au sein de l\'Union européenne','Des mesures facilitant les échanges d\'informations en matière fiscale entre les États membres viennent d\'être adoptées au niveau communautaire.','fr','2011-04-15 10:00:00','2011-04-15 14:42:49'),(21605,'Réactualisation des barèmes des frais kilométriques 2010','Les barèmes kilométriques pour les frais engagés en 2010 viennent d\'être réévalués.','fr','2011-04-15 13:11:00','2011-04-19 11:48:28'),(21606,'Restitution de droits de succession en cas de surévaluation d\'un bien immobilier','La vente d\'un bien immobilier pour un prix inférieur à l\'estimation faite dans la déclaration de succession peut ouvrir droit à une restitution des droits payés en trop.','fr','2011-04-19 12:00:00','2011-04-29 14:54:20'),(21607,'Dépôt des déclarations fiscales des entreprises : n\'oubliez pas la date limite du 3 mai 2011 !','Les entreprises doivent souscrire la plupart de leurs déclarations fiscales pour le 3 mai au plus tard.','fr','2011-04-22 10:00:00','2011-04-22 11:20:50'),(21608,'Les taux de la réduction d\'impôt Scellier pour 2012 déjà annoncés !','Une instruction fiscale fait le point sur les différents aménagements apportés au dispositif Scellier par la loi de finances pour 2011 et précise les taux applicables pour 2012.','fr','2011-04-28 09:08:00','2011-05-06 14:38:43'),(21609,'Soutenir la création d\'entreprise peut vous permettre de réduire votre ISF !','Un décret dresse la liste des associations de financement et d\'accompagnement de la création et de la reprise d\'entreprises suceptibles d\'ouvrir droit à une réduction d\'ISF en cas de don à leur profit.','fr','2011-05-03 09:44:00','2011-05-03 12:23:01'),(21610,'Exonération d\'ISF des dirigeants de sociétés','Pour être exonéré d\'impôt sur la fortune (ISF) sur la valeur des actions ou des parts de la société qu\'il dirige, un contribuable doit intervenir activement dans la gestion de la société.','fr','2011-05-05 12:00:00','2011-05-05 19:18:33'),(21611,'Investir pour réduire son ISF','Le bénéfice de la réduction d\'impôt sur la fortune pour souscription au capital d\'une PME est subordonné à une condition d\'effectif salarié de la société concernée.','fr','2011-05-11 10:00:00','2011-05-13 13:58:59'),(21612,'La liste 2011 des États et territoires non coopératifs est connue !','La liste des États et territoires non coopératifs (ETNC) ayant une incidence sur la fiscalité applicable à certains flux vient de faire l\'objet de sa mise à jour annuelle pour 2011.','fr','2011-05-12 12:00:00','2011-05-12 12:00:02'),(21613,'Réforme de la fiscalité du patrimoine : les incidences sur votre patrimoine personnel','Le projet de loi de finances rectificative vise principalement à l\'allègement de l\'ISF, à la suppression du bouclier fiscal et au durcissement des droits de mutation à titre gratuit.','fr','2011-05-13 09:04:00','2011-05-24 13:17:46'),(21614,'Réforme de la fiscalité du patrimoine : l\'assouplissement du pacte Dutreil','Le projet de loi présenté au conseil des ministres et visant à réformer la fiscalité du patrimoine prévoit l\'assouplissement du pacte Dutreil.','fr','2011-05-17 12:14:00','2011-05-17 14:35:11'),(21615,'Le nouveau plafond de versement à certaines Œuvres vient d\'être publié','Le seuil des versements ouvrant droit à une réduction d\'impôt au titre des dons aux œuvres versés par les particuliers vient d\'être réactualisé.','fr','2011-05-20 09:35:00','2011-05-20 10:21:45'),(21616,'La date limite de déclaration et de paiement de l\'ISF reportée','Comme l\'avait indiqué le gouvernement lors du conseil des ministres du 11 mai dernier, la date limite de déclaration et de paiement de l\'ISF est reportée au 30 septembre 2011.','fr','2011-05-23 09:12:00','2011-06-22 10:53:40'),(21617,'Données bancaires du contribuable : un accès facilité pour l\'administration fiscale','L\'administration fiscale peut désormais accéder plus facilement à certaines données bancaires relatives au contribuable.','fr','2011-05-24 14:00:00','2011-06-22 10:55:13'),(21618,'Réforme de la fiscalité du patrimoine : les aménagements concernant les biens professionnels','Le régime des biens professionnels devrait être aménagé par la loi portant réforme de la fiscalité du patrimoine.','fr','2011-05-26 09:28:00','2011-05-26 16:52:08'),(21619,'Un bien immobilier reçu par donation peut-il bénéficier du dispositif Scellier ?','Un local commercial reçu à titre gratuit puis transformé en logement ne peut pas ouvrir droit au dispositif Scellier.','fr','2011-05-31 09:18:00','2011-06-01 16:36:01'),(21620,'Rentes et indemnités perçues en réparation de dommages corporels au regard de l\'ISF','Le conjoint survivant peut désormais porter au passif de sa déclaration d\'ISF une fraction de la valeur capitalisée des rentes ou indemnités perçues par le défunt.','fr','2011-06-07 12:08:00','2011-06-10 11:58:26'),(21621,'Un Diagnostic mitigé pour le secteur de la santé','Le secteur de la santé n\'a pas particulièrement brillé en Bourse en 2010, pénalisé par la piètre performance de son « poids lourd », Sanofi-Aventis, deuxième capitalisation du CAC 40, dont le titre a reculé de 13% l\'année dernière.','fr','2011-06-10 14:48:00','2011-06-16 10:03:32'),(21622,'Les impôts supplémentaires et les pénalités fiscales influent-ils sur le calcul du bouclier fiscal ?','Les impositions supplémentaires et les pénalités résultant d\'un redressement fiscal ne sont pas à retenir pour la détermination du droit à restitution au titre du bouclier fiscal.','fr','2011-06-16 09:25:00','2011-06-16 10:06:05'),(21623,'Redressement fiscal : soyez vigilant sur l\'adresse d\'envoi de votre réponse !','S\'il n\'envoie pas ses observations en réponse à une proposition de rectification fiscale à la bonne adresse, un contribuable est censé avoir accepté les redressements fiscaux.','fr','2011-06-21 14:00:00','2011-08-02 16:51:31'),(21624,'Imposition séparée des époux et contrôle fiscal','Les époux séparés de biens et ne vivant pas sous le même toit doivent être imposés séparément.','fr','2011-07-06 09:26:00','2011-07-08 11:18:42'),(21625,'Contrôle fiscal : l\'administration fiscale peut demander vos relevés de comptes !','Dans le cadre d\'un contrôle fiscal, l\'administration fiscale peut demander au contribuable de produire les relevés de ses comptes courants d\'associés.','fr','2011-07-07 14:00:00','2011-07-13 14:34:17'),(21626,'Dons déductibles de l\'ISF : le résultat par région publié','Le bilan des dons effectués par les redevables de l\'ISF 2010 vient d\'être rendu public.','fr','2011-07-07 17:44:00','2011-08-02 16:50:00'),(21627,'Comment sera imposé le remboursement des rachats de vos cotisations retraite ?','Le remboursement des rachats de trimestres est un revenu imposable à l\'impôt sur le revenu au titre de l\'année de sa perception.','fr','2011-07-12 14:00:00','2011-07-12 17:36:53'),(21628,'Lutte contre la fraude fiscale : bilan 2010','Le Gouvernement a présenté le bilan 2010 de son action de lutte contre les fraudes, notamment en matière fiscale.','fr','2011-08-09 14:00:00','2011-08-09 15:29:08'),(21629,'Contrôle fiscal et documents déposés au greffe','L\'administration fiscale peut fonder un redressement à partir notamment de documents déposés au greffe sans informer le contribuable de l\'origine et de la teneur de ces informations.','fr','2011-08-11 14:00:00','2011-08-11 14:00:03'),(21630,'La réforme de la fiscalité du patrimoine enfin adoptée !','Après de longs débats, les parlementaires ont enfin adopté le projet de réforme de la fiscalité du patrimoine.','fr','2011-08-01 11:07:00','2011-08-19 14:00:51'),(21631,'Abattement successoral : l\'administration fiscale durcit le ton','Les petits-enfants qui succèdent à leurs grands-parents après renonciation de leur père ou de leur mère, enfant unique, ne bénéficient plus désormais de l\'abattement fiscal applicable à leur parent.','fr','2011-08-04 10:49:00','2011-08-09 10:24:17'),(21632,'BTP-matériaux : la construction à nouveau sur la bonne voie','Les sociétés du secteur de la construction et du BTP veulent s\'appuyer sur leurs bons résultats pour séduire les investisseurs malgré les mauvais chiffres macroéconomiques outre-atlantique et la réaction virulante des marchés financiers.','fr','2011-08-10 14:00:00','2011-08-10 14:00:01'),(21633,'Réforme de la fiscalité du patrimoine : l\'assurance-vie mise à contribution','La réforme de la fiscalité du patrimoine a alourdi la taxation des contrats d\'assurance-vie supérieurs à 902 838 € et modifié les règles régissant les clauses bénéficiaires ayant fait l\'objet d\'un démembrement de propriété.','fr','2011-08-19 13:00:00','2011-09-05 10:11:43'),(21634,'SCI : et si vous optiez à l\'impôt sur les sociétés ?','La condition de délai pour l\'exercice de l\'option à l\'impôt sur les sociétés des sociétés civiles immobilières vient d\'être simplifiée.','fr','2011-08-25 14:00:00','2011-08-26 13:55:58'),(21635,'Plan d\'austérité du gouvernement : quelles conséquences sur votre patrimoine ?','Le gouvernement prévoit notamment une hausse de 1,2 point des prélèvements sociaux sur les revenus du patrimoine et la suppression de l\'abattement sur les plus-values immobilières hors résidence principale.','fr','2011-08-31 14:06:00','2011-09-02 11:25:31'),(21636,'ISF : à vos déclarations !','Les redevables de l\'impôt de solidarité sur la fortune (ISF) ont jusqu\'au 30 septembre 2011 pour adresser leur déclaration au service des impôts.','fr','2011-09-05 09:57:00','2011-09-09 12:12:09'),(21637,'Assurance-vie démembrée : comment se partager l\'abattement fiscal ?','En présence de plusieurs nus-propriétaires bénéficiaires d\'un contrat d\'assurance-vie, chacun d\'entre eux partage un abattement de 152 500 € avec l\'usufruitier en fonction de leurs droits respectifs.','fr','2012-04-04 14:01:00','2012-04-06 12:00:20'),(21638,'Déduire les intérêts d\'un emprunt renégocié de vos revenus fonciers','Les intérêts d\'un emprunt renégocié sont déductibles des revenus fonciers dès lors que le nouvel emprunt est immédiatement et intégralement utilisé pour rembourser le premier.','fr','2012-04-12 12:28:00','2012-04-13 12:32:29'),(21639,'La réduction d\'impôt pour mécénat est élargie !','La réduction d\'impôt pour mécénat est étendue aux dons effectués par les entreprises au profit d\'organismes agréés dont l\'objet exclusif est de verser des aides financières aux PME.','fr','2012-04-03 14:00:00','2012-04-06 11:52:52'),(21640,'Quelles obligations déclaratives pour les contribuables soumis à « l\'exit tax » ?','Les contribuables soumis à « l\'exit tax » ont l\'obligation de joindre à leur déclaration de revenus un formulaire comportant un certain nombre de renseignements.','fr','2012-04-17 13:59:00','2012-04-20 14:21:52'),(21641,'Le nouveau mécanisme de plafonnement de la taxe foncière sur les propriétés bâties','Un plafonnement de la taxe foncière sur les propriétés bâties, établi en fonction des revenus du contribuable, est mis en place à compter des revenus de 2011 imposés en 2012.','fr','2012-04-19 12:24:00','2012-04-20 14:19:06'),(21642,'Réforme de la fiscalité du patrimoine','Les changements apportés','fr','2011-09-22 15:39:00','2011-09-22 15:45:03'),(21643,'Réforme de la fiscalité du patrimoine','Les changements apportés','fr','2011-09-22 15:39:00','2011-09-22 15:45:03'),(21644,'Plan d\'épargne logement','Mon plan d\'épargne logement (PEL) est arrivé à terme, mais je n\'ai aucun projet immobilier en vue. C\'est pourquoi je souhaiterais faire bénéficier à mon petit-fils des droits à prêt issus de ce PEL. Suis-je tenu de lui verser les sommes placées sur mon PEL ?','fr','2011-09-20 13:44:00','2011-09-26 10:12:05'),(21645,'Exonération de TVA relative aux livraisons intracommunautaires','J\'ai procédé au profit d\'une société espagnole à des ventes de matériel auxquelles j\'ai appliqué l\'exonération de TVA relative aux livraisons intracommunautaires. Mais l\'administration fiscale a remis en cause cette exonération au motif que ces ventes participaient à une fraude à la TVA, mon client n\'ayant pas d\'activité en rapport avec le matériel livré. Selon elle, j\'aurais pu connaître l\'existence de cette fraude en vérifiant le numéro d\'identification à la TVA de mon client, lequel n\'était pas valide. L\'administration peut-elle me redresser pour ce seul défaut de vérification ?','fr','2011-09-22 14:46:00','2011-09-26 10:01:42'),(21646,'Déductibilité du résultat des dépenses de cadeaux d\'affaires','J\'ai offert un week-end touristique à l\'un de mes meilleurs clients. Puis-je déduire cette dépense de mon résultat imposable ?','fr','2011-09-22 14:50:00','2011-09-26 09:58:59'),(21647,'Gare aux notifications par lettre recommandée avec accusé de réception !','Lorsque le locataire ne retire pas la lettre recommandée avec accusé de réception envoyée par son propriétaire pour mettre fin au bail, le congé est irrégulier.','fr','2011-09-14 14:00:00','2011-09-16 11:48:14'),(21648,'Le diagnostic de performance énergétique subit un nouveau lifting !','Le ministère de l\'Écologie et du Développement durable a annoncé un certain nombre de mesures destinées à améliorer et fiabiliser le diagnostic de performance énergétique (DPE).','fr','2011-09-19 11:41:00','2011-09-23 15:34:04'),(21649,'Comment calculer une plus-value immobilière ?','La vente d\'un bien immobilier obéit à des règles d\'imposition particulières qui ont, par ailleurs, été remodelées par le plan d\'austérité du gouvernement.','fr','2011-09-30 11:45:00','2011-10-03 11:27:48'),(21650,'Décès d\'un locataire : comment récupérer le logement ?','La procédure permettant à un bailleur de récupérer son logement après le décès du locataire a été améliorée.','fr','2011-10-18 10:41:00','2011-10-21 12:27:58'),(21651,'Un époux a-t-il pouvoir sur le compte de son conjoint ?','Lorsqu\'un époux détient un compte en son seul nom propre, la banque n\'est tenue d\'exécuter que ses ordres et non ceux de son conjoint.','fr','2011-10-21 12:00:00','2011-11-14 14:35:25'),(21652,'Sur qui pèse le règlement des frais de diagnostics immobiliers ?','Les frais de diagnostics techniques immobiliers doivent être supportés par le vendeur, les parties pouvant toutefois convenir de les mettre à la charge de l\'acquéreur.','fr','2011-10-25 09:32:00','2011-10-25 10:10:37'),(21653,'Projet de loi de finances pour 2012 : les amendements adoptés','Découvrez les nouvelles mesures votées par les députés lors de l\'examen de la première partie de la loi de finances pour 2012.','fr','2011-11-03 14:00:00','2011-12-15 11:29:17'),(21654,'Quels pouvoirs pour le gérant d\'une SCI ?','Le gérant d\'une société civile immobilière n\'a pas le pouvoir de vendre un immeuble détenu par la société si un tel acte ne figure pas dans l\'objet social.','fr','2011-11-15 11:43:00','2011-11-18 14:28:34'),(21655,'Entrée en piste de l\'indice des loyers des activités tertiaires','L\'indice des loyers des activités tertiaires peut désormais être utilisé pour la révision du loyer d\'un bail professionnel ou à usage de bureaux.','fr','2012-01-17 12:16:00','2012-01-17 16:49:12'),(21656,'L\'administration vous aide à évaluer votre bien immobilier !','Certains contribuables peuvent obtenir de l\'administration fiscale des informations relatives aux transactions immobilières afin d\'évaluer plus justement leur bien.','fr','2012-01-23 10:25:00','2012-01-27 14:35:25'),(21657,'Bailleurs : attention à ne pas fixer un loyer trop élevé !','Le seuil d\'application de la taxe sur les loyers élevés des « micro-logements » vient d\'être précisé.','fr','2012-02-01 12:00:00','2012-02-15 10:24:38'),(21658,'Dispositif \"Scellier\" : du changement pour la zone C !','La liste des communes de la zone C éligibles au dispositif \"Scellier\" a été élargie alors que le plafond de loyer de cette zone a, quant à lui, été revalorisé.','fr','2012-02-09 12:21:00','2012-02-10 14:50:12'),(21659,'Évaluation des biens dans le cadre d\'une succession','Un terrain devenu inconstructible peut être taxé aux droits de succession pour sa valeur en tant que terrain constructible !','fr','2012-02-14 09:38:00','2012-02-17 15:13:08'),(21660,'Donner en location un logement à l\'un de vos enfants peut être dangereux !','Des parents donnant en location un de leurs logements à leurs enfants à un loyer anormalement bas doivent déclarer au titre des revenus fonciers un loyer correspondant à la valeur réelle du marché.','fr','2012-02-16 10:30:00','2012-02-16 12:22:21'),(21661,'Louez une partie de votre résidence principale sans être imposé : c\'est possible !','Les loyers perçus au titre de la location meublée d\'une partie de votre résidence principale peuvent être, sous certaines conditions, exonérés d\'impôt sur le revenu.','fr','2012-02-29 14:00:00','2012-03-02 12:47:38'),(21662,'Les plafonds de loyers des investissements immobiliers locatifs publiés !','Les nouveaux plafonds de loyers conditionnant l\'application des dispositifs d\'investissements locatifs pour les baux conclus ou renouvelés à compter du 1er janvier 2012 ont été publiés.','fr','2012-03-07 14:00:00','2012-03-09 11:02:44'),(21663,'Dispositif « Scellier » : le plafonnement supplémentaire enfin publié !','Un décret fixe les plafonds par mètre carré de surface habitable applicables pour le calcul de la réduction d\'impôt « Scellier».','fr','2012-03-14 10:13:00','2012-03-16 14:07:03'),(21664,'La remise en mains propres gagne ses lettres de noblesse !','On peut désormais remettre une lettre en mains propres contre émargement lorsque la loi impose l\'envoi d\'un recommandé.','fr','2012-03-14 14:12:00','2012-03-17 10:26:17'),(21665,'Dépôt de garantie : le bailleur doit justifier les sommes déduites','Le bailleur doit justifier les sommes qu\'il déduit du dépôt de garantie devant être restitué au locataire.','fr','2012-03-16 10:56:00','2012-03-16 14:01:55'),(21666,'Résiliation d\'un bail d\'habitation en justice : il faut prévenir le préfet','Le propriétaire doit informer le préfet lorsqu\'il engage une procédure judiciaire de résiliation d\'un bail d\'habitation.','fr','2012-03-26 14:00:00','2012-03-28 14:41:10'),(21667,'Transaction immobilière : attention au prix dérisoire !','La vente d\'un bien immobilier conclue à un prix dérisoire doit être annulée.','fr','2011-06-28 09:15:00','2011-06-28 12:00:02'),(21668,'Comment reprendre un logement abandonné par son locataire ?','En cas d\'abandon du logement par le locataire, le bailleur dispose désormais d\'une procédure lui permettant de résilier le bail.','fr','2011-09-07 12:35:00','2011-09-09 12:03:43'),(21669,'Déduire les intérêts d\'un emprunt renégocié de vos revenus fonciers','Les intérêts d\'un emprunt renégocié sont déductibles des revenus fonciers dès lors que le nouvel emprunt est immédiatement et intégralement utilisé pour rembourser le premier.','fr','2012-04-12 12:28:00','2012-04-13 12:32:29'),(21670,'Le nouveau mécanisme de plafonnement de la taxe foncière sur les propriétés bâties','Un plafonnement de la taxe foncière sur les propriétés bâties, établi en fonction des revenus du contribuable, est mis en place à compter des revenus de 2011 imposés en 2012.','fr','2012-04-19 12:24:00','2012-04-20 14:19:06'),(21671,'Bail d\'habitation et garantie des loyers impayés','Je viens d\'acquérir un studio que j\'ai l\'intention de louer. Mais pour éviter d\'avoir à subir des loyers impayés, je souhaite cumuler mon assurance loyers impayés avec un cautionnement. Mais l\'un de mes amis m\'a averti qu\'il n\'était plus possible de cumuler ces deux dispositifs. Est-ce vrai ?','fr','2011-09-22 14:55:00','2011-09-26 10:00:24'),(21672,'Le dispositif de réduction d\'ISF pour investissement dans une PME assoupli !','La société, au sein de laquelle le redevable de l\'ISF investit pour réduire son impôt, dispose de plus de temps pour employer des salariés.','fr','2011-09-16 10:00:00','2011-09-16 12:14:18'),(21673,'La hausse du taux du livret A bloquée par le ministre de l\'Économie','Le ministre de l\'Économie invoque des « circonstances exceptionnelles » pour maintenir le taux de rémunération du livret A à 2,25 %.','fr','2012-01-30 13:53:00','2012-01-31 13:46:08'),(21674,'Secteur de l\'aéronautique : les avionneurs survolent la crise','Portées par des carnets de commandes records, les principales sociétés du secteur de l\'aéronautique ont réalisé des performances boursières remarquées.','fr','2012-03-20 09:51:00','2012-03-20 09:52:42'),(21675,'Le livret A suit le rythme de l\'inflation','La rémunération du livret A est revalorisée à compter du 1er août 2011.','fr','2011-07-26 14:00:00','2011-08-19 14:02:35'),(21676,'Réforme de la fiscalité du patrimoine : l\'assurance-vie mise à contribution','La réforme de la fiscalité du patrimoine a alourdi la taxation des contrats d\'assurance-vie supérieurs à 902 838 € et modifié les règles régissant les clauses bénéficiaires ayant fait l\'objet d\'un démembrement de propriété.','fr','2011-08-19 13:00:00','2011-09-05 10:11:43'),(21677,'La réduction d\'impôt pour mécénat est élargie !','La réduction d\'impôt pour mécénat est étendue aux dons effectués par les entreprises au profit d\'organismes agréés dont l\'objet exclusif est de verser des aides financières aux PME.','fr','2012-04-03 14:00:00','2012-04-06 11:52:52'),(21678,'La ruée vers les placements or','Comment profiter de l\'envolée du cours du métal jaune ?','fr','2011-09-22 15:21:45','2011-09-22 15:22:43'),(21679,'Le contrat de capitalisation','Comment valoriser votre épargne sans pour autant augmenter votre patrimoine taxable à l\'ISF','fr','2011-09-22 15:29:00','2011-09-22 15:31:39'),(21680,'La ruée vers les placements or','Comment profiter de l\'envolée du cours du métal jaune ?','fr','2011-09-22 15:21:45','2011-09-22 15:22:43'),(21681,'Le contrat de capitalisation','Comment valoriser votre épargne sans pour autant augmenter votre patrimoine taxable à l\'ISF','fr','2011-09-22 15:29:00','2011-09-22 15:31:39'),(21682,'La liste 2012 des États et territoires non coopératifs est connue !','La liste des États et territoires non coopératifs (ETNC) vient de faire l\'objet de sa mise à jour annuelle pour 2012.','fr','2012-04-23 12:00:00','2012-04-27 09:47:50'),(21683,'Dépôt des déclarations fiscales des entreprises : n\'oubliez pas la date limite du 3 mai 2012 !','Les entreprises doivent souscrire la plupart de leurs déclarations fiscales pour le 3 mai 2012 au plus tard.','fr','2012-04-26 10:00:00','2012-04-26 12:37:48'),(21684,'La nouvelle saison de déclaration des revenus a commencé !','Les dates limites pour faire parvenir à l\'administration fiscale sa déclaration d\'impôt sur les revenus de 2011 ont été publiées.','fr','2012-04-25 12:27:00','2012-04-27 09:43:53'),(21685,'Acquisition immobilière : peut-on revenir sur sa rétractation ?','Une personne se portant acquéreur d\'un bien immobilier et qui se rétracte ne peut pas revenir sur sa décision.','fr','2012-05-03 12:26:00','2012-05-03 14:00:03');
/*!40000 ALTER TABLE `sid_article_translation` ENABLE KEYS */;
UNLOCK TABLES;

--
-- Dumping data for table `sid_bandeau`
--

LOCK TABLES `sid_bandeau` WRITE;
/*!40000 ALTER TABLE `sid_bandeau` DISABLE KEYS */;
INSERT INTO `sid_bandeau` (`id`, `groupe_bandeau_id`, `is_active`, `category`, `scrollamount`, `scrolldelay`, `boucle`, `behavior`, `direction`, `height`, `width`, `position`) VALUES (8,1,1,'perso',2,0,0,'scroll','left',0,0,-1);
/*!40000 ALTER TABLE `sid_bandeau` ENABLE KEYS */;
UNLOCK TABLES;

--
-- Dumping data for table `sid_bandeau_translation`
--

LOCK TABLES `sid_bandeau_translation` WRITE;
/*!40000 ALTER TABLE `sid_bandeau_translation` DISABLE KEYS */;
INSERT INTO `sid_bandeau_translation` (`id`, `title`, `debut_date`, `fin_date`, `lang`, `version`, `created_at`, `updated_at`) VALUES (8,'bandeau page accueil',NULL,NULL,'fr',2,'2012-01-03 16:40:19','2012-01-11 11:27:42');
/*!40000 ALTER TABLE `sid_bandeau_translation` ENABLE KEYS */;
UNLOCK TABLES;

--
-- Dumping data for table `sid_bandeau_translation_version`
--

LOCK TABLES `sid_bandeau_translation_version` WRITE;
/*!40000 ALTER TABLE `sid_bandeau_translation_version` DISABLE KEYS */;
INSERT INTO `sid_bandeau_translation_version` (`id`, `lang`, `title`, `debut_date`, `fin_date`, `version`) VALUES (8,'fr','test',NULL,NULL,1),(8,'fr','bandeau page accueil',NULL,NULL,2);
/*!40000 ALTER TABLE `sid_bandeau_translation_version` ENABLE KEYS */;
UNLOCK TABLES;

--
-- Dumping data for table `sid_cabinet_equipe`
--

LOCK TABLES `sid_cabinet_equipe` WRITE;
/*!40000 ALTER TABLE `sid_cabinet_equipe` DISABLE KEYS */;
/*!40000 ALTER TABLE `sid_cabinet_equipe` ENABLE KEYS */;
UNLOCK TABLES;

--
-- Dumping data for table `sid_cabinet_equipe_sid_rubrique`
--

LOCK TABLES `sid_cabinet_equipe_sid_rubrique` WRITE;
/*!40000 ALTER TABLE `sid_cabinet_equipe_sid_rubrique` DISABLE KEYS */;
/*!40000 ALTER TABLE `sid_cabinet_equipe_sid_rubrique` ENABLE KEYS */;
UNLOCK TABLES;

--
-- Dumping data for table `sid_cabinet_equipe_translation`
--

LOCK TABLES `sid_cabinet_equipe_translation` WRITE;
/*!40000 ALTER TABLE `sid_cabinet_equipe_translation` DISABLE KEYS */;
/*!40000 ALTER TABLE `sid_cabinet_equipe_translation` ENABLE KEYS */;
UNLOCK TABLES;

--
-- Dumping data for table `sid_cabinet_equipe_translation_version`
--

LOCK TABLES `sid_cabinet_equipe_translation_version` WRITE;
/*!40000 ALTER TABLE `sid_cabinet_equipe_translation_version` DISABLE KEYS */;
/*!40000 ALTER TABLE `sid_cabinet_equipe_translation_version` ENABLE KEYS */;
UNLOCK TABLES;

--
-- Dumping data for table `sid_cabinet_mission`
--

LOCK TABLES `sid_cabinet_mission` WRITE;
/*!40000 ALTER TABLE `sid_cabinet_mission` DISABLE KEYS */;
/*!40000 ALTER TABLE `sid_cabinet_mission` ENABLE KEYS */;
UNLOCK TABLES;

--
-- Dumping data for table `sid_cabinet_mission_sid_rubrique`
--

LOCK TABLES `sid_cabinet_mission_sid_rubrique` WRITE;
/*!40000 ALTER TABLE `sid_cabinet_mission_sid_rubrique` DISABLE KEYS */;
/*!40000 ALTER TABLE `sid_cabinet_mission_sid_rubrique` ENABLE KEYS */;
UNLOCK TABLES;

--
-- Dumping data for table `sid_cabinet_mission_translation`
--

LOCK TABLES `sid_cabinet_mission_translation` WRITE;
/*!40000 ALTER TABLE `sid_cabinet_mission_translation` DISABLE KEYS */;
/*!40000 ALTER TABLE `sid_cabinet_mission_translation` ENABLE KEYS */;
UNLOCK TABLES;

--
-- Dumping data for table `sid_cabinet_mission_translation_version`
--

LOCK TABLES `sid_cabinet_mission_translation_version` WRITE;
/*!40000 ALTER TABLE `sid_cabinet_mission_translation_version` DISABLE KEYS */;
/*!40000 ALTER TABLE `sid_cabinet_mission_translation_version` ENABLE KEYS */;
UNLOCK TABLES;

--
-- Dumping data for table `sid_cabinet_page_cabinet`
--

LOCK TABLES `sid_cabinet_page_cabinet` WRITE;
/*!40000 ALTER TABLE `sid_cabinet_page_cabinet` DISABLE KEYS */;
/*!40000 ALTER TABLE `sid_cabinet_page_cabinet` ENABLE KEYS */;
UNLOCK TABLES;

--
-- Dumping data for table `sid_cabinet_page_cabinet_translation`
--

LOCK TABLES `sid_cabinet_page_cabinet_translation` WRITE;
/*!40000 ALTER TABLE `sid_cabinet_page_cabinet_translation` DISABLE KEYS */;
/*!40000 ALTER TABLE `sid_cabinet_page_cabinet_translation` ENABLE KEYS */;
UNLOCK TABLES;

--
-- Dumping data for table `sid_cabinet_page_cabinet_translation_version`
--

LOCK TABLES `sid_cabinet_page_cabinet_translation_version` WRITE;
/*!40000 ALTER TABLE `sid_cabinet_page_cabinet_translation_version` DISABLE KEYS */;
/*!40000 ALTER TABLE `sid_cabinet_page_cabinet_translation_version` ENABLE KEYS */;
UNLOCK TABLES;

--
-- Dumping data for table `sid_cabinet_recrutement`
--

LOCK TABLES `sid_cabinet_recrutement` WRITE;
/*!40000 ALTER TABLE `sid_cabinet_recrutement` DISABLE KEYS */;
/*!40000 ALTER TABLE `sid_cabinet_recrutement` ENABLE KEYS */;
UNLOCK TABLES;

--
-- Dumping data for table `sid_cabinet_recrutement_translation`
--

LOCK TABLES `sid_cabinet_recrutement_translation` WRITE;
/*!40000 ALTER TABLE `sid_cabinet_recrutement_translation` DISABLE KEYS */;
/*!40000 ALTER TABLE `sid_cabinet_recrutement_translation` ENABLE KEYS */;
UNLOCK TABLES;

--
-- Dumping data for table `sid_cabinet_recrutement_translation_version`
--

LOCK TABLES `sid_cabinet_recrutement_translation_version` WRITE;
/*!40000 ALTER TABLE `sid_cabinet_recrutement_translation_version` DISABLE KEYS */;
/*!40000 ALTER TABLE `sid_cabinet_recrutement_translation_version` ENABLE KEYS */;
UNLOCK TABLES;

--
-- Dumping data for table `sid_cabinet_selection_placement`
--

LOCK TABLES `sid_cabinet_selection_placement` WRITE;
/*!40000 ALTER TABLE `sid_cabinet_selection_placement` DISABLE KEYS */;
/*!40000 ALTER TABLE `sid_cabinet_selection_placement` ENABLE KEYS */;
UNLOCK TABLES;

--
-- Dumping data for table `sid_cabinet_selection_placement_translation`
--

LOCK TABLES `sid_cabinet_selection_placement_translation` WRITE;
/*!40000 ALTER TABLE `sid_cabinet_selection_placement_translation` DISABLE KEYS */;
/*!40000 ALTER TABLE `sid_cabinet_selection_placement_translation` ENABLE KEYS */;
UNLOCK TABLES;

--
-- Dumping data for table `sid_cabinet_selection_placement_translation_version`
--

LOCK TABLES `sid_cabinet_selection_placement_translation_version` WRITE;
/*!40000 ALTER TABLE `sid_cabinet_selection_placement_translation_version` DISABLE KEYS */;
/*!40000 ALTER TABLE `sid_cabinet_selection_placement_translation_version` ENABLE KEYS */;
UNLOCK TABLES;

--
-- Dumping data for table `sid_constantes`
--

LOCK TABLES `sid_constantes` WRITE;
/*!40000 ALTER TABLE `sid_constantes` DISABLE KEYS */;
INSERT INTO `sid_constantes` (`id`, `name`, `is_active`, `position`) VALUES (1,'nomcabinet',1,NULL),(2,'adressecabinet',1,NULL),(3,'recrutement',1,NULL),(4,'actualites_du_cabinet',1,NULL),(5,'slogancabinet',1,NULL),(6,'nom_page_contact',1,-1);
/*!40000 ALTER TABLE `sid_constantes` ENABLE KEYS */;
UNLOCK TABLES;

--
-- Dumping data for table `sid_constantes_translation`
--

LOCK TABLES `sid_constantes_translation` WRITE;
/*!40000 ALTER TABLE `sid_constantes_translation` DISABLE KEYS */;
INSERT INTO `sid_constantes_translation` (`id`, `content`, `lang`, `created_at`, `updated_at`, `version`) VALUES (1,'Le nom du cabinet ','fr','0000-00-00 00:00:00','2012-04-13 16:01:56',1),(2,'16, rue du 4 Septembre - 75002 Paris ','fr','0000-00-00 00:00:00','2012-04-13 16:01:47',1),(3,'Le cabinet ne propose pas d\'annonce de recrutement actuellement.','fr','0000-00-00 00:00:00','2012-03-21 13:57:57',1),(4,'Le cabinet n\'a pas publié d\'actualités','fr','2012-02-15 00:00:00','2012-02-15 00:00:00',NULL),(5,'Expertise comptable & commissariat aux comptes ','fr','0000-00-00 00:00:00','2012-04-13 16:01:19',1),(6,'Contactez nous','fr','2012-03-13 11:39:28','2012-03-13 11:39:28',1);
/*!40000 ALTER TABLE `sid_constantes_translation` ENABLE KEYS */;
UNLOCK TABLES;

--
-- Dumping data for table `sid_constantes_translation_version`
--

LOCK TABLES `sid_constantes_translation_version` WRITE;
/*!40000 ALTER TABLE `sid_constantes_translation_version` DISABLE KEYS */;
INSERT INTO `sid_constantes_translation_version` (`id`, `lang`, `content`, `created_at`, `updated_at`, `version`) VALUES (1,'fr','Le nom du cabinet ','0000-00-00 00:00:00','2012-04-13 16:01:56',1),(2,'fr','16, rue du 4 Septembre - 75002 Paris ','0000-00-00 00:00:00','2012-04-13 16:01:47',1),(3,'fr','Le cabinet ne propose pas d\'annonce de recrutement actuellement.','0000-00-00 00:00:00','2012-03-21 13:57:57',1),(5,'fr','Expertise comptable & commissariat aux comptes ','0000-00-00 00:00:00','2012-04-13 16:01:19',1),(6,'fr','Contactez nous','2012-03-13 11:39:28','2012-03-13 11:39:28',1);
/*!40000 ALTER TABLE `sid_constantes_translation_version` ENABLE KEYS */;
UNLOCK TABLES;

--
-- Dumping data for table `sid_coord_name`
--

LOCK TABLES `sid_coord_name` WRITE;
/*!40000 ALTER TABLE `sid_coord_name` DISABLE KEYS */;
INSERT INTO `sid_coord_name` (`id`, `is_active`, `siege_social`, `image`, `file`, `title_file`, `position`) VALUES (2,1,1,209,NULL,'',1),(3,1,0,NULL,NULL,'',2),(4,1,0,NULL,NULL,'',3);
/*!40000 ALTER TABLE `sid_coord_name` ENABLE KEYS */;
UNLOCK TABLES;

--
-- Dumping data for table `sid_coord_name_translation`
--

LOCK TABLES `sid_coord_name_translation` WRITE;
/*!40000 ALTER TABLE `sid_coord_name_translation` DISABLE KEYS */;
INSERT INTO `sid_coord_name_translation` (`id`, `title`, `adresse`, `adresse2`, `code_postal`, `ville`, `tel`, `fax`, `email`, `region_ec`, `region_cc`, `resume_town`, `resume_team`, `adresse_google`, `rcs`, `rcs_locality`, `orias`, `cif`, `carte_pro`, `carte_pro_locality`, `lang`, `version`, `created_at`, `updated_at`) VALUES (2,'Cabinet 1','16, rue du 4 Septembre','',75002,'Paris','01 23 45 67 89','09 87 65 43 21','contact-paris@lesiteducabinet.com','Poitou-Charentes Vendée','Poitiers','Lorem ipsum dolor sit amet, consectetur adipiscing elit. Curabitur in enim ligula, a vestibulum sapien. Fusce eu vehicula sem. In hac habitasse platea dictumst. Sed gravida orci id dui iaculis gravida. Mauris tincidunt ipsum eu nibh commodo pharetra. Curabitur felis mauris, tristique ut eleifend in, facilisis a enim. Maecenas ac sollicitudin eros. Donec elementum egestas pulvinar. Nam semper vehicula augue non euismod. Aenean et nulla magna, eget tincidunt erat.<br />\r\ntrytry<br />\r\n','Ut velit tellus, porttitor id dapibus at, ultricies eget tellus. Fusce bibendum consequat malesuada. Integer tempus pharetra mattis. Etiam quis arcu non turpis pharetra vestibulum. Proin id augue a nisi feugiat cursus. Integer libero dolor, viverra quis bibendum ut, condimentum eu diam ','16, rue du 4 Septembre 75002 Paris ','','','','','','','fr',9,'2012-03-14 09:27:19','2012-04-23 13:55:45'),(3,'Cabinet 2','rue du 8 mai','',37500,'Tours','05 55 55 55 55','','secondaire@tenor.com','','','','','','','','','','','','fr',2,'2012-03-14 09:31:39','2012-04-23 13:55:53'),(4,'Cabinet 3','avenue grand-cerf','',86000,'Poitiers','02 22 22 22 22','','trois@tenor.com','','','','','','','','','','','','fr',2,'2012-03-14 09:32:42','2012-04-23 13:56:02');
/*!40000 ALTER TABLE `sid_coord_name_translation` ENABLE KEYS */;
UNLOCK TABLES;

--
-- Dumping data for table `sid_coord_name_translation_version`
--

LOCK TABLES `sid_coord_name_translation_version` WRITE;
/*!40000 ALTER TABLE `sid_coord_name_translation_version` DISABLE KEYS */;
INSERT INTO `sid_coord_name_translation_version` (`id`, `lang`, `title`, `adresse`, `adresse2`, `code_postal`, `ville`, `tel`, `fax`, `email`, `region_ec`, `region_cc`, `resume_town`, `resume_team`, `adresse_google`, `rcs`, `rcs_locality`, `orias`, `cif`, `carte_pro`, `carte_pro_locality`, `version`) VALUES (2,'fr','Cabinet Ténor Expert-Comptable','16, rue du 4 Septembre','',75002,'Paris','01 23 45 67 89','09 87 65 43 21','contact-paris@lesiteducabinet.com','Poitou-Charentes Vendée','Poitiers','','',NULL,NULL,NULL,NULL,NULL,NULL,NULL,1),(2,'fr','Cabinet Ténor Expert-Comptable','16, rue du 4 Septembre','',75002,'Paris','01 23 45 67 89','09 87 65 43 21','contact-paris@lesiteducabinet.com','Poitou-Charentes Vendée','Poitiers','<p>\r\n	Lorem ipsum dolor sit amet, consectetur adipiscing elit. Curabitur in enim ligula, a vestibulum sapien. Fusce eu vehicula sem. In hac habitasse platea dictumst. Sed gravida orci id dui iaculis gravida. Mauris tincidunt ipsum eu nibh commodo pharetra. Curabitur felis mauris, tristique ut eleifend in, facilisis a enim. Maecenas ac sollicitudin eros. Donec elementum egestas pulvinar. Nam semper vehicula augue non euismod. Aenean et nulla magna, eget tincidunt erat.</p>\r\n','<p>\r\n	Ut velit tellus, porttitor id dapibus at, ultricies eget tellus. Fusce bibendum consequat malesuada. Integer tempus pharetra mattis. Etiam quis arcu non turpis pharetra vestibulum. Proin id augue a nisi feugiat cursus. Integer libero dolor, viverra quis bibendum ut, condimentum eu diam</p>\r\n',NULL,NULL,NULL,NULL,NULL,NULL,NULL,2),(2,'fr','Cabinet Ténor Expert-Comptable','16, rue du 4 Septembre','',75002,'Paris','01 23 45 67 89','09 87 65 43 21','contact-paris@lesiteducabinet.com','Poitou-Charentes Vendée','Poitiers','<p>\r\n	Lorem ipsum dolor sit amet, consectetur adipiscing elit. Curabitur in enim ligula, a vestibulum sapien. Fusce eu vehicula sem. In hac habitasse platea dictumst. Sed gravida orci id dui iaculis gravida. Mauris tincidunt ipsum eu nibh commodo pharetra. Curabitur felis mauris, tristique ut eleifend in, facilisis a enim. Maecenas ac sollicitudin eros. Donec elementum egestas pulvinar. Nam semper vehicula augue non euismod. Aenean et nulla magna, eget tincidunt erat.</p>\r\n','<p>\r\n	Ut velit tellus, porttitor id dapibus at, ultricies eget tellus. Fusce bibendum consequat malesuada. Integer tempus pharetra mattis. Etiam quis arcu non turpis pharetra vestibulum. Proin id augue a nisi feugiat cursus. Integer libero dolor, viverra quis bibendum ut, condimentum eu diam</p>\r\n','16, rue du 4 Septembre 75002 Paris ','','','','','','',3),(2,'fr','Cabinet Ténor Expert-Comptable','16, rue du 4 Septembre','',75002,'Paris','01 23 45 67 89','09 87 65 43 21','contact-paris@lesiteducabinet.com','Poitou-Charentes Vendée','Poitiers','<div>\r\n	Lorem ipsum dolor sit amet, consectetur adipiscing elit. Curabitur in enim ligula, a vestibulum sapien. Fusce eu vehicula sem. In hac habitasse platea dictumst. Sed gravida orci id dui iaculis gravida. Mauris tincidunt ipsum eu nibh commodo pharetra. Curabitur felis mauris, tristique ut eleifend in, facilisis a enim. Maecenas ac sollicitudin eros. Donec elementum egestas pulvinar. Nam semper vehicula augue non euismod. Aenean et nulla magna, eget tincidunt erat.</div>\r\n','<p>\r\n	Ut velit tellus, porttitor id dapibus at, ultricies eget tellus. Fusce bibendum consequat malesuada. Integer tempus pharetra mattis. Etiam quis arcu non turpis pharetra vestibulum. Proin id augue a nisi feugiat cursus. Integer libero dolor, viverra quis bibendum ut, condimentum eu diam</p>\r\n','16, rue du 4 Septembre 75002 Paris ','','','','','','',4),(2,'fr','Cabinet Ténor Expert-Comptable','16, rue du 4 Septembre','',75002,'Paris','01 23 45 67 89','09 87 65 43 21','contact-paris@lesiteducabinet.com','Poitou-Charentes Vendée','Poitiers','Lorem ipsum dolor sit amet, consectetur adipiscing elit. Curabitur in enim ligula, a vestibulum sapien. Fusce eu vehicula sem. In hac habitasse platea dictumst. Sed gravida orci id dui iaculis gravida. Mauris tincidunt ipsum eu nibh commodo pharetra. Curabitur felis mauris, tristique ut eleifend in, facilisis a enim. Maecenas ac sollicitudin eros. Donec elementum egestas pulvinar. Nam semper vehicula augue non euismod. Aenean et nulla magna, eget tincidunt erat.','<p>\r\n	Ut velit tellus, porttitor id dapibus at, ultricies eget tellus. Fusce bibendum consequat malesuada. Integer tempus pharetra mattis. Etiam quis arcu non turpis pharetra vestibulum. Proin id augue a nisi feugiat cursus. Integer libero dolor, viverra quis bibendum ut, condimentum eu diam</p>\r\n','16, rue du 4 Septembre 75002 Paris ','','','','','','',5),(2,'fr','Cabinet Ténor Expert-Comptable','16, rue du 4 Septembre','',75002,'Paris','01 23 45 67 89','09 87 65 43 21','contact-paris@lesiteducabinet.com','Poitou-Charentes Vendée','Poitiers','Lorem ipsum dolor sit amet, consectetur adipiscing elit. Curabitur in enim ligula, a vestibulum sapien. Fusce eu vehicula sem. In hac habitasse platea dictumst. Sed gravida orci id dui iaculis gravida. Mauris tincidunt ipsum eu nibh commodo pharetra. Curabitur felis mauris, tristique ut eleifend in, facilisis a enim. Maecenas ac sollicitudin eros. Donec elementum egestas pulvinar. Nam semper vehicula augue non euismod. Aenean et nulla magna, eget tincidunt erat.<br />\r\ntrytry<br />\r\n','<p>\r\n	Ut velit tellus, porttitor id dapibus at, ultricies eget tellus. Fusce bibendum consequat malesuada. Integer tempus pharetra mattis. Etiam quis arcu non turpis pharetra vestibulum. Proin id augue a nisi feugiat cursus. Integer libero dolor, viverra quis bibendum ut, condimentum eu diam</p>\r\n','16, rue du 4 Septembre 75002 Paris ','','','','','','',6),(2,'fr','Cabinet Ténor Expert-Comptable','16, rue du 4 Septembre','',75002,'Paris','01 23 45 67 89','09 87 65 43 21','contact-paris@lesiteducabinet.com','Poitou-Charentes Vendée','Poitiers','Lorem ipsum dolor sit amet, consectetur adipiscing elit. Curabitur in enim ligula, a vestibulum sapien. Fusce eu vehicula sem. In hac habitasse platea dictumst. Sed gravida orci id dui iaculis gravida. Mauris tincidunt ipsum eu nibh commodo pharetra. Curabitur felis mauris, tristique ut eleifend in, facilisis a enim. Maecenas ac sollicitudin eros. Donec elementum egestas pulvinar. Nam semper vehicula augue non euismod. Aenean et nulla magna, eget tincidunt erat.<br />\r\ntrytry<br />\r\n','Ut velit tellus, porttitor id dapibus at, ultricies eget tellus. Fusce bibendum consequat malesuada. Integer tempus pharetra mattis. Etiam quis arcu non turpis pharetra vestibulum. Proin id augue a nisi feugiat cursus. Integer libero dolor, viverra quis bibendum ut, condimentum eu diam ','16, rue du 4 Septembre 75002 Paris ','','','','','','',7),(2,'fr','Cabinet Ténor Gestion de Patrimoine','16, rue du 4 Septembre','',75002,'Paris','01 23 45 67 89','09 87 65 43 21','contact-paris@lesiteducabinet.com','Poitou-Charentes Vendée','Poitiers','Lorem ipsum dolor sit amet, consectetur adipiscing elit. Curabitur in enim ligula, a vestibulum sapien. Fusce eu vehicula sem. In hac habitasse platea dictumst. Sed gravida orci id dui iaculis gravida. Mauris tincidunt ipsum eu nibh commodo pharetra. Curabitur felis mauris, tristique ut eleifend in, facilisis a enim. Maecenas ac sollicitudin eros. Donec elementum egestas pulvinar. Nam semper vehicula augue non euismod. Aenean et nulla magna, eget tincidunt erat.<br />\r\ntrytry<br />\r\n','Ut velit tellus, porttitor id dapibus at, ultricies eget tellus. Fusce bibendum consequat malesuada. Integer tempus pharetra mattis. Etiam quis arcu non turpis pharetra vestibulum. Proin id augue a nisi feugiat cursus. Integer libero dolor, viverra quis bibendum ut, condimentum eu diam ','16, rue du 4 Septembre 75002 Paris ','','','','','','',8),(2,'fr','Cabinet 1','16, rue du 4 Septembre','',75002,'Paris','01 23 45 67 89','09 87 65 43 21','contact-paris@lesiteducabinet.com','Poitou-Charentes Vendée','Poitiers','Lorem ipsum dolor sit amet, consectetur adipiscing elit. Curabitur in enim ligula, a vestibulum sapien. Fusce eu vehicula sem. In hac habitasse platea dictumst. Sed gravida orci id dui iaculis gravida. Mauris tincidunt ipsum eu nibh commodo pharetra. Curabitur felis mauris, tristique ut eleifend in, facilisis a enim. Maecenas ac sollicitudin eros. Donec elementum egestas pulvinar. Nam semper vehicula augue non euismod. Aenean et nulla magna, eget tincidunt erat.<br />\r\ntrytry<br />\r\n','Ut velit tellus, porttitor id dapibus at, ultricies eget tellus. Fusce bibendum consequat malesuada. Integer tempus pharetra mattis. Etiam quis arcu non turpis pharetra vestibulum. Proin id augue a nisi feugiat cursus. Integer libero dolor, viverra quis bibendum ut, condimentum eu diam ','16, rue du 4 Septembre 75002 Paris ','','','','','','',9),(3,'fr','cabinet secondaire','rue du 8 mai','',37500,'Tours','05 55 55 55 55','','secondaire@tenor.com','','','','',NULL,NULL,NULL,NULL,NULL,NULL,NULL,1),(3,'fr','Cabinet 2','rue du 8 mai','',37500,'Tours','05 55 55 55 55','','secondaire@tenor.com','','','','','','','','','','','',2),(4,'fr','cabinet trois','avenue grand-cerf','',86000,'Poitiers','02 22 22 22 22','','trois@tenor.com','','','','',NULL,NULL,NULL,NULL,NULL,NULL,NULL,1),(4,'fr','Cabinet 3','avenue grand-cerf','',86000,'Poitiers','02 22 22 22 22','','trois@tenor.com','','','','','','','','','','','',2);
/*!40000 ALTER TABLE `sid_coord_name_translation_version` ENABLE KEYS */;
UNLOCK TABLES;

--
-- Dumping data for table `sid_groupe_bandeau`
--

LOCK TABLES `sid_groupe_bandeau` WRITE;
/*!40000 ALTER TABLE `sid_groupe_bandeau` DISABLE KEYS */;
INSERT INTO `sid_groupe_bandeau` (`id`, `dm_page_id`, `is_active`) VALUES (1,1,1);
/*!40000 ALTER TABLE `sid_groupe_bandeau` ENABLE KEYS */;
UNLOCK TABLES;

--
-- Dumping data for table `sid_groupe_bandeau_translation`
--

LOCK TABLES `sid_groupe_bandeau_translation` WRITE;
/*!40000 ALTER TABLE `sid_groupe_bandeau_translation` DISABLE KEYS */;
INSERT INTO `sid_groupe_bandeau_translation` (`id`, `title`, `lang`, `created_at`, `updated_at`) VALUES (1,'Le bandeau de la page d\'accueil','','2011-12-21 16:26:07','2011-12-21 16:26:07'),(1,'Le bandeau de la page d\'accueil','fr','2012-03-06 14:11:21','2012-03-06 14:11:21');
/*!40000 ALTER TABLE `sid_groupe_bandeau_translation` ENABLE KEYS */;
UNLOCK TABLES;

--
-- Dumping data for table `sid_groupe_sites_utiles`
--

LOCK TABLES `sid_groupe_sites_utiles` WRITE;
/*!40000 ALTER TABLE `sid_groupe_sites_utiles` DISABLE KEYS */;
/*!40000 ALTER TABLE `sid_groupe_sites_utiles` ENABLE KEYS */;
UNLOCK TABLES;

--
-- Dumping data for table `sid_groupe_sites_utiles_translation`
--

LOCK TABLES `sid_groupe_sites_utiles_translation` WRITE;
/*!40000 ALTER TABLE `sid_groupe_sites_utiles_translation` DISABLE KEYS */;
/*!40000 ALTER TABLE `sid_groupe_sites_utiles_translation` ENABLE KEYS */;
UNLOCK TABLES;

--
-- Dumping data for table `sid_index_sites_utiles`
--

LOCK TABLES `sid_index_sites_utiles` WRITE;
/*!40000 ALTER TABLE `sid_index_sites_utiles` DISABLE KEYS */;
/*!40000 ALTER TABLE `sid_index_sites_utiles` ENABLE KEYS */;
UNLOCK TABLES;

--
-- Dumping data for table `sid_index_sites_utiles_translation`
--

LOCK TABLES `sid_index_sites_utiles_translation` WRITE;
/*!40000 ALTER TABLE `sid_index_sites_utiles_translation` DISABLE KEYS */;
/*!40000 ALTER TABLE `sid_index_sites_utiles_translation` ENABLE KEYS */;
UNLOCK TABLES;

--
-- Dumping data for table `sid_rubrique`
--

LOCK TABLES `sid_rubrique` WRITE;
/*!40000 ALTER TABLE `sid_rubrique` DISABLE KEYS */;
INSERT INTO `sid_rubrique` (`id`, `is_active`, `position`) VALUES (78,1,-9),(79,1,-10),(80,1,-11),(81,1,-12);
/*!40000 ALTER TABLE `sid_rubrique` ENABLE KEYS */;
UNLOCK TABLES;

--
-- Dumping data for table `sid_rubrique_translation`
--

LOCK TABLES `sid_rubrique_translation` WRITE;
/*!40000 ALTER TABLE `sid_rubrique_translation` DISABLE KEYS */;
INSERT INTO `sid_rubrique_translation` (`id`, `title`, `lang`, `created_at`, `updated_at`) VALUES (78,'cgp_famille','fr','2012-04-12 13:52:16','2012-04-12 13:52:16'),(79,'cgp_fiscal','fr','2012-04-12 13:52:16','2012-04-12 13:52:16'),(80,'cgp_immobilier','fr','2012-04-12 13:52:16','2012-04-12 13:52:16'),(81,'cgp_placement','fr','2012-04-12 13:52:16','2012-04-12 13:52:16');
/*!40000 ALTER TABLE `sid_rubrique_translation` ENABLE KEYS */;
UNLOCK TABLES;

--
-- Dumping data for table `sid_section`
--

LOCK TABLES `sid_section` WRITE;
/*!40000 ALTER TABLE `sid_section` DISABLE KEYS */;
INSERT INTO `sid_section` (`id`, `rubrique_id`, `is_active`, `position`) VALUES (639,78,1,1),(640,78,1,2),(641,79,1,1),(642,79,1,2),(643,79,1,3),(644,80,1,1),(645,80,1,2),(646,81,1,1),(647,81,1,2);
/*!40000 ALTER TABLE `sid_section` ENABLE KEYS */;
UNLOCK TABLES;

--
-- Dumping data for table `sid_section_translation`
--

LOCK TABLES `sid_section_translation` WRITE;
/*!40000 ALTER TABLE `sid_section_translation` DISABLE KEYS */;
INSERT INTO `sid_section_translation` (`id`, `title`, `lang`, `created_at`, `updated_at`) VALUES (639,'cgp_actualites','fr','2012-04-12 13:52:21','2012-04-12 13:52:21'),(640,'cgp_faq','fr','2012-04-12 13:52:21','2012-04-12 13:52:21'),(641,'cgp_actualites','fr','2012-04-12 13:52:21','2012-04-12 13:52:21'),(642,'cgp_dossiers','fr','2012-04-12 13:52:21','2012-04-12 13:52:21'),(643,'cgp_faq','fr','2012-04-12 13:52:21','2012-04-12 13:52:21'),(644,'cgp_actualites','fr','2012-04-12 13:52:21','2012-04-12 13:52:21'),(645,'cgp_faq','fr','2012-04-12 13:52:21','2012-04-12 13:52:21'),(646,'cgp_actualites','fr','2012-04-12 13:52:21','2012-04-12 13:52:21'),(647,'cgp_dossiers','fr','2012-04-12 13:52:21','2012-04-12 13:52:21');
/*!40000 ALTER TABLE `sid_section_translation` ENABLE KEYS */;
UNLOCK TABLES;

--
-- Dumping data for table `sid_sites_utiles`
--

LOCK TABLES `sid_sites_utiles` WRITE;
/*!40000 ALTER TABLE `sid_sites_utiles` DISABLE KEYS */;
/*!40000 ALTER TABLE `sid_sites_utiles` ENABLE KEYS */;
UNLOCK TABLES;

--
-- Dumping data for table `sid_sites_utiles_translation`
--

LOCK TABLES `sid_sites_utiles_translation` WRITE;
/*!40000 ALTER TABLE `sid_sites_utiles_translation` DISABLE KEYS */;
/*!40000 ALTER TABLE `sid_sites_utiles_translation` ENABLE KEYS */;
UNLOCK TABLES;

--
-- Dumping data for table `sid_sites_utiles_translation_version`
--

LOCK TABLES `sid_sites_utiles_translation_version` WRITE;
/*!40000 ALTER TABLE `sid_sites_utiles_translation_version` DISABLE KEYS */;
/*!40000 ALTER TABLE `sid_sites_utiles_translation_version` ENABLE KEYS */;
UNLOCK TABLES;
/*!40103 SET TIME_ZONE=@OLD_TIME_ZONE */;

/*!40101 SET SQL_MODE=@OLD_SQL_MODE */;
/*!40014 SET FOREIGN_KEY_CHECKS=@OLD_FOREIGN_KEY_CHECKS */;
/*!40014 SET UNIQUE_CHECKS=@OLD_UNIQUE_CHECKS */;
/*!40101 SET CHARACTER_SET_CLIENT=@OLD_CHARACTER_SET_CLIENT */;
/*!40101 SET CHARACTER_SET_RESULTS=@OLD_CHARACTER_SET_RESULTS */;
/*!40101 SET COLLATION_CONNECTION=@OLD_COLLATION_CONNECTION */;
/*!40111 SET SQL_NOTES=@OLD_SQL_NOTES */;

-- Dump completed on 2012-05-15 15:31:49
