-- MySQL dump 10.13  Distrib 5.1.61, for redhat-linux-gnu (x86_64)
--
-- Host: db.local    Database: sitev3__demo_cgp_maestro
-- ------------------------------------------------------
-- Server version	5.1.61

/*!40101 SET @OLD_CHARACTER_SET_CLIENT=@@CHARACTER_SET_CLIENT */;
/*!40101 SET @OLD_CHARACTER_SET_RESULTS=@@CHARACTER_SET_RESULTS */;
/*!40101 SET @OLD_COLLATION_CONNECTION=@@COLLATION_CONNECTION */;
/*!40101 SET NAMES utf8 */;
/*!40103 SET @OLD_TIME_ZONE=@@TIME_ZONE */;
/*!40103 SET TIME_ZONE='+00:00' */;
/*!40014 SET @OLD_UNIQUE_CHECKS=@@UNIQUE_CHECKS, UNIQUE_CHECKS=0 */;
/*!40014 SET @OLD_FOREIGN_KEY_CHECKS=@@FOREIGN_KEY_CHECKS, FOREIGN_KEY_CHECKS=0 */;
/*!40101 SET @OLD_SQL_MODE=@@SQL_MODE, SQL_MODE='NO_AUTO_VALUE_ON_ZERO' */;
/*!40111 SET @OLD_SQL_NOTES=@@SQL_NOTES, SQL_NOTES=0 */;

--
-- Dumping data for table `dm_area`
--

LOCK TABLES `dm_area` WRITE;
/*!40000 ALTER TABLE `dm_area` DISABLE KEYS */;
INSERT INTO `dm_area` (`id`, `dm_layout_id`, `dm_page_view_id`, `type`) VALUES (1,NULL,2,'1'),(2,NULL,3,'1'),(3,1,NULL,'top'),(4,1,NULL,'left'),(5,NULL,1,'content'),(6,1,NULL,'bottom'),(7,NULL,12,'content'),(9,NULL,5,'content'),(10,NULL,9,'content'),(11,NULL,10,'content'),(12,NULL,11,'content'),(15,NULL,16,'content'),(29,NULL,2,'content'),(31,NULL,3,'content'),(32,NULL,35,'1'),(33,NULL,35,'content'),(34,NULL,44,'content'),(36,NULL,38,'content'),(38,NULL,33,'content'),(42,NULL,49,'content'),(43,NULL,48,'content'),(44,NULL,39,'content'),(52,NULL,34,'content'),(56,NULL,66,'content'),(57,NULL,63,'content'),(59,NULL,67,'content'),(62,NULL,58,'content'),(63,NULL,45,'content'),(64,NULL,74,'content'),(65,1,NULL,'right'),(66,NULL,73,'content'),(67,NULL,59,'content'),(68,1,NULL,'centerTop'),(69,1,NULL,'centerBottom'),(71,NULL,72,'content'),(72,NULL,76,'content'),(73,NULL,77,'content'),(88,NULL,1,'right'),(89,NULL,80,'content'),(90,NULL,81,'content'),(91,1,NULL,'customTop'),(92,1,NULL,'customBottom'),(109,NULL,82,'content'),(126,NULL,83,'content'),(137,NULL,85,'content'),(138,NULL,86,'content'),(139,NULL,87,'content'),(140,NULL,88,'content'),(141,NULL,89,'content'),(142,NULL,90,'content'),(143,NULL,91,'content'),(144,NULL,92,'content'),(145,NULL,93,'content'),(146,NULL,94,'content'),(147,NULL,95,'content'),(148,NULL,96,'content'),(149,NULL,97,'content'),(150,NULL,98,'content'),(151,NULL,99,'content'),(152,NULL,100,'content'),(153,NULL,101,'content'),(154,NULL,102,'content'),(155,NULL,103,'content'),(156,12,NULL,'top'),(157,12,NULL,'left'),(158,12,NULL,'bottom'),(159,12,NULL,'right'),(160,12,NULL,'centerTop'),(161,12,NULL,'centerBottom'),(162,12,NULL,'customTop'),(163,12,NULL,'customBottom'),(164,NULL,105,'content'),(165,NULL,106,'content'),(166,1,NULL,'customBottomLeft'),(167,1,NULL,'customBottomRight'),(168,12,NULL,'customBottomLeft'),(169,12,NULL,'customBottomRight');
/*!40000 ALTER TABLE `dm_area` ENABLE KEYS */;
UNLOCK TABLES;

--
-- Dumping data for table `dm_auto_seo`
--

LOCK TABLES `dm_auto_seo` WRITE;
/*!40000 ALTER TABLE `dm_auto_seo` DISABLE KEYS */;
INSERT INTO `dm_auto_seo` (`id`, `module`, `action`, `created_at`, `updated_at`) VALUES (1,'dmTag','show','2011-08-05 12:24:36','2011-08-05 12:24:36'),(2,'rubrique','show','2011-08-05 12:24:36','2011-08-05 12:24:36'),(3,'section','show','2011-08-05 12:24:37','2011-08-05 12:24:37'),(4,'article','show','2011-08-05 12:24:37','2011-08-05 12:24:37'),(9,'renseignements','show','2011-08-08 18:14:11','2011-08-08 18:14:11'),(10,'presentation','show','2011-08-10 20:37:35','2011-08-10 20:37:35'),(11,'equipe','show','2011-08-10 20:37:35','2011-08-10 20:37:35'),(12,'mission','show','2011-08-10 20:37:35','2011-08-10 20:37:35'),(13,'recrutement','show','2011-08-10 20:37:35','2011-08-10 20:37:35'),(14,'accueil','show','2011-08-10 21:46:35','2011-08-10 21:46:35'),(15,'pageCabinet','show','2011-08-17 20:53:11','2011-08-17 20:53:11'),(16,'constantes','show','2011-08-29 19:32:01','2011-08-29 19:32:01'),(18,'download','show','2011-09-01 17:40:14','2011-09-01 17:40:14'),(19,'indexSitesUtiles','show','2011-09-01 22:48:27','2011-09-01 22:48:27'),(20,'groupeSitesUtiles','show','2011-09-01 22:48:27','2011-09-01 22:48:27'),(21,'sitesUtiles','show','2011-09-01 22:48:27','2011-09-01 22:48:27'),(23,'bandeau','show','2011-09-07 04:04:04','2011-09-07 04:04:04'),(24,'sidActuTypeContenu','show','2011-09-07 04:04:04','2011-09-07 04:04:04'),(25,'sidActuRubrique','show','2011-09-07 04:04:04','2011-09-07 04:04:04'),(26,'sidActuArticle','show','2011-09-07 04:04:04','2011-09-07 04:04:04'),(27,'selectionPlacement','show','2012-04-04 15:31:46','2012-04-04 15:31:46');
/*!40000 ALTER TABLE `dm_auto_seo` ENABLE KEYS */;
UNLOCK TABLES;

--
-- Dumping data for table `dm_auto_seo_translation`
--

LOCK TABLES `dm_auto_seo_translation` WRITE;
/*!40000 ALTER TABLE `dm_auto_seo_translation` DISABLE KEYS */;
INSERT INTO `dm_auto_seo_translation` (`id`, `slug`, `name`, `title`, `h1`, `description`, `keywords`, `strip_words`, `lang`) VALUES (1,'%dm_tag.name%','%dm_tag.name%','%dm_tag.name%',NULL,'%dm_tag.name%',NULL,NULL,'fr'),(2,'%rubrique.title%','%rubrique.title%','%rubrique.title%',NULL,'%rubrique.title%',NULL,NULL,'fr'),(3,'%section.title%','%section.title%','%section.title%',NULL,'%section.title%',NULL,NULL,'fr'),(4,'%article.title%','%article.title%','%article.title%',NULL,'%article.title%',NULL,NULL,'fr'),(9,'%renseignements.title%','%renseignements.title%','%renseignements.title%',NULL,'%renseignements.title%',NULL,NULL,'fr'),(10,'%presentation%','%presentation%','%presentation%',NULL,'%presentation.text%',NULL,NULL,'fr'),(11,'%equipe%','%equipe%','%equipe%',NULL,'%equipe.text%',NULL,NULL,'fr'),(12,'%mission.title%','%mission.title%','%mission.title%',NULL,'%mission.text%',NULL,NULL,'fr'),(13,'%recrutement%','%recrutement%','%recrutement%',NULL,'%recrutement.text%',NULL,NULL,'fr'),(14,'%accueil%','%accueil%','%accueil%',NULL,'%accueil%',NULL,NULL,'fr'),(15,'%page_cabinet.title%','%page_cabinet.title%','%page_cabinet.title%',NULL,'%page_cabinet.text%',NULL,NULL,'fr'),(16,'%constantes.name%','%constantes.name%','%constantes.name%',NULL,'%constantes.name%',NULL,NULL,'fr'),(18,'%download.title%','%download.title%','%download.title%',NULL,'%download.title%',NULL,NULL,'fr'),(19,'%index_sites_utiles.title%','%index_sites_utiles.title%','%index_sites_utiles.title%',NULL,'%index_sites_utiles.description%',NULL,NULL,'fr'),(20,'%groupe_sites_utiles.title%','%groupe_sites_utiles.title%','%groupe_sites_utiles.title%',NULL,'%groupe_sites_utiles.description%',NULL,NULL,'fr'),(21,'%sites_utiles.title%','%sites_utiles.title%','%sites_utiles.title%',NULL,'%sites_utiles.description%',NULL,NULL,'fr'),(23,'%bandeau.title%','%bandeau.title%','%bandeau.title%',NULL,'%bandeau.title%',NULL,NULL,'fr'),(24,'%sid_actu_type_contenu.title%','%sid_actu_type_contenu.title%','%sid_actu_type_contenu.title%',NULL,'%sid_actu_type_contenu.title%',NULL,NULL,'fr'),(25,'%sid_actu_rubrique.title%','%sid_actu_rubrique.title%','%sid_actu_rubrique.title%',NULL,'%sid_actu_rubrique.title%',NULL,NULL,'fr'),(26,'%sid_actu_article.title%','%sid_actu_article.title%','%sid_actu_article.title%',NULL,'%sid_actu_article.resume%',NULL,NULL,'fr'),(27,'%selection_placement.title%','%selection_placement.title%','%selection_placement.title%',NULL,'%selection_placement.text%',NULL,NULL,'fr');
/*!40000 ALTER TABLE `dm_auto_seo_translation` ENABLE KEYS */;
UNLOCK TABLES;

--
-- Dumping data for table `dm_contact`
--

LOCK TABLES `dm_contact` WRITE;
/*!40000 ALTER TABLE `dm_contact` DISABLE KEYS */;
INSERT INTO `dm_contact` (`id`, `title`, `name`, `firstname`, `function`, `adresse`, `postalcode`, `ville`, `email`, `phone`, `fax`, `body`, `created_at`, `updated_at`) VALUES (1,'Monsieur','salliou','bertrand','dd','1( rue de la demi lune','86','','bsalliou@lesechos.fr','','','nglkgljkhglkj:','2012-03-13 11:42:50','2012-03-13 11:42:50');
/*!40000 ALTER TABLE `dm_contact` ENABLE KEYS */;
UNLOCK TABLES;

--
-- Dumping data for table `dm_layout`
--

LOCK TABLES `dm_layout` WRITE;
/*!40000 ALTER TABLE `dm_layout` DISABLE KEYS */;
INSERT INTO `dm_layout` (`id`, `name`, `template`, `css_class`) VALUES (1,'default','page',''),(12,'base-editoriale','page','');
/*!40000 ALTER TABLE `dm_layout` ENABLE KEYS */;
UNLOCK TABLES;

--
-- Dumping data for table `dm_lock`
--

LOCK TABLES `dm_lock` WRITE;
/*!40000 ALTER TABLE `dm_lock` DISABLE KEYS */;
INSERT INTO `dm_lock` (`id`, `user_id`, `user_name`, `module`, `action`, `record_id`, `time`, `app`, `url`, `culture`) VALUES (456,1,'admin','equipeAdmin','edit',4,1338294000,'admin','/admin.php/le-cabinet/description-du-cabinet/les-equipes/edit/pk/4','fr'),(457,1,'admin','equipeAdmin','update',4,1338294002,'admin','/admin.php/le-cabinet/description-du-cabinet/les-equipes/update/pk/4','fr'),(458,1,'admin','equipeAdmin','edit',3,1338294031,'admin','/admin.php/le-cabinet/description-du-cabinet/les-equipes/edit/pk/3','fr'),(459,1,'admin','equipeAdmin','update',3,1338294014,'admin','/admin.php/le-cabinet/description-du-cabinet/les-equipes/update/pk/3','fr');
/*!40000 ALTER TABLE `dm_lock` ENABLE KEYS */;
UNLOCK TABLES;

--
-- Dumping data for table `dm_mail_template`
--

LOCK TABLES `dm_mail_template` WRITE;
/*!40000 ALTER TABLE `dm_mail_template` DISABLE KEYS */;
INSERT INTO `dm_mail_template` (`id`, `name`, `vars`, `created_at`, `updated_at`) VALUES (1,'dm_user_forgot_password','username, email, step2_url','2011-11-16 14:23:13','2011-11-16 14:23:13');
/*!40000 ALTER TABLE `dm_mail_template` ENABLE KEYS */;
UNLOCK TABLES;

--
-- Dumping data for table `dm_mail_template_translation`
--

LOCK TABLES `dm_mail_template_translation` WRITE;
/*!40000 ALTER TABLE `dm_mail_template_translation` DISABLE KEYS */;
INSERT INTO `dm_mail_template_translation` (`id`, `description`, `subject`, `body`, `from_email`, `to_email`, `cc_email`, `bcc_email`, `reply_to_email`, `sender_email`, `list_unsuscribe`, `is_html`, `is_active`, `lang`) VALUES (1,'Sent to a user that requests a new password','Sitediem: change your password','Hello %username%\nYou can choose a new password at %step2_url%','webmaster@domain.com','%email%',NULL,NULL,NULL,NULL,NULL,0,1,'fr');
/*!40000 ALTER TABLE `dm_mail_template_translation` ENABLE KEYS */;
UNLOCK TABLES;

--
-- Dumping data for table `dm_media`
--

LOCK TABLES `dm_media` WRITE;
/*!40000 ALTER TABLE `dm_media` DISABLE KEYS */;
INSERT INTO `dm_media` (`id`, `dm_media_folder_id`, `file`, `mime`, `size`, `dimensions`, `created_at`, `updated_at`) VALUES (3,3,'home_img-big.jpg','image/jpeg',30286,'450x300','2011-08-08 14:11:32','2011-08-08 14:11:32'),(4,3,'home_img-lit1.jpg','image/jpeg',9654,'200x145','2011-08-08 14:12:52','2011-09-14 13:18:04'),(102,21,'gestion-250x250.swf','application/x-shockwave-flash',37810,NULL,'2011-09-16 16:59:31','2011-09-16 16:59:31'),(103,21,'recrutement-250x250.swf','application/x-shockwave-flash',114663,NULL,'2011-09-16 16:59:31','2011-09-16 16:59:31'),(104,9,'logo_gauche-1-.jpg','image/jpeg',9530,'82x108','2011-09-19 18:18:53','2011-09-19 18:19:19'),(105,9,'ministere-economie-1-.png','image/png',2747,'133x130','2011-09-19 18:21:06','2011-09-19 18:21:20'),(106,9,'legifrance-1-.gif','image/gif',5592,'425x61','2011-09-19 18:22:40','2011-09-19 18:22:54'),(107,9,'banner-infogreffe-1-.jpg','image/jpeg',61459,'968x165','2011-09-19 18:25:22','2011-09-19 18:25:27'),(112,1,'logo.png','image/png',2141,'84x68','2011-09-28 02:39:16','2011-09-28 02:39:16'),(126,9,'net-entreprises-logo-1.gif','image/gif',2552,'260x41','2012-01-05 12:01:52','2012-01-05 12:01:58'),(127,9,'SEMAPHORE.png','image/png',28528,'970x80','2012-01-05 12:01:52','2012-01-05 12:01:58'),(128,9,'logo_jedeclarecom.gif','image/gif',3386,'144x89','2012-01-05 12:01:52','2012-01-05 12:01:58'),(130,21,'generique-250x250.swf','application/x-shockwave-flash',221997,NULL,'2012-01-12 13:39:29','2012-01-12 13:39:29'),(131,21,'services-250x250.swf','application/x-shockwave-flash',6367,NULL,'2012-01-12 13:39:29','2012-01-12 13:39:29'),(132,21,'espacecol-250x250.swf','application/x-shockwave-flash',43605,NULL,'2012-01-12 13:39:29','2012-01-12 13:39:29'),(133,21,'modulecrea-250x250.swf','application/x-shockwave-flash',62099,NULL,'2012-01-12 13:39:29','2012-01-12 13:39:29'),(153,9,'google-chrome-20100107-2-.jpg','image/jpeg',22100,'600x400','2012-02-08 14:30:35','2012-02-14 09:28:37'),(154,9,'GLE-1-.png','image/png',21521,'761x103','2012-02-08 14:30:35','2012-02-14 09:28:37'),(160,23,'_planete.jpg','image/jpeg',211057,'2000x850','2012-02-14 09:23:27','2012-02-14 09:23:35'),(161,23,'_dossier.jpg','image/jpeg',191885,'2000x850','2012-02-14 09:23:28','2012-02-14 09:23:35'),(162,23,'_business-plan.jpg','image/jpeg',312291,'2000x850','2012-02-14 09:23:28','2012-02-14 09:23:35'),(163,23,'_pont.jpg','image/jpeg',408753,'2000x850','2012-02-14 09:23:30','2012-02-14 09:23:35'),(164,23,'_reunion.jpg','image/jpeg',206787,'2000x850','2012-02-14 09:23:31','2012-02-14 09:23:36'),(165,23,'_reunion02.jpg','image/jpeg',261361,'2000x850','2012-02-14 09:23:31','2012-02-14 09:23:36'),(166,23,'_ville.jpg','image/jpeg',406362,'2000x850','2012-02-14 09:23:33','2012-02-14 09:23:36'),(186,8,'alpin03.jpg','image/jpeg',7218967,'6299x4724','2012-02-14 10:14:05','2012-02-14 10:20:54'),(187,8,'graphique03.jpg','image/jpeg',413851,'1000x667','2012-02-14 10:15:01','2012-02-14 10:20:57'),(188,8,'maritime05.jpg','image/jpeg',883439,'2717x1772','2012-02-14 10:15:48','2012-02-14 10:20:57'),(189,8,'personnes17.jpg','image/jpeg',237811,'1000x678','2012-02-14 10:16:52','2012-02-14 10:20:58'),(190,8,'professionnel16.jpg','image/jpeg',186963,'1000x750','2012-02-14 10:17:36','2012-02-14 10:20:58'),(191,8,'rural08.jpg','image/jpeg',852384,'2356x1571','2012-02-14 10:18:17','2012-02-14 10:20:58'),(192,8,'technologique08.jpg','image/jpeg',2008823,'2200x1800','2012-02-14 10:19:18','2012-02-14 10:20:58'),(193,8,'urbain03.jpg','image/jpeg',864249,'2717x1817','2012-02-14 10:20:06','2012-02-14 10:20:59'),(194,8,'zen11.jpg','image/jpeg',249312,'1000x668','2012-02-14 10:20:49','2012-02-14 10:20:59'),(195,8,'rural08_1.jpg','image/jpeg',852384,'2356x1571','2012-02-14 10:23:04','2012-02-14 10:23:18'),(196,8,'modele_lettre.odt','application/vnd.oasis.opendocument.text',10856,NULL,'2012-02-14 10:36:50','2012-02-14 10:36:50'),(197,25,'wallpaper-890623_1.jpg','image/jpeg',483246,NULL,'2012-02-23 11:56:24','2012-02-23 11:56:24'),(198,25,'wallpaper-890623.jpg','image/jpeg',483246,NULL,'2012-02-23 11:56:24','2012-02-23 11:56:24'),(199,25,'equipedu-cabinet.jpg','image/jpeg',30785,'420x300','2012-02-23 12:22:18','2012-02-23 12:23:19'),(200,8,'koala.jpg','image/jpeg',780831,'1024x768','2012-02-23 12:22:18','2012-02-23 12:22:23'),(201,8,'point-clicrdv.doc','application/msword',25600,NULL,'2012-02-23 12:22:18','2012-02-23 12:22:18'),(202,8,'loi-de-finances.jpg','image/jpeg',130665,'550x240','2012-02-23 12:22:18','2012-02-23 12:22:23'),(205,3,'404.jpg','image/jpeg',81058,'700x558','2012-03-13 15:19:50','2012-03-13 15:19:50'),(206,8,'actualite-cabinet-parternaire.jpg','image/jpeg',290574,'2000x850','2012-03-16 15:32:47','2012-03-16 15:33:34'),(207,8,'actualite-collaborateur-nouveau.jpg','image/jpeg',170869,'2000x850','2012-03-16 15:33:08','2012-03-16 15:33:34'),(208,8,'actualite-reunion.jpg','image/jpeg',110378,'2000x850','2012-03-16 15:33:24','2012-03-16 15:33:34'),(209,24,'cabinet-accueil.jpg','image/jpeg',1302710,'2000x850','2012-03-16 15:34:28','2012-03-16 15:34:53'),(210,25,'mission-collectivites.jpg','image/jpeg',183653,'2000x850','2012-03-16 15:35:41','2012-03-16 15:37:56'),(211,25,'mission-compta.jpg','image/jpeg',133183,'2000x850','2012-03-16 15:36:02','2012-03-16 15:37:56'),(212,25,'mission-conseils.jpg','image/jpeg',211678,'2000x850','2012-03-16 15:36:33','2012-03-16 15:37:56'),(213,25,'cabinet-service.jpg','image/jpeg',155852,'2000x850','2012-03-16 15:38:20','2012-03-16 15:38:23'),(214,25,'missions-sociale.jpg','image/jpeg',194173,'2000x850','2012-03-16 15:38:40','2012-03-16 15:38:41'),(215,25,'missions-informatique.jpg','image/jpeg',97112,'2000x850','2012-03-16 15:38:57','2012-03-16 15:39:00'),(216,25,'mission-organisation.jpg','image/jpeg',101402,'2000x850','2012-03-16 15:39:13','2012-03-16 15:39:14'),(217,25,'mission-juridique.jpg','image/jpeg',172146,'2000x850','2012-03-16 15:47:49','2012-03-16 15:47:52'),(218,23,'argent-plante-numero-5.jpg','image/jpeg',402655,NULL,'2012-04-04 14:30:13','2012-04-04 14:30:13'),(219,23,'photo-argent-numero-7.jpg','image/jpeg',137928,NULL,'2012-04-04 14:30:13','2012-04-04 14:30:13'),(220,23,'photo-argent-medecin-numero-4.jpg','image/jpeg',647249,NULL,'2012-04-04 14:30:13','2012-04-04 14:30:13'),(221,23,'declaration-impot-numero-3.jpg','image/jpeg',721550,NULL,'2012-04-04 14:30:13','2012-04-04 14:30:13'),(222,23,'photo-boussole-numero-2.jpg','image/jpeg',609511,NULL,'2012-04-04 14:30:13','2012-04-04 14:30:13'),(223,23,'photo-argent-numero-6.jpg','image/jpeg',80824,NULL,'2012-04-04 14:30:13','2012-04-04 14:30:13'),(224,23,'_pont-numero-1.jpg','image/jpeg',408753,NULL,'2012-04-04 14:30:13','2012-04-04 14:30:13'),(228,2,'apple-touch-icon-144x144.png','image/png',4854,'144x144','2012-05-21 14:20:01','2012-05-21 14:20:02'),(229,2,'favicon.ico','image/x-icon',9662,'48x48','2012-05-21 14:20:01','2012-05-21 14:20:02'),(230,2,'apple-touch-icon-114x114.png','image/png',3965,'114x114','2012-05-21 14:20:02','2012-05-21 14:20:02'),(231,2,'logolight.png','image/png',2514,'112x90','2012-05-21 14:20:02','2012-05-21 14:20:02'),(232,2,'apple-touch-icon.png','image/png',2190,'57x57','2012-05-21 14:20:02','2012-05-21 14:20:02'),(233,2,'apple-touch-icon-72x72.png','image/png',2705,'72x72','2012-05-21 14:20:02','2012-05-21 14:20:02'),(234,2,'logofull.png','image/png',7836,'622x90','2012-05-21 14:20:02','2012-05-21 14:20:02'),(486,85,'professionnel29.jpg','image/jpeg',190485,NULL,'2012-05-22 12:01:57','2012-05-22 12:01:57'),(487,85,'professionnel01.jpg','image/jpeg',185112,NULL,'2012-05-22 12:01:57','2012-05-22 12:01:57'),(488,85,'professionnel23.jpg','image/jpeg',155079,NULL,'2012-05-22 12:01:57','2012-05-22 12:01:57'),(489,85,'professionnel34.jpg','image/jpeg',133669,NULL,'2012-05-22 12:01:57','2012-05-22 12:01:57'),(490,85,'professionnel28.jpg','image/jpeg',269092,NULL,'2012-05-22 12:01:57','2012-05-22 12:01:57'),(491,85,'professionnel04.jpg','image/jpeg',159044,NULL,'2012-05-22 12:01:57','2012-05-22 12:01:57'),(492,85,'professionnel16.jpg','image/jpeg',186963,NULL,'2012-05-22 12:01:57','2012-05-22 12:01:57'),(493,85,'professionnel36.jpg','image/jpeg',219133,NULL,'2012-05-22 12:01:57','2012-05-22 12:01:57'),(494,85,'professionnel07.jpg','image/jpeg',251353,NULL,'2012-05-22 12:01:57','2012-05-22 12:01:57'),(495,85,'professionnel15.jpg','image/jpeg',273619,NULL,'2012-05-22 12:01:57','2012-05-22 12:01:57'),(496,85,'professionnel27.jpg','image/jpeg',140368,NULL,'2012-05-22 12:01:57','2012-05-22 12:01:57'),(497,85,'professionnel13.jpg','image/jpeg',247900,NULL,'2012-05-22 12:01:57','2012-05-22 12:01:57'),(498,85,'professionnel17.jpg','image/jpeg',190009,NULL,'2012-05-22 12:01:57','2012-05-22 12:01:57'),(499,85,'professionnel33.jpg','image/jpeg',198936,NULL,'2012-05-22 12:01:57','2012-05-22 12:01:57'),(500,85,'professionnel05.jpg','image/jpeg',475846,NULL,'2012-05-22 12:01:57','2012-05-22 12:01:57'),(501,85,'professionnel08.jpg','image/jpeg',202344,NULL,'2012-05-22 12:01:57','2012-05-22 12:01:57'),(502,85,'professionnel26.jpg','image/jpeg',241160,NULL,'2012-05-22 12:01:57','2012-05-22 12:01:57'),(503,85,'professionnel14.jpg','image/jpeg',167635,NULL,'2012-05-22 12:01:57','2012-05-22 12:01:57'),(504,85,'professionnel19.jpg','image/jpeg',107189,NULL,'2012-05-22 12:01:57','2012-05-22 12:01:57'),(505,85,'professionnel12.jpg','image/jpeg',181169,NULL,'2012-05-22 12:01:57','2012-05-22 12:01:57'),(506,85,'professionnel09.jpg','image/jpeg',245542,NULL,'2012-05-22 12:01:57','2012-05-22 12:01:57'),(507,85,'professionnel06.jpg','image/jpeg',231983,NULL,'2012-05-22 12:01:57','2012-05-22 12:01:57'),(508,85,'professionnel39.jpg','image/jpeg',157170,NULL,'2012-05-22 12:01:57','2012-05-22 12:01:57'),(509,85,'professionnel03.jpg','image/jpeg',244195,NULL,'2012-05-22 12:01:57','2012-05-22 12:01:57'),(510,85,'professionnel10.jpg','image/jpeg',562267,NULL,'2012-05-22 12:01:57','2012-05-22 12:01:57'),(511,85,'professionnel20.jpg','image/jpeg',209266,NULL,'2012-05-22 12:01:57','2012-05-22 12:01:57'),(512,85,'professionnel31.jpg','image/jpeg',245166,NULL,'2012-05-22 12:01:57','2012-05-22 12:01:57'),(513,85,'professionnel11.jpg','image/jpeg',74939,NULL,'2012-05-22 12:01:57','2012-05-22 12:01:57'),(514,85,'professionnel21.jpg','image/jpeg',262650,NULL,'2012-05-22 12:01:57','2012-05-22 12:01:57'),(515,85,'professionnel25.jpg','image/jpeg',1046125,NULL,'2012-05-22 12:01:57','2012-05-22 12:01:57'),(516,85,'professionnel24.jpg','image/jpeg',146077,NULL,'2012-05-22 12:01:57','2012-05-22 12:01:57'),(517,85,'professionnel18.jpg','image/jpeg',193984,NULL,'2012-05-22 12:01:57','2012-05-22 12:01:57'),(518,85,'professionnel22.jpg','image/jpeg',214433,NULL,'2012-05-22 12:01:58','2012-05-22 12:01:58'),(519,85,'professionnel38.jpg','image/jpeg',275282,NULL,'2012-05-22 12:01:58','2012-05-22 12:01:58'),(520,85,'professionnel30.jpg','image/jpeg',342204,NULL,'2012-05-22 12:01:58','2012-05-22 12:01:58'),(521,85,'professionnel37.jpg','image/jpeg',260479,NULL,'2012-05-22 12:01:58','2012-05-22 12:01:58'),(522,85,'professionnel35.jpg','image/jpeg',88044,NULL,'2012-05-22 12:01:58','2012-05-22 12:01:58'),(523,85,'professionnel32.jpg','image/jpeg',207841,NULL,'2012-05-22 12:01:58','2012-05-22 12:01:58'),(524,85,'professionnel02.jpg','image/jpeg',93336,NULL,'2012-05-22 12:01:58','2012-05-22 12:01:58'),(525,86,'alpin03.jpg','image/jpeg',7218967,NULL,'2012-05-22 12:01:58','2012-05-22 12:01:58'),(526,86,'alpin09.jpg','image/jpeg',840296,NULL,'2012-05-22 12:01:58','2012-05-22 12:01:58'),(527,86,'alpin05.jpg','image/jpeg',88718,NULL,'2012-05-22 12:01:58','2012-05-22 12:01:58'),(528,86,'alpin11.jpg','image/jpeg',118576,NULL,'2012-05-22 12:01:58','2012-05-22 12:01:58'),(529,86,'alpin01.jpg','image/jpeg',2912706,NULL,'2012-05-22 12:01:58','2012-05-22 12:01:58'),(530,86,'alpin08.jpg','image/jpeg',4109563,NULL,'2012-05-22 12:01:58','2012-05-22 12:01:58'),(531,86,'alpin04.jpg','image/jpeg',114192,NULL,'2012-05-22 12:01:58','2012-05-22 12:01:58'),(532,86,'alpin06.jpg','image/jpeg',1733335,NULL,'2012-05-22 12:01:58','2012-05-22 12:01:58'),(533,86,'alpin02.jpg','image/jpeg',2357334,NULL,'2012-05-22 12:01:58','2012-05-22 12:01:58'),(534,86,'alpin10.jpg','image/jpeg',925558,NULL,'2012-05-22 12:01:58','2012-05-22 12:01:58'),(535,86,'alpin07.jpg','image/jpeg',1045505,NULL,'2012-05-22 12:01:58','2012-05-22 12:01:58'),(536,87,'maritime10.jpg','image/jpeg',3390967,NULL,'2012-05-22 12:01:58','2012-05-22 12:01:58'),(537,87,'maritime11.jpg','image/jpeg',1849814,NULL,'2012-05-22 12:01:58','2012-05-22 12:01:58'),(538,87,'maritime14.jpg','image/jpeg',1304009,NULL,'2012-05-22 12:01:58','2012-05-22 12:01:58'),(539,87,'maritime07.jpg','image/jpeg',6281938,NULL,'2012-05-22 12:01:58','2012-05-22 12:01:58'),(540,87,'maritime13.jpg','image/jpeg',855717,NULL,'2012-05-22 12:01:58','2012-05-22 12:01:58'),(541,87,'maritime03.jpg','image/jpeg',2270442,NULL,'2012-05-22 12:01:58','2012-05-22 12:01:58'),(542,87,'maritime09.jpg','image/jpeg',1419148,NULL,'2012-05-22 12:01:58','2012-05-22 12:01:58'),(543,87,'maritime15.jpg','image/jpeg',3241856,NULL,'2012-05-22 12:01:58','2012-05-22 12:01:58'),(544,87,'maritime04.jpg','image/jpeg',863923,NULL,'2012-05-22 12:01:58','2012-05-22 12:01:58'),(545,87,'maritime12.jpg','image/jpeg',2824259,NULL,'2012-05-22 12:01:58','2012-05-22 12:01:58'),(546,87,'maritime08.jpg','image/jpeg',1462125,NULL,'2012-05-22 12:01:58','2012-05-22 12:01:58'),(547,87,'maritime01.jpg','image/jpeg',10900982,NULL,'2012-05-22 12:01:58','2012-05-22 12:01:58'),(548,87,'maritime02.jpg','image/jpeg',2507466,NULL,'2012-05-22 12:01:58','2012-05-22 12:01:58'),(549,87,'maritime05.jpg','image/jpeg',883439,NULL,'2012-05-22 12:01:58','2012-05-22 12:01:58'),(550,87,'maritime06.jpg','image/jpeg',142643,NULL,'2012-05-22 12:01:58','2012-05-22 12:01:58'),(551,88,'urbain20.jpg','image/jpeg',1945739,NULL,'2012-05-22 12:01:58','2012-05-22 12:01:58'),(552,88,'urbain21.jpg','image/jpeg',3141234,NULL,'2012-05-22 12:01:58','2012-05-22 12:01:58'),(553,88,'urbain13.jpg','image/jpeg',2462505,NULL,'2012-05-22 12:01:58','2012-05-22 12:01:58'),(554,88,'urbain25.jpg','image/jpeg',5940401,NULL,'2012-05-22 12:01:58','2012-05-22 12:01:58'),(555,88,'urbain16.jpg','image/jpeg',2344096,NULL,'2012-05-22 12:01:58','2012-05-22 12:01:58'),(556,88,'urbain06.jpg','image/jpeg',26774,NULL,'2012-05-22 12:01:58','2012-05-22 12:01:58'),(557,88,'urbain08.jpg','image/jpeg',25490,NULL,'2012-05-22 12:01:58','2012-05-22 12:01:58'),(558,88,'urbain23.jpg','image/jpeg',747010,NULL,'2012-05-22 12:01:58','2012-05-22 12:01:58'),(559,88,'urbain09.jpg','image/jpeg',1025092,NULL,'2012-05-22 12:01:58','2012-05-22 12:01:58'),(560,88,'urbain01.jpg','image/jpeg',128971,NULL,'2012-05-22 12:01:58','2012-05-22 12:01:58'),(561,88,'urbain12.jpg','image/jpeg',1071131,NULL,'2012-05-22 12:01:58','2012-05-22 12:01:58'),(562,88,'urbain17.jpg','image/jpeg',2913675,NULL,'2012-05-22 12:01:58','2012-05-22 12:01:58'),(563,88,'urbain02.jpg','image/jpeg',24227,NULL,'2012-05-22 12:01:58','2012-05-22 12:01:58'),(564,88,'urbain27.jpg','image/jpeg',2759396,NULL,'2012-05-22 12:01:58','2012-05-22 12:01:58'),(565,88,'urbain03.jpg','image/jpeg',864249,NULL,'2012-05-22 12:01:58','2012-05-22 12:01:58'),(566,88,'urbain18.jpg','image/jpeg',4740821,NULL,'2012-05-22 12:01:58','2012-05-22 12:01:58'),(567,88,'urbain19.jpg','image/jpeg',2655710,NULL,'2012-05-22 12:01:58','2012-05-22 12:01:58'),(568,88,'urbain02-portrait.jpg','image/jpeg',77423,NULL,'2012-05-22 12:01:58','2012-05-22 12:01:58'),(569,88,'urbain26.jpg','image/jpeg',1322894,NULL,'2012-05-22 12:01:58','2012-05-22 12:01:58'),(570,88,'urbain10.jpg','image/jpeg',2545663,NULL,'2012-05-22 12:01:58','2012-05-22 12:01:58'),(571,88,'urbain24.jpg','image/jpeg',2291762,NULL,'2012-05-22 12:01:58','2012-05-22 12:01:58'),(572,88,'urbain11.jpg','image/jpeg',2236074,NULL,'2012-05-22 12:01:58','2012-05-22 12:01:58'),(573,88,'urbain05.jpg','image/jpeg',21242,NULL,'2012-05-22 12:01:58','2012-05-22 12:01:58'),(574,88,'urbain04.jpg','image/jpeg',53697,NULL,'2012-05-22 12:01:58','2012-05-22 12:01:58'),(575,88,'urbain14.jpg','image/jpeg',3454944,NULL,'2012-05-22 12:01:58','2012-05-22 12:01:58'),(576,88,'urbain07.jpg','image/jpeg',25400,NULL,'2012-05-22 12:01:58','2012-05-22 12:01:58'),(577,88,'urbain15.jpg','image/jpeg',2270540,NULL,'2012-05-22 12:01:58','2012-05-22 12:01:58'),(578,88,'urbain22.jpg','image/jpeg',702722,NULL,'2012-05-22 12:01:58','2012-05-22 12:01:58'),(579,89,'technologique13.jpg','image/jpeg',3838270,NULL,'2012-05-22 12:01:58','2012-05-22 12:01:58'),(580,89,'technologique11.jpg','image/jpeg',956371,NULL,'2012-05-22 12:01:58','2012-05-22 12:01:58'),(581,89,'technologique09.jpg','image/jpeg',626248,NULL,'2012-05-22 12:01:58','2012-05-22 12:01:58'),(582,89,'technologique08.jpg','image/jpeg',2008823,NULL,'2012-05-22 12:01:58','2012-05-22 12:01:58'),(583,89,'technologique12.jpg','image/jpeg',2346267,NULL,'2012-05-22 12:01:58','2012-05-22 12:01:58'),(584,89,'technologique03.jpg','image/jpeg',59567,NULL,'2012-05-22 12:01:58','2012-05-22 12:01:58'),(585,89,'technologique10.jpg','image/jpeg',2046966,NULL,'2012-05-22 12:01:58','2012-05-22 12:01:58'),(586,89,'technologique04.jpg','image/jpeg',65601,NULL,'2012-05-22 12:01:58','2012-05-22 12:01:58'),(587,89,'technologique07.jpg','image/jpeg',3690563,NULL,'2012-05-22 12:01:58','2012-05-22 12:01:58'),(588,89,'technologique02.jpg','image/jpeg',44655,NULL,'2012-05-22 12:01:58','2012-05-22 12:01:58'),(589,89,'technologique01.jpg','image/jpeg',125176,NULL,'2012-05-22 12:01:58','2012-05-22 12:01:58'),(590,89,'technologique05.jpg','image/jpeg',78214,NULL,'2012-05-22 12:01:58','2012-05-22 12:01:58'),(591,89,'technologique06.jpg','image/jpeg',29994,NULL,'2012-05-22 12:01:58','2012-05-22 12:01:58'),(592,90,'zen02.jpg','image/jpeg',503391,NULL,'2012-05-22 12:01:58','2012-05-22 12:01:58'),(593,90,'zen09.jpg','image/jpeg',976597,NULL,'2012-05-22 12:01:58','2012-05-22 12:01:58'),(594,90,'zen17.jpg','image/jpeg',663476,NULL,'2012-05-22 12:01:58','2012-05-22 12:01:58'),(595,90,'zen08.jpg','image/jpeg',351362,NULL,'2012-05-22 12:01:58','2012-05-22 12:01:58'),(596,90,'zen13.jpg','image/jpeg',483050,NULL,'2012-05-22 12:01:58','2012-05-22 12:01:58'),(597,90,'zen04.jpg','image/jpeg',457063,NULL,'2012-05-22 12:01:58','2012-05-22 12:01:58'),(598,90,'zen05.jpg','image/jpeg',575995,NULL,'2012-05-22 12:01:58','2012-05-22 12:01:58'),(599,90,'zen19.jpg','image/jpeg',91685,NULL,'2012-05-22 12:01:58','2012-05-22 12:01:58'),(600,90,'zen12.jpg','image/jpeg',290769,NULL,'2012-05-22 12:01:58','2012-05-22 12:01:58'),(601,90,'zen01.jpg','image/jpeg',340194,NULL,'2012-05-22 12:01:58','2012-05-22 12:01:58'),(602,90,'zen16.jpg','image/jpeg',323698,NULL,'2012-05-22 12:01:58','2012-05-22 12:01:58'),(603,90,'zen15.jpg','image/jpeg',296434,NULL,'2012-05-22 12:01:58','2012-05-22 12:01:58'),(604,90,'zen18.jpg','image/jpeg',836534,NULL,'2012-05-22 12:01:58','2012-05-22 12:01:58'),(605,90,'zen06.jpg','image/jpeg',733767,NULL,'2012-05-22 12:01:58','2012-05-22 12:01:58'),(606,90,'zen03.jpg','image/jpeg',1330511,NULL,'2012-05-22 12:01:58','2012-05-22 12:01:58'),(607,90,'zen10.jpg','image/jpeg',722797,NULL,'2012-05-22 12:01:58','2012-05-22 12:01:58'),(608,90,'zen11.jpg','image/jpeg',249312,NULL,'2012-05-22 12:01:58','2012-05-22 12:01:58'),(609,90,'zen07.jpg','image/jpeg',142037,NULL,'2012-05-22 12:01:58','2012-05-22 12:01:58'),(610,90,'zen14.jpg','image/jpeg',765686,NULL,'2012-05-22 12:01:58','2012-05-22 12:01:58'),(611,91,'rural06.jpg','image/jpeg',2236521,NULL,'2012-05-22 12:01:58','2012-05-22 12:01:58'),(612,91,'rural01.jpg','image/jpeg',1573600,NULL,'2012-05-22 12:01:58','2012-05-22 12:01:58'),(613,91,'rural09.jpg','image/jpeg',1548607,NULL,'2012-05-22 12:01:58','2012-05-22 12:01:58'),(614,91,'rural11.jpg','image/jpeg',5706627,NULL,'2012-05-22 12:01:58','2012-05-22 12:01:58'),(615,91,'rural10.jpg','image/jpeg',4470614,NULL,'2012-05-22 12:01:58','2012-05-22 12:01:58'),(616,91,'rural02.jpg','image/jpeg',105745,NULL,'2012-05-22 12:01:58','2012-05-22 12:01:58'),(617,91,'rural03.jpg','image/jpeg',155337,NULL,'2012-05-22 12:01:58','2012-05-22 12:01:58'),(618,91,'rural07.jpg','image/jpeg',5121016,NULL,'2012-05-22 12:01:58','2012-05-22 12:01:58'),(619,91,'rural15.jpg','image/jpeg',4431484,NULL,'2012-05-22 12:01:58','2012-05-22 12:01:58'),(620,91,'rural05.jpg','image/jpeg',1842430,NULL,'2012-05-22 12:01:58','2012-05-22 12:01:58'),(621,91,'rural12.jpg','image/jpeg',3325430,NULL,'2012-05-22 12:01:58','2012-05-22 12:01:58'),(622,91,'rural14.jpg','image/jpeg',3269747,NULL,'2012-05-22 12:01:58','2012-05-22 12:01:58'),(623,91,'rural04.jpg','image/jpeg',2087289,NULL,'2012-05-22 12:01:58','2012-05-22 12:01:58'),(624,91,'rural13.jpg','image/jpeg',2666339,NULL,'2012-05-22 12:01:59','2012-05-22 12:01:59'),(625,91,'rural16.jpg','image/jpeg',8351818,NULL,'2012-05-22 12:01:59','2012-05-22 12:01:59'),(626,91,'rural08.jpg','image/jpeg',852384,NULL,'2012-05-22 12:01:59','2012-05-22 12:01:59'),(627,92,'graphique07.jpg','image/jpeg',1971104,'1000x1000','2012-05-22 12:01:59','2012-05-22 12:04:00'),(628,92,'graphique03.jpg','image/jpeg',413851,'1000x667','2012-05-22 12:01:59','2012-05-22 12:04:00'),(629,92,'graphique09.jpg','image/jpeg',153080,'1000x750','2012-05-22 12:01:59','2012-05-22 12:04:00'),(630,92,'graphique10.jpg','image/jpeg',476364,'1000x1500','2012-05-22 12:01:59','2012-05-22 12:04:00'),(631,92,'graphique04.jpg','image/jpeg',330614,'1000x958','2012-05-22 12:01:59','2012-05-22 12:04:00'),(632,92,'graphique08.jpg','image/jpeg',550730,'1000x750','2012-05-22 12:01:59','2012-05-22 12:04:00'),(633,92,'graphique02.jpg','image/jpeg',723757,'1000x1500','2012-05-22 12:01:59','2012-05-22 12:04:00'),(634,92,'graphique06.jpg','image/jpeg',338586,'1000x665','2012-05-22 12:01:59','2012-05-22 12:04:00'),(635,92,'graphique05.jpg','image/jpeg',282142,'1000x667','2012-05-22 12:01:59','2012-05-22 12:04:00'),(636,92,'graphique01.jpg','image/jpeg',494136,'1000x667','2012-05-22 12:01:59','2012-05-22 12:03:59'),(637,93,'personnes43.jpg','image/jpeg',199401,NULL,'2012-05-22 12:01:59','2012-05-22 12:01:59'),(638,93,'personnes23.jpg','image/jpeg',820872,NULL,'2012-05-22 12:01:59','2012-05-22 12:01:59'),(639,93,'personnes56.jpg','image/jpeg',114470,NULL,'2012-05-22 12:01:59','2012-05-22 12:01:59'),(640,93,'personnes54.jpg','image/jpeg',172447,NULL,'2012-05-22 12:01:59','2012-05-22 12:01:59'),(641,93,'personnes53.jpg','image/jpeg',286607,NULL,'2012-05-22 12:01:59','2012-05-22 12:01:59'),(642,93,'personnes44.jpg','image/jpeg',351978,NULL,'2012-05-22 12:01:59','2012-05-22 12:01:59'),(643,93,'personnes37.jpg','image/jpeg',374618,NULL,'2012-05-22 12:01:59','2012-05-22 12:01:59'),(644,93,'personnes39.jpg','image/jpeg',306504,NULL,'2012-05-22 12:01:59','2012-05-22 12:01:59'),(645,93,'personnes36.jpg','image/jpeg',941317,NULL,'2012-05-22 12:01:59','2012-05-22 12:01:59'),(646,93,'personnes14.jpg','image/jpeg',286159,NULL,'2012-05-22 12:01:59','2012-05-22 12:01:59'),(647,93,'personnes08.jpg','image/jpeg',1353394,NULL,'2012-05-22 12:01:59','2012-05-22 12:01:59'),(648,93,'personnes13.jpg','image/jpeg',87976,NULL,'2012-05-22 12:01:59','2012-05-22 12:01:59'),(649,93,'personnes52.jpg','image/jpeg',347632,NULL,'2012-05-22 12:01:59','2012-05-22 12:01:59'),(650,93,'personnes17.jpg','image/jpeg',237811,NULL,'2012-05-22 12:01:59','2012-05-22 12:01:59'),(651,93,'personnes15.jpg','image/jpeg',244195,NULL,'2012-05-22 12:01:59','2012-05-22 12:01:59'),(652,93,'personnes32.jpg','image/jpeg',296329,NULL,'2012-05-22 12:01:59','2012-05-22 12:01:59'),(653,93,'personnes60.jpg','image/jpeg',417008,NULL,'2012-05-22 12:01:59','2012-05-22 12:01:59'),(654,93,'personnes55.jpg','image/jpeg',157303,NULL,'2012-05-22 12:01:59','2012-05-22 12:01:59'),(655,93,'personnes28.jpg','image/jpeg',161482,NULL,'2012-05-22 12:01:59','2012-05-22 12:01:59'),(656,93,'personnes27.jpg','image/jpeg',158478,NULL,'2012-05-22 12:01:59','2012-05-22 12:01:59'),(657,93,'personnes02.jpg','image/jpeg',342100,NULL,'2012-05-22 12:01:59','2012-05-22 12:01:59'),(658,93,'personnes35.jpg','image/jpeg',716288,NULL,'2012-05-22 12:01:59','2012-05-22 12:01:59'),(659,93,'personnes47.jpg','image/jpeg',239140,NULL,'2012-05-22 12:01:59','2012-05-22 12:01:59'),(660,93,'personnes26.jpg','image/jpeg',157536,NULL,'2012-05-22 12:01:59','2012-05-22 12:01:59'),(661,93,'personnes42.jpg','image/jpeg',269092,NULL,'2012-05-22 12:01:59','2012-05-22 12:01:59'),(662,93,'personnes24.jpg','image/jpeg',562267,NULL,'2012-05-22 12:01:59','2012-05-22 12:01:59'),(663,93,'personnes45.jpg','image/jpeg',353831,NULL,'2012-05-22 12:01:59','2012-05-22 12:01:59'),(664,93,'personnes51.jpg','image/jpeg',245166,NULL,'2012-05-22 12:01:59','2012-05-22 12:01:59'),(665,93,'personnes40.jpg','image/jpeg',238269,NULL,'2012-05-22 12:01:59','2012-05-22 12:01:59'),(666,93,'personnes21.jpg','image/jpeg',208984,NULL,'2012-05-22 12:01:59','2012-05-22 12:01:59'),(667,93,'personnes58.jpg','image/jpeg',198936,NULL,'2012-05-22 12:01:59','2012-05-22 12:01:59'),(668,93,'personnes49.jpg','image/jpeg',514845,NULL,'2012-05-22 12:01:59','2012-05-22 12:01:59'),(669,93,'personnes34.jpg','image/jpeg',203738,NULL,'2012-05-22 12:01:59','2012-05-22 12:01:59'),(670,93,'personnes19.jpg','image/jpeg',187534,NULL,'2012-05-22 12:01:59','2012-05-22 12:01:59'),(671,93,'personnes38.jpg','image/jpeg',133292,NULL,'2012-05-22 12:01:59','2012-05-22 12:01:59'),(672,93,'personnes29.jpg','image/jpeg',269233,NULL,'2012-05-22 12:01:59','2012-05-22 12:01:59'),(673,93,'personnes59.jpg','image/jpeg',234505,NULL,'2012-05-22 12:01:59','2012-05-22 12:01:59'),(674,93,'personnes31.jpg','image/jpeg',258459,NULL,'2012-05-22 12:01:59','2012-05-22 12:01:59'),(675,93,'personnes41.jpg','image/jpeg',124962,NULL,'2012-05-22 12:01:59','2012-05-22 12:01:59'),(676,93,'personnes11.jpg','image/jpeg',857875,NULL,'2012-05-22 12:01:59','2012-05-22 12:01:59'),(677,93,'personnes25.jpg','image/jpeg',219596,NULL,'2012-05-22 12:01:59','2012-05-22 12:01:59'),(678,93,'personnes03.jpg','image/jpeg',230475,NULL,'2012-05-22 12:01:59','2012-05-22 12:01:59'),(679,93,'personnes50.jpg','image/jpeg',245468,NULL,'2012-05-22 12:01:59','2012-05-22 12:01:59'),(680,93,'personnes12.jpg','image/jpeg',943243,NULL,'2012-05-22 12:01:59','2012-05-22 12:01:59'),(681,93,'personnes01.jpg','image/jpeg',236289,NULL,'2012-05-22 12:01:59','2012-05-22 12:01:59'),(682,93,'personnes18.jpg','image/jpeg',374363,NULL,'2012-05-22 12:01:59','2012-05-22 12:01:59'),(683,93,'personnes30.jpg','image/jpeg',160609,NULL,'2012-05-22 12:01:59','2012-05-22 12:01:59'),(684,93,'personnes22.jpg','image/jpeg',156361,NULL,'2012-05-22 12:01:59','2012-05-22 12:01:59'),(685,93,'personnes46.jpg','image/jpeg',260428,NULL,'2012-05-22 12:01:59','2012-05-22 12:01:59'),(686,93,'personnes06.jpg','image/jpeg',233585,NULL,'2012-05-22 12:01:59','2012-05-22 12:01:59'),(687,93,'personnes05.jpg','image/jpeg',320411,NULL,'2012-05-22 12:01:59','2012-05-22 12:01:59'),(688,93,'personnes16.jpg','image/jpeg',242111,NULL,'2012-05-22 12:01:59','2012-05-22 12:01:59'),(689,93,'personnes20.jpg','image/jpeg',92242,NULL,'2012-05-22 12:01:59','2012-05-22 12:01:59'),(690,93,'personnes33.jpg','image/jpeg',313180,NULL,'2012-05-22 12:01:59','2012-05-22 12:01:59'),(691,93,'personnes57.jpg','image/jpeg',54915,NULL,'2012-05-22 12:01:59','2012-05-22 12:01:59'),(692,93,'personnes48.jpg','image/jpeg',252250,NULL,'2012-05-22 12:01:59','2012-05-22 12:01:59'),(693,93,'personnes10.jpg','image/jpeg',1691796,NULL,'2012-05-22 12:01:59','2012-05-22 12:01:59'),(694,93,'personnes04.jpg','image/jpeg',432651,NULL,'2012-05-22 12:01:59','2012-05-22 12:01:59'),(695,93,'personnes07.jpg','image/jpeg',296529,NULL,'2012-05-22 12:01:59','2012-05-22 12:01:59'),(696,93,'personnes09.jpg','image/jpeg',684846,NULL,'2012-05-22 12:01:59','2012-05-22 12:01:59'),(697,97,'logolight.png','image/png',3838,NULL,'2012-05-22 12:01:59','2012-05-22 12:01:59'),(698,97,'logofulldark.png','image/png',8298,NULL,'2012-05-22 12:01:59','2012-05-22 12:01:59'),(699,97,'logofull.png','image/png',8216,NULL,'2012-05-22 12:01:59','2012-05-22 12:01:59'),(700,98,'logolight.png','image/png',2514,NULL,'2012-05-22 12:01:59','2012-05-22 12:01:59'),(701,98,'logofulldark.png','image/png',7836,NULL,'2012-05-22 12:01:59','2012-05-22 12:01:59'),(702,98,'logofull.png','image/png',7814,NULL,'2012-05-22 12:01:59','2012-05-22 12:01:59'),(703,99,'logo-ec.png','image/png',34072,NULL,'2012-05-22 12:01:59','2012-05-22 12:01:59'),(704,100,'logo-infinitis.png','image/png',419662,NULL,'2012-05-22 12:01:59','2012-05-22 12:01:59'),(705,101,'logo-lesechosfr.png','image/png',19988,NULL,'2012-05-22 12:01:59','2012-05-22 12:01:59'),(706,94,'generique-250x250.swf','application/x-shockwave-flash',224227,NULL,'2012-05-24 10:37:07','2012-05-24 10:37:07'),(707,94,'services-250x250.swf','application/x-shockwave-flash',7548,NULL,'2012-05-24 10:37:07','2012-05-24 10:37:07'),(708,94,'recrutement-250x250.swf','application/x-shockwave-flash',115265,NULL,'2012-05-24 10:37:07','2012-05-24 10:37:07'),(709,94,'espacecol-250x250.swf','application/x-shockwave-flash',45604,NULL,'2012-05-24 10:37:07','2012-05-24 10:37:07'),(710,94,'gestion-250x250.swf','application/x-shockwave-flash',39317,NULL,'2012-05-24 10:37:07','2012-05-24 10:37:07'),(711,94,'modulecrea-250x250.swf','application/x-shockwave-flash',165477,NULL,'2012-05-24 10:37:07','2012-05-24 10:37:07'),(712,102,'logo-cci.png','image/png',71023,NULL,'2012-05-24 10:37:07','2012-05-24 10:37:07'),(713,102,'logo-auto-entrepreneur.png','image/png',112121,NULL,'2012-05-24 10:37:07','2012-05-24 10:37:07'),(714,102,'logo-services_personne.png','image/png',60298,NULL,'2012-05-24 10:37:07','2012-05-24 10:37:07'),(715,102,'logo-apce.png','image/png',70777,NULL,'2012-05-24 10:37:07','2012-05-24 10:37:07'),(716,102,'logo-nacre.png','image/png',21927,NULL,'2012-05-24 10:37:07','2012-05-24 10:37:07'),(717,102,'logo-cma.png','image/png',48967,NULL,'2012-05-24 10:37:07','2012-05-24 10:37:07'),(718,104,'portrait_femme01.jpg','image/jpeg',80176,'754x754','2012-05-25 13:53:36','2012-05-29 14:16:07'),(719,104,'portrait_homme08.jpg','image/jpeg',81847,'754x754','2012-05-25 13:53:36','2012-05-29 14:16:08'),(720,104,'portrait_femme02.jpg','image/jpeg',89352,'754x754','2012-05-25 13:53:36','2012-05-29 14:16:07'),(721,104,'portrait_femme05.jpg','image/jpeg',74597,'754x754','2012-05-25 13:53:36','2012-05-29 14:16:07'),(722,104,'portrait_femme03.jpg','image/jpeg',99290,'754x754','2012-05-25 13:53:36','2012-05-29 14:16:07'),(723,104,'portrait_homme09.jpg','image/jpeg',71406,'754x754','2012-05-25 13:53:36','2012-05-29 14:16:08'),(724,104,'portrait_homme07.jpg','image/jpeg',67317,'754x754','2012-05-25 13:53:36','2012-05-29 14:16:08'),(725,104,'portrait_femme07.jpg','image/jpeg',64968,'754x754','2012-05-25 13:53:36','2012-05-29 14:16:08'),(726,104,'portrait_homme05.jpg','image/jpeg',56115,'754x754','2012-05-25 13:53:36','2012-05-29 14:16:08'),(727,104,'portrait_homme03.jpg','image/jpeg',64052,'754x754','2012-05-25 13:53:36','2012-05-29 14:16:08'),(728,104,'portrait_homme04.jpg','image/jpeg',71372,'754x754','2012-05-25 13:53:36','2012-05-29 14:16:08'),(729,104,'portrait_homme02.jpg','image/jpeg',66881,'754x754','2012-05-25 13:53:36','2012-05-29 14:16:08'),(730,104,'portrait_femme04.jpg','image/jpeg',84304,'754x754','2012-05-25 13:53:36','2012-05-29 14:16:07'),(731,104,'portrait_femme08.jpg','image/jpeg',92248,'754x754','2012-05-25 13:53:36','2012-05-29 14:16:08'),(732,104,'portrait_femme09.jpg','image/jpeg',82769,'754x754','2012-05-25 13:53:36','2012-05-29 14:16:08'),(733,104,'portrait_homme01.jpg','image/jpeg',58143,'754x754','2012-05-25 13:53:36','2012-05-29 14:16:08'),(734,104,'portrait_femme06.jpg','image/jpeg',107571,'754x754','2012-05-25 13:53:36','2012-05-29 14:16:07'),(735,104,'portrait_homme06.jpg','image/jpeg',54737,'754x754','2012-05-25 13:53:36','2012-05-29 14:16:08');
/*!40000 ALTER TABLE `dm_media` ENABLE KEYS */;
UNLOCK TABLES;

--
-- Dumping data for table `dm_media_folder`
--

LOCK TABLES `dm_media_folder` WRITE;
/*!40000 ALTER TABLE `dm_media_folder` DISABLE KEYS */;
INSERT INTO `dm_media_folder` (`id`, `rel_path`, `lft`, `rgt`, `level`) VALUES (1,'',1,90,0),(2,'assets',2,3,1),(3,'widget',4,5,1),(5,'equipe',6,7,1),(8,'sid_actu_article',8,9,1),(9,'sites_utiles',10,11,1),(21,'pubs',32,33,1),(23,'diaporama',34,35,1),(24,'page_cabinet',36,37,1),(25,'mission',38,39,1),(28,'renseignements',40,41,1),(29,'index_sites_utiles',42,43,1),(69,'_common',44,89,1),(83,'_common/videotheque',83,84,2),(84,'_common/phototheque',63,82,2),(85,'_common/phototheque/professionnel',80,81,3),(86,'_common/phototheque/alpin',78,79,3),(87,'_common/phototheque/maritime',76,77,3),(88,'_common/phototheque/urbain',74,75,3),(89,'_common/phototheque/technologique',72,73,3),(90,'_common/phototheque/zen',70,71,3),(91,'_common/phototheque/rural',68,69,3),(92,'_common/phototheque/graphique',66,67,3),(93,'_common/phototheque/personnes',64,65,3),(94,'_common/pubotheque',61,62,2),(95,'_common/logotheque',45,60,2),(96,'_common/logotheque/demoref',52,57,3),(97,'_common/logotheque/demoref/ec',55,56,4),(98,'_common/logotheque/demoref/cgp',53,54,4),(99,'_common/logotheque/expert-comptable',50,51,3),(100,'_common/logotheque/infinitis',48,49,3),(101,'_common/logotheque/lesechos',46,47,3),(102,'_common/logotheque/organismes',58,59,3),(103,'_common/demotheque',85,88,2),(104,'_common/demotheque/equipe',86,87,3);
/*!40000 ALTER TABLE `dm_media_folder` ENABLE KEYS */;
UNLOCK TABLES;

--
-- Dumping data for table `dm_media_translation`
--

LOCK TABLES `dm_media_translation` WRITE;
/*!40000 ALTER TABLE `dm_media_translation` DISABLE KEYS */;
INSERT INTO `dm_media_translation` (`id`, `legend`, `author`, `license`, `lang`) VALUES (3,NULL,NULL,NULL,'fr'),(4,'','','','fr'),(102,NULL,NULL,NULL,'fr'),(103,NULL,NULL,NULL,'fr'),(104,'','','','fr'),(105,'','','','fr'),(106,'','','','fr'),(107,'','','','fr'),(112,'','','','fr'),(160,'','','','fr'),(161,'','','','fr'),(162,'','','','fr'),(163,'','','','fr'),(164,'','','','fr'),(165,'','','','fr'),(166,'','','','fr'),(186,NULL,NULL,NULL,'fr'),(187,NULL,NULL,NULL,'fr'),(188,NULL,NULL,NULL,'fr'),(189,NULL,NULL,NULL,'fr'),(190,NULL,NULL,NULL,'fr'),(191,NULL,NULL,NULL,'fr'),(192,NULL,NULL,NULL,'fr'),(193,NULL,NULL,NULL,'fr'),(194,NULL,NULL,NULL,'fr'),(195,NULL,NULL,NULL,'fr'),(196,NULL,NULL,NULL,'fr'),(206,NULL,NULL,NULL,'fr'),(207,NULL,NULL,NULL,'fr'),(208,NULL,NULL,NULL,'fr'),(209,NULL,NULL,NULL,'fr'),(210,NULL,NULL,NULL,'fr'),(211,NULL,NULL,NULL,'fr'),(212,NULL,NULL,NULL,'fr'),(213,NULL,NULL,NULL,'fr'),(214,NULL,NULL,NULL,'fr'),(215,NULL,NULL,NULL,'fr'),(216,NULL,NULL,NULL,'fr'),(217,NULL,NULL,NULL,'fr');
/*!40000 ALTER TABLE `dm_media_translation` ENABLE KEYS */;
UNLOCK TABLES;

--
-- Dumping data for table `dm_page`
--

LOCK TABLES `dm_page` WRITE;
/*!40000 ALTER TABLE `dm_page` DISABLE KEYS */;
INSERT INTO `dm_page` (`id`, `module`, `action`, `record_id`, `credentials`, `lft`, `rgt`, `level`) VALUES (1,'main','root',0,'',1,636,0),(2,'main','error404',0,NULL,4,5,1),(3,'main','signin',0,NULL,2,3,1),(5,'rubrique','list',0,'',6,435,1),(1548,'main','contact',0,NULL,436,437,1),(1591,'main','search',0,NULL,438,439,1),(1595,'mission','list',0,'',480,497,1),(1658,'pageCabinet','list',0,'',543,548,2),(3216,'groupeSitesUtiles','list',0,'',615,630,2),(5400,'recrutement','list',0,'',557,562,2),(5401,'recrutement','show',1,'',558,559,3),(5402,'recrutement','show',2,'',560,561,3),(6555,'sidActuArticle','list',0,'',549,556,2),(6561,'main','filDActualite',0,'',534,535,1),(8418,'main','planDuSite',0,NULL,536,537,1),(18747,'sidActuArticle','show',31,NULL,550,551,3),(18748,'sidActuArticle','show',30,NULL,552,553,3),(18749,'sidActuArticle','show',29,NULL,554,555,3),(20936,'main','presentationDuCabinet',0,'',542,573,1),(23103,'main','bourse',0,'',631,632,2),(23210,'indexSitesUtiles','list',0,NULL,574,577,1),(23213,'renseignements','list',0,'',563,570,2),(23214,'renseignements','show',2,'',564,565,3),(23215,'renseignements','show',3,NULL,566,567,3),(23216,'renseignements','show',4,NULL,568,569,3),(23217,'indexSitesUtiles','show',1,NULL,575,576,2),(23218,'main','planDAcces',0,'',571,572,2),(25518,'main','simulateurs',0,'',581,614,2),(25519,'main','valeurAcquiseParUnCapitalPlaceAInteretsComposesPendantUneDureeDeterminee',0,NULL,582,583,3),(25520,'main','valeurAcquiseParUneSuiteDeVersementsConstants',0,NULL,584,585,3),(25521,'main','tauxDeRendementDUnCapital',0,NULL,586,587,3),(25522,'main','tauxDeRendementDUneSuiteDeVersement',0,NULL,588,589,3),(25523,'main','calculDuCapitalEmprunte',0,NULL,590,591,3),(25524,'main','calculDeLaDureeSelonVotreCapaciteDeRemboursement',0,NULL,592,593,3),(25525,'main','calculDuVersementPeriodique',0,NULL,594,595,3),(25526,'main','calculDuTaux',0,NULL,596,597,3),(25527,'main','calculDesLoyersConstants',0,NULL,598,599,3),(25528,'main','calculDuTauxReelCoutReelDuCreditBail',0,NULL,600,601,3),(25529,'main','calculDeLaDuree',0,NULL,602,603,3),(25530,'main','absencesEtCongesDuSalarie',0,NULL,604,605,3),(25531,'main','correspondanceJoursOuvresJoursOuvrables',0,NULL,606,607,3),(25532,'main','seuilDeRentabiliteEstimationRapide',0,NULL,608,609,3),(25533,'main','calculDesFraisKilometriquesVehiculesAutomobiles',0,NULL,610,611,3),(25534,'main','versementTransport',0,NULL,612,613,3),(28917,'selectionPlacement','list',0,NULL,578,579,1),(31873,'pageCabinet','show',4,NULL,544,545,3),(31874,'pageCabinet','show',5,NULL,546,547,3),(31875,'mission','show',16,NULL,483,484,2),(31876,'mission','show',17,NULL,485,486,2),(31877,'mission','show',18,NULL,487,488,2),(31878,'mission','show',19,NULL,489,490,2),(31879,'mission','show',20,NULL,491,492,2),(31880,'mission','show',21,NULL,493,494,2),(31881,'mission','show',22,NULL,495,496,2),(31883,'rubrique','show',78,NULL,7,60,2),(31884,'rubrique','show',79,'',61,344,2),(31885,'rubrique','show',80,NULL,345,408,2),(31886,'rubrique','show',81,NULL,409,434,2),(31890,'section','show',665,NULL,8,55,3),(31891,'section','show',666,NULL,56,59,3),(31892,'section','show',667,'',62,329,3),(31893,'section','show',668,'',330,335,3),(31894,'section','show',669,'',336,343,3),(31895,'section','show',670,NULL,346,403,3),(31896,'section','show',671,NULL,404,407,3),(31897,'section','show',672,NULL,410,423,3),(31898,'section','show',673,NULL,424,433,3),(32098,'main','outilsPratiques',0,NULL,580,633,1),(32101,'article','show',22936,NULL,9,10,4),(32102,'article','show',22937,NULL,11,12,4),(32103,'article','show',22938,NULL,13,14,4),(32104,'article','show',22939,NULL,15,16,4),(32105,'article','show',22940,NULL,17,18,4),(32106,'article','show',22941,NULL,19,20,4),(32107,'article','show',22942,NULL,21,22,4),(32108,'article','show',22943,NULL,23,24,4),(32109,'article','show',22944,NULL,25,26,4),(32110,'article','show',22945,NULL,27,28,4),(32111,'article','show',22946,NULL,29,30,4),(32112,'article','show',22947,NULL,31,32,4),(32113,'article','show',22948,NULL,33,34,4),(32114,'article','show',22949,NULL,35,36,4),(32115,'article','show',22950,NULL,37,38,4),(32116,'article','show',22951,NULL,39,40,4),(32117,'article','show',22952,NULL,41,42,4),(32118,'article','show',22953,NULL,43,44,4),(32119,'article','show',22954,NULL,45,46,4),(32120,'article','show',22955,NULL,47,48,4),(32121,'article','show',22956,NULL,49,50,4),(32122,'article','show',22957,NULL,51,52,4),(32123,'article','show',22958,NULL,57,58,4),(32124,'article','show',22959,NULL,321,322,4),(32125,'article','show',22960,NULL,63,64,4),(32126,'article','show',22961,NULL,65,66,4),(32127,'article','show',22962,NULL,67,68,4),(32128,'article','show',22963,NULL,69,70,4),(32129,'article','show',22964,NULL,71,72,4),(32130,'article','show',22965,NULL,73,74,4),(32131,'article','show',22966,NULL,75,76,4),(32132,'article','show',22967,NULL,77,78,4),(32133,'article','show',22968,NULL,79,80,4),(32134,'article','show',22969,NULL,81,82,4),(32135,'article','show',22970,NULL,83,84,4),(32136,'article','show',22971,NULL,85,86,4),(32137,'article','show',22972,NULL,87,88,4),(32138,'article','show',22973,NULL,89,90,4),(32139,'article','show',22974,NULL,91,92,4),(32140,'article','show',22975,NULL,93,94,4),(32141,'article','show',22976,NULL,95,96,4),(32142,'article','show',22977,NULL,97,98,4),(32143,'article','show',22978,NULL,99,100,4),(32144,'article','show',22979,NULL,101,102,4),(32145,'article','show',22980,NULL,103,104,4),(32146,'article','show',22981,NULL,105,106,4),(32147,'article','show',22982,NULL,107,108,4),(32148,'article','show',22983,NULL,109,110,4),(32149,'article','show',22984,NULL,111,112,4),(32150,'article','show',22985,NULL,113,114,4),(32151,'article','show',22986,NULL,115,116,4),(32152,'article','show',22987,NULL,117,118,4),(32153,'article','show',22988,NULL,119,120,4),(32154,'article','show',22989,NULL,121,122,4),(32155,'article','show',22990,NULL,123,124,4),(32156,'article','show',22991,NULL,125,126,4),(32157,'article','show',22992,NULL,127,128,4),(32158,'article','show',22993,NULL,129,130,4),(32159,'article','show',22994,NULL,131,132,4),(32160,'article','show',22995,NULL,133,134,4),(32161,'article','show',22996,NULL,135,136,4),(32162,'article','show',22997,NULL,137,138,4),(32163,'article','show',22998,NULL,139,140,4),(32164,'article','show',22999,NULL,141,142,4),(32165,'article','show',23000,NULL,143,144,4),(32166,'article','show',23001,NULL,145,146,4),(32167,'article','show',23002,NULL,147,148,4),(32168,'article','show',23003,NULL,149,150,4),(32169,'article','show',23004,NULL,151,152,4),(32170,'article','show',23005,NULL,153,154,4),(32171,'article','show',23006,NULL,155,156,4),(32172,'article','show',23007,NULL,157,158,4),(32173,'article','show',23008,NULL,159,160,4),(32174,'article','show',23009,NULL,161,162,4),(32175,'article','show',23010,NULL,163,164,4),(32176,'article','show',23011,NULL,165,166,4),(32177,'article','show',23012,NULL,167,168,4),(32178,'article','show',23013,NULL,169,170,4),(32179,'article','show',23014,NULL,171,172,4),(32180,'article','show',23015,NULL,173,174,4),(32181,'article','show',23016,NULL,175,176,4),(32182,'article','show',23017,NULL,177,178,4),(32183,'article','show',23018,NULL,179,180,4),(32184,'article','show',23019,NULL,181,182,4),(32185,'article','show',23020,NULL,183,184,4),(32186,'article','show',23021,NULL,185,186,4),(32187,'article','show',23022,NULL,187,188,4),(32188,'article','show',23023,NULL,189,190,4),(32189,'article','show',23024,NULL,191,192,4),(32190,'article','show',23025,NULL,193,194,4),(32191,'article','show',23026,NULL,195,196,4),(32192,'article','show',23027,NULL,197,198,4),(32193,'article','show',23028,NULL,199,200,4),(32194,'article','show',23029,NULL,201,202,4),(32195,'article','show',23030,NULL,203,204,4),(32196,'article','show',23031,NULL,205,206,4),(32197,'article','show',23032,NULL,207,208,4),(32198,'article','show',23033,NULL,209,210,4),(32199,'article','show',23034,NULL,211,212,4),(32200,'article','show',23035,NULL,213,214,4),(32201,'article','show',23036,NULL,215,216,4),(32202,'article','show',23037,NULL,217,218,4),(32203,'article','show',23038,NULL,219,220,4),(32204,'article','show',23039,NULL,221,222,4),(32205,'article','show',23040,NULL,223,224,4),(32206,'article','show',23041,NULL,225,226,4),(32207,'article','show',23042,NULL,227,228,4),(32208,'article','show',23043,NULL,229,230,4),(32209,'article','show',23044,NULL,231,232,4),(32210,'article','show',23045,NULL,233,234,4),(32211,'article','show',23046,NULL,235,236,4),(32212,'article','show',23047,NULL,237,238,4),(32213,'article','show',23048,NULL,239,240,4),(32214,'article','show',23049,NULL,241,242,4),(32215,'article','show',23050,NULL,243,244,4),(32216,'article','show',23051,NULL,245,246,4),(32217,'article','show',23052,NULL,247,248,4),(32218,'article','show',23053,NULL,249,250,4),(32219,'article','show',23054,NULL,251,252,4),(32220,'article','show',23055,NULL,253,254,4),(32221,'article','show',23056,NULL,255,256,4),(32222,'article','show',23057,NULL,257,258,4),(32223,'article','show',23058,NULL,259,260,4),(32224,'article','show',23059,NULL,261,262,4),(32225,'article','show',23060,NULL,263,264,4),(32226,'article','show',23061,NULL,265,266,4),(32227,'article','show',23062,NULL,267,268,4),(32228,'article','show',23063,NULL,269,270,4),(32229,'article','show',23064,NULL,271,272,4),(32230,'article','show',23065,NULL,273,274,4),(32231,'article','show',23066,NULL,275,276,4),(32232,'article','show',23067,NULL,277,278,4),(32233,'article','show',23068,NULL,279,280,4),(32234,'article','show',23069,NULL,281,282,4),(32235,'article','show',23070,NULL,283,284,4),(32236,'article','show',23071,NULL,285,286,4),(32237,'article','show',23072,NULL,287,288,4),(32238,'article','show',23073,NULL,289,290,4),(32239,'article','show',23074,NULL,291,292,4),(32240,'article','show',23075,NULL,293,294,4),(32241,'article','show',23076,NULL,295,296,4),(32242,'article','show',23077,NULL,297,298,4),(32243,'article','show',23078,NULL,299,300,4),(32244,'article','show',23079,NULL,301,302,4),(32245,'article','show',23080,NULL,303,304,4),(32246,'article','show',23081,NULL,305,306,4),(32247,'article','show',23082,NULL,307,308,4),(32248,'article','show',23083,NULL,309,310,4),(32249,'article','show',23084,NULL,311,312,4),(32250,'article','show',23085,NULL,313,314,4),(32251,'article','show',23086,NULL,333,334,4),(32252,'article','show',23087,NULL,331,332,4),(32253,'article','show',23088,NULL,341,342,4),(32254,'article','show',23089,NULL,337,338,4),(32255,'article','show',23090,NULL,339,340,4),(32256,'article','show',23091,NULL,381,382,4),(32257,'article','show',23092,NULL,383,384,4),(32258,'article','show',23093,NULL,385,386,4),(32259,'article','show',23094,NULL,389,390,4),(32260,'article','show',23095,NULL,391,392,4),(32261,'article','show',23096,NULL,393,394,4),(32262,'article','show',23097,NULL,397,398,4),(32263,'article','show',23098,NULL,347,348,4),(32264,'article','show',23099,NULL,349,350,4),(32265,'article','show',23100,NULL,351,352,4),(32266,'article','show',23101,NULL,353,354,4),(32267,'article','show',23102,NULL,355,356,4),(32268,'article','show',23103,NULL,357,358,4),(32269,'article','show',23104,NULL,359,360,4),(32270,'article','show',23105,NULL,361,362,4),(32271,'article','show',23106,NULL,363,364,4),(32272,'article','show',23107,NULL,365,366,4),(32273,'article','show',23108,NULL,367,368,4),(32274,'article','show',23109,NULL,369,370,4),(32275,'article','show',23110,NULL,371,372,4),(32276,'article','show',23111,NULL,373,374,4),(32277,'article','show',23112,NULL,375,376,4),(32278,'article','show',23113,NULL,377,378,4),(32279,'article','show',23114,NULL,379,380,4),(32280,'article','show',23115,NULL,405,406,4),(32281,'article','show',23116,NULL,417,418,4),(32282,'article','show',23117,NULL,411,412,4),(32283,'article','show',23118,NULL,419,420,4),(32284,'article','show',23119,NULL,421,422,4),(32285,'article','show',23120,NULL,413,414,4),(32286,'article','show',23121,NULL,415,416,4),(32287,'article','show',23122,NULL,427,428,4),(32288,'article','show',23123,NULL,429,430,4),(32289,'article','show',23124,NULL,431,432,4),(32290,'article','show',23125,NULL,425,426,4),(32291,'groupeSitesUtiles','show',7,NULL,616,629,3),(32292,'sitesUtiles','show',16,NULL,617,618,4),(32293,'sitesUtiles','show',17,NULL,619,620,4),(32294,'sitesUtiles','show',18,NULL,621,622,4),(32295,'sitesUtiles','show',19,NULL,623,624,4),(32296,'sitesUtiles','show',20,NULL,625,626,4),(32297,'sitesUtiles','show',21,NULL,627,628,4),(32298,'article','show',23126,NULL,315,316,4),(32299,'article','show',23127,NULL,317,318,4),(32300,'article','show',23128,NULL,319,320,4),(32301,'article','show',23129,NULL,387,388,4),(32302,'main','mentionsLegales',0,NULL,634,635,1),(32303,'article','show',23130,NULL,53,54,4),(32304,'article','show',23131,NULL,323,324,4),(32305,'article','show',23132,NULL,325,326,4),(32306,'article','show',23133,NULL,395,396,4),(32307,'article','show',23134,NULL,327,328,4),(32308,'article','show',23135,NULL,399,400,4),(32309,'article','show',23136,NULL,401,402,4);
/*!40000 ALTER TABLE `dm_page` ENABLE KEYS */;
UNLOCK TABLES;

--
-- Dumping data for table `dm_page_translation`
--

LOCK TABLES `dm_page_translation` WRITE;
/*!40000 ALTER TABLE `dm_page_translation` DISABLE KEYS */;
INSERT INTO `dm_page_translation` (`id`, `slug`, `name`, `title`, `h1`, `description`, `keywords`, `auto_mod`, `is_active`, `is_secure`, `is_indexable`, `is_visible_bread_crumb`, `group_page`, `lang`) VALUES (1,'','Accueil','Accueil','','','','snthdk',1,0,1,1,NULL,'fr'),(2,'page_introuvable_404','Page introuvable','Page introuvable',NULL,NULL,NULL,'snthdk',1,0,1,1,NULL,'fr'),(3,'Connexion','Connexion','Connexion',NULL,NULL,NULL,'snthdk',1,0,1,1,NULL,'fr'),(5,'infos-de-gestion','Infos de gestion','Infos de gestion','','Infos de gestion','','snthdk',0,0,0,1,'','fr'),(1548,'contact','Contact','Contact',NULL,NULL,NULL,'snthdk',1,0,1,1,NULL,'fr'),(1591,'search','Recherche : rsultats','Recherche : rsultats',NULL,NULL,NULL,'snthdk',1,0,1,1,NULL,'fr'),(1595,'nos-services','Nos Services','Nos Services','','Nos Services','','snthdk',1,0,1,1,'','fr'),(1658,'le-cabinet/presentation-du-cabinet','Prsentation du cabinet','Prsentation du cabinet','','Prsentation du cabinet','','snthdk',1,0,1,1,NULL,'fr'),(3216,'outils-pratiques/sites-utiles','Sites utiles','Les sites utiles','','Les sites utiles','','snthdk',1,0,1,1,'','fr'),(5400,'le-cabinet/recrutements','Recrutements','Recrutements','','Recrutements','','snthdk',1,0,1,1,NULL,'fr'),(5401,'le-cabinet/recrutements/collaborateur-paie-comptabilite-en-cdi','Collaborateur Paie Comptabilit, en CDI','Collaborateur Paie Comptabilit, en CDI','','<h5>\n	<u>Le poste:<br />\n	</u></h5>\n<p>\n	<br />\n	Dans le cadre dun accroissement de notre activit Paie et Gestion sociale, nous recherchons ','','snthk',1,0,1,1,NULL,'fr'),(5402,'le-cabinet/recrutements/collaborateur-comptable-en-cdd','Collaborateur comptable, en CDD','Collaborateur comptable, en CDD','','<h5>\n	<u>Le poste :</u></h5>\n<p>\n	<br />\n	Dans le cadre dun remplacement dune personne en cong maternit, nous recherchons un c','','nthk',1,0,1,1,NULL,'fr'),(6555,'le-cabinet/actualite-cabinet','Actualits du Cabinet','Actualits du Cabinet','','Actualits du Cabinet','','snthdk',1,0,1,1,NULL,'fr'),(6561,'fil-dactualite','Fil d\'actualit','Fil d\'actualit','','','','snthdk',1,0,1,1,NULL,'fr'),(8418,'plan-du-site','Plan du site','Plan du site',NULL,NULL,NULL,'snthdk',1,0,1,1,NULL,'fr'),(18747,'le-cabinet/actualite-cabinet/le-cabinet-est-partenaire-des-createurs-d-entreprise','Le Cabinet est partenaire des crateurs d\'entreprise','Le Cabinet est partenaire des crateurs d\'entreprise',NULL,'Vous tes partenaire d\'vnements ou de salons dans votre rgion? Faites-le savoir  vos clients et contacts en publiant l\'information sur votre site Internet!',NULL,'snthdk',1,0,1,1,NULL,'fr'),(18748,'le-cabinet/actualite-cabinet/le-cabinet-accueille-un-nouveau-collaborateur','Le Cabinet accueille un nouveau collaborateur','Le Cabinet accueille un nouveau collaborateur',NULL,'Vous voulez annoncer l\'arrive d\'un nouveau collaborateur ? Vous venez de racheter un Cabinet ? Vous souhaitez proposer  vos clients une nouvelle offre de serv',NULL,'snthdk',1,0,1,1,NULL,'fr'),(18749,'le-cabinet/actualite-cabinet/invitation-a-la-reunion-loi-de-finances','Invitation  la runion \"Loi de finances\"','Invitation  la runion \"Loi de finances\"',NULL,'Vous organisez une runion spciale \"Loi de finances\" pour vos clients? Diffusez l\'information sur votre site Internet et proposez-leur de tlcharger le progra',NULL,'snthdk',1,0,1,1,NULL,'fr'),(20936,'le-cabinet','Le Cabinet','Le Cabinet','','','','snthdk',1,0,1,1,NULL,'fr'),(23103,'outils-pratiques/bourse','Bourse','Bourse','','Bourse','','snthdk',1,0,1,1,'','fr'),(23210,'la-page-d-accueil-des-sites-utiles','La page d\'accueil des sites utiles','La page d\'accueil des sites utiles',NULL,'La page d\'accueil des sites utiles',NULL,'snthdk',1,0,1,1,NULL,'fr'),(23213,'le-cabinet/notre-equipe','Notre quipe','Notre quipe','','Notre quipe','','snthdk',1,0,1,1,NULL,'fr'),(23214,'le-cabinet/notre-equipe/cabinet-tenor-expert-comptable','Cabinet 1','Cabinet 1','','Cabinet 1','','nthdk',1,0,1,1,NULL,'fr'),(23215,'le-cabinet/notre-equipe/cabinet-2','Cabinet 2','Cabinet 2',NULL,'Cabinet 2',NULL,'snthdk',1,0,1,1,NULL,'fr'),(23216,'le-cabinet/notre-equipe/cabinet-3','Cabinet 3','Cabinet 3',NULL,'Cabinet 3',NULL,'snthdk',1,0,1,1,NULL,'fr'),(23217,'la-page-d-accueil-des-sites-utiles/nos-sites-utiles','Nos sites utiles','Nos sites utiles',NULL,'Vous trouverez ici les sites que nous consid&eacute;rons comme utiles.&nbsp;Des sites gouvernementaux en passant par des sites utiles &agrave; la vie de votre e',NULL,'snthdk',1,0,1,1,NULL,'fr'),(23218,'le-cabinet/plan-dacces','Plan d\'accs','Plan d\'accs','','Plan d\'accs','','snthdk',1,0,1,1,NULL,'fr'),(25518,'outils-pratiques/simulateurs','Simulateurs','Simulateurs','','','','snthdk',1,0,1,1,'','fr'),(25519,'outils-pratiques/simulateurs/valeur-acquise-par-un-capital-place-a-interets-composes-pendant-une-duree-determinee','Valeur acquise par un capital plac  intrts composs pendant une dure dtermine ','Valeur acquise par un capital plac  intrts composs pendant une dure dtermine ',NULL,NULL,NULL,'snthdk',1,0,1,1,NULL,'fr'),(25520,'outils-pratiques/simulateurs/valeur-acquise-par-une-suite-de-versements-constants','Valeur acquise par une suite de versements constants','Valeur acquise par une suite de versements constants',NULL,NULL,NULL,'snthdk',1,0,1,1,NULL,'fr'),(25521,'outils-pratiques/simulateurs/taux-de-rendement-dun-capital','Taux de rendement d\'un capital ','Taux de rendement d\'un capital ',NULL,NULL,NULL,'snthdk',1,0,1,1,NULL,'fr'),(25522,'outils-pratiques/simulateurs/taux-de-rendement-dune-suite-de-versement','Taux de rendement d\'une suite de versement ','Taux de rendement d\'une suite de versement ',NULL,NULL,NULL,'snthdk',1,0,1,1,NULL,'fr'),(25523,'outils-pratiques/simulateurs/calcul-du-capital-emprunte','Calcul du capital emprunt ','Calcul du capital emprunt ',NULL,NULL,NULL,'snthdk',1,0,1,1,NULL,'fr'),(25524,'outils-pratiques/simulateurs/calcul-de-la-duree-selon-votre-capacite-de-remboursement','Calcul de la dure (selon votre capacit de remboursement) ','Calcul de la dure (selon votre capacit de remboursement) ',NULL,NULL,NULL,'snthdk',1,0,1,1,NULL,'fr'),(25525,'outils-pratiques/simulateurs/calcul-du-versement-periodique','Calcul du versement priodique ','Calcul du versement priodique ',NULL,NULL,NULL,'snthdk',1,0,1,1,NULL,'fr'),(25526,'outils-pratiques/simulateurs/calcul-du-taux','Calcul du taux ','Calcul du taux ',NULL,NULL,NULL,'snthdk',1,0,1,1,NULL,'fr'),(25527,'outils-pratiques/simulateurs/calcul-des-loyers-constants','Calcul des loyers (constants) ','Calcul des loyers (constants) ',NULL,NULL,NULL,'snthdk',1,0,1,1,NULL,'fr'),(25528,'outils-pratiques/simulateurs/calcul-du-taux-reel-cout-reel-du-credit-bail','Calcul du taux rel (cot rel du crdit-bail) ','Calcul du taux rel (cot rel du crdit-bail) ',NULL,NULL,NULL,'snthdk',1,0,1,1,NULL,'fr'),(25529,'outils-pratiques/simulateurs/calcul-de-la-duree','Calcul de la dure','Calcul de la dure',NULL,NULL,NULL,'snthdk',1,0,1,1,NULL,'fr'),(25530,'outils-pratiques/simulateurs/absences-et-conges-du-salarie','Absences et congs du salari ','Absences et congs du salari ',NULL,NULL,NULL,'snthdk',1,0,1,1,NULL,'fr'),(25531,'outils-pratiques/simulateurs/correspondance-jours-ouvres/jours-ouvrables','Correspondance jours ouvrs/jours ouvrables ','Correspondance jours ouvrs/jours ouvrables ',NULL,NULL,NULL,'snthdk',1,0,1,1,NULL,'fr'),(25532,'outils-pratiques/simulateurs/seuil-de-rentabilite-estimation-rapide','Seuil de rentabilit (estimation rapide) ','Seuil de rentabilit (estimation rapide) ',NULL,NULL,NULL,'snthdk',1,0,1,1,NULL,'fr'),(25533,'outils-pratiques/simulateurs/calcul-des-frais-kilometriques-vehicules-automobiles','Calcul des frais kilomtriques : vhicules automobiles','Calcul des frais kilomtriques : vhicules automobiles',NULL,NULL,NULL,'snthdk',1,0,1,1,NULL,'fr'),(25534,'outils-pratiques/simulateurs/versement-transport','Versement transport ','Versement transport ',NULL,NULL,NULL,'snthdk',1,0,1,1,NULL,'fr'),(28917,'notre-selection-de-placements','Notre slection de placements','Notre slection de placements',NULL,'Notre slection de placements',NULL,'snthdk',1,0,1,1,NULL,'fr'),(31873,'le-cabinet/presentation-du-cabinet/presentation-du-cabinet','Prsentation du Cabinet','Prsentation du Cabinet',NULL,'{{Nomcabinet}} se pr&eacute;vaut, &agrave; ce titre, d&#39;une analyse objective du march&eacute; pour pr&eacute;senter &agrave; sa client&egrave;le une offre c',NULL,'snthdk',1,0,1,1,NULL,'fr'),(31874,'le-cabinet/presentation-du-cabinet/notre-metier','Notre mtier','Notre mtier',NULL,'Nous sommes ind&eacute;pendants, c&#39;est-&agrave;-dire que nous ne sommes attach&eacute;s &agrave; aucun organisme ou produit en particulier. Nous avons donc ',NULL,'snthdk',1,0,1,1,NULL,'fr'),(31875,'nos-services/l-audit-patrimonial','L\'audit patrimonial','L\'audit patrimonial',NULL,'Cet audit nous permettra, en fonction de vos choix, de construire votre architecture patrimoniale, puis de vous conseiller et de g&eacute;rer les diff&eacute;re',NULL,'snthdk',1,0,1,1,NULL,'fr'),(31876,'nos-services/les-placements-financiers','Les placements financiers','Les placements financiers',NULL,'Cette activit&eacute; &laquo;&nbsp;multi-gestion&nbsp;&raquo; est une activit&eacute; &agrave; valeur ajout&eacute;e car elle est diversifi&eacute;e, s&eacute;c',NULL,'snthdk',1,0,1,1,NULL,'fr'),(31877,'nos-services/l-assurance-vie','L\'assurance-vie','L\'assurance-vie',NULL,'Le {{Nomcabinet}} vous aide &agrave; choisir parmi les supports d&#39;&eacute;pargne en s&eacute;lectionnant les mieux adapt&eacute;s &agrave; votre profil d&#3',NULL,'snthdk',1,0,1,1,NULL,'fr'),(31878,'nos-services/les-investissements-immobiliers','Les investissements immobiliers','Les investissements immobiliers',NULL,'Le bien immobilier peut &ecirc;tre neuf ou ancien. Dans la majorit&eacute; des cas, l&#39;achat du bien immobilier se fait &agrave; cr&eacute;dit, et les loyers',NULL,'snthdk',1,0,1,1,NULL,'fr'),(31879,'nos-services/la-transmission-de-patrimoine-optimisation-financiere-civile-fiscale','La transmission de patrimoine (optimisation financire, civile, fiscale)','La transmission de patrimoine (optimisation financire, civile, fiscale)',NULL,'Vous pouvez &eacute;galement souhaiter transmettre la propri&eacute;t&eacute; sans perdre la facult&eacute; de l&#39;utiliser gr&acirc;ce &agrave; l&#39;utilisa',NULL,'snthdk',1,0,1,1,NULL,'fr'),(31880,'nos-services/les-services-aux-professionnels','Les services aux professionnels','Les services aux professionnels',NULL,'Voici quelques exemples de nos domaines d&#39;expertise&nbsp;:\r\n\r\n	\r\n		Optimisation financi&egrave;re et fiscale de la gestion de tr&eacute;sorerie&nbsp;;\r\n	\r\n	',NULL,'snthdk',1,0,1,1,NULL,'fr'),(31881,'nos-services/le-service-family-office','Le service \"Family Office\"','Le service \"Family Office\"',NULL,'Le {{Nomcabinet}} aide toute la famille &agrave; trouver les meilleurs placements. La notion de long terme est essentielle dans vos choix, ainsi que la n&eacute',NULL,'snthdk',1,0,1,1,NULL,'fr'),(31883,'infos-de-gestion/famille','Famille','Famille',NULL,'famille',NULL,'hk',1,0,0,1,NULL,'fr'),(31884,'infos-de-gestion/fiscalite','Fiscalit','Fiscalit','','Fiscalit','','hk',1,0,0,1,'','fr'),(31885,'infos-de-gestion/immobilier','Immobilier','Immobilier',NULL,'immobilier',NULL,'hk',1,0,0,1,NULL,'fr'),(31886,'infos-de-gestion/placement','Placement','Placement',NULL,'placement',NULL,'hk',1,0,0,1,NULL,'fr'),(31890,'infos-de-gestion/famille/actualites','actualits','actualits',NULL,'actualits',NULL,'hk',1,0,0,1,NULL,'fr'),(31891,'infos-de-gestion/famille/questions-reponses','questions/rponses','questions/rponses',NULL,'questions/rponses',NULL,'hk',1,0,0,1,NULL,'fr'),(31892,'infos-de-gestion/fiscalite/actualites','Actualits','Actualits','','actualits','','hk',1,0,0,1,'','fr'),(31893,'infos-de-gestion/fiscalite/dossiers','Dossiers','Dossiers','','dossiers','','hk',1,0,0,1,'','fr'),(31894,'infos-de-gestion/fiscalite/questions-reponses','Questions/rponses','Questions/rponses','','questions/rponses','','hk',1,0,0,1,'','fr'),(31895,'infos-de-gestion/immobilier/actualites','Actualits','Actualits',NULL,'actualits',NULL,'hk',1,0,0,1,NULL,'fr'),(31896,'infos-de-gestion/immobilier/questions-reponses','Questions/rponses','Questions/rponses',NULL,'questions/rponses',NULL,'hk',1,0,0,1,NULL,'fr'),(31897,'infos-de-gestion/placement/actualites','actualits','actualits',NULL,'actualits',NULL,'hk',1,0,0,1,NULL,'fr'),(31898,'infos-de-gestion/placement/dossiers','dossiers','dossiers',NULL,'dossiers',NULL,'hk',1,0,0,1,NULL,'fr'),(32098,'outils-pratiques','Outils pratiques','Outils pratiques',NULL,NULL,NULL,'snthdk',1,0,1,1,NULL,'fr'),(32101,'infos-de-gestion/famille/actualites/assouplissement-du-dispositif-d-exoneration-des-dons-de-sommes-d-argent','Assouplissement du dispositif d\'exonration des dons de sommes d\'argent','Assouplissement du dispositif d\'exonration des dons de sommes d\'argent',NULL,'Assouplissement du dispositif d\'exonration des dons de sommes d\'argent',NULL,'snthdk',1,0,0,1,NULL,'fr'),(32102,'infos-de-gestion/famille/actualites/don-manuel-repoussez-le-paiement-de-vos-droits-de-donation','Don manuel : repoussez le paiement de vos droits de donation !','Don manuel : repoussez le paiement de vos droits de donation !',NULL,'Don manuel : repoussez le paiement de vos droits de donation !',NULL,'snthdk',1,0,0,1,NULL,'fr'),(32103,'infos-de-gestion/famille/actualites/les-incidences-d-une-donation-avec-reserve-d-usufruit','Les incidences d\'une donation avec rserve d\'usufruit','Les incidences d\'une donation avec rserve d\'usufruit',NULL,'Les incidences d\'une donation avec rserve d\'usufruit',NULL,'snthdk',1,0,0,1,NULL,'fr'),(32104,'infos-de-gestion/famille/actualites/un-epoux-peut-il-s-affranchir-du-remboursement-d-un-emprunt','Un poux peut-il s\'affranchir du remboursement d\'un emprunt ?','Un poux peut-il s\'affranchir du remboursement d\'un emprunt ?',NULL,'Un poux peut-il s\'affranchir du remboursement d\'un emprunt ?',NULL,'snthdk',1,0,0,1,NULL,'fr'),(32105,'infos-de-gestion/famille/actualites/quelle-est-la-valeur-d-un-acte-non-signe-par-le-notaire','Quelle est la valeur d\'un acte non sign par le notaire?','Quelle est la valeur d\'un acte non sign par le notaire?',NULL,'Quelle est la valeur d\'un acte non sign par le notaire?',NULL,'snthdk',1,0,0,1,NULL,'fr'),(32106,'infos-de-gestion/famille/actualites/abattement-successoral-le-fisc-fait-marche-arriere','Abattement successoral : le fisc fait marche arrire !','Abattement successoral : le fisc fait marche arrire !',NULL,'Abattement successoral : le fisc fait marche arrire !',NULL,'snthdk',1,0,0,1,NULL,'fr'),(32107,'infos-de-gestion/famille/actualites/quel-sort-pour-la-vente-de-parts-de-sci-par-un-seul-des-epoux','Quel sort pour la vente de parts de SCI par un seul des poux ?','Quel sort pour la vente de parts de SCI par un seul des poux ?',NULL,'Quel sort pour la vente de parts de SCI par un seul des poux ?',NULL,'snthdk',1,0,0,1,NULL,'fr'),(32108,'infos-de-gestion/famille/actualites/comment-est-imposee-la-reversion-d-usufruit','Comment est impose la rversion d\'usufruit ?','Comment est impose la rversion d\'usufruit ?',NULL,'Comment est impose la rversion d\'usufruit ?',NULL,'snthdk',1,0,0,1,NULL,'fr'),(32109,'infos-de-gestion/famille/actualites/assurance-vie-veillez-a-ne-pas-porter-atteinte-aux-droits-des-heritiers','Assurance-vie : veillez  ne pas porter atteinte aux droits des hritiers !','Assurance-vie : veillez  ne pas porter atteinte aux droits des hritiers !',NULL,'Assurance-vie : veillez  ne pas porter atteinte aux droits des hritiers !',NULL,'snthdk',1,0,0,1,NULL,'fr'),(32110,'infos-de-gestion/famille/actualites/comment-distinguer-un-present-d-usage-d-un-don-manuel','Comment distinguer un prsent d\'usage d\'un don manuel ?','Comment distinguer un prsent d\'usage d\'un don manuel ?',NULL,'Comment distinguer un prsent d\'usage d\'un don manuel ?',NULL,'snthdk',1,0,0,1,NULL,'fr'),(32111,'infos-de-gestion/famille/actualites/combien-de-personnes-ont-ete-exonerees-de-droits-de-succession-en-2010','Combien de personnes ont t exonres de droits de succession en 2010 ?','Combien de personnes ont t exonres de droits de succession en 2010 ?',NULL,'Combien de personnes ont t exonres de droits de succession en 2010 ?',NULL,'snthdk',1,0,0,1,NULL,'fr'),(32112,'infos-de-gestion/famille/actualites/le-paiement-fractionne-des-droits-de-succession','Le paiement fractionn des droits de succession','Le paiement fractionn des droits de succession',NULL,'Le paiement fractionn des droits de succession',NULL,'snthdk',1,0,0,1,NULL,'fr'),(32113,'infos-de-gestion/famille/actualites/comment-faire-tomber-en-matiere-successorale-la-presomption-fiscale-de-propriete-de-l-usufruitier','Comment faire tomber en matire successorale la prsomption fiscale de proprit de l\'usufruitier ?','Comment faire tomber en matire successorale la prsomption fiscale de proprit',NULL,'Comment faire tomber en matire successorale la prsomption fiscale de proprit de l\'usufruitier ?',NULL,'snthdk',1,0,0,1,NULL,'fr'),(32114,'infos-de-gestion/famille/actualites/de-quel-delai-disposez-vous-pour-reclamer-le-benefice-d-un-contrat-d-assurance-vie','De quel dlai disposez-vous pour rclamer le bnfice d\'un contrat d\'assurance-vie ?','De quel dlai disposez-vous pour rclamer le bnfice d\'un contrat d\'assurance-v',NULL,'De quel dlai disposez-vous pour rclamer le bnfice d\'un contrat d\'assurance-vie ?',NULL,'snthdk',1,0,0,1,NULL,'fr'),(32115,'infos-de-gestion/famille/actualites/declaration-de-succession-incomplete-le-fisc-determine-lui-meme-les-droits-a-payer','Dclaration de succession incomplte: le fisc dtermine lui-mme les droits  payer !','Dclaration de succession incomplte: le fisc dtermine lui-mme les droits  p',NULL,'Dclaration de succession incomplte: le fisc dtermine lui-mme les droits  payer !',NULL,'snthdk',1,0,0,1,NULL,'fr'),(32116,'infos-de-gestion/famille/actualites/solidarite-des-epoux-pour-un-emprunt','Solidarit des poux pour un emprunt','Solidarit des poux pour un emprunt',NULL,'Solidarit des poux pour un emprunt',NULL,'snthdk',1,0,0,1,NULL,'fr'),(32117,'infos-de-gestion/famille/actualites/abattement-successoral-l-administration-fiscale-durcit-le-ton','Abattement successoral : l\'administration fiscale durcit le ton','Abattement successoral : l\'administration fiscale durcit le ton',NULL,'Abattement successoral : l\'administration fiscale durcit le ton',NULL,'snthdk',1,0,0,1,NULL,'fr'),(32118,'infos-de-gestion/famille/actualites/le-sort-des-indemnites-de-licenciement-lors-d-un-divorce','Le sort des indemnits de licenciement lors d\'un divorce','Le sort des indemnits de licenciement lors d\'un divorce',NULL,'Le sort des indemnits de licenciement lors d\'un divorce',NULL,'snthdk',1,0,0,1,NULL,'fr'),(32119,'infos-de-gestion/famille/actualites/reforme-de-la-fiscalite-du-patrimoine-l-assurance-vie-mise-a-contribution','Rforme de la fiscalit du patrimoine : l\'assurance-vie mise  contribution','Rforme de la fiscalit du patrimoine : l\'assurance-vie mise  contribution',NULL,'Rforme de la fiscalit du patrimoine : l\'assurance-vie mise  contribution',NULL,'snthdk',1,0,0,1,NULL,'fr'),(32120,'infos-de-gestion/famille/actualites/liquidation-judiciaire-le-logement-de-l-entrepreneur-declare-insaisissable-est-a-l-abri','Liquidation judiciaire : le logement de l\'entrepreneur dclar insaisissable est  l\'abri !','Liquidation judiciaire : le logement de l\'entrepreneur dclar insaisissable est',NULL,'Liquidation judiciaire : le logement de l\'entrepreneur dclar insaisissable est  l\'abri !',NULL,'snthdk',1,0,0,1,NULL,'fr'),(32121,'infos-de-gestion/famille/actualites/assurance-vie-demembree-comment-se-partager-l-abattement-fiscal','Assurance-vie dmembre : comment se partager l\'abattement fiscal ?','Assurance-vie dmembre : comment se partager l\'abattement fiscal ?',NULL,'Assurance-vie dmembre : comment se partager l\'abattement fiscal ?',NULL,'snthdk',1,0,0,1,NULL,'fr'),(32122,'infos-de-gestion/famille/actualites/quelles-obligations-declaratives-pour-les-contribuables-soumis-a-l-exit-tax','Quelles obligations dclaratives pour les contribuables soumis  l\'exit tax?','Quelles obligations dclaratives pour les contribuables soumis  l\'exit tax',NULL,'Quelles obligations dclaratives pour les contribuables soumis  l\'exit tax?',NULL,'snthdk',1,0,0,1,NULL,'fr'),(32123,'infos-de-gestion/famille/questions-reponses/construction-d-une-maison','Construction d\'une maison','Construction d\'une maison',NULL,'Construction d\'une maison',NULL,'snthdk',1,0,0,1,NULL,'fr'),(32124,'infos-de-gestion/fiscalite/actualites/assouplissement-du-dispositif-d-exoneration-des-dons-de-sommes-d-argent','Assouplissement du dispositif d\'exonration des dons de sommes d\'argent','Assouplissement du dispositif d\'exonration des dons de sommes d\'argent',NULL,'Assouplissement du dispositif d\'exonration des dons de sommes d\'argent',NULL,'snthdk',1,0,0,1,NULL,'fr'),(32125,'infos-de-gestion/fiscalite/actualites/le-dispositif-de-reduction-d-isf-pour-investissement-dans-une-pme-assoupli','Le dispositif de rduction d\'ISF pour investissement dans une PME assoupli !','Le dispositif de rduction d\'ISF pour investissement dans une PME assoupli !',NULL,'Le dispositif de rduction d\'ISF pour investissement dans une PME assoupli !',NULL,'snthdk',1,0,0,1,NULL,'fr'),(32126,'infos-de-gestion/fiscalite/actualites/declaration-d-isf-le-compte-a-rebours-a-commence','Dclaration d\'ISF : le compte  rebours a commenc','Dclaration d\'ISF : le compte  rebours a commenc',NULL,'Dclaration d\'ISF : le compte  rebours a commenc',NULL,'snthdk',1,0,0,1,NULL,'fr'),(32127,'infos-de-gestion/fiscalite/actualites/le-secteur-bancaire-le-barometre-des-crises','Le secteur bancaire : le baromtre des crises','Le secteur bancaire : le baromtre des crises',NULL,'Le secteur bancaire : le baromtre des crises',NULL,'snthdk',1,0,0,1,NULL,'fr'),(32128,'infos-de-gestion/fiscalite/actualites/comment-calculer-une-plus-value-immobiliere','Comment calculer une plus-value immobilire ?','Comment calculer une plus-value immobilire ?',NULL,'Comment calculer une plus-value immobilire ?',NULL,'snthdk',1,0,0,1,NULL,'fr'),(32129,'infos-de-gestion/fiscalite/actualites/plus-value-de-cession-de-titres-sous-condition-suspensive-a-quel-moment-est-on-impose','Plus-value de cession de titres sous condition suspensive :  quel moment est-on impos ?','Plus-value de cession de titres sous condition suspensive :  quel moment est-on',NULL,'Plus-value de cession de titres sous condition suspensive :  quel moment est-on impos ?',NULL,'snthdk',1,0,0,1,NULL,'fr'),(32130,'infos-de-gestion/fiscalite/actualites/projet-de-loi-de-finances-pour-2012','Projet de loi de finances pour 2012','Projet de loi de finances pour 2012',NULL,'Projet de loi de finances pour 2012',NULL,'snthdk',1,0,0,1,NULL,'fr'),(32131,'infos-de-gestion/fiscalite/actualites/quotient-familial-incidence-de-l-obtention-de-la-garde-d-un-enfant-en-cours-d-annee','Quotient familial : incidence de l\'obtention de la garde d\'un enfant en cours d\'anne','Quotient familial : incidence de l\'obtention de la garde d\'un enfant en cours d\'',NULL,'Quotient familial : incidence de l\'obtention de la garde d\'un enfant en cours d\'anne',NULL,'snthdk',1,0,0,1,NULL,'fr'),(32132,'infos-de-gestion/fiscalite/actualites/augmentation-annoncee-du-malus-automobile-en-2012','Augmentation annonce du malus automobile en 2012','Augmentation annonce du malus automobile en 2012',NULL,'Augmentation annonce du malus automobile en 2012',NULL,'snthdk',1,0,0,1,NULL,'fr'),(32133,'infos-de-gestion/fiscalite/actualites/activez-votre-holding-pour-etre-exonere-d-isf','Activez votre holding pour tre exonr d\'ISF !','Activez votre holding pour tre exonr d\'ISF !',NULL,'Activez votre holding pour tre exonr d\'ISF !',NULL,'snthdk',1,0,0,1,NULL,'fr'),(32134,'infos-de-gestion/fiscalite/actualites/pas-de-penalites-de-retard-en-cas-de-difficultes-techniques-de-teledeclaration','Pas de pnalits de retard en cas de difficults techniques de tldclaration','Pas de pnalits de retard en cas de difficults techniques de tldclaration',NULL,'Pas de pnalits de retard en cas de difficults techniques de tldclaration',NULL,'snthdk',1,0,0,1,NULL,'fr'),(32135,'infos-de-gestion/fiscalite/actualites/projet-de-loi-de-finances-pour-2012-les-amendements-adoptes','Projet de loi de finances pour 2012 : les amendements adopts','Projet de loi de finances pour 2012 : les amendements adopts',NULL,'Projet de loi de finances pour 2012 : les amendements adopts',NULL,'snthdk',1,0,0,1,NULL,'fr'),(32136,'infos-de-gestion/fiscalite/actualites/evitez-de-payer-un-impot-prescrit','vitez de payer un impt prescrit !','vitez de payer un impt prescrit !',NULL,'vitez de payer un impt prescrit !',NULL,'snthdk',1,0,0,1,NULL,'fr'),(32137,'infos-de-gestion/fiscalite/actualites/plan-d-austerite-acte-ii','Plan d\'austrit : acte II','Plan d\'austrit : acte II',NULL,'Plan d\'austrit : acte II',NULL,'snthdk',1,0,0,1,NULL,'fr'),(32138,'infos-de-gestion/fiscalite/actualites/projet-de-loi-de-finances-pour-2012-les-nouveaux-amendements-votes-par-les-deputes','Projet de loi de finances pour 2012 : les nouveaux amendements vots par les dputs','Projet de loi de finances pour 2012 : les nouveaux amendements vots par les dp',NULL,'Projet de loi de finances pour 2012 : les nouveaux amendements vots par les dputs',NULL,'snthdk',1,0,0,1,NULL,'fr'),(32139,'infos-de-gestion/fiscalite/actualites/abattement-successoral-le-fisc-fait-marche-arriere','Abattement successoral : le fisc fait marche arrire !','Abattement successoral : le fisc fait marche arrire !',NULL,'Abattement successoral : le fisc fait marche arrire !',NULL,'snthdk',1,0,0,1,NULL,'fr'),(32140,'infos-de-gestion/fiscalite/actualites/projet-de-loi-de-finances-pour-2012-les-amendements-des-senateurs','Projet de loi de finances pour 2012 : les amendements des snateurs','Projet de loi de finances pour 2012 : les amendements des snateurs',NULL,'Projet de loi de finances pour 2012 : les amendements des snateurs',NULL,'snthdk',1,0,0,1,NULL,'fr'),(32141,'infos-de-gestion/fiscalite/actualites/societe-civile-immobiliere-une-precision-interessante-en-cas-d-option-a-l-impot-sur-les-societes','Socit civile immobilire : une prcision intressante en cas d\'option  l\'impt sur les socits','Socit civile immobilire : une prcision intressante en cas d\'option  l\'imp',NULL,'Socit civile immobilire : une prcision intressante en cas d\'option  l\'impt sur les socits',NULL,'snthdk',1,0,0,1,NULL,'fr'),(32142,'infos-de-gestion/fiscalite/actualites/comment-est-imposee-la-reversion-d-usufruit','Comment est impose la rversion d\'usufruit ?','Comment est impose la rversion d\'usufruit ?',NULL,'Comment est impose la rversion d\'usufruit ?',NULL,'snthdk',1,0,0,1,NULL,'fr'),(32143,'infos-de-gestion/fiscalite/actualites/l-administration-fiscale-vigilante-sur-les-donations-realisees-successivement','L\'administration fiscale vigilante sur les donations ralises successivement!','L\'administration fiscale vigilante sur les donations ralises successivement!',NULL,'L\'administration fiscale vigilante sur les donations ralises successivement!',NULL,'snthdk',1,0,0,1,NULL,'fr'),(32144,'infos-de-gestion/fiscalite/actualites/lutte-contre-la-fraude-et-l-evasion-fiscales-bilan-et-perspectives','Lutte contre la fraude et l\'vasion fiscales : bilan et perspectives','Lutte contre la fraude et l\'vasion fiscales : bilan et perspectives',NULL,'Lutte contre la fraude et l\'vasion fiscales : bilan et perspectives',NULL,'snthdk',1,0,0,1,NULL,'fr'),(32145,'infos-de-gestion/fiscalite/actualites/projet-de-4e-loi-de-finances-rectificative-pour-2011-les-amendements-des-deputes','Projet de 4e loi de finances rectificative pour 2011 : les amendements des dputs','Projet de 4e loi de finances rectificative pour 2011 : les amendements des dput',NULL,'Projet de 4e loi de finances rectificative pour 2011 : les amendements des dputs',NULL,'snthdk',1,0,0,1,NULL,'fr'),(32146,'infos-de-gestion/fiscalite/actualites/plus-que-quelques-jours-pour-reduire-votre-impot-sur-le-revenu','Plus que quelques jours pour rduire votre impt sur le revenu !','Plus que quelques jours pour rduire votre impt sur le revenu !',NULL,'Plus que quelques jours pour rduire votre impt sur le revenu !',NULL,'snthdk',1,0,0,1,NULL,'fr'),(32147,'infos-de-gestion/fiscalite/actualites/valeur-locative-d-un-local-modalites-pratiques-de-la-nouvelle-obligation-de-mise-a-jour','Valeur locative d\'un local : modalits pratiques de la nouvelle obligation de mise  jour','Valeur locative d\'un local : modalits pratiques de la nouvelle obligation de mi',NULL,'Valeur locative d\'un local : modalits pratiques de la nouvelle obligation de mise  jour',NULL,'snthdk',1,0,0,1,NULL,'fr'),(32148,'infos-de-gestion/fiscalite/actualites/combien-de-personnes-ont-ete-exonerees-de-droits-de-succession-en-2010','Combien de personnes ont t exonres de droits de succession en 2010 ?','Combien de personnes ont t exonres de droits de succession en 2010 ?',NULL,'Combien de personnes ont t exonres de droits de succession en 2010 ?',NULL,'snthdk',1,0,0,1,NULL,'fr'),(32149,'infos-de-gestion/fiscalite/actualites/bouclier-fiscal-attention-a-la-perte-de-la-creance-2011','Bouclier fiscal : attention  la perte de la crance 2011 !','Bouclier fiscal : attention  la perte de la crance 2011 !',NULL,'Bouclier fiscal : attention  la perte de la crance 2011 !',NULL,'snthdk',1,0,0,1,NULL,'fr'),(32150,'infos-de-gestion/fiscalite/actualites/la-loi-de-finances-pour-2012-est-definitive','La loi de finances pour 2012 est dfinitive !','La loi de finances pour 2012 est dfinitive !',NULL,'La loi de finances pour 2012 est dfinitive !',NULL,'snthdk',1,0,0,1,NULL,'fr'),(32151,'infos-de-gestion/fiscalite/actualites/la-4e-loi-de-finances-rectificative-pour-2011-est-definitivement-adoptee','La 4e loi de finances rectificative pour 2011 est dfinitivement adopte !','La 4e loi de finances rectificative pour 2011 est dfinitivement adopte !',NULL,'La 4e loi de finances rectificative pour 2011 est dfinitivement adopte !',NULL,'snthdk',1,0,0,1,NULL,'fr'),(32152,'infos-de-gestion/fiscalite/actualites/le-dispositif-du-controle-sur-demande-des-successions-et-donations-est-perennise','Le dispositif du contrle sur demande des successions et donations est prennis !','Le dispositif du contrle sur demande des successions et donations est prennis',NULL,'Le dispositif du contrle sur demande des successions et donations est prennis !',NULL,'snthdk',1,0,0,1,NULL,'fr'),(32153,'infos-de-gestion/fiscalite/actualites/attention-au-changement-de-taux-de-tva-au-1er-janvier-2012','Attention au changement de taux de TVA au 1er janvier 2012 !','Attention au changement de taux de TVA au 1er janvier 2012 !',NULL,'Attention au changement de taux de TVA au 1er janvier 2012 !',NULL,'snthdk',1,0,0,1,NULL,'fr'),(32154,'infos-de-gestion/fiscalite/actualites/declaration-de-revenus-vous-pouvez-recourir-a-un-tiers-de-confiance','Dclaration de revenus : vous pouvez recourir  un tiers de confiance !','Dclaration de revenus : vous pouvez recourir  un tiers de confiance !',NULL,'Dclaration de revenus : vous pouvez recourir  un tiers de confiance !',NULL,'snthdk',1,0,0,1,NULL,'fr'),(32155,'infos-de-gestion/fiscalite/actualites/prorogation-de-la-reduction-d-impot-pour-la-souscription-au-capital-de-sofica','Prorogation de la rduction d\'impt pour la souscription au capital de SOFICA','Prorogation de la rduction d\'impt pour la souscription au capital de SOFICA',NULL,'Prorogation de la rduction d\'impt pour la souscription au capital de SOFICA',NULL,'snthdk',1,0,0,1,NULL,'fr'),(32156,'infos-de-gestion/fiscalite/actualites/le-malus-automobile-une-nouvelle-fois-durci','Le malus automobile une nouvelle fois durci !','Le malus automobile une nouvelle fois durci !',NULL,'Le malus automobile une nouvelle fois durci !',NULL,'snthdk',1,0,0,1,NULL,'fr'),(32157,'infos-de-gestion/fiscalite/actualites/un-millesime-2011-record-pour-les-entreprises-de-luxe','Un millsime 2011 record pour les entreprises de luxe','Un millsime 2011 record pour les entreprises de luxe',NULL,'Un millsime 2011 record pour les entreprises de luxe',NULL,'snthdk',1,0,0,1,NULL,'fr'),(32158,'infos-de-gestion/fiscalite/actualites/calculez-votre-impot-sur-le-revenu-2012','Calculez votre impt sur le revenu 2012','Calculez votre impt sur le revenu 2012',NULL,'Calculez votre impt sur le revenu 2012',NULL,'snthdk',1,0,0,1,NULL,'fr'),(32159,'infos-de-gestion/fiscalite/actualites/l-administration-vous-aide-a-evaluer-votre-bien-immobilier','L\'administration vous aide  valuer votre bien immobilier !','L\'administration vous aide  valuer votre bien immobilier !',NULL,'L\'administration vous aide  valuer votre bien immobilier !',NULL,'snthdk',1,0,0,1,NULL,'fr'),(32160,'infos-de-gestion/fiscalite/actualites/l-administration-fiscale-peut-prolonger-son-delai-de-reponse-dans-certains-cas','L\'administration fiscale peut prolonger son dlai de rponse dans certains cas','L\'administration fiscale peut prolonger son dlai de rponse dans certains cas',NULL,'L\'administration fiscale peut prolonger son dlai de rponse dans certains cas',NULL,'snthdk',1,0,0,1,NULL,'fr'),(32161,'infos-de-gestion/fiscalite/actualites/bailleurs-attention-a-ne-pas-fixer-un-loyer-trop-eleve','Bailleurs : attention  ne pas fixer un loyer trop lev !','Bailleurs : attention  ne pas fixer un loyer trop lev !',NULL,'Bailleurs : attention  ne pas fixer un loyer trop lev !',NULL,'snthdk',1,0,0,1,NULL,'fr'),(32162,'infos-de-gestion/fiscalite/actualites/le-paiement-fractionne-des-droits-de-succession','Le paiement fractionn des droits de succession','Le paiement fractionn des droits de succession',NULL,'Le paiement fractionn des droits de succession',NULL,'snthdk',1,0,0,1,NULL,'fr'),(32163,'infos-de-gestion/fiscalite/actualites/n-oubliez-pas-de-payer-votre-premier-tiers-provisionnel','N\'oubliez pas de payer votre premier tiers provisionnel !','N\'oubliez pas de payer votre premier tiers provisionnel !',NULL,'N\'oubliez pas de payer votre premier tiers provisionnel !',NULL,'snthdk',1,0,0,1,NULL,'fr'),(32164,'infos-de-gestion/fiscalite/actualites/dispositif-scellier-du-changement-pour-la-zone-c','Dispositif \"Scellier\" : du changement pour la zone C !','Dispositif \"Scellier\" : du changement pour la zone C !',NULL,'Dispositif \"Scellier\" : du changement pour la zone C !',NULL,'snthdk',1,0,0,1,NULL,'fr'),(32165,'infos-de-gestion/fiscalite/actualites/evaluation-des-biens-dans-le-cadre-d-une-succession','valuation des biens dans le cadre d\'une succession','valuation des biens dans le cadre d\'une succession',NULL,'valuation des biens dans le cadre d\'une succession',NULL,'snthdk',1,0,0,1,NULL,'fr'),(32166,'infos-de-gestion/fiscalite/actualites/projet-de-loi-de-finances-rectificative-pour-2012','Projet de loi de finances rectificative pour 2012','Projet de loi de finances rectificative pour 2012',NULL,'Projet de loi de finances rectificative pour 2012',NULL,'snthdk',1,0,0,1,NULL,'fr'),(32167,'infos-de-gestion/fiscalite/actualites/quand-et-comment-appliquer-le-nouveau-taux-de-tva-de-7','Quand et comment appliquer le nouveau taux de TVA de 7 % ?','Quand et comment appliquer le nouveau taux de TVA de 7 % ?',NULL,'Quand et comment appliquer le nouveau taux de TVA de 7 % ?',NULL,'snthdk',1,0,0,1,NULL,'fr'),(32168,'infos-de-gestion/fiscalite/actualites/comment-faire-tomber-en-matiere-successorale-la-presomption-fiscale-de-propriete-de-l-usufruitier','Comment faire tomber en matire successorale la prsomption fiscale de proprit de l\'usufruitier ?','Comment faire tomber en matire successorale la prsomption fiscale de proprit',NULL,'Comment faire tomber en matire successorale la prsomption fiscale de proprit de l\'usufruitier ?',NULL,'snthdk',1,0,0,1,NULL,'fr'),(32169,'infos-de-gestion/fiscalite/actualites/baremes-des-frais-kilometriques-2011','Barmes des frais kilomtriques 2011','Barmes des frais kilomtriques 2011',NULL,'Barmes des frais kilomtriques 2011',NULL,'snthdk',1,0,0,1,NULL,'fr'),(32170,'infos-de-gestion/fiscalite/actualites/quel-delai-de-reprise-en-matiere-d-isf','Quel dlai de reprise en matire d\'ISF?','Quel dlai de reprise en matire d\'ISF?',NULL,'Quel dlai de reprise en matire d\'ISF?',NULL,'snthdk',1,0,0,1,NULL,'fr'),(32171,'infos-de-gestion/fiscalite/actualites/louez-une-partie-de-votre-residence-principale-sans-etre-impose-c-est-possible','Louez une partie de votre rsidence principale sans tre impos : c\'est possible !','Louez une partie de votre rsidence principale sans tre impos : c\'est possible',NULL,'Louez une partie de votre rsidence principale sans tre impos : c\'est possible !',NULL,'snthdk',1,0,0,1,NULL,'fr'),(32172,'infos-de-gestion/fiscalite/actualites/les-plafonds-de-loyers-des-investissements-immobiliers-locatifs-publies','Les plafonds de loyers des investissements immobiliers locatifs publis !','Les plafonds de loyers des investissements immobiliers locatifs publis !',NULL,'Les plafonds de loyers des investissements immobiliers locatifs publis !',NULL,'snthdk',1,0,0,1,NULL,'fr'),(32173,'infos-de-gestion/fiscalite/actualites/la-loi-de-finances-rectificative-pour-2012-est-adoptee','La loi de finances rectificative pour 2012 est adopte !','La loi de finances rectificative pour 2012 est adopte !',NULL,'La loi de finances rectificative pour 2012 est adopte !',NULL,'snthdk',1,0,0,1,NULL,'fr'),(32174,'infos-de-gestion/fiscalite/actualites/dispositif-scellier-le-plafonnement-supplementaire-enfin-publie','Dispositif  Scellier  : le plafonnement supplmentaire enfin publi !','Dispositif  Scellier  : le plafonnement supplmentaire enfin publi !',NULL,'Dispositif  Scellier  : le plafonnement supplmentaire enfin publi !',NULL,'snthdk',1,0,0,1,NULL,'fr'),(32175,'infos-de-gestion/fiscalite/actualites/secteur-de-l-aeronautique-les-avionneurs-survolent-la-crise','Secteur de l\'aronautique : les avionneurs survolent la crise','Secteur de l\'aronautique : les avionneurs survolent la crise',NULL,'Secteur de l\'aronautique : les avionneurs survolent la crise',NULL,'snthdk',1,0,0,1,NULL,'fr'),(32176,'infos-de-gestion/fiscalite/actualites/declaration-de-succession-incomplete-le-fisc-determine-lui-meme-les-droits-a-payer','Dclaration de succession incomplte: le fisc dtermine lui-mme les droits  payer !','Dclaration de succession incomplte: le fisc dtermine lui-mme les droits  p',NULL,'Dclaration de succession incomplte: le fisc dtermine lui-mme les droits  payer !',NULL,'snthdk',1,0,0,1,NULL,'fr'),(32177,'infos-de-gestion/fiscalite/actualites/pacte-d-associes-et-isf','Pacte d\'associs et ISF','Pacte d\'associs et ISF',NULL,'Pacte d\'associs et ISF',NULL,'snthdk',1,0,0,1,NULL,'fr'),(32178,'infos-de-gestion/fiscalite/actualites/reduction-d-impot-scellier-amenagements-dans-certains-territoires-d-outre-mer','Rduction d\'impt Scellier : amnagements dans certains territoires d\'outre-mer','Rduction d\'impt Scellier : amnagements dans certains territoires d\'outre-mer',NULL,'Rduction d\'impt Scellier : amnagements dans certains territoires d\'outre-mer',NULL,'snthdk',1,0,0,1,NULL,'fr'),(32179,'infos-de-gestion/fiscalite/actualites/reduction-d-impot-et-augmentation-de-capital-d-une-pme','Rduction d\'impt et augmentation de capital d\'une PME','Rduction d\'impt et augmentation de capital d\'une PME',NULL,'Rduction d\'impt et augmentation de capital d\'une PME',NULL,'snthdk',1,0,0,1,NULL,'fr'),(32180,'infos-de-gestion/fiscalite/actualites/repartition-du-patrimoine-des-menages-les-francais-recentrent-leurs-placements','Rpartition du patrimoine des mnages : les Franais recentrent leurs placements','Rpartition du patrimoine des mnages : les Franais recentrent leurs placements',NULL,'Rpartition du patrimoine des mnages : les Franais recentrent leurs placements',NULL,'snthdk',1,0,0,1,NULL,'fr'),(32181,'infos-de-gestion/fiscalite/actualites/loi-de-finances-pour-2011-les-mesures-concernant-les-particuliers','Loi de finances pour 2011 : les mesures concernant les particuliers','Loi de finances pour 2011 : les mesures concernant les particuliers',NULL,'Loi de finances pour 2011 : les mesures concernant les particuliers',NULL,'snthdk',1,0,0,1,NULL,'fr'),(32182,'infos-de-gestion/fiscalite/actualites/adoption-definitive-de-la-loi-de-finances-rectificative-pour-2010','Adoption dfinitive de la loi de finances rectificative pour 2010','Adoption dfinitive de la loi de finances rectificative pour 2010',NULL,'Adoption dfinitive de la loi de finances rectificative pour 2010',NULL,'snthdk',1,0,0,1,NULL,'fr'),(32183,'infos-de-gestion/fiscalite/actualites/annonces-immobilieres-n-oubliez-pas-l-etiquette-energie','Annonces immobilires : n\'oubliez pas l\'tiquette nergie !','Annonces immobilires : n\'oubliez pas l\'tiquette nergie !',NULL,'Annonces immobilires : n\'oubliez pas l\'tiquette nergie !',NULL,'snthdk',1,0,0,1,NULL,'fr'),(32184,'infos-de-gestion/fiscalite/actualites/petits-enfants-succedant-a-leurs-grands-parents-quelle-fiscalite','Petits-enfants succdant  leurs grands-parents : quelle fiscalit ?','Petits-enfants succdant  leurs grands-parents : quelle fiscalit ?',NULL,'Petits-enfants succdant  leurs grands-parents : quelle fiscalit ?',NULL,'snthdk',1,0,0,1,NULL,'fr'),(32185,'infos-de-gestion/fiscalite/actualites/les-nouveaux-plafonds-de-loyers-des-investissements-immobiliers-defiscalises','Les nouveaux plafonds de loyers des investissements immobiliers dfiscaliss','Les nouveaux plafonds de loyers des investissements immobiliers dfiscaliss',NULL,'Les nouveaux plafonds de loyers des investissements immobiliers dfiscaliss',NULL,'snthdk',1,0,0,1,NULL,'fr'),(32186,'infos-de-gestion/fiscalite/actualites/les-equipementiers-automobiles-font-la-course-en-tete','Les quipementiers automobiles font la course en tte !','Les quipementiers automobiles font la course en tte !',NULL,'Les quipementiers automobiles font la course en tte !',NULL,'snthdk',1,0,0,1,NULL,'fr'),(32187,'infos-de-gestion/fiscalite/actualites/la-reforme-des-retraites-et-ses-consequences-patrimoniales','La rforme des retraites et ses consquences patrimoniales','La rforme des retraites et ses consquences patrimoniales',NULL,'La rforme des retraites et ses consquences patrimoniales',NULL,'snthdk',1,0,0,1,NULL,'fr'),(32188,'infos-de-gestion/fiscalite/actualites/simulez-votre-pret-a-taux-zero-renforce','Simulez votre prt  taux zro renforc !','Simulez votre prt  taux zro renforc !',NULL,'Simulez votre prt  taux zro renforc !',NULL,'snthdk',1,0,0,1,NULL,'fr'),(32189,'infos-de-gestion/fiscalite/actualites/cession-de-droits-sociaux-au-sein-de-sa-famille','Cession de droits sociaux au sein de sa famille','Cession de droits sociaux au sein de sa famille',NULL,'Cession de droits sociaux au sein de sa famille',NULL,'snthdk',1,0,0,1,NULL,'fr'),(32190,'infos-de-gestion/fiscalite/actualites/les-amenagements-apportes-au-credit-d-impot-pour-l-isolation-des-logements','Les amnagements apports au crdit d\'impt pour l\'isolation des logements','Les amnagements apports au crdit d\'impt pour l\'isolation des logements',NULL,'Les amnagements apports au crdit d\'impt pour l\'isolation des logements',NULL,'snthdk',1,0,0,1,NULL,'fr'),(32191,'infos-de-gestion/fiscalite/actualites/paiement-de-l-impot-sur-le-revenu-attention-a-l-echeance','Paiement de l\'impt sur le revenu : attention  l\'chance !','Paiement de l\'impt sur le revenu : attention  l\'chance !',NULL,'Paiement de l\'impt sur le revenu : attention  l\'chance !',NULL,'snthdk',1,0,0,1,NULL,'fr'),(32192,'infos-de-gestion/fiscalite/actualites/exoneration-limitee-des-dividendes-dans-un-pea','Exonration limite des dividendes dans un PEA','Exonration limite des dividendes dans un PEA',NULL,'Exonration limite des dividendes dans un PEA',NULL,'snthdk',1,0,0,1,NULL,'fr'),(32193,'infos-de-gestion/fiscalite/actualites/les-locations-de-locaux-d-hebergement-de-gardiens-peuvent-etre-soumises-a-la-tva','Les locations de locaux d\'hbergement de gardiens peuvent tre soumises  la TVA','Les locations de locaux d\'hbergement de gardiens peuvent tre soumises  la TVA',NULL,'Les locations de locaux d\'hbergement de gardiens peuvent tre soumises  la TVA',NULL,'snthdk',1,0,0,1,NULL,'fr'),(32194,'infos-de-gestion/fiscalite/actualites/louez-une-partie-de-votre-habitation-principale-en-franchise-d-impot','Louez une partie de votre habitation principale en franchise d\'impt !','Louez une partie de votre habitation principale en franchise d\'impt !',NULL,'Louez une partie de votre habitation principale en franchise d\'impt !',NULL,'snthdk',1,0,0,1,NULL,'fr'),(32195,'infos-de-gestion/fiscalite/actualites/fonds-en-euros-les-societes-d-assurances-anticipent-la-baisse-des-rendements','Fonds en euros : les socits d\'assurances anticipent la baisse des rendements','Fonds en euros : les socits d\'assurances anticipent la baisse des rendements',NULL,'Fonds en euros : les socits d\'assurances anticipent la baisse des rendements',NULL,'snthdk',1,0,0,1,NULL,'fr'),(32196,'infos-de-gestion/fiscalite/actualites/apport-en-usufruit-et-abus-de-droit','Apport en usufruit et abus de droit','Apport en usufruit et abus de droit',NULL,'Apport en usufruit et abus de droit',NULL,'snthdk',1,0,0,1,NULL,'fr'),(32197,'infos-de-gestion/fiscalite/actualites/contrats-de-capitalisation-pour-les-personnes-morales-acces-limite','Contrats de capitalisation pour les personnes morales : accs limit !','Contrats de capitalisation pour les personnes morales : accs limit !',NULL,'Contrats de capitalisation pour les personnes morales : accs limit !',NULL,'snthdk',1,0,0,1,NULL,'fr'),(32198,'infos-de-gestion/fiscalite/actualites/investissement-locatif-les-modalites-d-agrement-en-zone-c','Investissement locatif : les modalits d\'agrment en zone C','Investissement locatif : les modalits d\'agrment en zone C',NULL,'Investissement locatif : les modalits d\'agrment en zone C',NULL,'snthdk',1,0,0,1,NULL,'fr'),(32199,'infos-de-gestion/fiscalite/actualites/reforme-de-la-fiscalite-du-patrimoine-les-differentes-hypotheses','Rforme de la fiscalit du patrimoine : les diffrentes hypothses','Rforme de la fiscalit du patrimoine : les diffrentes hypothses',NULL,'Rforme de la fiscalit du patrimoine : les diffrentes hypothses',NULL,'snthdk',1,0,0,1,NULL,'fr'),(32200,'infos-de-gestion/fiscalite/actualites/baremes-des-frais-kilometriques-2010','Barmes des frais kilomtriques 2010','Barmes des frais kilomtriques 2010',NULL,'Barmes des frais kilomtriques 2010',NULL,'snthdk',1,0,0,1,NULL,'fr'),(32201,'infos-de-gestion/fiscalite/actualites/isf-delai-supplementaire-accorde-pour-transmettre-des-justificatifs','ISF : dlai supplmentaire accord pour transmettre des justificatifs','ISF : dlai supplmentaire accord pour transmettre des justificatifs',NULL,'ISF : dlai supplmentaire accord pour transmettre des justificatifs',NULL,'snthdk',1,0,0,1,NULL,'fr'),(32202,'infos-de-gestion/fiscalite/actualites/une-transaction-avec-l-administration-fiscale-ne-vous-preserve-pas-de-tout-redressement','Une transaction avec l\'administration fiscale ne vous prserve pas de tout redressement','Une transaction avec l\'administration fiscale ne vous prserve pas de tout redre',NULL,'Une transaction avec l\'administration fiscale ne vous prserve pas de tout redressement',NULL,'snthdk',1,0,0,1,NULL,'fr'),(32203,'infos-de-gestion/fiscalite/actualites/le-secteur-de-l-agroalimentaire-sante-retrouvee-pour-les-champagnes-et-spiritueux','Le secteur de l\'agroalimentaire : sant retrouve pour les champagnes et spiritueux !','Le secteur de l\'agroalimentaire : sant retrouve pour les champagnes et spiritu',NULL,'Le secteur de l\'agroalimentaire : sant retrouve pour les champagnes et spiritueux !',NULL,'snthdk',1,0,0,1,NULL,'fr'),(32204,'infos-de-gestion/fiscalite/actualites/le-credit-d-impot-sur-les-interets-d-emprunt-n-a-pas-totalement-disparu','Le crdit d\'impt sur les intrts d\'emprunt n\'a pas totalement disparu !','Le crdit d\'impt sur les intrts d\'emprunt n\'a pas totalement disparu !',NULL,'Le crdit d\'impt sur les intrts d\'emprunt n\'a pas totalement disparu !',NULL,'snthdk',1,0,0,1,NULL,'fr'),(32205,'infos-de-gestion/fiscalite/actualites/investissement-locatif-le-dispositif-girardin-reactualise','Investissement locatif : le dispositif Girardin ractualis !','Investissement locatif : le dispositif Girardin ractualis !',NULL,'Investissement locatif : le dispositif Girardin ractualis !',NULL,'snthdk',1,0,0,1,NULL,'fr'),(32206,'infos-de-gestion/fiscalite/actualites/quel-sera-le-montant-de-votre-impot-en-2011','Quel sera le montant de votre impt en 2011 ?','Quel sera le montant de votre impt en 2011 ?',NULL,'Quel sera le montant de votre impt en 2011 ?',NULL,'snthdk',1,0,0,1,NULL,'fr'),(32207,'infos-de-gestion/fiscalite/actualites/contrat-d-assurance-vie-apporte-en-garantie-d-un-credit','Contrat d\'assurance-vie apport en garantie d\'un crdit','Contrat d\'assurance-vie apport en garantie d\'un crdit',NULL,'Contrat d\'assurance-vie apport en garantie d\'un crdit',NULL,'snthdk',1,0,0,1,NULL,'fr'),(32208,'infos-de-gestion/fiscalite/actualites/recouvrement-de-l-impot-frais-de-poursuite','Recouvrement de l\'impt : frais de poursuite','Recouvrement de l\'impt : frais de poursuite',NULL,'Recouvrement de l\'impt : frais de poursuite',NULL,'snthdk',1,0,0,1,NULL,'fr'),(32209,'infos-de-gestion/fiscalite/actualites/une-possibilite-de-reduire-l-impot-sur-les-dividendes','Une possibilit de rduire l\'impt sur les dividendes','Une possibilit de rduire l\'impt sur les dividendes',NULL,'Une possibilit de rduire l\'impt sur les dividendes',NULL,'snthdk',1,0,0,1,NULL,'fr'),(32210,'infos-de-gestion/fiscalite/actualites/les-nouveaux-plafonds-des-investissements-locatifs','Les nouveaux plafonds des investissements locatifs','Les nouveaux plafonds des investissements locatifs',NULL,'Les nouveaux plafonds des investissements locatifs',NULL,'snthdk',1,0,0,1,NULL,'fr'),(32211,'infos-de-gestion/fiscalite/actualites/les-nouveaux-plafonds-de-l-investissement-scellier','Les nouveaux plafonds de l\'investissement Scellier','Les nouveaux plafonds de l\'investissement Scellier',NULL,'Les nouveaux plafonds de l\'investissement Scellier',NULL,'snthdk',1,0,0,1,NULL,'fr'),(32212,'infos-de-gestion/fiscalite/actualites/quelles-perspectives-pour-le-patrimoine-des-francais','Quelles perspectives pour le patrimoine des Franais ?','Quelles perspectives pour le patrimoine des Franais ?',NULL,'Quelles perspectives pour le patrimoine des Franais ?',NULL,'snthdk',1,0,0,1,NULL,'fr'),(32213,'infos-de-gestion/fiscalite/actualites/lutte-contre-la-fraude-fiscale-au-sein-de-l-union-europeenne','Lutte contre la fraude fiscale au sein de l\'Union europenne','Lutte contre la fraude fiscale au sein de l\'Union europenne',NULL,'Lutte contre la fraude fiscale au sein de l\'Union europenne',NULL,'snthdk',1,0,0,1,NULL,'fr'),(32214,'infos-de-gestion/fiscalite/actualites/reactualisation-des-baremes-des-frais-kilometriques-2010','Ractualisation des barmes des frais kilomtriques 2010','Ractualisation des barmes des frais kilomtriques 2010',NULL,'Ractualisation des barmes des frais kilomtriques 2010',NULL,'snthdk',1,0,0,1,NULL,'fr'),(32215,'infos-de-gestion/fiscalite/actualites/restitution-de-droits-de-succession-en-cas-de-surevaluation-d-un-bien-immobilier','Restitution de droits de succession en cas de survaluation d\'un bien immobilier','Restitution de droits de succession en cas de survaluation d\'un bien immobilier',NULL,'Restitution de droits de succession en cas de survaluation d\'un bien immobilier',NULL,'snthdk',1,0,0,1,NULL,'fr'),(32216,'infos-de-gestion/fiscalite/actualites/depot-des-declarations-fiscales-des-entreprises-n-oubliez-pas-la-date-limite-du-3-mai-2011','Dpt des dclarations fiscales des entreprises : n\'oubliez pas la date limite du 3 mai 2011 !','Dpt des dclarations fiscales des entreprises : n\'oubliez pas la date limite d',NULL,'Dpt des dclarations fiscales des entreprises : n\'oubliez pas la date limite du 3 mai 2011 !',NULL,'snthdk',1,0,0,1,NULL,'fr'),(32217,'infos-de-gestion/fiscalite/actualites/les-taux-de-la-reduction-d-impot-scellier-pour-2012-deja-annonces','Les taux de la rduction d\'impt Scellier pour 2012 dj annoncs !','Les taux de la rduction d\'impt Scellier pour 2012 dj annoncs !',NULL,'Les taux de la rduction d\'impt Scellier pour 2012 dj annoncs !',NULL,'snthdk',1,0,0,1,NULL,'fr'),(32218,'infos-de-gestion/fiscalite/actualites/soutenir-la-creation-d-entreprise-peut-vous-permettre-de-reduire-votre-isf','Soutenir la cration d\'entreprise peut vous permettre de rduire votre ISF !','Soutenir la cration d\'entreprise peut vous permettre de rduire votre ISF !',NULL,'Soutenir la cration d\'entreprise peut vous permettre de rduire votre ISF !',NULL,'snthdk',1,0,0,1,NULL,'fr'),(32219,'infos-de-gestion/fiscalite/actualites/exoneration-d-isf-des-dirigeants-de-societes','Exonration d\'ISF des dirigeants de socits','Exonration d\'ISF des dirigeants de socits',NULL,'Exonration d\'ISF des dirigeants de socits',NULL,'snthdk',1,0,0,1,NULL,'fr'),(32220,'infos-de-gestion/fiscalite/actualites/investir-pour-reduire-son-isf','Investir pour rduire son ISF','Investir pour rduire son ISF',NULL,'Investir pour rduire son ISF',NULL,'snthdk',1,0,0,1,NULL,'fr'),(32221,'infos-de-gestion/fiscalite/actualites/la-liste-2011-des-etats-et-territoires-non-cooperatifs-est-connue','La liste 2011 des tats et territoires non coopratifs est connue !','La liste 2011 des tats et territoires non coopratifs est connue !',NULL,'La liste 2011 des tats et territoires non coopratifs est connue !',NULL,'snthdk',1,0,0,1,NULL,'fr'),(32222,'infos-de-gestion/fiscalite/actualites/reforme-de-la-fiscalite-du-patrimoine-les-incidences-sur-votre-patrimoine-personnel','Rforme de la fiscalit du patrimoine : les incidences sur votre patrimoine personnel','Rforme de la fiscalit du patrimoine : les incidences sur votre patrimoine pers',NULL,'Rforme de la fiscalit du patrimoine : les incidences sur votre patrimoine personnel',NULL,'snthdk',1,0,0,1,NULL,'fr'),(32223,'infos-de-gestion/fiscalite/actualites/reforme-de-la-fiscalite-du-patrimoine-l-assouplissement-du-pacte-dutreil','Rforme de la fiscalit du patrimoine : l\'assouplissement du pacte Dutreil','Rforme de la fiscalit du patrimoine : l\'assouplissement du pacte Dutreil',NULL,'Rforme de la fiscalit du patrimoine : l\'assouplissement du pacte Dutreil',NULL,'snthdk',1,0,0,1,NULL,'fr'),(32224,'infos-de-gestion/fiscalite/actualites/le-nouveau-plafond-de-versement-a-certaines-uvres-vient-d-etre-publie','Le nouveau plafond de versement  certaines uvres vient d\'tre publi','Le nouveau plafond de versement  certaines uvres vient d\'tre publi',NULL,'Le nouveau plafond de versement  certaines uvres vient d\'tre publi',NULL,'snthdk',1,0,0,1,NULL,'fr'),(32225,'infos-de-gestion/fiscalite/actualites/la-date-limite-de-declaration-et-de-paiement-de-l-isf-reportee','La date limite de dclaration et de paiement de l\'ISF reporte','La date limite de dclaration et de paiement de l\'ISF reporte',NULL,'La date limite de dclaration et de paiement de l\'ISF reporte',NULL,'snthdk',1,0,0,1,NULL,'fr'),(32226,'infos-de-gestion/fiscalite/actualites/donnees-bancaires-du-contribuable-un-acces-facilite-pour-l-administration-fiscale','Donnes bancaires du contribuable : un accs facilit pour l\'administration fiscale','Donnes bancaires du contribuable : un accs facilit pour l\'administration fisc',NULL,'Donnes bancaires du contribuable : un accs facilit pour l\'administration fiscale',NULL,'snthdk',1,0,0,1,NULL,'fr'),(32227,'infos-de-gestion/fiscalite/actualites/reforme-de-la-fiscalite-du-patrimoine-les-amenagements-concernant-les-biens-professionnels','Rforme de la fiscalit du patrimoine : les amnagements concernant les biens professionnels','Rforme de la fiscalit du patrimoine : les amnagements concernant les biens pr',NULL,'Rforme de la fiscalit du patrimoine : les amnagements concernant les biens professionnels',NULL,'snthdk',1,0,0,1,NULL,'fr'),(32228,'infos-de-gestion/fiscalite/actualites/un-bien-immobilier-recu-par-donation-peut-il-beneficier-du-dispositif-scellier','Un bien immobilier reu par donation peut-il bnficier du dispositif Scellier ?','Un bien immobilier reu par donation peut-il bnficier du dispositif Scellier ?',NULL,'Un bien immobilier reu par donation peut-il bnficier du dispositif Scellier ?',NULL,'snthdk',1,0,0,1,NULL,'fr'),(32229,'infos-de-gestion/fiscalite/actualites/rentes-et-indemnites-percues-en-reparation-de-dommages-corporels-au-regard-de-l-isf','Rentes et indemnits perues en rparation de dommages corporels au regard de l\'ISF','Rentes et indemnits perues en rparation de dommages corporels au regard de l\'',NULL,'Rentes et indemnits perues en rparation de dommages corporels au regard de l\'ISF',NULL,'snthdk',1,0,0,1,NULL,'fr'),(32230,'infos-de-gestion/fiscalite/actualites/un-diagnostic-mitige-pour-le-secteur-de-la-sante','Un Diagnostic mitig pour le secteur de la sant','Un Diagnostic mitig pour le secteur de la sant',NULL,'Un Diagnostic mitig pour le secteur de la sant',NULL,'snthdk',1,0,0,1,NULL,'fr'),(32231,'infos-de-gestion/fiscalite/actualites/les-impots-supplementaires-et-les-penalites-fiscales-influent-ils-sur-le-calcul-du-bouclier-fiscal','Les impts supplmentaires et les pnalits fiscales influent-ils sur le calcul du bouclier fiscal ?','Les impts supplmentaires et les pnalits fiscales influent-ils sur le calcul ',NULL,'Les impts supplmentaires et les pnalits fiscales influent-ils sur le calcul du bouclier fiscal ?',NULL,'snthdk',1,0,0,1,NULL,'fr'),(32232,'infos-de-gestion/fiscalite/actualites/redressement-fiscal-soyez-vigilant-sur-l-adresse-d-envoi-de-votre-reponse','Redressement fiscal : soyez vigilant sur l\'adresse d\'envoi de votre rponse !','Redressement fiscal : soyez vigilant sur l\'adresse d\'envoi de votre rponse !',NULL,'Redressement fiscal : soyez vigilant sur l\'adresse d\'envoi de votre rponse !',NULL,'snthdk',1,0,0,1,NULL,'fr'),(32233,'infos-de-gestion/fiscalite/actualites/imposition-separee-des-epoux-et-controle-fiscal','Imposition spare des poux et contrle fiscal','Imposition spare des poux et contrle fiscal',NULL,'Imposition spare des poux et contrle fiscal',NULL,'snthdk',1,0,0,1,NULL,'fr'),(32234,'infos-de-gestion/fiscalite/actualites/controle-fiscal-l-administration-fiscale-peut-demander-vos-releves-de-comptes','Contrle fiscal : l\'administration fiscale peut demander vos relevs de comptes !','Contrle fiscal : l\'administration fiscale peut demander vos relevs de comptes ',NULL,'Contrle fiscal : l\'administration fiscale peut demander vos relevs de comptes !',NULL,'snthdk',1,0,0,1,NULL,'fr'),(32235,'infos-de-gestion/fiscalite/actualites/dons-deductibles-de-l-isf-le-resultat-par-region-publie','Dons dductibles de l\'ISF : le rsultat par rgion publi','Dons dductibles de l\'ISF : le rsultat par rgion publi',NULL,'Dons dductibles de l\'ISF : le rsultat par rgion publi',NULL,'snthdk',1,0,0,1,NULL,'fr'),(32236,'infos-de-gestion/fiscalite/actualites/comment-sera-impose-le-remboursement-des-rachats-de-vos-cotisations-retraite','Comment sera impos le remboursement des rachats de vos cotisations retraite ?','Comment sera impos le remboursement des rachats de vos cotisations retraite ?',NULL,'Comment sera impos le remboursement des rachats de vos cotisations retraite ?',NULL,'snthdk',1,0,0,1,NULL,'fr'),(32237,'infos-de-gestion/fiscalite/actualites/lutte-contre-la-fraude-fiscale-bilan-2010','Lutte contre la fraude fiscale: bilan 2010','Lutte contre la fraude fiscale: bilan 2010',NULL,'Lutte contre la fraude fiscale: bilan 2010',NULL,'snthdk',1,0,0,1,NULL,'fr'),(32238,'infos-de-gestion/fiscalite/actualites/controle-fiscal-et-documents-deposes-au-greffe','Contrle fiscal et documents dposs au greffe','Contrle fiscal et documents dposs au greffe',NULL,'Contrle fiscal et documents dposs au greffe',NULL,'snthdk',1,0,0,1,NULL,'fr'),(32239,'infos-de-gestion/fiscalite/actualites/la-reforme-de-la-fiscalite-du-patrimoine-enfin-adoptee','La rforme de la fiscalit du patrimoine enfin adopte !','La rforme de la fiscalit du patrimoine enfin adopte !',NULL,'La rforme de la fiscalit du patrimoine enfin adopte !',NULL,'snthdk',1,0,0,1,NULL,'fr'),(32240,'infos-de-gestion/fiscalite/actualites/abattement-successoral-l-administration-fiscale-durcit-le-ton','Abattement successoral : l\'administration fiscale durcit le ton','Abattement successoral : l\'administration fiscale durcit le ton',NULL,'Abattement successoral : l\'administration fiscale durcit le ton',NULL,'snthdk',1,0,0,1,NULL,'fr'),(32241,'infos-de-gestion/fiscalite/actualites/btp-materiaux-la-construction-a-nouveau-sur-la-bonne-voie','BTP-matriaux : la construction  nouveau sur la bonne voie','BTP-matriaux : la construction  nouveau sur la bonne voie',NULL,'BTP-matriaux : la construction  nouveau sur la bonne voie',NULL,'snthdk',1,0,0,1,NULL,'fr'),(32242,'infos-de-gestion/fiscalite/actualites/reforme-de-la-fiscalite-du-patrimoine-l-assurance-vie-mise-a-contribution','Rforme de la fiscalit du patrimoine : l\'assurance-vie mise  contribution','Rforme de la fiscalit du patrimoine : l\'assurance-vie mise  contribution',NULL,'Rforme de la fiscalit du patrimoine : l\'assurance-vie mise  contribution',NULL,'snthdk',1,0,0,1,NULL,'fr'),(32243,'infos-de-gestion/fiscalite/actualites/sci-et-si-vous-optiez-a-l-impot-sur-les-societes','SCI : et si vous optiez  l\'impt sur les socits ?','SCI : et si vous optiez  l\'impt sur les socits ?',NULL,'SCI : et si vous optiez  l\'impt sur les socits ?',NULL,'snthdk',1,0,0,1,NULL,'fr'),(32244,'infos-de-gestion/fiscalite/actualites/plan-d-austerite-du-gouvernement-quelles-consequences-sur-votre-patrimoine','Plan d\'austrit du gouvernement : quelles consquences sur votre patrimoine ?','Plan d\'austrit du gouvernement : quelles consquences sur votre patrimoine ?',NULL,'Plan d\'austrit du gouvernement : quelles consquences sur votre patrimoine ?',NULL,'snthdk',1,0,0,1,NULL,'fr'),(32245,'infos-de-gestion/fiscalite/actualites/isf-a-vos-declarations','ISF :  vos dclarations !','ISF :  vos dclarations !',NULL,'ISF :  vos dclarations !',NULL,'snthdk',1,0,0,1,NULL,'fr'),(32246,'infos-de-gestion/fiscalite/actualites/assurance-vie-demembree-comment-se-partager-l-abattement-fiscal','Assurance-vie dmembre : comment se partager l\'abattement fiscal ?','Assurance-vie dmembre : comment se partager l\'abattement fiscal ?',NULL,'Assurance-vie dmembre : comment se partager l\'abattement fiscal ?',NULL,'snthdk',1,0,0,1,NULL,'fr'),(32247,'infos-de-gestion/fiscalite/actualites/deduire-les-interets-d-un-emprunt-renegocie-de-vos-revenus-fonciers','Dduire les intrts d\'un emprunt rengoci de vos revenus fonciers','Dduire les intrts d\'un emprunt rengoci de vos revenus fonciers',NULL,'Dduire les intrts d\'un emprunt rengoci de vos revenus fonciers',NULL,'snthdk',1,0,0,1,NULL,'fr'),(32248,'infos-de-gestion/fiscalite/actualites/la-reduction-d-impot-pour-mecenat-est-elargie','La rduction d\'impt pour mcnat est largie !','La rduction d\'impt pour mcnat est largie !',NULL,'La rduction d\'impt pour mcnat est largie !',NULL,'snthdk',1,0,0,1,NULL,'fr'),(32249,'infos-de-gestion/fiscalite/actualites/quelles-obligations-declaratives-pour-les-contribuables-soumis-a-l-exit-tax','Quelles obligations dclaratives pour les contribuables soumis  l\'exit tax?','Quelles obligations dclaratives pour les contribuables soumis  l\'exit tax',NULL,'Quelles obligations dclaratives pour les contribuables soumis  l\'exit tax?',NULL,'snthdk',1,0,0,1,NULL,'fr'),(32250,'infos-de-gestion/fiscalite/actualites/le-nouveau-mecanisme-de-plafonnement-de-la-taxe-fonciere-sur-les-proprietes-baties','Le nouveau mcanisme de plafonnement de la taxe foncire sur les proprits bties','Le nouveau mcanisme de plafonnement de la taxe foncire sur les proprits bti',NULL,'Le nouveau mcanisme de plafonnement de la taxe foncire sur les proprits bties',NULL,'snthdk',1,0,0,1,NULL,'fr'),(32251,'infos-de-gestion/fiscalite/dossiers/reforme-de-la-fiscalite-du-patrimoine','Rforme de la fiscalit du patrimoine','Rforme de la fiscalit du patrimoine',NULL,'Rforme de la fiscalit du patrimoine',NULL,'snthdk',1,0,0,1,NULL,'fr'),(32252,'infos-de-gestion/fiscalite/dossiers/reforme-de-la-fiscalite-du-patrimoine-32252','Rforme de la fiscalit du patrimoine','Rforme de la fiscalit du patrimoine',NULL,'Rforme de la fiscalit du patrimoine',NULL,'snthdk',1,0,0,1,NULL,'fr'),(32253,'infos-de-gestion/fiscalite/questions-reponses/plan-d-epargne-logement','Plan d\'pargne logement','Plan d\'pargne logement',NULL,'Plan d\'pargne logement',NULL,'snthdk',1,0,0,1,NULL,'fr'),(32254,'infos-de-gestion/fiscalite/questions-reponses/exoneration-de-tva-relative-aux-livraisons-intracommunautaires','Exonration de TVA relative aux livraisons intracommunautaires','Exonration de TVA relative aux livraisons intracommunautaires',NULL,'Exonration de TVA relative aux livraisons intracommunautaires',NULL,'snthdk',1,0,0,1,NULL,'fr'),(32255,'infos-de-gestion/fiscalite/questions-reponses/deductibilite-du-resultat-des-depenses-de-cadeaux-d-affaires','Dductibilit du rsultat des dpenses de cadeaux d\'affaires','Dductibilit du rsultat des dpenses de cadeaux d\'affaires',NULL,'Dductibilit du rsultat des dpenses de cadeaux d\'affaires',NULL,'snthdk',1,0,0,1,NULL,'fr'),(32256,'infos-de-gestion/immobilier/actualites/gare-aux-notifications-par-lettre-recommandee-avec-accuse-de-reception','Gare aux notifications par lettre recommande avec accus de rception !','Gare aux notifications par lettre recommande avec accus de rception !',NULL,'Gare aux notifications par lettre recommande avec accus de rception !',NULL,'snthdk',1,0,0,1,NULL,'fr'),(32257,'infos-de-gestion/immobilier/actualites/le-diagnostic-de-performance-energetique-subit-un-nouveau-lifting','Le diagnostic de performance nergtique subit un nouveau lifting !','Le diagnostic de performance nergtique subit un nouveau lifting !',NULL,'Le diagnostic de performance nergtique subit un nouveau lifting !',NULL,'snthdk',1,0,0,1,NULL,'fr'),(32258,'infos-de-gestion/immobilier/actualites/comment-calculer-une-plus-value-immobiliere','Comment calculer une plus-value immobilire ?','Comment calculer une plus-value immobilire ?',NULL,'Comment calculer une plus-value immobilire ?',NULL,'snthdk',1,0,0,1,NULL,'fr'),(32259,'infos-de-gestion/immobilier/actualites/deces-d-un-locataire-comment-recuperer-le-logement','Dcs d\'un locataire : comment rcuprer le logement ?','Dcs d\'un locataire : comment rcuprer le logement ?',NULL,'Dcs d\'un locataire : comment rcuprer le logement ?',NULL,'snthdk',1,0,0,1,NULL,'fr'),(32260,'infos-de-gestion/immobilier/actualites/un-epoux-a-t-il-pouvoir-sur-le-compte-de-son-conjoint','Un poux a-t-il pouvoir sur le compte de son conjoint?','Un poux a-t-il pouvoir sur le compte de son conjoint?',NULL,'Un poux a-t-il pouvoir sur le compte de son conjoint?',NULL,'snthdk',1,0,0,1,NULL,'fr'),(32261,'infos-de-gestion/immobilier/actualites/sur-qui-pese-le-reglement-des-frais-de-diagnostics-immobiliers','Sur qui pse le rglement des frais de diagnostics immobiliers ?','Sur qui pse le rglement des frais de diagnostics immobiliers ?',NULL,'Sur qui pse le rglement des frais de diagnostics immobiliers ?',NULL,'snthdk',1,0,0,1,NULL,'fr'),(32262,'infos-de-gestion/immobilier/actualites/projet-de-loi-de-finances-pour-2012-les-amendements-adoptes','Projet de loi de finances pour 2012 : les amendements adopts','Projet de loi de finances pour 2012 : les amendements adopts',NULL,'Projet de loi de finances pour 2012 : les amendements adopts',NULL,'snthdk',1,0,0,1,NULL,'fr'),(32263,'infos-de-gestion/immobilier/actualites/quels-pouvoirs-pour-le-gerant-d-une-sci','Quels pouvoirs pour le grant d\'une SCI ?','Quels pouvoirs pour le grant d\'une SCI ?',NULL,'Quels pouvoirs pour le grant d\'une SCI ?',NULL,'snthdk',1,0,0,1,NULL,'fr'),(32264,'infos-de-gestion/immobilier/actualites/entree-en-piste-de-l-indice-des-loyers-des-activites-tertiaires','Entre en piste de l\'indice des loyers des activits tertiaires','Entre en piste de l\'indice des loyers des activits tertiaires',NULL,'Entre en piste de l\'indice des loyers des activits tertiaires',NULL,'snthdk',1,0,0,1,NULL,'fr'),(32265,'infos-de-gestion/immobilier/actualites/l-administration-vous-aide-a-evaluer-votre-bien-immobilier','L\'administration vous aide  valuer votre bien immobilier !','L\'administration vous aide  valuer votre bien immobilier !',NULL,'L\'administration vous aide  valuer votre bien immobilier !',NULL,'snthdk',1,0,0,1,NULL,'fr'),(32266,'infos-de-gestion/immobilier/actualites/bailleurs-attention-a-ne-pas-fixer-un-loyer-trop-eleve','Bailleurs : attention  ne pas fixer un loyer trop lev !','Bailleurs : attention  ne pas fixer un loyer trop lev !',NULL,'Bailleurs : attention  ne pas fixer un loyer trop lev !',NULL,'snthdk',1,0,0,1,NULL,'fr'),(32267,'infos-de-gestion/immobilier/actualites/dispositif-scellier-du-changement-pour-la-zone-c','Dispositif \"Scellier\" : du changement pour la zone C !','Dispositif \"Scellier\" : du changement pour la zone C !',NULL,'Dispositif \"Scellier\" : du changement pour la zone C !',NULL,'snthdk',1,0,0,1,NULL,'fr'),(32268,'infos-de-gestion/immobilier/actualites/evaluation-des-biens-dans-le-cadre-d-une-succession','valuation des biens dans le cadre d\'une succession','valuation des biens dans le cadre d\'une succession',NULL,'valuation des biens dans le cadre d\'une succession',NULL,'snthdk',1,0,0,1,NULL,'fr'),(32269,'infos-de-gestion/immobilier/actualites/donner-en-location-un-logement-a-l-un-de-vos-enfants-peut-etre-dangereux','Donner en location un logement  l\'un de vos enfants peut tre dangereux !','Donner en location un logement  l\'un de vos enfants peut tre dangereux !',NULL,'Donner en location un logement  l\'un de vos enfants peut tre dangereux !',NULL,'snthdk',1,0,0,1,NULL,'fr'),(32270,'infos-de-gestion/immobilier/actualites/louez-une-partie-de-votre-residence-principale-sans-etre-impose-c-est-possible','Louez une partie de votre rsidence principale sans tre impos : c\'est possible !','Louez une partie de votre rsidence principale sans tre impos : c\'est possible',NULL,'Louez une partie de votre rsidence principale sans tre impos : c\'est possible !',NULL,'snthdk',1,0,0,1,NULL,'fr'),(32271,'infos-de-gestion/immobilier/actualites/les-plafonds-de-loyers-des-investissements-immobiliers-locatifs-publies','Les plafonds de loyers des investissements immobiliers locatifs publis !','Les plafonds de loyers des investissements immobiliers locatifs publis !',NULL,'Les plafonds de loyers des investissements immobiliers locatifs publis !',NULL,'snthdk',1,0,0,1,NULL,'fr'),(32272,'infos-de-gestion/immobilier/actualites/dispositif-scellier-le-plafonnement-supplementaire-enfin-publie','Dispositif  Scellier  : le plafonnement supplmentaire enfin publi !','Dispositif  Scellier  : le plafonnement supplmentaire enfin publi !',NULL,'Dispositif  Scellier  : le plafonnement supplmentaire enfin publi !',NULL,'snthdk',1,0,0,1,NULL,'fr'),(32273,'infos-de-gestion/immobilier/actualites/la-remise-en-mains-propres-gagne-ses-lettres-de-noblesse','La remise en mains propres gagne ses lettres de noblesse !','La remise en mains propres gagne ses lettres de noblesse !',NULL,'La remise en mains propres gagne ses lettres de noblesse !',NULL,'snthdk',1,0,0,1,NULL,'fr'),(32274,'infos-de-gestion/immobilier/actualites/depot-de-garantie-le-bailleur-doit-justifier-les-sommes-deduites','Dpt de garantie : le bailleur doit justifier les sommes dduites','Dpt de garantie : le bailleur doit justifier les sommes dduites',NULL,'Dpt de garantie : le bailleur doit justifier les sommes dduites',NULL,'snthdk',1,0,0,1,NULL,'fr'),(32275,'infos-de-gestion/immobilier/actualites/resiliation-d-un-bail-d-habitation-en-justice-il-faut-prevenir-le-prefet','Rsiliation d\'un bail d\'habitation en justice: il faut prvenir le prfet','Rsiliation d\'un bail d\'habitation en justice: il faut prvenir le prfet',NULL,'Rsiliation d\'un bail d\'habitation en justice: il faut prvenir le prfet',NULL,'snthdk',1,0,0,1,NULL,'fr'),(32276,'infos-de-gestion/immobilier/actualites/transaction-immobiliere-attention-au-prix-derisoire','Transaction immobilire : attention au prix drisoire !','Transaction immobilire : attention au prix drisoire !',NULL,'Transaction immobilire : attention au prix drisoire !',NULL,'snthdk',1,0,0,1,NULL,'fr'),(32277,'infos-de-gestion/immobilier/actualites/comment-reprendre-un-logement-abandonne-par-son-locataire','Comment reprendre un logement abandonn par son locataire ?','Comment reprendre un logement abandonn par son locataire ?',NULL,'Comment reprendre un logement abandonn par son locataire ?',NULL,'snthdk',1,0,0,1,NULL,'fr'),(32278,'infos-de-gestion/immobilier/actualites/deduire-les-interets-d-un-emprunt-renegocie-de-vos-revenus-fonciers','Dduire les intrts d\'un emprunt rengoci de vos revenus fonciers','Dduire les intrts d\'un emprunt rengoci de vos revenus fonciers',NULL,'Dduire les intrts d\'un emprunt rengoci de vos revenus fonciers',NULL,'snthdk',1,0,0,1,NULL,'fr'),(32279,'infos-de-gestion/immobilier/actualites/le-nouveau-mecanisme-de-plafonnement-de-la-taxe-fonciere-sur-les-proprietes-baties','Le nouveau mcanisme de plafonnement de la taxe foncire sur les proprits bties','Le nouveau mcanisme de plafonnement de la taxe foncire sur les proprits bti',NULL,'Le nouveau mcanisme de plafonnement de la taxe foncire sur les proprits bties',NULL,'snthdk',1,0,0,1,NULL,'fr'),(32280,'infos-de-gestion/immobilier/questions-reponses/bail-d-habitation-et-garantie-des-loyers-impayes','Bail d\'habitation et garantie des loyers impays','Bail d\'habitation et garantie des loyers impays',NULL,'Bail d\'habitation et garantie des loyers impays',NULL,'snthdk',1,0,0,1,NULL,'fr'),(32281,'infos-de-gestion/placement/actualites/le-dispositif-de-reduction-d-isf-pour-investissement-dans-une-pme-assoupli','Le dispositif de rduction d\'ISF pour investissement dans une PME assoupli !','Le dispositif de rduction d\'ISF pour investissement dans une PME assoupli !',NULL,'Le dispositif de rduction d\'ISF pour investissement dans une PME assoupli !',NULL,'snthdk',1,0,0,1,NULL,'fr'),(32282,'infos-de-gestion/placement/actualites/la-hausse-du-taux-du-livret-a-bloquee-par-le-ministre-de-l-economie','La hausse du taux du livret A bloque par le ministre de l\'conomie','La hausse du taux du livret A bloque par le ministre de l\'conomie',NULL,'La hausse du taux du livret A bloque par le ministre de l\'conomie',NULL,'snthdk',1,0,0,1,NULL,'fr'),(32283,'infos-de-gestion/placement/actualites/secteur-de-l-aeronautique-les-avionneurs-survolent-la-crise','Secteur de l\'aronautique : les avionneurs survolent la crise','Secteur de l\'aronautique : les avionneurs survolent la crise',NULL,'Secteur de l\'aronautique : les avionneurs survolent la crise',NULL,'snthdk',1,0,0,1,NULL,'fr'),(32284,'infos-de-gestion/placement/actualites/le-livret-a-suit-le-rythme-de-l-inflation','Le livret A suit le rythme de l\'inflation','Le livret A suit le rythme de l\'inflation',NULL,'Le livret A suit le rythme de l\'inflation',NULL,'snthdk',1,0,0,1,NULL,'fr'),(32285,'infos-de-gestion/placement/actualites/reforme-de-la-fiscalite-du-patrimoine-l-assurance-vie-mise-a-contribution','Rforme de la fiscalit du patrimoine : l\'assurance-vie mise  contribution','Rforme de la fiscalit du patrimoine : l\'assurance-vie mise  contribution',NULL,'Rforme de la fiscalit du patrimoine : l\'assurance-vie mise  contribution',NULL,'snthdk',1,0,0,1,NULL,'fr'),(32286,'infos-de-gestion/placement/actualites/la-reduction-d-impot-pour-mecenat-est-elargie','La rduction d\'impt pour mcnat est largie !','La rduction d\'impt pour mcnat est largie !',NULL,'La rduction d\'impt pour mcnat est largie !',NULL,'snthdk',1,0,0,1,NULL,'fr'),(32287,'infos-de-gestion/placement/dossiers/la-ruee-vers-les-placements-or','La rue vers les placements or','La rue vers les placements or',NULL,'La rue vers les placements or',NULL,'snthdk',1,0,0,1,NULL,'fr'),(32288,'infos-de-gestion/placement/dossiers/le-contrat-de-capitalisation','Le contrat de capitalisation','Le contrat de capitalisation',NULL,'Le contrat de capitalisation',NULL,'snthdk',1,0,0,1,NULL,'fr'),(32289,'infos-de-gestion/placement/dossiers/la-ruee-vers-les-placements-or-32289','La rue vers les placements or','La rue vers les placements or',NULL,'La rue vers les placements or',NULL,'snthdk',1,0,0,1,NULL,'fr'),(32290,'infos-de-gestion/placement/dossiers/le-contrat-de-capitalisation-32290','Le contrat de capitalisation','Le contrat de capitalisation',NULL,'Le contrat de capitalisation',NULL,'snthdk',1,0,0,1,NULL,'fr'),(32291,'outils-pratiques/sites-utiles/sites-officiels','Sites officiels','Sites officiels',NULL,NULL,NULL,'snthdk',1,0,1,1,NULL,'fr'),(32292,'outils-pratiques/sites-utiles/sites-officiels/amf-autorite-des-marches-financiers','AMF, Autorit des Marchs Financiers','AMF, Autorit des Marchs Financiers',NULL,NULL,NULL,'snthdk',1,0,1,1,NULL,'fr'),(32293,'outils-pratiques/sites-utiles/sites-officiels/anacofi-cif-association-nationale-des-conseillers-financiers','ANACOFI-CIF, Association NAtionale des COnseillers Financiers','ANACOFI-CIF, Association NAtionale des COnseillers Financiers',NULL,NULL,NULL,'snthdk',1,0,1,1,NULL,'fr'),(32294,'outils-pratiques/sites-utiles/sites-officiels/banque-de-france','Banque de France','Banque de France',NULL,NULL,NULL,'snthdk',1,0,1,1,NULL,'fr'),(32295,'outils-pratiques/sites-utiles/sites-officiels/administration-fiscale','Administration fiscale','Administration fiscale',NULL,NULL,NULL,'snthdk',1,0,1,1,NULL,'fr'),(32296,'outils-pratiques/sites-utiles/sites-officiels/ministere-de-l-economie-et-des-finances','Ministre de lconomie et des finances','Ministre de lconomie et des finances',NULL,NULL,NULL,'snthdk',1,0,1,1,NULL,'fr'),(32297,'outils-pratiques/sites-utiles/sites-officiels/ministere-du-budget-des-comptes-publics-et-de-la-reforme-de-l-etat','Ministre du budget, des comptes publics et de la rforme de ltat','Ministre du budget, des comptes publics et de la rforme de ltat',NULL,NULL,NULL,'snthdk',1,0,1,1,NULL,'fr'),(32298,'infos-de-gestion/fiscalite/actualites/la-liste-2012-des-etats-et-territoires-non-cooperatifs-est-connue','La liste 2012 des tats et territoires non coopratifs est connue !','La liste 2012 des tats et territoires non coopratifs est connue !',NULL,'La liste 2012 des tats et territoires non coopratifs est connue !',NULL,'snthdk',1,0,0,1,NULL,'fr'),(32299,'infos-de-gestion/fiscalite/actualites/depot-des-declarations-fiscales-des-entreprises-n-oubliez-pas-la-date-limite-du-3-mai-2012','Dpt des dclarations fiscales des entreprises : n\'oubliez pas la date limite du 3 mai 2012 !','Dpt des dclarations fiscales des entreprises : n\'oubliez pas la date limite d',NULL,'Dpt des dclarations fiscales des entreprises : n\'oubliez pas la date limite du 3 mai 2012 !',NULL,'snthdk',1,0,0,1,NULL,'fr'),(32300,'infos-de-gestion/fiscalite/actualites/la-nouvelle-saison-de-declaration-des-revenus-a-commence','La nouvelle saison de dclaration des revenus a commenc !','La nouvelle saison de dclaration des revenus a commenc !',NULL,'La nouvelle saison de dclaration des revenus a commenc !',NULL,'snthdk',1,0,0,1,NULL,'fr'),(32301,'infos-de-gestion/immobilier/actualites/acquisition-immobiliere-peut-on-revenir-sur-sa-retractation','Acquisition immobilire : peut-on revenir sur sa rtractation ?','Acquisition immobilire : peut-on revenir sur sa rtractation ?',NULL,'Acquisition immobilire : peut-on revenir sur sa rtractation ?',NULL,'snthdk',1,0,0,1,NULL,'fr'),(32302,'mentions-legales','Mentions Lgales','Mentions Lgales',NULL,NULL,NULL,'snthdk',1,0,1,1,NULL,'fr'),(32303,'infos-de-gestion/famille/actualites/quelles-sont-les-conditions-pour-qu-un-heritier-soit-considere-comme-indigne','Quelles sont les conditions pour qu\'un hritier soit considr comme indigne ?','Quelles sont les conditions pour qu\'un hritier soit considr comme indigne ?',NULL,'Quelles sont les conditions pour qu\'un hritier soit considr comme indigne ?',NULL,'snthdk',1,0,0,1,NULL,'fr'),(32304,'infos-de-gestion/fiscalite/actualites/tva-a-7-sur-les-travaux-et-attestation-du-client','TVA  7 % sur les travaux et attestation du client','TVA  7 % sur les travaux et attestation du client',NULL,'TVA  7 % sur les travaux et attestation du client',NULL,'snthdk',1,0,0,1,NULL,'fr'),(32305,'infos-de-gestion/fiscalite/actualites/declaration-d-impot-de-solidarite-sur-la-fortune-la-campagne-2012-a-debute','Dclaration d\'impt de solidarit sur la fortune : la campagne 2012 a dbut !','Dclaration d\'impt de solidarit sur la fortune : la campagne 2012 a dbut !',NULL,'Dclaration d\'impt de solidarit sur la fortune : la campagne 2012 a dbut !',NULL,'snthdk',1,0,0,1,NULL,'fr'),(32306,'infos-de-gestion/immobilier/actualites/proprietaires-bailleurs-pensez-a-regulariser-vos-charges-locatives-rapidement','Propritaires-bailleurs : pensez  rgulariser vos charges locatives rapidement','Propritaires-bailleurs : pensez  rgulariser vos charges locatives rapidement',NULL,'Propritaires-bailleurs : pensez  rgulariser vos charges locatives rapidement',NULL,'snthdk',1,0,0,1,NULL,'fr'),(32307,'infos-de-gestion/fiscalite/actualites/quelle-date-d-application-pour-le-nouveau-plafonnement-scellier','Quelle date d\'application pour le nouveau plafonnement Scellier ?','Quelle date d\'application pour le nouveau plafonnement Scellier ?',NULL,'Quelle date d\'application pour le nouveau plafonnement Scellier ?',NULL,'snthdk',1,0,0,1,NULL,'fr'),(32308,'infos-de-gestion/immobilier/actualites/quelle-date-d-application-pour-le-nouveau-plafonnement-scellier','Quelle date d\'application pour le nouveau plafonnement Scellier ?','Quelle date d\'application pour le nouveau plafonnement Scellier ?',NULL,'Quelle date d\'application pour le nouveau plafonnement Scellier ?',NULL,'snthdk',1,0,0,1,NULL,'fr'),(32309,'infos-de-gestion/immobilier/actualites/tva-sur-les-travaux-du-nouveau-pour-les-amenagements-interieurs-et-exterieurs','TVA sur les travaux : du nouveau pour les amnagements intrieurs et extrieurs','TVA sur les travaux : du nouveau pour les amnagements intrieurs et extrieurs',NULL,'TVA sur les travaux : du nouveau pour les amnagements intrieurs et extrieurs',NULL,'snthdk',1,0,0,1,NULL,'fr');
/*!40000 ALTER TABLE `dm_page_translation` ENABLE KEYS */;
UNLOCK TABLES;

--
-- Dumping data for table `dm_page_view`
--

LOCK TABLES `dm_page_view` WRITE;
/*!40000 ALTER TABLE `dm_page_view` DISABLE KEYS */;
INSERT INTO `dm_page_view` (`id`, `module`, `action`, `dm_layout_id`) VALUES (1,'main','root',1),(2,'main','error404',1),(3,'main','signin',1),(5,'rubrique','list',1),(9,'rubrique','show',1),(10,'section','show',12),(11,'article','show',12),(12,'main','contact',1),(16,'main','planDAcces',1),(33,'renseignements','list',1),(34,'renseignements','show',1),(35,'main','search',1),(38,'mission','list',1),(39,'recrutement','list',1),(44,'mission','show',1),(45,'recrutement','show',NULL),(48,'pageCabinet','list',1),(49,'pageCabinet','show',1),(58,'indexSitesUtiles','list',1),(59,'groupeSitesUtiles','list',1),(63,'sidActuRubrique','list',1),(66,'sidActuRubrique','show',1),(67,'sidActuArticle','show',1),(72,'indexSitesUtiles','show',1),(73,'groupeSitesUtiles','show',1),(74,'sitesUtiles','show',1),(76,'main','eco',1),(77,'rubrique','thematiquePlacement',1),(80,'sidActuArticle','list',1),(81,'main','filDActualite',NULL),(82,'main','dessin',1),(83,'main','planDuSite',1),(85,'main','presentationDuCabinet',1),(86,'main','bourse',1),(87,'main','simulateurs',1),(88,'main','valeurAcquiseParUnCapitalPlaceAInteretsComposesPendantUneDureeDeterminee',1),(89,'main','valeurAcquiseParUneSuiteDeVersementsConstants',1),(90,'main','tauxDeRendementDUnCapital',1),(91,'main','tauxDeRendementDUneSuiteDeVersement',1),(92,'main','calculDuCapitalEmprunte',1),(93,'main','calculDeLaDureeSelonVotreCapaciteDeRemboursement',1),(94,'main','calculDuVersementPeriodique',1),(95,'main','calculDuTaux',1),(96,'main','calculDesLoyersConstants',1),(97,'main','calculDuTauxReelCoutReelDuCreditBail',1),(98,'main','calculDeLaDuree',1),(99,'main','absencesEtCongesDuSalarie',1),(100,'main','correspondanceJoursOuvresJoursOuvrables',1),(101,'main','seuilDeRentabiliteEstimationRapide',1),(102,'main','calculDesFraisKilometriquesVehiculesAutomobiles',1),(103,'main','versementTransport',1),(104,'selectionPlacement','list',1),(105,'main','outilsPratiques',1),(106,'main','mentionsLegales',1);
/*!40000 ALTER TABLE `dm_page_view` ENABLE KEYS */;
UNLOCK TABLES;

--
-- Dumping data for table `dm_record_permission`
--

LOCK TABLES `dm_record_permission` WRITE;
/*!40000 ALTER TABLE `dm_record_permission` DISABLE KEYS */;
/*!40000 ALTER TABLE `dm_record_permission` ENABLE KEYS */;
UNLOCK TABLES;

--
-- Dumping data for table `dm_record_permission_association`
--

LOCK TABLES `dm_record_permission_association` WRITE;
/*!40000 ALTER TABLE `dm_record_permission_association` DISABLE KEYS */;
/*!40000 ALTER TABLE `dm_record_permission_association` ENABLE KEYS */;
UNLOCK TABLES;

--
-- Dumping data for table `dm_record_permission_association_group`
--

LOCK TABLES `dm_record_permission_association_group` WRITE;
/*!40000 ALTER TABLE `dm_record_permission_association_group` DISABLE KEYS */;
/*!40000 ALTER TABLE `dm_record_permission_association_group` ENABLE KEYS */;
UNLOCK TABLES;

--
-- Dumping data for table `dm_record_permission_association_user`
--

LOCK TABLES `dm_record_permission_association_user` WRITE;
/*!40000 ALTER TABLE `dm_record_permission_association_user` DISABLE KEYS */;
/*!40000 ALTER TABLE `dm_record_permission_association_user` ENABLE KEYS */;
UNLOCK TABLES;

--
-- Dumping data for table `dm_record_permission_group`
--

LOCK TABLES `dm_record_permission_group` WRITE;
/*!40000 ALTER TABLE `dm_record_permission_group` DISABLE KEYS */;
/*!40000 ALTER TABLE `dm_record_permission_group` ENABLE KEYS */;
UNLOCK TABLES;

--
-- Dumping data for table `dm_record_permission_user`
--

LOCK TABLES `dm_record_permission_user` WRITE;
/*!40000 ALTER TABLE `dm_record_permission_user` DISABLE KEYS */;
/*!40000 ALTER TABLE `dm_record_permission_user` ENABLE KEYS */;
UNLOCK TABLES;

--
-- Dumping data for table `dm_redirect`
--

LOCK TABLES `dm_redirect` WRITE;
/*!40000 ALTER TABLE `dm_redirect` DISABLE KEYS */;
/*!40000 ALTER TABLE `dm_redirect` ENABLE KEYS */;
UNLOCK TABLES;

--
-- Dumping data for table `dm_tag`
--

LOCK TABLES `dm_tag` WRITE;
/*!40000 ALTER TABLE `dm_tag` DISABLE KEYS */;
INSERT INTO `dm_tag` (`id`, `name`) VALUES (83,'AIDE A L\'EMPLOI'),(103,'AIDES A L\'ENTREPRISE'),(114,'AUTO-ENTREPRENEUR'),(62,'AVANTAGES FISCAUX'),(94,'BAIL COMMERCIAL'),(74,'BAIL D\'HABITATION'),(91,'COMMERCE/CONSOMMATION'),(78,'COMMUNICATION'),(112,'COMPTABILITE'),(108,'CONDITIONS DE TRAVAIL'),(56,'CONJONCTURE ECONOMIQUE'),(90,'CONTRAT DE TRAVAIL'),(81,'CONTRATS'),(89,'COTISATIONS SOCIALES'),(98,'CREATION D\'ENTREPRISE'),(60,'DEFAILLANCE D\'ENTREPRISE'),(111,'DEVELOPPEMENT D\'ENTREPRISE'),(59,'DROIT'),(73,'DROIT D\'ENREGISTREMENT'),(87,'DROIT DES PARTICULIERS'),(82,'DROIT DES SOCIETES'),(86,'DROIT DU TRAVAIL'),(88,'EMBAUCHE'),(113,'ENVIRONNEMENT'),(101,'EQUIPEMENT'),(109,'ETUDE DE MARCHE'),(107,'EVENEMENT'),(95,'EXPORT'),(102,'FINANCEMENT D\'ENTREPRISE'),(61,'FISCALITE'),(63,'FISCALITE PERSONNELLE'),(65,'FISCALITE PROFESSIONNELLE'),(99,'FORMALITES/DECLARATIONS'),(106,'GARANTIES/SURETES'),(76,'GESTION DE L\'ENTREPRISE'),(77,'IMMOBILIER'),(110,'IMPLANTATION D\'ENTREPRISE'),(71,'IMPOTS SUR LE REVENU'),(66,'IMPOTS SUR LES BENEFICES'),(97,'INVESTISSEMENT'),(64,'ISF'),(116,'MANAGEMENT'),(79,'MARKETING'),(104,'MARQUES ET BREVETS/PROPRIETE INDUSTRIELLE'),(105,'MULTIMEDIA'),(58,'PLACEMENT'),(96,'PRELEVEMENTS OBLIGATOIRES'),(67,'PROCEDURE FISCALE'),(85,'PROTECTION SOCIALE'),(93,'REMUNERATION'),(72,'REVENUS DU PATRIMOINE'),(92,'RUPTURE DE CONTRAT'),(100,'STATUT DE L\'ENTREPRISE'),(117,'SUCCESS STORY'),(68,'TAXES LOCALES/IMPOTS LOCAUX'),(57,'TENDANCES'),(115,'TRANSMISSION A TITRE GRATUIT'),(70,'TRANSMISSIONS D\'ENTREPRISES/CESSION D\'ENTREPRISE'),(84,'TRAVAIL'),(75,'TRESORERIE/DELAIS DE PAIEMENT'),(69,'TVA'),(80,'VIE DE L\'ENTREPRISE');
/*!40000 ALTER TABLE `dm_tag` ENABLE KEYS */;
UNLOCK TABLES;

--
-- Dumping data for table `dm_user`
--

LOCK TABLES `dm_user` WRITE;
/*!40000 ALTER TABLE `dm_user` DISABLE KEYS */;
INSERT INTO `dm_user` (`id`, `username`, `email`, `algorithm`, `salt`, `password`, `is_active`, `is_super_admin`, `last_login`, `forgot_password_code`, `created_at`, `updated_at`) VALUES (1,'admin','admin@_demo_cgp-maestro.com','sha1','b92467c8772996544e062d4817e358eb','ae2f456cb565b0dee141543ed57793c6f0956299',1,1,'2012-05-29 14:15:53',NULL,'2011-11-16 14:23:09','2011-11-16 14:23:09'),(2,'client','client@client.fr','sha1','1ecbcc7d51d509c40c13c00a9a62ee14','9c4e226396030f4e6674335b7274dc210483d7e8',1,0,'2012-03-21 11:04:48',NULL,'2011-11-16 14:45:56','2011-11-16 14:45:56');
/*!40000 ALTER TABLE `dm_user` ENABLE KEYS */;
UNLOCK TABLES;

--
-- Dumping data for table `dm_user_group`
--

LOCK TABLES `dm_user_group` WRITE;
/*!40000 ALTER TABLE `dm_user_group` DISABLE KEYS */;
INSERT INTO `dm_user_group` (`dm_user_id`, `dm_group_id`) VALUES (2,1);
/*!40000 ALTER TABLE `dm_user_group` ENABLE KEYS */;
UNLOCK TABLES;

--
-- Dumping data for table `dm_user_permission`
--

LOCK TABLES `dm_user_permission` WRITE;
/*!40000 ALTER TABLE `dm_user_permission` DISABLE KEYS */;
/*!40000 ALTER TABLE `dm_user_permission` ENABLE KEYS */;
UNLOCK TABLES;

--
-- Dumping data for table `dm_widget`
--

LOCK TABLES `dm_widget` WRITE;
/*!40000 ALTER TABLE `dm_widget` DISABLE KEYS */;
INSERT INTO `dm_widget` (`id`, `dm_zone_id`, `module`, `action`, `css_class`, `position`, `updated_at`) VALUES (1,1,'dmWidgetContent','title',NULL,-1,'2011-08-05 12:20:30'),(2,2,'dmUser','signin',NULL,-2,'2011-08-05 12:20:30'),(5,103,'dmWidgetNavigation','breadCrumb','',4,'2012-02-13 16:37:09'),(7,7,'dmContact','form','',1,'2011-08-05 12:41:35'),(11,11,'article','listBySection','',3,'2011-09-26 18:43:30'),(92,41,'dmWidgetSearch','results',NULL,-3,'2011-08-10 14:33:05'),(93,18,'dmWidgetSearch','form','search',4,'2012-04-23 17:15:36'),(95,42,'dmWidgetSearch','results','',1,'2011-08-10 14:53:46'),(249,39,'dmUser','signin','',1,'2011-09-14 09:27:15'),(293,6,'dmWidgetContent','text','',2,'2012-04-20 16:26:28'),(296,74,'indexSitesUtiles','show','',1,'2011-09-19 16:26:40'),(297,74,'groupeSitesUtiles','list','',3,'2011-09-19 17:58:50'),(299,78,'sitesUtiles','listByGroupeSitesUtiles','',1,'2011-09-19 17:28:30'),(300,79,'groupeSitesUtiles','list','',2,'2012-02-14 15:22:22'),(303,74,'dmWidgetContent','title','',2,'2011-09-19 18:00:46'),(342,79,'indexSitesUtiles','show','',1,'2011-09-27 00:52:39'),(352,69,'sidActuRubrique','list','',1,'2011-09-28 00:19:04'),(353,68,'sidActuArticle','listParRubrique','',1,'2011-09-28 00:23:46'),(354,84,'dmWidgetFeedReader','show','',1,'2011-09-28 01:47:44'),(355,85,'handWidgets','listSousHomeByRubrique','',1,'2011-09-28 12:11:42'),(362,40,'dmWidgetNavigation','menu','',1,'2012-02-27 12:06:56'),(422,53,'pagesDuCabinet','pageCabinet','',1,'2012-03-13 10:48:34'),(423,65,'pagesDuCabinet','introPageCabinet','',3,'2012-01-10 09:07:30'),(424,45,'missions','missionShow','',2,'2011-12-02 08:56:31'),(425,45,'missions','missionsList','',4,'2011-12-02 08:57:26'),(431,65,'actusDuCabinet','actuArticlesContextuel','',4,'2012-01-10 09:07:30'),(432,177,'missions','missionsContextuel','',1,'2012-05-02 17:23:53'),(433,101,'actusDuCabinet','actuArticlesList','',1,'2011-12-02 09:50:08'),(434,71,'actusDuCabinet','actuArticleShow','',2,'2011-12-02 09:59:09'),(435,71,'actusDuCabinet','actuArticlesList','',3,'2011-12-02 10:00:15'),(437,55,'recrutementsCabinet','recrutementsList','',2,'2011-12-02 10:03:59'),(438,75,'recrutementsCabinet','recrutementShow','',1,'2011-12-02 10:05:19'),(439,75,'recrutementsCabinet','recrutementsList','',3,'2011-12-02 10:06:02'),(440,102,'specifiquesBaseEditoriale','filActualite','',2,'2012-01-03 16:51:05'),(441,102,'specifiquesBaseEditoriale','filActualite','',3,'2012-01-03 16:51:05'),(442,102,'specifiquesBaseEditoriale','filActualite','',4,'2012-01-03 16:51:05'),(452,47,'missions','missionsList','',2,'2011-12-05 15:07:04'),(454,81,'adresses','multiples','',2,'2011-12-06 15:23:19'),(495,102,'specifiquesBaseEditoriale','dessinSemaine','',5,'2012-01-03 16:51:05'),(496,121,'specifiquesBaseEditoriale','dessinSemaine','',1,'2011-12-29 12:22:42'),(497,6,'adresses','multiples','',3,'2012-04-20 16:23:51'),(539,138,'sitemap','planDuSite','',1,'2012-01-03 17:06:32'),(547,103,'bandeau','smartBandeau',NULL,2,'2012-02-13 16:38:14'),(554,12,'affichage','article','',1,'2012-03-06 15:41:56'),(571,18,'dmWidgetContent','image','logoFull',1,'2012-04-23 17:14:44'),(577,18,'dmWidgetContent','ckEditor','printInfo',3,'2012-04-23 17:15:36'),(580,104,'socialNetwork','logos','',1,'2012-05-22 12:51:13'),(597,149,'actusDuCabinet','actuArticlesContextuel','',2,'2012-02-28 13:09:18'),(598,149,'recrutementsCabinet','recrutementsList','',3,'2012-02-28 13:09:53'),(599,54,'pagesDuCabinet','pageCabinetList','',1,'2012-02-28 13:11:20'),(600,150,'dmWidgetFeedReader','show','',1,'2012-02-29 16:07:13'),(602,178,'specifiquesBaseEditoriale','listActualite','',1,'2012-05-04 16:15:44'),(605,35,'dmWidgetContent','ckEditor','',3,'2012-03-13 15:23:01'),(606,53,'pagesDuCabinet','pageCabinetList','',2,'2012-03-13 15:50:52'),(613,63,'implantationCabinet','implantation','',1,'2012-03-14 14:43:13'),(615,49,'implantationCabinet','listImplantation','',1,'2012-03-14 14:44:47'),(616,63,'implantationCabinet','listImplantation','',3,'2012-03-15 09:09:15'),(621,21,'dmWidgetGoogleMap','smartGoogleMap','',2,'2012-03-15 15:05:11'),(622,63,'dmWidgetGoogleMap','show','',2,'2012-03-15 16:35:24'),(623,149,'pagesDuCabinet','introPageCabinet','',1,'2012-03-21 16:01:43'),(625,152,'vacpicpdd','form','',1,'2012-03-23 12:25:09'),(626,153,'vasvc','form',NULL,-4,'2012-03-23 12:25:53'),(627,154,'trc','form','',1,'2012-03-23 12:32:27'),(628,155,'trsvc','form','',1,'2012-03-23 12:33:08'),(629,156,'cce','form','',1,'2012-03-23 12:33:28'),(630,157,'cd','form','',1,'2012-03-23 12:33:48'),(631,158,'cvp','form','',1,'2012-03-23 12:34:10'),(632,159,'ct','form','',1,'2012-03-23 12:34:41'),(633,160,'cl','form','',1,'2012-03-23 12:35:04'),(634,161,'ctr','form','',1,'2012-03-23 12:35:34'),(636,162,'cld','form','',1,'2012-03-23 12:36:54'),(637,163,'acs','form','',1,'2012-03-23 12:37:13'),(638,164,'cjo','form',NULL,-5,'2012-03-23 12:37:30'),(639,165,'srtb','form',NULL,-6,'2012-03-23 12:39:42'),(640,166,'fk','form','',1,'2012-03-23 12:40:53'),(641,167,'vt','form',NULL,-7,'2012-03-23 12:41:15'),(642,151,'dmWidgetContent','ckEditor','',1,'2012-03-23 14:26:28'),(648,9,'specifiquesBaseEditoriale','filActualite','',1,'2012-04-04 16:00:07'),(649,9,'specifiquesBaseEditoriale','filActualite','',2,'2012-04-04 16:00:29'),(650,9,'specifiquesBaseEditoriale','filActualite','',3,'2012-04-04 16:01:01'),(651,9,'specifiquesBaseEditoriale','dessinSemaine','',4,'2012-04-04 16:01:36'),(652,168,'dmWidgetSearch','form','search',4,'2012-04-23 17:15:53'),(653,168,'dmWidgetContent','image','logoFull',1,'2012-04-23 17:15:27'),(654,168,'dmWidgetContent','ckEditor','printInfo',3,'2012-04-23 17:17:32'),(655,169,'dmWidgetNavigation','menu','',1,'2012-02-27 12:06:56'),(656,175,'equipeCabinet','equipesContextuel','',1,'2012-05-02 17:20:19'),(657,170,'dmWidgetContent','text','',2,'2012-04-20 16:30:27'),(661,173,'adresses','multiples','',2,'2011-12-06 15:23:19'),(662,174,'dmWidgetNavigation','breadCrumb','',4,'2012-02-13 16:37:09'),(663,174,'bandeau','smartBandeau',NULL,2,'2012-02-13 16:38:14'),(664,170,'adresses','multiples','',3,'2012-04-20 10:18:14'),(665,175,'socialNetwork','logos','',2,'2012-05-02 17:21:36'),(668,10,'affichage','listSection','',1,'2012-04-11 12:22:07'),(674,6,'dmWidgetNavigation','menu','',1,'2012-04-20 16:26:28'),(675,170,'dmWidgetNavigation','menu','',1,'2012-04-20 16:31:03'),(676,18,'dmWidgetContent','image','logoLight',2,'2012-04-23 17:16:56'),(677,168,'dmWidgetContent','image','logoLight',2,'2012-04-23 17:16:45'),(678,179,'dmWidgetContent','legalNotices','',1,'2012-05-21 16:15:19'),(679,7,'dmWidgetContent','image','',2,'2012-05-22 10:23:38');
/*!40000 ALTER TABLE `dm_widget` ENABLE KEYS */;
UNLOCK TABLES;

--
-- Dumping data for table `dm_widget_translation`
--

LOCK TABLES `dm_widget_translation` WRITE;
/*!40000 ALTER TABLE `dm_widget_translation` DISABLE KEYS */;
INSERT INTO `dm_widget_translation` (`id`, `value`, `lang`) VALUES (1,'{\"text\":\"Page introuvable\",\"tag\":\"h1\"}','fr'),(2,'[]','fr'),(5,'{\"separator\":\">\",\"includeCurrent\":true,\"includeInactivePages\":true}','fr'),(7,'[]','fr'),(11,'{\"orderField\":\"position\",\"orderType\":\"asc\",\"maxPerPage\":6,\"navBottom\":true,\"sectionFilter\":null,\"navTop\":false}','fr'),(92,'{\"maxPerPage\":10,\"navBottom\":true,\"widthImage\":\"\",\"heightImage\":\"\",\"length\":null,\"withImage\":false,\"nbArticles\":null,\"lien\":\"\",\"titreBloc\":\"\",\"chapo\":null,\"navTop\":false}','fr'),(93,'[]','fr'),(95,'{\"maxPerPage\":10,\"navBottom\":true,\"widthImage\":\"\",\"heightImage\":\"\",\"length\":null,\"withImage\":false,\"nbArticles\":null,\"lien\":\"\",\"titreBloc\":\"\",\"chapo\":null,\"navTop\":false}','fr'),(249,'[]','fr'),(293,'{\"title\":\"\",\"text\":\"2011 - SID Presse - [mentions l\\u00e9gales](\\/mentions-legales \\\"Mentions L\\u00e9gales\\\")\\n\",\"mediaId\":null,\"titleLink\":\"\",\"mediaLink\":\"\",\"titlePosition\":\"outside\",\"width\":\"\",\"height\":\"\",\"legend\":\"\",\"method\":\"center\",\"background\":\"FFFFFF\",\"quality\":null}','fr'),(296,'{\"recordId\":\"1\"}','fr'),(297,'{\"orderField\":\"position\",\"orderType\":\"asc\",\"maxPerPage\":50,\"navTop\":false,\"navBottom\":false}','fr'),(299,'{\"orderField\":\"position\",\"orderType\":\"asc\",\"maxPerPage\":10,\"navBottom\":true,\"groupeSitesUtilesFilter\":null,\"navTop\":false}','fr'),(300,'{\"orderField\":\"position\",\"orderType\":\"asc\",\"maxPerPage\":50,\"navTop\":false,\"navBottom\":false}','fr'),(303,'{\"text\":\"Les diff\\u00e9rents groupes de sites\",\"tag\":\"h3\",\"href\":\"page:3216 Les groupes de sites utiles\"}','fr'),(342,'{\"recordId\":\"1\"}','fr'),(352,'{\"orderField\":\"position\",\"orderType\":\"asc\",\"maxPerPage\":10,\"navTop\":false,\"navBottom\":false}','fr'),(353,'{\"orderField\":\"position\",\"orderType\":\"asc\",\"maxPerPage\":5,\"sidActuRubriqueFilter\":null,\"navTop\":false,\"navBottom\":false}','fr'),(354,'{\"url\":\"http:\\/\\/www.lesechos.fr\\/rss\\/rss_articles_gratuit.xml\",\"title\":\"L\'actualit\\u00e9 \\u00e9conomique des Echos\",\"nbArticles\":20,\"length\":200,\"life_time\":86400,\"logo_les_echos\":true,\"widthImage\":\"\",\"heightImage\":\"\",\"withImage\":false,\"lien\":\"\",\"titreBloc\":\"\",\"chapo\":null}','fr'),(355,'{\"photo\":true,\"titreBloc\":true}','fr'),(362,'{\"menuType\":\"megadropdown\",\"ulClass\":\"\",\"menuName\":\"\",\"liClass\":\"\",\"menuClass\":\"\",\"widthImage\":\"\",\"heightImage\":\"\",\"length\":null,\"withImage\":false,\"nbArticles\":null,\"lien\":\"\",\"titreBloc\":\"\",\"chapo\":null,\"items\":[{\"link\":\"page:20936\",\"text\":\"Le Cabinet\",\"groupdisplayed\":\"\",\"secure\":0,\"nofollow\":0,\"depth\":\"2\",\"target\":\"\"},{\"link\":\"page:1595\",\"text\":\"Nos Services\",\"groupdisplayed\":\"\",\"secure\":0,\"nofollow\":0,\"depth\":\"2\",\"target\":\"\"},{\"link\":\"page:5\",\"text\":\"Infos de gestion\",\"groupdisplayed\":\"\",\"secure\":0,\"nofollow\":0,\"depth\":\"2\",\"target\":\"\"},{\"link\":\"page:32098\",\"text\":\"Outils pratiques\",\"groupdisplayed\":\"\",\"secure\":0,\"nofollow\":0,\"depth\":\"2\",\"target\":\"\"}]}','fr'),(422,'{\"titreBloc\":\"\",\"lien\":\"Contactez-nous pour en savoir plus sur notre accompagnement et nos services\",\"withImage\":true,\"widthImage\":\"622\",\"heightImage\":\"\",\"length\":null,\"nbArticles\":null,\"chapo\":null}','fr'),(423,'{\"page\":\"5\",\"length\":250,\"titreBloc\":\"\",\"lien\":\"en savoir plus sur le cabinet\",\"withImage\":true,\"widthImage\":\"174\",\"heightImage\":\"\",\"nbArticles\":null,\"chapo\":null}','fr'),(424,'{\"titreBloc\":\"Nos services\",\"withImage\":true,\"widthImage\":\"238\",\"heightImage\":\"\",\"length\":null,\"nbArticles\":null,\"lien\":\"\",\"chapo\":null}','fr'),(425,'{\"titreBloc\":\"Les autres services du Cabinet\",\"nbArticles\":0,\"length\":0,\"chapo\":\"0\",\"withImage\":true,\"widthImage\":\"238\",\"heightImage\":\"\",\"lien\":\"\"}','fr'),(431,'{\"type\":\"2\",\"titreBloc\":\"\",\"lien\":\"TOUTES LES ACTUALITES DU CABINET\",\"nbArticles\":1,\"length\":250,\"chapo\":\"0\",\"withImage\":true,\"widthImage\":\"174\",\"heightImage\":\"\"}','fr'),(432,'{\"titreBloc\":\"\",\"lien\":\"Tous nos services\",\"nbArticles\":1,\"length\":250,\"chapo\":\"0\",\"withImage\":true,\"widthImage\":\"174\",\"heightImage\":\"\"}','fr'),(433,'{\"type\":\"2\",\"titreBloc\":\"\",\"nbArticles\":0,\"length\":250,\"chapo\":\"0\",\"withImage\":true,\"widthImage\":\"174\",\"heightImage\":\"\",\"lien\":\"\"}','fr'),(434,'{\"type\":\"2\",\"titreBloc\":\"\",\"withImage\":true,\"heightImage\":\"270\",\"widthImage\":\"\",\"length\":null,\"nbArticles\":null,\"lien\":\"\",\"chapo\":null}','fr'),(435,'{\"type\":\"2\",\"titreBloc\":\"Les autres actualit\\u00e9s du Cabinet\",\"nbArticles\":0,\"length\":0,\"chapo\":\"0\",\"withImage\":true,\"widthImage\":\"200\",\"heightImage\":\"\",\"lien\":\"\"}','fr'),(437,'{\"titreBloc\":\"Recrutement\",\"nbArticles\":0,\"length\":250,\"lien\":\"\",\"withImage\":true,\"widthImage\":\"174\",\"heightImage\":\"\",\"chapo\":null}','fr'),(438,'{\"titreBloc\":\"Recrutement\",\"withImage\":true,\"widthImage\":\"200\",\"heightImage\":\"\",\"length\":null,\"nbArticles\":null,\"lien\":\"\",\"chapo\":null}','fr'),(439,'{\"titreBloc\":\"Recrutement\",\"nbArticles\":0,\"length\":100,\"lien\":\"\",\"withImage\":true,\"widthImage\":\"200\",\"heightImage\":\"\",\"chapo\":null}','fr'),(440,'{\"titreBloc\":\"Actualit\\u00e9s \\u00e0 la une\",\"length\":300,\"nbArticles\":3,\"section\":[\"505\",\"486\",\"508\",\"504\",\"493\",\"500\"],\"lien\":\"Les actus en \",\"withImage\":true,\"widthImage\":\"\",\"heightImage\":\"\",\"chapo\":null}','fr'),(441,'{\"titreBloc\":\"Dossier \\u00e0 la une\",\"length\":0,\"nbArticles\":1,\"section\":[\"511\",\"506\",\"487\",\"495\",\"502\",\"498\"],\"lien\":\"Les dossiers en \",\"widthImage\":\"\",\"heightImage\":\"\",\"withImage\":false,\"chapo\":null}','fr'),(442,'{\"titreBloc\":\"La question \\u00e0 la une\",\"length\":0,\"nbArticles\":1,\"section\":[\"507\",\"496\",\"503\",\"499\",\"512\"],\"lien\":\"Les autres questions r\\u00e9ponses en\",\"widthImage\":\"\",\"heightImage\":\"\",\"withImage\":false,\"chapo\":null}','fr'),(452,'{\"titreBloc\":\"Tous nos services\",\"nbArticles\":0,\"length\":0,\"chapo\":\"0\",\"withImage\":true,\"widthImage\":\"238\",\"heightImage\":\"\",\"lien\":\"\"}','fr'),(454,'{\"titreBloc\":\"\"}','fr'),(495,'{\"titreBloc\":\"Le dessin de la semaine\",\"effect\":\"slide-hori\",\"lien\":\"Tous les dessins\",\"filDActu\":true,\"widthImage\":\"\",\"heightImage\":\"\",\"length\":null,\"withImage\":false,\"nbArticles\":null,\"chapo\":null}','fr'),(496,'{\"titreBloc\":\"Dessin de la semaine\",\"effect\":\"fade\",\"lien\":\"LES AUTRES DESSINS\",\"widthImage\":\"\",\"heightImage\":\"\",\"length\":null,\"withImage\":false,\"nbArticles\":null,\"chapo\":null,\"filDActu\":false}','fr'),(497,'{\"titreBloc\":\"\"}','fr'),(539,'{\"titreBloc\":\"Plan du site\"}','fr'),(547,'{\"cssClass\":null}','fr'),(554,'{\"recordId\":null,\"withImage\":true,\"widthImage\":\"174\",\"heightImage\":\"\",\"length\":null,\"nbArticles\":null,\"lien\":\"\",\"titreBloc\":\"\",\"chapo\":null}','fr'),(571,'{\"mediaId\":\"234\",\"legend\":\"\",\"width\":\"622\",\"height\":\"90\",\"method\":\"center\",\"background\":\"FFFFFF\",\"quality\":null,\"link\":\"page:1 Accueil\",\"widthImage\":\"\",\"heightImage\":\"\",\"length\":null,\"withImage\":false,\"nbArticles\":null,\"lien\":\"\",\"titreBloc\":\"\",\"chapo\":null}','fr'),(577,'{\"html\":\"<h1 class=\\\"dm_site_title\\\">\\n\\t{{Nomcabinet}}<\\/h1>\\n<p class=\\\"dm_site_slogan\\\">\\n\\t{{Slogancabinet}}<\\/p>\\n\",\"widthImage\":\"\",\"heightImage\":\"\",\"length\":null,\"withImage\":false,\"nbArticles\":null,\"lien\":\"\",\"titreBloc\":\"\",\"chapo\":null}','fr'),(580,'{\"facebook\":\"http:\\/\\/www.facebook.com\\/xxxx\",\"googleplus\":\"http:\\/\\/www.googleplus.com\\/xxxx\",\"linkedin\":\"http:\\/\\/www.linkedin.com\\/xxxx\",\"twitter\":\"http:\\/\\/www.twitter.com\\/xxx\"}','fr'),(597,'{\"type\":\"2\",\"titreBloc\":\"\",\"lien\":\"vers les actus du cabinet\",\"nbArticles\":1,\"length\":250,\"chapo\":\"0\",\"withImage\":true,\"widthImage\":\"174\",\"heightImage\":\"\"}','fr'),(598,'{\"titreBloc\":\"\",\"nbArticles\":1,\"length\":250,\"lien\":\"Les autres annonces de recrutements\",\"withImage\":true,\"widthImage\":\"174\",\"heightImage\":\"\",\"chapo\":null}','fr'),(599,'{\"length\":250,\"titreBloc\":\"\",\"withImage\":true,\"widthImage\":\"174\",\"heightImage\":\"\",\"nbArticles\":null,\"lien\":\"\",\"chapo\":null}','fr'),(600,'{\"url\":\"http:\\/\\/www.lesechos.fr\\/rss\\/rss_anafi.xml\",\"title\":\"Bourse\",\"nbArticles\":10,\"length\":120,\"life_time\":86400,\"logo_les_echos\":true,\"widthImage\":\"\",\"heightImage\":\"\",\"withImage\":false,\"lien\":\"\",\"titreBloc\":\"\",\"chapo\":null}','fr'),(602,'{\"titreBloc\":\"Dans la m\\u00eame rubrique\",\"nbArticles\":5,\"length\":0,\"chapo\":\"0\",\"widthImage\":\"\",\"heightImage\":\"100\",\"justTitle\":true,\"withImage\":false,\"lien\":\"\"}','fr'),(605,'{\"html\":\"<p style=\\\"text-align: center;\\\">\\n\\t<img alt=\\\"\\\" id=\\\"ck-media-205\\\" src=\\\"\\/uploads\\/widget\\/404.jpg\\\" style=\\\"width: 496px; height: 395px;\\\" \\/><\\/p>\\n<p style=\\\"text-align: center;\\\">\\n\\t<span style=\\\"font-size:14px;\\\"><span style=\\\"color: rgb(128, 0, 0);\\\"><strong>Erreur 404<br \\/>\\n\\t<\\/strong><\\/span><\\/span><\\/p>\\n<p style=\\\"text-align: center;\\\">\\n\\t<span style=\\\"font-size: 14px;\\\"><span style=\\\"color: rgb(128, 0, 0);\\\"><strong>Cette page est introuvable.<\\/strong><\\/span><\\/span><\\/p>\\n\",\"widthImage\":\"\",\"heightImage\":\"\",\"length\":null,\"withImage\":false,\"nbArticles\":null,\"lien\":\"\",\"titreBloc\":\"\",\"chapo\":null}','fr'),(606,'{\"length\":200,\"titreBloc\":\"En savoir plus sur le cabinet\",\"withImage\":true,\"widthImage\":\"200\",\"heightImage\":\"\",\"nbArticles\":null,\"lien\":\"\",\"chapo\":null}','fr'),(613,'{\"titreBloc\":\"\",\"civ\":true,\"resume_team\":true,\"withImage\":true,\"widthImage\":\"110\",\"heightImage\":\"\",\"length\":null,\"nbArticles\":null,\"lien\":\"\",\"chapo\":null}','fr'),(615,'{\"titreBloc\":\"\",\"resume_town\":true,\"length\":0,\"withImage\":true,\"widthImage\":\"174\",\"heightImage\":\"\",\"nbArticles\":null,\"lien\":\"\",\"chapo\":null}','fr'),(616,'{\"titreBloc\":\"Nos autres implantations\",\"length\":0,\"withImage\":true,\"widthImage\":\"200\",\"heightImage\":\"\",\"nbArticles\":null,\"lien\":\"\",\"chapo\":null,\"resume_town\":false}','fr'),(621,'{\"titreBloc\":\"Nos implantations\",\"length\":0,\"withResume\":true,\"smartGoogleMap\":true,\"widthImage\":\"\",\"heightImage\":\"\",\"withImage\":false,\"nbArticles\":null,\"lien\":\"\",\"chapo\":null}','fr'),(622,'{\"address\":\"\",\"mapTypeId\":\"roadmap\",\"zoom\":\"14\",\"navigationControl\":true,\"width\":\"350px\",\"height\":\"250px\",\"splash\":\"\",\"titreBloc\":\"\",\"length\":0,\"withResume\":true,\"smartGoogleMap\":false,\"widthImage\":\"\",\"heightImage\":\"\",\"withImage\":false,\"nbArticles\":null,\"lien\":\"\",\"chapo\":null,\"mapTypeControl\":false,\"scaleControl\":false,\"idCabinet\":null}','fr'),(623,'{\"page\":\"4\",\"length\":250,\"titreBloc\":\"\",\"lien\":\"Vers la pr\\u00e9sentation du cabinet\",\"withImage\":true,\"widthImage\":\"174\",\"heightImage\":\"\",\"nbArticles\":null,\"chapo\":null}','fr'),(625,'[]','fr'),(626,'{\"cssClass\":null}','fr'),(627,'[]','fr'),(628,'[]','fr'),(629,'[]','fr'),(630,'[]','fr'),(631,'[]','fr'),(632,'[]','fr'),(633,'[]','fr'),(634,'[]','fr'),(636,'[]','fr'),(637,'[]','fr'),(638,'{\"cssClass\":null}','fr'),(639,'{\"cssClass\":null}','fr'),(640,'[]','fr'),(641,'{\"cssClass\":null}','fr'),(642,'{\"html\":\"<h1 class=\\\"title\\\">\\n\\tSimulateurs<\\/h1>\\n<div class=\\\"text_content\\\">\\n\\t<div class=\\\"markdown text_markdown\\\">\\n\\t\\t<h2 id=\\\"calculs-financiers-placements\\\">\\n\\t\\t\\tCalculs financiers : placements<\\/h2>\\n\\t\\t<p class=\\\"dm_first_p\\\">\\n\\t\\t\\tCe module vous permet de calculer la valeur acquise et le taux de rendement d&#39;un placement selon deux modes de versement : un capital plac&eacute; &agrave; int&eacute;r&ecirc;ts compos&eacute;s et une suite de versements constants ou non.<\\/p>\\n\\t\\t<ul>\\n\\t\\t\\t<li>\\n\\t\\t\\t\\t<a class=\\\"link\\\" href=\\\"simulateurs\\/valeur-acquise-par-un-capital-place-a-interets-composes-pendant-une-duree-determinee\\\" title=\\\"Valeur acquise par un capital plac\\u00e9 \\u00e0 int\\u00e9r\\u00eats compos\\u00e9s pendant une dur\\u00e9e d\\u00e9termin\\u00e9e \\\">Valeur acquise par un capital plac&eacute; &agrave; int&eacute;r&ecirc;ts compos&eacute;s pendant une dur&eacute;e d&eacute;termin&eacute;e<\\/a><\\/li>\\n\\t\\t\\t<li>\\n\\t\\t\\t\\t<a class=\\\"link\\\" href=\\\"simulateurs\\/valeur-acquise-par-une-suite-de-versements-constants\\\">Valeur acquise par une suite de versements constants<\\/a><\\/li>\\n\\t\\t\\t<li>\\n\\t\\t\\t\\t<a class=\\\"link\\\" href=\\\"simulateurs\\/taux-de-rendement-dun-capital\\\" title=\\\"Taux de rendement d\'un capital \\\">Taux de rendement d&#39;un capital<\\/a><\\/li>\\n\\t\\t\\t<li>\\n\\t\\t\\t\\t<a class=\\\"link\\\" href=\\\"simulateurs\\/taux-de-rendement-dune-suite-de-versement\\\" title=\\\"Taux de rendement d\'une suite de versement \\\">Taux de rendement d&#39;une suite de versement<\\/a><\\/li>\\n\\t\\t<\\/ul>\\n\\t\\t<h2 id=\\\"calculs-financiers-emprunts\\\">\\n\\t\\t\\tCalculs financiers : emprunts<\\/h2>\\n\\t\\t<p>\\n\\t\\t\\tCe module vous permet de calculer une donn&eacute;e connaissant les 3 autres ; les donn&eacute;es &eacute;tant : le capital emprunt&eacute;, la dur&eacute;e, le montant du versement p&eacute;riodique et le taux.<\\/p>\\n\\t\\t<ul>\\n\\t\\t\\t<li>\\n\\t\\t\\t\\t<a class=\\\"link\\\" href=\\\"simulateurs\\/calcul-du-capital-emprunte\\\" title=\\\"Calcul du capital emprunt\\u00e9 \\\">Calcul du capital emprunt&eacute;<\\/a><\\/li>\\n\\t\\t\\t<li>\\n\\t\\t\\t\\t<a class=\\\"link\\\" href=\\\"simulateurs\\/calcul-de-la-duree-selon-votre-capacite-de-remboursement\\\" title=\\\"Calcul de la dur\\u00e9e (selon votre capacit\\u00e9 de remboursement) \\\">Calcul de la dur&eacute;e (selon votre capacit&eacute; de remboursement)<\\/a><\\/li>\\n\\t\\t\\t<li>\\n\\t\\t\\t\\t<a class=\\\"link\\\" href=\\\"simulateurs\\/calcul-du-versement-periodique\\\" title=\\\"Calcul du versement p\\u00e9riodique \\\">Calcul du versement p&eacute;riodique<\\/a><\\/li>\\n\\t\\t\\t<li>\\n\\t\\t\\t\\t<a class=\\\"link\\\" href=\\\"simulateurs\\/calcul-du-taux\\\" title=\\\"Calcul du taux \\\">Calcul du taux<\\/a><\\/li>\\n\\t\\t<\\/ul>\\n\\t\\t<h2 id=\\\"calculs-financiers-credit-bail\\\">\\n\\t\\t\\tCalculs financiers : cr&eacute;dit-bail<\\/h2>\\n\\t\\t<p>\\n\\t\\t\\tCette fonction permet de conna&icirc;tre le taux d&#39;int&eacute;r&ecirc;t r&eacute;el (proportionnel et &eacute;quivalent) d&#39;un cr&eacute;dit-bail.<br \\/>\\n\\t\\t\\tUne soci&eacute;t&eacute; de cr&eacute;dit-bail propose le financement d&#39;un v&eacute;hicule, vous souhaitez comparer le taux d&#39;int&eacute;r&ecirc;t de ce cr&eacute;dit-bail avec les taux en vigueur sur le march&eacute; bancaire. Ce calcul vous aide &agrave; faire le choix du financement : emprunt ou cr&eacute;dit-bail.<\\/p>\\n\\t\\t<ul>\\n\\t\\t\\t<li>\\n\\t\\t\\t\\t<a class=\\\"link\\\" href=\\\"simulateurs\\/calcul-des-loyers-constants\\\" title=\\\"Calcul des loyers (constants) \\\">Calcul des loyers (constants)<\\/a><\\/li>\\n\\t\\t\\t<li>\\n\\t\\t\\t\\t<a class=\\\"link\\\" href=\\\"simulateurs\\/calcul-du-taux-reel-cout-reel-du-credit-bail\\\" title=\\\"Calcul du taux r\\u00e9el (co\\u00fbt r\\u00e9el du cr\\u00e9dit-bail) \\\">Calcul du taux r&eacute;el (co&ucirc;t r&eacute;el du cr&eacute;dit-bail)<\\/a><\\/li>\\n\\t\\t\\t<li>\\n\\t\\t\\t\\t<a class=\\\"link\\\" href=\\\"simulateurs\\/calcul-de-la-duree\\\">Calcul de la dur&eacute;e<\\/a><\\/li>\\n\\t\\t<\\/ul>\\n\\t\\t<h2 id=\\\"autres-simulateurs\\\">\\n\\t\\t\\tAutres simulateurs<\\/h2>\\n\\t\\t<ul>\\n\\t\\t\\t<li>\\n\\t\\t\\t\\t<a class=\\\"link\\\" href=\\\"simulateurs\\/calcul-des-frais-kilometriques-vehicules-automobiles\\\">Calcul des frais kilom&eacute;triques : v&eacute;hicules automobiles<\\/a><\\/li>\\n\\t\\t<\\/ul>\\n\\t<\\/div>\\n<\\/div>\\n\",\"widthImage\":\"\",\"heightImage\":\"\",\"length\":null,\"withImage\":false,\"nbArticles\":null,\"lien\":\"\",\"titreBloc\":\"\",\"chapo\":null}','fr'),(648,'{\"titreBloc\":\"Actualit\\u00e9s\",\"length\":0,\"nbArticles\":1,\"section\":[\"505\",\"508\",\"486\",\"504\",\"493\",\"500\"],\"lien\":\"Nos articles en\",\"withImage\":true,\"widthImage\":\"200\",\"heightImage\":\"\",\"chapo\":null}','fr'),(649,'{\"titreBloc\":\"Question \\u00e0 la une\",\"length\":0,\"nbArticles\":1,\"section\":[\"496\",\"503\",\"499\",\"512\",\"507\"],\"lien\":\"Nos articles en\",\"withImage\":true,\"widthImage\":\"200\",\"heightImage\":\"\",\"chapo\":null}','fr'),(650,'{\"titreBloc\":\"Dossier \\u00e0 la une\",\"length\":0,\"nbArticles\":1,\"section\":[\"506\",\"495\",\"502\",\"498\",\"511\"],\"lien\":\"Nos articles en\",\"withImage\":true,\"widthImage\":\"200\",\"heightImage\":\"\",\"chapo\":null}','fr'),(651,'{\"titreBloc\":\"Dessin de la semaine\",\"effect\":\"slide-hori\",\"lien\":\"LES AUTRES DESSINS\",\"filDActu\":true,\"widthImage\":\"\",\"heightImage\":\"\",\"length\":null,\"withImage\":false,\"nbArticles\":null,\"chapo\":null}','fr'),(652,'[]','fr'),(653,'{\"mediaId\":\"234\",\"legend\":\"\",\"width\":\"622\",\"height\":\"90\",\"method\":\"center\",\"background\":\"FFFFFF\",\"quality\":null,\"link\":\"page:1 Accueil\",\"widthImage\":\"\",\"heightImage\":\"\",\"length\":null,\"withImage\":false,\"nbArticles\":null,\"lien\":\"\",\"titreBloc\":\"\",\"chapo\":null}','fr'),(654,'{\"html\":\"<h1 class=\\\"dm_site_title\\\">\\n\\t{{Nomcabinet}}<\\/h1>\\n<p class=\\\"dm_site_slogan\\\">\\n\\t{{Slogancabinet}}<\\/p>\\n\",\"widthImage\":\"\",\"heightImage\":\"\",\"length\":null,\"withImage\":false,\"nbArticles\":null,\"lien\":\"\",\"titreBloc\":\"\",\"chapo\":null}','fr'),(655,'{\"menuType\":\"megadropdown\",\"ulClass\":\"\",\"menuName\":\"\",\"liClass\":\"\",\"menuClass\":\"\",\"widthImage\":\"\",\"heightImage\":\"\",\"length\":null,\"withImage\":false,\"nbArticles\":null,\"lien\":\"\",\"titreBloc\":\"\",\"chapo\":null,\"items\":[{\"link\":\"page:20936\",\"text\":\"Le Cabinet\",\"groupdisplayed\":\"\",\"secure\":0,\"nofollow\":0,\"depth\":\"2\",\"target\":\"\"},{\"link\":\"page:1595\",\"text\":\"Nos Services\",\"groupdisplayed\":\"\",\"secure\":0,\"nofollow\":0,\"depth\":\"2\",\"target\":\"\"},{\"link\":\"page:5\",\"text\":\"Infos de gestion\",\"groupdisplayed\":\"\",\"secure\":0,\"nofollow\":0,\"depth\":\"2\",\"target\":\"\"},{\"link\":\"page:32098\",\"text\":\"Outils pratiques\",\"groupdisplayed\":\"\",\"secure\":0,\"nofollow\":0,\"depth\":\"2\",\"target\":\"\"}]}','fr'),(656,'{\"titreBloc\":\"Contact du cabinet\",\"lien\":\"\",\"nbArticles\":1,\"mailTo\":true,\"withImage\":true,\"widthImage\":\"80\",\"heightImage\":\"\",\"length\":null,\"chapo\":null}','fr'),(657,'{\"title\":\"\",\"text\":\"2011 - SID Presse - mentions l\\u00e9gales\\n\",\"mediaId\":null,\"titleLink\":\"\",\"mediaLink\":\"\",\"titlePosition\":\"outside\",\"width\":\"\",\"height\":\"\",\"legend\":\"\",\"method\":\"center\",\"background\":\"FFFFFF\",\"quality\":null}','fr'),(661,'{\"titreBloc\":\"\"}','fr'),(662,'{\"separator\":\">\",\"includeCurrent\":true,\"includeInactivePages\":true}','fr'),(663,'{\"cssClass\":null}','fr'),(664,'{\"titreBloc\":\"\"}','fr'),(665,'{\"facebook\":\"http:\\/\\/www.facebook.com\\/xxxx\",\"googleplus\":\"http:\\/\\/www.googleplus.com\\/xxxx\",\"linkedin\":\"http:\\/\\/www.linkedin.com\\/xxxx\",\"twitter\":\"http:\\/\\/www.twitter.com\\/xxx\"}','fr'),(668,'{\"recordId\":null,\"nbSections\":0,\"nbArticles\":1,\"withImage\":true,\"widthImage\":\"200\",\"heightImage\":\"\",\"length\":null,\"lien\":\"\",\"titreBloc\":\"\",\"chapo\":null}','fr'),(674,'{\"menuType\":\"default\",\"ulClass\":\"\",\"menuName\":\"\",\"liClass\":\"\",\"menuClass\":\"\",\"widthImage\":\"\",\"heightImage\":\"\",\"length\":null,\"withImage\":false,\"nbArticles\":null,\"lien\":\"\",\"titreBloc\":\"\",\"chapo\":null,\"items\":[{\"link\":\"page:8418\",\"text\":\"Plan du site\",\"groupdisplayed\":\"\",\"secure\":0,\"nofollow\":0,\"depth\":\"0\",\"target\":\"\"},{\"link\":\"page:1548\",\"text\":\"Contact\",\"groupdisplayed\":\"\",\"secure\":0,\"nofollow\":0,\"depth\":\"0\",\"target\":\"\"},{\"link\":\"page:23218\",\"text\":\"Plan d\'acc\\u00e8s\",\"groupdisplayed\":\"\",\"secure\":0,\"nofollow\":0,\"depth\":\"0\",\"target\":\"\"},{\"link\":\"http:\\/\\/abonnes.expertinfos.com\\/login.php\",\"text\":\"Administration\",\"groupdisplayed\":\"\",\"secure\":0,\"nofollow\":0,\"depth\":\"0\",\"target\":\"\"}]}','fr'),(675,'{\"menuType\":\"default\",\"ulClass\":\"\",\"menuName\":\"\",\"liClass\":\"\",\"menuClass\":\"\",\"widthImage\":\"\",\"heightImage\":\"\",\"length\":null,\"withImage\":false,\"nbArticles\":null,\"lien\":\"\",\"titreBloc\":\"\",\"chapo\":null,\"items\":[{\"link\":\"page:8418\",\"text\":\"Plan du site\",\"groupdisplayed\":\"\",\"secure\":0,\"nofollow\":0,\"depth\":\"0\",\"target\":\"\"},{\"link\":\"page:1548\",\"text\":\"Contact\",\"groupdisplayed\":\"\",\"secure\":0,\"nofollow\":0,\"depth\":\"0\",\"target\":\"\"},{\"link\":\"page:23218\",\"text\":\"Plan d\'acc\\u00e8s\",\"groupdisplayed\":\"\",\"secure\":0,\"nofollow\":0,\"depth\":\"0\",\"target\":\"\"},{\"link\":\"http:\\/\\/abonnes.expertinfos.com\\/login.php\",\"text\":\"Administration\",\"groupdisplayed\":\"\",\"secure\":0,\"nofollow\":0,\"depth\":\"0\",\"target\":\"\"}]}','fr'),(676,'{\"mediaId\":\"231\",\"legend\":\"\",\"width\":\"112\",\"height\":\"90\",\"method\":\"center\",\"background\":\"FFFFFF\",\"quality\":null,\"link\":\"\",\"widthImage\":\"\",\"heightImage\":\"\",\"length\":null,\"withImage\":false,\"nbArticles\":null,\"lien\":\"\",\"titreBloc\":\"\",\"chapo\":null}','fr'),(677,'{\"mediaId\":\"231\",\"legend\":\"\",\"width\":\"112\",\"height\":\"90\",\"method\":\"center\",\"background\":\"FFFFFF\",\"quality\":null,\"link\":\"\",\"widthImage\":\"\",\"heightImage\":\"\",\"length\":null,\"withImage\":false,\"nbArticles\":null,\"lien\":\"\",\"titreBloc\":\"\",\"chapo\":null}','fr'),(678,'{\"titreBloc\":\"\",\"defaultInfos\":true,\"text\":\"\",\"widthImage\":\"\",\"heightImage\":\"\",\"length\":null,\"withImage\":false,\"nbArticles\":null,\"lien\":\"\",\"chapo\":null}','fr'),(679,'{\"mediaId\":\"235\",\"legend\":\"\",\"width\":\"10\",\"height\":\"92\",\"method\":\"center\",\"background\":\"FFFFFF\",\"quality\":null,\"link\":\"\",\"widthImage\":\"\",\"heightImage\":\"\",\"length\":null,\"withImage\":false,\"nbArticles\":null,\"lien\":\"\",\"titreBloc\":\"\",\"chapo\":null}','fr');
/*!40000 ALTER TABLE `dm_widget_translation` ENABLE KEYS */;
UNLOCK TABLES;

--
-- Dumping data for table `dm_zone`
--

LOCK TABLES `dm_zone` WRITE;
/*!40000 ALTER TABLE `dm_zone` DISABLE KEYS */;
INSERT INTO `dm_zone` (`id`, `dm_area_id`, `css_class`, `width`, `position`) VALUES (1,1,NULL,NULL,-1),(2,2,NULL,NULL,-2),(6,6,NULL,NULL,-6),(7,7,NULL,NULL,-7),(9,9,NULL,NULL,-9),(10,10,NULL,NULL,-10),(11,11,NULL,NULL,-11),(12,12,NULL,NULL,-12),(18,3,NULL,NULL,4),(21,15,NULL,NULL,-15),(35,29,NULL,NULL,-29),(39,31,NULL,NULL,-31),(40,4,'derniers_articles_colonne','',2),(41,32,NULL,NULL,-32),(42,33,NULL,NULL,-33),(45,34,NULL,NULL,-34),(47,36,NULL,NULL,-36),(49,38,NULL,NULL,-38),(53,42,NULL,NULL,-42),(54,43,NULL,NULL,-43),(55,44,NULL,NULL,-44),(63,52,NULL,NULL,-52),(65,5,NULL,NULL,2),(68,56,NULL,NULL,-56),(69,57,NULL,NULL,-57),(71,59,NULL,NULL,-59),(74,62,NULL,NULL,-62),(75,63,NULL,NULL,-63),(76,64,NULL,NULL,-64),(77,65,NULL,NULL,1),(78,66,NULL,NULL,-65),(79,67,NULL,NULL,-66),(80,68,NULL,NULL,-67),(81,69,NULL,NULL,-68),(83,71,NULL,NULL,-70),(84,72,NULL,NULL,-71),(85,73,NULL,NULL,-72),(100,88,NULL,NULL,-80),(101,89,NULL,NULL,-81),(102,90,NULL,NULL,-82),(103,91,'','',-83),(104,92,'left','',1),(121,109,NULL,NULL,-85),(138,126,NULL,NULL,-86),(149,137,NULL,NULL,-89),(150,138,NULL,NULL,-90),(151,139,NULL,NULL,-91),(152,140,NULL,NULL,-92),(153,141,NULL,NULL,-93),(154,142,NULL,NULL,-94),(155,143,NULL,NULL,-95),(156,144,NULL,NULL,-96),(157,145,NULL,NULL,-97),(158,146,NULL,NULL,-98),(159,147,NULL,NULL,-99),(160,148,NULL,NULL,-100),(161,149,NULL,NULL,-101),(162,150,NULL,NULL,-102),(163,151,NULL,NULL,-103),(164,152,NULL,NULL,-104),(165,153,NULL,NULL,-105),(166,154,NULL,NULL,-106),(167,155,NULL,NULL,-107),(168,156,NULL,NULL,4),(169,157,'derniers_articles_colonne','',2),(170,158,NULL,NULL,-6),(171,159,NULL,NULL,1),(172,160,NULL,NULL,-67),(173,161,NULL,NULL,-68),(174,162,'','',-83),(175,163,'left','',1),(176,164,NULL,NULL,-108),(177,92,'right','',2),(178,163,'right','',2),(179,165,NULL,NULL,-109),(180,166,NULL,NULL,-110),(181,167,NULL,NULL,-111),(182,168,NULL,NULL,-112),(183,169,NULL,NULL,-113);
/*!40000 ALTER TABLE `dm_zone` ENABLE KEYS */;
UNLOCK TABLES;

--
-- Dumping data for table `sid_actu_article`
--

LOCK TABLES `sid_actu_article` WRITE;
/*!40000 ALTER TABLE `sid_actu_article` DISABLE KEYS */;
INSERT INTO `sid_actu_article` (`id`, `image`, `file`, `title_file`, `is_active`, `created_by`, `updated_by`, `position`) VALUES (29,208,NULL,'Sommaire runion Loi de Finances',1,1,1,-18),(30,207,NULL,'',1,1,1,-19),(31,206,NULL,'Demande de rendez-vous',1,2,1,-20);
/*!40000 ALTER TABLE `sid_actu_article` ENABLE KEYS */;
UNLOCK TABLES;

--
-- Dumping data for table `sid_actu_article_sid_rubrique`
--

LOCK TABLES `sid_actu_article_sid_rubrique` WRITE;
/*!40000 ALTER TABLE `sid_actu_article_sid_rubrique` DISABLE KEYS */;
/*!40000 ALTER TABLE `sid_actu_article_sid_rubrique` ENABLE KEYS */;
UNLOCK TABLES;

--
-- Dumping data for table `sid_actu_article_translation`
--

LOCK TABLES `sid_actu_article_translation` WRITE;
/*!40000 ALTER TABLE `sid_actu_article_translation` DISABLE KEYS */;
INSERT INTO `sid_actu_article_translation` (`id`, `title`, `resume`, `text`, `debut_date`, `fin_date`, `lang`, `version`, `created_at`, `updated_at`) VALUES (29,'Invitation  la runion \"Loi de finances\"','Vous organisez une runion spciale \"Loi de finances\" pour vos clients? Diffusez l\'information sur votre site Internet et proposez-leur de tlcharger le programme ou le compte-rendu de la runion. C\'est trs simple, il vous suffit de vous connecter  l\'admin de votre site !','<p>\r\n	Le cabinet vous convie &agrave; une pr&eacute;sentation des principales nouveaut&eacute;s introduites de la Loi de finances 2012. Nous ferons un point particulier sur les impacts qu&rsquo;auront pour vous de la r&eacute;forme de la taxe professionnelle. Nous vous accueillerons autour d&rsquo;un petit d&eacute;jeuner le mercredi 17 f&eacute;vrier &agrave; partir de 8h. La r&eacute;union commencera vers 8h30 et durera environ 1 heure. Merci de contacter St&eacute;phanie Lesage, notre assistante, pour nous informer de votre venue (t&eacute;l&nbsp;: 05 49 60 26 47 / email&nbsp;: <a href=\"mailto:stephanie.lesage@siteducabinet.com\">stephanie.lesage@siteducabinet.com</a>).</p>\r\n',NULL,NULL,'fr',4,'2012-02-14 10:12:16','2012-02-22 10:52:59'),(30,'Le Cabinet accueille un nouveau collaborateur','Vous voulez annoncer l\'arrive d\'un nouveau collaborateur ? Vous venez de racheter un Cabinet ? Vous souhaitez proposer  vos clients une nouvelle offre de service ? Animez trs simplement cette rubrique depuis votre poste de travail. Programmez votre message de date  date...\r\n','<div class=\"text\">\r\n	Pierre Dupont vient en effet de nous rejoindre pour renforcer nos &eacute;quipes.&nbsp; Pierre est dipl&ocirc;m&eacute; du DESCF. Il a acquis, &agrave; 36 ans, une solide exp&eacute;rience en conseil&nbsp; aux entreprises pour avoir d&eacute;j&agrave; exerc&eacute; dans 3 cabinets.&nbsp; Il sera en appui de Caroline Martin, en tant que Chef de mission.&nbsp; Vous pouvez le joindre d&egrave;s &agrave; pr&eacute;sent sur sa ligne directe&nbsp;(05 49 60 26 47) ou par email (<a href=\"mailto:pierre.dupont@siteducabinet.com\">pierre.dupont@siteducabinet.com</a>)<br />\r\n	<p>\r\n		<br />\r\n		Invitation &agrave; la r&eacute;union du 17 f&eacute;vrier<br />\r\n		<br />\r\n		Le cabinet vous convie &agrave; une pr&eacute;sentation des principales nouveaut&eacute;s introduites de la Loi de finances 2010. Nous ferons un point particulier sur les impacts qu&rsquo;auront pour vous de la r&eacute;forme de la taxe professionnelle. Nous vous accueillerons autour d&rsquo;un petit d&eacute;jeuner le mercredi 17 f&eacute;vrier &agrave; partir de 8h. La r&eacute;union commencera vers 8h30 et durera environ 1 heure. Merci de contacter St&eacute;phanie Lesage, notre assistante, pour nous informer de votre venue (t&eacute;l&nbsp;: 05 49 60 26 47 / email&nbsp;: <a href=\"mailto:stephanie.lesage@siteducabinet.com\">stephanie.lesage@siteducabinet.com</a>).</p>\r\n</div>\r\n',NULL,'2012-03-07','fr',10,'2012-02-14 10:12:16','2012-03-06 15:40:50'),(31,'Le Cabinet est partenaire des crateurs d\'entreprise','Vous tes partenaire d\'vnements ou de salons dans votre rgion? Faites-le savoir  vos clients et contacts en publiant l\'information sur votre site Internet!  \r\n','<p>\r\n	Rendez-vous sur le Salon de la cr&eacute;ation d&#39;entreprise qui se tiendra au Palais des Congr&egrave;s du Futuroscope du 1er au 3 mars prochain</p>\r\n<p>\r\n	&nbsp;</p>\r\n<p>\r\n	Le Cabinet est partenaire du Salon de la cr&eacute;ation d&#39;entreprise qui est organis&eacute; par la Chambre de Commerce de Poitiers. Les Associ&eacute;s et collaborateurs du Cabinet se mobilisent afin de rencontrer des porteurs de projets et de les aider &agrave; passer le cap de la cr&eacute;ation d&#39;entreprise dans les meilleures conditions. En effet, un cr&eacute;ateur accompagn&eacute; par des professionnels a plus de chance de r&eacute;ussir.....</p>\r\n',NULL,NULL,'fr',7,'2012-02-14 10:12:16','2012-02-22 11:06:07');
/*!40000 ALTER TABLE `sid_actu_article_translation` ENABLE KEYS */;
UNLOCK TABLES;

--
-- Dumping data for table `sid_actu_article_translation_version`
--

LOCK TABLES `sid_actu_article_translation_version` WRITE;
/*!40000 ALTER TABLE `sid_actu_article_translation_version` DISABLE KEYS */;
INSERT INTO `sid_actu_article_translation_version` (`id`, `lang`, `title`, `resume`, `text`, `debut_date`, `fin_date`, `version`) VALUES (29,'fr','lis metus euismod faucibus. Ut non lorem at orci interdum lacinia. Morbi','Quisque leo. Vestibulum ante ipsum primis in faucibus orci luctus et ultrices posuere cubilia Curae; Praesent gravida. Aliquam egestas tellus a dolor. Aliquam rutrum erat mollis mi semper varius. Integer nec risus. Vivamus scelerisque ante. In pellentesque sollicitudin urna. Vestibulum rhoncus erat ut tellus. Cras elit sem, euismod nec, imperdiet quis, semper nec, dolor. Praesent sapien. Fusce sed lectus quis est malesuada dictum. Ut velit lectus, tempor sed, dictum ut, auctor nec, purus.\n','Donec ullamcorper lacus dapibus arcu. Donec porta pulvinar neque. Nam in augue. In et ante. In consequat. Nam viverra, dolor non sollicitudin tincidunt, sem nisi accumsan massa, ut varius magna ipsum nec sapien. Maecenas luctus pharetra sapien. Proin semper magna vel erat sagittis fermentum. Nullam vulputate semper velit. Pellentesque nulla justo, porta sit amet, tempus hendrerit, vehicula at, arcu. Morbi neque odio, mollis nec, lacinia in, elementum non, nisl. Proin ultrices interdum risus. Duis nec augue. In porttitor. Curabitur ut tellus id orci rutrum venenatis. Nullam venenatis justo et lorem. Vestibulum ante ipsum primis in faucibus orci luctus et ultrices posuere cubilia Curae; Donec justo enim, ullamcorper nec, ultricies quis, pellentesque convallis, elit. Vestibulum dignissim ultricies nisl.\n',NULL,NULL,1),(29,'fr','Metus euismod faucibus','Quisque leo. Vestibulum ante ipsum primis in faucibus orci luctus et ultrices posuere cubilia Curae; Praesent gravida. Aliquam egestas tellus a dolor. Aliquam rutrum erat mollis mi semper varius. Integer nec risus. Vivamus scelerisque ante. In pellentesque sollicitudin urna. Vestibulum rhoncus erat ut tellus.','<p>\r\n	Donec ullamcorper lacus dapibus arcu. Donec porta pulvinar neque. Nam in augue. In et ante. In consequat. Nam viverra, dolor non sollicitudin tincidunt, sem nisi accumsan massa, ut varius magna ipsum nec sapien. Maecenas luctus pharetra sapien. Proin semper magna vel erat sagittis fermentum. Nullam vulputate semper velit. Pellentesque nulla justo, porta sit amet, tempus hendrerit, vehicula at, arcu. Morbi neque odio, mollis nec, lacinia in, elementum non, nisl. Proin ultrices interdum risus. Duis nec augue. In porttitor. Curabitur ut tellus id orci rutrum venenatis. Nullam venenatis justo et lorem. Vestibulum ante ipsum primis in faucibus orci luctus et ultrices posuere cubilia Curae; Donec justo enim, ullamcorper nec, ultricies quis, pellentesque convallis, elit. Vestibulum dignissim ultricies nisl.</p>\r\n',NULL,NULL,2),(29,'fr','Metus euismod faucibus avec fichier joint','Quisque leo. Vestibulum ante ipsum primis in faucibus orci luctus et ultrices posuere cubilia Curae; Praesent gravida. Aliquam egestas tellus a dolor. Aliquam rutrum erat mollis mi semper varius. Integer nec risus. Vivamus scelerisque ante. In pellentesque sollicitudin urna. Vestibulum rhoncus erat ut tellus.','<p>\r\n	Donec ullamcorper lacus dapibus arcu. Donec porta pulvinar neque. Nam in augue. In et ante. In consequat. Nam viverra, dolor non sollicitudin tincidunt, sem nisi accumsan massa, ut varius magna ipsum nec sapien. Maecenas luctus pharetra sapien. Proin semper magna vel erat sagittis fermentum. Nullam vulputate semper velit. Pellentesque nulla justo, porta sit amet, tempus hendrerit, vehicula at, arcu. Morbi neque odio, mollis nec, lacinia in, elementum non, nisl. Proin ultrices interdum risus. Duis nec augue. In porttitor. Curabitur ut tellus id orci rutrum venenatis. Nullam venenatis justo et lorem. Vestibulum ante ipsum primis in faucibus orci luctus et ultrices posuere cubilia Curae; Donec justo enim, ullamcorper nec, ultricies quis, pellentesque convallis, elit. Vestibulum dignissim ultricies nisl.</p>\r\n',NULL,NULL,3),(29,'fr','Invitation  la runion \"Loi de finances\"','Vous organisez une runion spciale \"Loi de finances\" pour vos clients? Diffusez l\'information sur votre site Internet et proposez-leur de tlcharger le programme ou le compte-rendu de la runion. C\'est trs simple, il vous suffit de vous connecter  l\'admin de votre site !','<p>\r\n	Le cabinet vous convie &agrave; une pr&eacute;sentation des principales nouveaut&eacute;s introduites de la Loi de finances 2012. Nous ferons un point particulier sur les impacts qu&rsquo;auront pour vous de la r&eacute;forme de la taxe professionnelle. Nous vous accueillerons autour d&rsquo;un petit d&eacute;jeuner le mercredi 17 f&eacute;vrier &agrave; partir de 8h. La r&eacute;union commencera vers 8h30 et durera environ 1 heure. Merci de contacter St&eacute;phanie Lesage, notre assistante, pour nous informer de votre venue (t&eacute;l&nbsp;: 05 49 60 26 47 / email&nbsp;: <a href=\"mailto:stephanie.lesage@siteducabinet.com\">stephanie.lesage@siteducabinet.com</a>).</p>\r\n',NULL,NULL,4),(30,'fr','elementum eleme','Sed ornare, dolor a condimentum euismod, nulla leo convallis lacus, eget sodales purus neque a neque. In imperdiet, nibh sed fermentum accumsan, nunc sapien euismod nisl, interdum dignissim metus felis at justo. Ut neque. Cras nec purus. Nam imperdiet massa sit amet mauris. Duis ultrices, tortor at lacinia tincidunt, lorem neque malesuada tellus, et scelerisque erat orci a nisl. Integer semper. Donec vulputate. Nulla id ligula. In ac magna. Donec dignissim. Cras at mauris.\n','Morbi fringilla commodo ipsum. Suspendisse volutpat congue massa. Lorem ipsum dolor sit amet, consectetur adipiscing elit. Cras ultricies euismod nisi. Vestibulum nibh justo, euismod a, eleifend ac, viverra et, erat. Nam auctor, orci nec gravida mollis, metus lacus consequat est, et suscipit massa orci sit amet diam. Curabitur elementum porta dolor. Vivamus consectetur, quam vel laoreet lobortis, nulla massa ultrices sem, sit amet consequat tortor urna et turpis. Mauris vitae leo. Donec et libero. Duis feugiat pretium dui. Vestibulum varius accumsan leo. Pellentesque rhoncus mauris a sapien. Proin tincidunt velit sit amet est.\n',NULL,NULL,1),(30,'fr','Elementum eleme','Sed ornare, dolor a condimentum euismod, nulla leo convallis lacus, eget sodales purus neque a neque. In imperdiet, nibh sed fermentum accumsan, nunc sapien euismod nisl, interdum dignissim metus felis at justo. Ut neque. Cras nec purus. Nam imperdiet massa sit amet mauris.\r\n','<p>\r\n	Morbi fringilla commodo ipsum. Suspendisse volutpat congue massa. Lorem ipsum dolor sit amet, consectetur adipiscing elit. Cras ultricies euismod nisi. Vestibulum nibh justo, euismod a, eleifend ac, viverra et, erat. Nam auctor, orci nec gravida mollis, metus lacus consequat est, et suscipit massa orci sit amet diam. Curabitur elementum porta dolor. Vivamus consectetur, quam vel laoreet lobortis, nulla massa ultrices sem, sit amet consequat tortor urna et turpis. Mauris vitae leo. Donec et libero. Duis feugiat pretium dui. Vestibulum varius accumsan leo. Pellentesque rhoncus mauris a sapien. Proin tincidunt velit sit amet est.</p>\r\n',NULL,NULL,2),(30,'fr','Le Cabinet accueille un nouveau collaborateur','Vous voulez annoncer l\'arrive d\'un nouveau collaborateur ? Vous venez de racheter un Cabinet ? Vous souhaitez proposer  vos clients une nouvelle offre de service ? Animez trs simplement cette rubrique depuis votre poste de travail. Programmez votre message de date  date...\r\n','<div class=\"text\">\r\n	Pierre Dupont vient en effet de nous rejoindre pour renforcer nos &eacute;quipes.&nbsp; Pierre est dipl&ocirc;m&eacute; du DESCF. Il a acquis, &agrave; 36 ans, une solide exp&eacute;rience en conseil&nbsp; aux entreprises pour avoir d&eacute;j&agrave; exerc&eacute; dans 3 cabinets.&nbsp; Il sera en appui de Caroline Martin, en tant que Chef de mission.&nbsp; Vous pouvez le joindre d&egrave;s &agrave; pr&eacute;sent sur sa ligne directe&nbsp;(05 49 60 26 47) ou par email (<a href=\"mailto:pierre.dupont@siteducabinet.com\">pierre.dupont@siteducabinet.com</a>)<br />\r\n	<p>\r\n		<br />\r\n		Invitation &agrave; la r&eacute;union du 17 f&eacute;vrier<br />\r\n		<br />\r\n		Le cabinet vous convie &agrave; une pr&eacute;sentation des principales nouveaut&eacute;s introduites de la Loi de finances 2010. Nous ferons un point particulier sur les impacts qu&rsquo;auront pour vous de la r&eacute;forme de la taxe professionnelle. Nous vous accueillerons autour d&rsquo;un petit d&eacute;jeuner le mercredi 17 f&eacute;vrier &agrave; partir de 8h. La r&eacute;union commencera vers 8h30 et durera environ 1 heure. Merci de contacter St&eacute;phanie Lesage, notre assistante, pour nous informer de votre venue (t&eacute;l&nbsp;: 05 49 60 26 47 / email&nbsp;: <a href=\"mailto:stephanie.lesage@siteducabinet.com\">stephanie.lesage@siteducabinet.com</a>).</p>\r\n</div>\r\n',NULL,NULL,3),(30,'fr','Le Cabinet accueille un nouveau collaborateur','Vous voulez annoncer l\'arrive d\'un nouveau collaborateur ? Vous venez de racheter un Cabinet ? Vous souhaitez proposer  vos clients une nouvelle offre de service ? Animez trs simplement cette rubrique depuis votre poste de travail. Programmez votre message de date  date...\r\n','<div class=\"text\">\r\n	Pierre Dupont vient en effet de nous rejoindre pour renforcer nos &eacute;quipes.&nbsp; Pierre est dipl&ocirc;m&eacute; du DESCF. Il a acquis, &agrave; 36 ans, une solide exp&eacute;rience en conseil&nbsp; aux entreprises pour avoir d&eacute;j&agrave; exerc&eacute; dans 3 cabinets.&nbsp; Il sera en appui de Caroline Martin, en tant que Chef de mission.&nbsp; Vous pouvez le joindre d&egrave;s &agrave; pr&eacute;sent sur sa ligne directe&nbsp;(05 49 60 26 47) ou par email (<a href=\"mailto:pierre.dupont@siteducabinet.com\">pierre.dupont@siteducabinet.com</a>)<br />\r\n	<p>\r\n		<br />\r\n		Invitation &agrave; la r&eacute;union du 17 f&eacute;vrier<br />\r\n		<br />\r\n		Le cabinet vous convie &agrave; une pr&eacute;sentation des principales nouveaut&eacute;s introduites de la Loi de finances 2010. Nous ferons un point particulier sur les impacts qu&rsquo;auront pour vous de la r&eacute;forme de la taxe professionnelle. Nous vous accueillerons autour d&rsquo;un petit d&eacute;jeuner le mercredi 17 f&eacute;vrier &agrave; partir de 8h. La r&eacute;union commencera vers 8h30 et durera environ 1 heure. Merci de contacter St&eacute;phanie Lesage, notre assistante, pour nous informer de votre venue (t&eacute;l&nbsp;: 05 49 60 26 47 / email&nbsp;: <a href=\"mailto:stephanie.lesage@siteducabinet.com\">stephanie.lesage@siteducabinet.com</a>).</p>\r\n</div>\r\n',NULL,'2012-02-03',4),(30,'fr','Le Cabinet accueille un nouveau collaborateur','Vous voulez annoncer l\'arrive d\'un nouveau collaborateur ? Vous venez de racheter un Cabinet ? Vous souhaitez proposer  vos clients une nouvelle offre de service ? Animez trs simplement cette rubrique depuis votre poste de travail. Programmez votre message de date  date...\r\n','<div class=\"text\">\r\n	Pierre Dupont vient en effet de nous rejoindre pour renforcer nos &eacute;quipes.&nbsp; Pierre est dipl&ocirc;m&eacute; du DESCF. Il a acquis, &agrave; 36 ans, une solide exp&eacute;rience en conseil&nbsp; aux entreprises pour avoir d&eacute;j&agrave; exerc&eacute; dans 3 cabinets.&nbsp; Il sera en appui de Caroline Martin, en tant que Chef de mission.&nbsp; Vous pouvez le joindre d&egrave;s &agrave; pr&eacute;sent sur sa ligne directe&nbsp;(05 49 60 26 47) ou par email (<a href=\"mailto:pierre.dupont@siteducabinet.com\">pierre.dupont@siteducabinet.com</a>)<br />\r\n	<p>\r\n		<br />\r\n		Invitation &agrave; la r&eacute;union du 17 f&eacute;vrier<br />\r\n		<br />\r\n		Le cabinet vous convie &agrave; une pr&eacute;sentation des principales nouveaut&eacute;s introduites de la Loi de finances 2010. Nous ferons un point particulier sur les impacts qu&rsquo;auront pour vous de la r&eacute;forme de la taxe professionnelle. Nous vous accueillerons autour d&rsquo;un petit d&eacute;jeuner le mercredi 17 f&eacute;vrier &agrave; partir de 8h. La r&eacute;union commencera vers 8h30 et durera environ 1 heure. Merci de contacter St&eacute;phanie Lesage, notre assistante, pour nous informer de votre venue (t&eacute;l&nbsp;: 05 49 60 26 47 / email&nbsp;: <a href=\"mailto:stephanie.lesage@siteducabinet.com\">stephanie.lesage@siteducabinet.com</a>).</p>\r\n</div>\r\n',NULL,'2012-02-04',5),(30,'fr','Le Cabinet accueille un nouveau collaborateur','Vous voulez annoncer l\'arrive d\'un nouveau collaborateur ? Vous venez de racheter un Cabinet ? Vous souhaitez proposer  vos clients une nouvelle offre de service ? Animez trs simplement cette rubrique depuis votre poste de travail. Programmez votre message de date  date...\r\n','<div class=\"text\">\r\n	Pierre Dupont vient en effet de nous rejoindre pour renforcer nos &eacute;quipes.&nbsp; Pierre est dipl&ocirc;m&eacute; du DESCF. Il a acquis, &agrave; 36 ans, une solide exp&eacute;rience en conseil&nbsp; aux entreprises pour avoir d&eacute;j&agrave; exerc&eacute; dans 3 cabinets.&nbsp; Il sera en appui de Caroline Martin, en tant que Chef de mission.&nbsp; Vous pouvez le joindre d&egrave;s &agrave; pr&eacute;sent sur sa ligne directe&nbsp;(05 49 60 26 47) ou par email (<a href=\"mailto:pierre.dupont@siteducabinet.com\">pierre.dupont@siteducabinet.com</a>)<br />\r\n	<p>\r\n		<br />\r\n		Invitation &agrave; la r&eacute;union du 17 f&eacute;vrier<br />\r\n		<br />\r\n		Le cabinet vous convie &agrave; une pr&eacute;sentation des principales nouveaut&eacute;s introduites de la Loi de finances 2010. Nous ferons un point particulier sur les impacts qu&rsquo;auront pour vous de la r&eacute;forme de la taxe professionnelle. Nous vous accueillerons autour d&rsquo;un petit d&eacute;jeuner le mercredi 17 f&eacute;vrier &agrave; partir de 8h. La r&eacute;union commencera vers 8h30 et durera environ 1 heure. Merci de contacter St&eacute;phanie Lesage, notre assistante, pour nous informer de votre venue (t&eacute;l&nbsp;: 05 49 60 26 47 / email&nbsp;: <a href=\"mailto:stephanie.lesage@siteducabinet.com\">stephanie.lesage@siteducabinet.com</a>).</p>\r\n</div>\r\n','2012-03-01','2012-02-04',6),(30,'fr','Le Cabinet accueille un nouveau collaborateur','Vous voulez annoncer l\'arrive d\'un nouveau collaborateur ? Vous venez de racheter un Cabinet ? Vous souhaitez proposer  vos clients une nouvelle offre de service ? Animez trs simplement cette rubrique depuis votre poste de travail. Programmez votre message de date  date...\r\n','<div class=\"text\">\r\n	Pierre Dupont vient en effet de nous rejoindre pour renforcer nos &eacute;quipes.&nbsp; Pierre est dipl&ocirc;m&eacute; du DESCF. Il a acquis, &agrave; 36 ans, une solide exp&eacute;rience en conseil&nbsp; aux entreprises pour avoir d&eacute;j&agrave; exerc&eacute; dans 3 cabinets.&nbsp; Il sera en appui de Caroline Martin, en tant que Chef de mission.&nbsp; Vous pouvez le joindre d&egrave;s &agrave; pr&eacute;sent sur sa ligne directe&nbsp;(05 49 60 26 47) ou par email (<a href=\"mailto:pierre.dupont@siteducabinet.com\">pierre.dupont@siteducabinet.com</a>)<br />\r\n	<p>\r\n		<br />\r\n		Invitation &agrave; la r&eacute;union du 17 f&eacute;vrier<br />\r\n		<br />\r\n		Le cabinet vous convie &agrave; une pr&eacute;sentation des principales nouveaut&eacute;s introduites de la Loi de finances 2010. Nous ferons un point particulier sur les impacts qu&rsquo;auront pour vous de la r&eacute;forme de la taxe professionnelle. Nous vous accueillerons autour d&rsquo;un petit d&eacute;jeuner le mercredi 17 f&eacute;vrier &agrave; partir de 8h. La r&eacute;union commencera vers 8h30 et durera environ 1 heure. Merci de contacter St&eacute;phanie Lesage, notre assistante, pour nous informer de votre venue (t&eacute;l&nbsp;: 05 49 60 26 47 / email&nbsp;: <a href=\"mailto:stephanie.lesage@siteducabinet.com\">stephanie.lesage@siteducabinet.com</a>).</p>\r\n</div>\r\n',NULL,'2012-03-01',7),(30,'fr','Le Cabinet accueille un nouveau collaborateur','Vous voulez annoncer l\'arrive d\'un nouveau collaborateur ? Vous venez de racheter un Cabinet ? Vous souhaitez proposer  vos clients une nouvelle offre de service ? Animez trs simplement cette rubrique depuis votre poste de travail. Programmez votre message de date  date...\r\n','<div class=\"text\">\r\n	Pierre Dupont vient en effet de nous rejoindre pour renforcer nos &eacute;quipes.&nbsp; Pierre est dipl&ocirc;m&eacute; du DESCF. Il a acquis, &agrave; 36 ans, une solide exp&eacute;rience en conseil&nbsp; aux entreprises pour avoir d&eacute;j&agrave; exerc&eacute; dans 3 cabinets.&nbsp; Il sera en appui de Caroline Martin, en tant que Chef de mission.&nbsp; Vous pouvez le joindre d&egrave;s &agrave; pr&eacute;sent sur sa ligne directe&nbsp;(05 49 60 26 47) ou par email (<a href=\"mailto:pierre.dupont@siteducabinet.com\">pierre.dupont@siteducabinet.com</a>)<br />\r\n	<p>\r\n		<br />\r\n		Invitation &agrave; la r&eacute;union du 17 f&eacute;vrier<br />\r\n		<br />\r\n		Le cabinet vous convie &agrave; une pr&eacute;sentation des principales nouveaut&eacute;s introduites de la Loi de finances 2010. Nous ferons un point particulier sur les impacts qu&rsquo;auront pour vous de la r&eacute;forme de la taxe professionnelle. Nous vous accueillerons autour d&rsquo;un petit d&eacute;jeuner le mercredi 17 f&eacute;vrier &agrave; partir de 8h. La r&eacute;union commencera vers 8h30 et durera environ 1 heure. Merci de contacter St&eacute;phanie Lesage, notre assistante, pour nous informer de votre venue (t&eacute;l&nbsp;: 05 49 60 26 47 / email&nbsp;: <a href=\"mailto:stephanie.lesage@siteducabinet.com\">stephanie.lesage@siteducabinet.com</a>).</p>\r\n</div>\r\n',NULL,'2012-03-07',8),(30,'fr','Le Cabinet accueille un nouveau collaborateur','Vous voulez annoncer l\'arrive d\'un nouveau collaborateur ? Vous venez de racheter un Cabinet ? Vous souhaitez proposer  vos clients une nouvelle offre de service ? Animez trs simplement cette rubrique depuis votre poste de travail. Programmez votre message de date  date...\r\n','<div class=\"text\">\r\n	Pierre Dupont vient en effet de nous rejoindre pour renforcer nos &eacute;quipes.&nbsp; Pierre est dipl&ocirc;m&eacute; du DESCF. Il a acquis, &agrave; 36 ans, une solide exp&eacute;rience en conseil&nbsp; aux entreprises pour avoir d&eacute;j&agrave; exerc&eacute; dans 3 cabinets.&nbsp; Il sera en appui de Caroline Martin, en tant que Chef de mission.&nbsp; Vous pouvez le joindre d&egrave;s &agrave; pr&eacute;sent sur sa ligne directe&nbsp;(05 49 60 26 47) ou par email (<a href=\"mailto:pierre.dupont@siteducabinet.com\">pierre.dupont@siteducabinet.com</a>)<br />\r\n	<p>\r\n		<br />\r\n		Invitation &agrave; la r&eacute;union du 17 f&eacute;vrier<br />\r\n		<br />\r\n		Le cabinet vous convie &agrave; une pr&eacute;sentation des principales nouveaut&eacute;s introduites de la Loi de finances 2010. Nous ferons un point particulier sur les impacts qu&rsquo;auront pour vous de la r&eacute;forme de la taxe professionnelle. Nous vous accueillerons autour d&rsquo;un petit d&eacute;jeuner le mercredi 17 f&eacute;vrier &agrave; partir de 8h. La r&eacute;union commencera vers 8h30 et durera environ 1 heure. Merci de contacter St&eacute;phanie Lesage, notre assistante, pour nous informer de votre venue (t&eacute;l&nbsp;: 05 49 60 26 47 / email&nbsp;: <a href=\"mailto:stephanie.lesage@siteducabinet.com\">stephanie.lesage@siteducabinet.com</a>).</p>\r\n</div>\r\n','2012-03-05','2012-03-07',9),(30,'fr','Le Cabinet accueille un nouveau collaborateur','Vous voulez annoncer l\'arrive d\'un nouveau collaborateur ? Vous venez de racheter un Cabinet ? Vous souhaitez proposer  vos clients une nouvelle offre de service ? Animez trs simplement cette rubrique depuis votre poste de travail. Programmez votre message de date  date...\r\n','<div class=\"text\">\r\n	Pierre Dupont vient en effet de nous rejoindre pour renforcer nos &eacute;quipes.&nbsp; Pierre est dipl&ocirc;m&eacute; du DESCF. Il a acquis, &agrave; 36 ans, une solide exp&eacute;rience en conseil&nbsp; aux entreprises pour avoir d&eacute;j&agrave; exerc&eacute; dans 3 cabinets.&nbsp; Il sera en appui de Caroline Martin, en tant que Chef de mission.&nbsp; Vous pouvez le joindre d&egrave;s &agrave; pr&eacute;sent sur sa ligne directe&nbsp;(05 49 60 26 47) ou par email (<a href=\"mailto:pierre.dupont@siteducabinet.com\">pierre.dupont@siteducabinet.com</a>)<br />\r\n	<p>\r\n		<br />\r\n		Invitation &agrave; la r&eacute;union du 17 f&eacute;vrier<br />\r\n		<br />\r\n		Le cabinet vous convie &agrave; une pr&eacute;sentation des principales nouveaut&eacute;s introduites de la Loi de finances 2010. Nous ferons un point particulier sur les impacts qu&rsquo;auront pour vous de la r&eacute;forme de la taxe professionnelle. Nous vous accueillerons autour d&rsquo;un petit d&eacute;jeuner le mercredi 17 f&eacute;vrier &agrave; partir de 8h. La r&eacute;union commencera vers 8h30 et durera environ 1 heure. Merci de contacter St&eacute;phanie Lesage, notre assistante, pour nous informer de votre venue (t&eacute;l&nbsp;: 05 49 60 26 47 / email&nbsp;: <a href=\"mailto:stephanie.lesage@siteducabinet.com\">stephanie.lesage@siteducabinet.com</a>).</p>\r\n</div>\r\n',NULL,'2012-03-07',10),(31,'fr','cidunt, sem','Suspendisse pellentesque luctus diam. Fusce sem lorem, convallis ut, dictum at, blandit eu, erat. Vivamus fermentum. Duis egestas molestie arcu. Vestibulum ante ipsum primis in faucibus orci luctus et ultrices posuere cubilia Curae; Etiam et nulla convallis risus adipiscing consectetur. Nulla tempor ligula porttitor sapien. Nunc ut felis vitae odio fermentum sodales. Morbi velit massa, dapibus at, pharetra at, auctor ornare, risus. Donec lorem mi, elementum in, fermentum bibendum, molestie sed, justo. Vestibulum quam eros, malesuada condimentum, fermentum at, malesuada a, ligula. Duis congue nibh et justo. Pellentesque habitant morbi tristique senectus et netus et malesuada fames ac turpis egestas. In et libero.\n','Etiam lorem nunc, tristique vel, gravida non, feugiat quis, elit. Pellentesque quis turpis non erat dapibus congue. Aliquam scelerisque nisl sit amet nunc. Suspendisse tellus nisl, tincidunt eu, pharetra in, ornare vitae, nunc. Maecenas at ligula. Sed porttitor, dolor nec porta elementum, nisl purus sollicitudin est, in sodales sem pede fringilla ante. In pharetra justo vitae velit. Donec euismod, ligula sit amet lobortis fermentum, orci est rutrum arcu, eget euismod enim diam vel lacus. Vestibulum ante ipsum primis in faucibus orci luctus et ultrices posuere cubilia Curae; Duis feugiat posuere ipsum. Aliquam risus erat, aliquam id, lobortis in, facilisis at, odio. Ut ac massa at dui suscipit posuere. Vivamus convallis imperdiet metus. Nunc sit amet felis. Proin pharetra, diam et euismod commodo, nunc orci congue enim, vitae pulvinar metus quam ut tellus.\n',NULL,NULL,1),(31,'fr','Phasellus eu mauris diam','Suspendisse pellentesque luctus diam. Fusce sem lorem, convallis ut, dictum at, blandit eu, erat. Vivamus fermentum. Duis egestas molestie arcu. Vestibulum ante ipsum primis in faucibus orci luctus et ultrices posuere cubilia Curae; Etiam et nulla convallis risus adipiscing consectetur. Nulla tempor ligula porttitor sapien. Nunc ut felis vitae odio fermentum sodales. Morbi velit massa, dapibus at, pharetra at, auctor ornare, risus.','<p>\r\n	Etiam lorem nunc, tristique vel, gravida non, feugiat quis, elit. Pellentesque quis turpis non erat dapibus congue. Aliquam scelerisque nisl sit amet nunc. Suspendisse tellus nisl, tincidunt eu, pharetra in, ornare vitae, nunc. Maecenas at ligula. Sed porttitor, dolor nec porta elementum, nisl purus sollicitudin est, in sodales sem pede fringilla ante. In pharetra justo vitae velit. Donec euismod, ligula sit amet lobortis fermentum, orci est rutrum arcu, eget euismod enim diam vel lacus. Vestibulum ante ipsum primis in faucibus orci luctus et ultrices posuere cubilia Curae; Duis feugiat posuere ipsum. Aliquam risus erat, aliquam id, lobortis in, facilisis at, odio. Ut ac massa at dui suscipit posuere. Vivamus convallis imperdiet metus. Nunc sit amet felis. Proin pharetra, diam et euismod commodo, nunc orci congue enim, vitae pulvinar metus quam ut tellus.</p>\r\n',NULL,NULL,2),(31,'fr','Phasellus eu mauris diam avec fichier joint','Suspendisse pellentesque luctus diam. Fusce sem lorem, convallis ut, dictum at, blandit eu, erat. Vivamus fermentum. Duis egestas molestie arcu. Vestibulum ante ipsum primis in faucibus orci luctus et ultrices posuere cubilia Curae; Etiam et nulla convallis risus adipiscing consectetur. Nulla tempor ligula porttitor sapien. Nunc ut felis vitae odio fermentum sodales. Morbi velit massa, dapibus at, pharetra at, auctor ornare, risus.','<p>\r\n	Etiam lorem nunc, tristique vel, gravida non, feugiat quis, elit. Pellentesque quis turpis non erat dapibus congue. Aliquam scelerisque nisl sit amet nunc. Suspendisse tellus nisl, tincidunt eu, pharetra in, ornare vitae, nunc. Maecenas at ligula. Sed porttitor, dolor nec porta elementum, nisl purus sollicitudin est, in sodales sem pede fringilla ante. In pharetra justo vitae velit. Donec euismod, ligula sit amet lobortis fermentum, orci est rutrum arcu, eget euismod enim diam vel lacus. Vestibulum ante ipsum primis in faucibus orci luctus et ultrices posuere cubilia Curae; Duis feugiat posuere ipsum. Aliquam risus erat, aliquam id, lobortis in, facilisis at, odio. Ut ac massa at dui suscipit posuere. Vivamus convallis imperdiet metus. Nunc sit amet felis. Proin pharetra, diam et euismod commodo, nunc orci congue enim, vitae pulvinar metus quam ut tellus.</p>\r\n',NULL,NULL,3),(31,'fr','Tournoi des 6 nations','Rendez-vous..;','<p>\r\n	t&eacute;l&eacute;chargez l&#39;invtation ci-jointe</p>\r\n',NULL,NULL,4),(31,'fr','Le Cabinet est partenaire des crateurs d\'entreprise','Rendez-vous sur le Salon de la cration d\'entreprise qui se tiendra au Palais des Congrs du Futuroscope du 1er au 3 mars prochain','<p>\r\n	Le Cabinet est partenaire du Salon de la cr&eacute;ation d&#39;entreprise qui est organis&eacute; par la Chambre de Commerce de Poitiers. Les Associ&eacute;s et collaborateurs du Cabinet se mobilisent afin de rencontrer des porteurs de projets et de les aider &agrave; passer le cap de la cr&eacute;ation d&#39;entreprise dans les meilleures conditions. En effet, un cr&eacute;ateur accompagn&eacute; par des professionnels a plus de chance de r&eacute;ussir.....</p>\r\n',NULL,NULL,5),(31,'fr','Le Cabinet est partenaire des crateurs d\'entreprise','Vous tes partenaire d\'vnements ou de salons dans votre rgion? Faites-le savoir  vos clients et contacts sur votre site Internet!  \r\n\r\nRendez-vous sur le Salon de la cration d\'entreprise qui se tiendra au Palais des Congrs du Futuroscope du 1er au 3 mars prochain','<p>\r\n	Le Cabinet est partenaire du Salon de la cr&eacute;ation d&#39;entreprise qui est organis&eacute; par la Chambre de Commerce de Poitiers. Les Associ&eacute;s et collaborateurs du Cabinet se mobilisent afin de rencontrer des porteurs de projets et de les aider &agrave; passer le cap de la cr&eacute;ation d&#39;entreprise dans les meilleures conditions. En effet, un cr&eacute;ateur accompagn&eacute; par des professionnels a plus de chance de r&eacute;ussir.....</p>\r\n',NULL,NULL,6),(31,'fr','Le Cabinet est partenaire des crateurs d\'entreprise','Vous tes partenaire d\'vnements ou de salons dans votre rgion? Faites-le savoir  vos clients et contacts en publiant l\'information sur votre site Internet!  \r\n','<p>\r\n	Rendez-vous sur le Salon de la cr&eacute;ation d&#39;entreprise qui se tiendra au Palais des Congr&egrave;s du Futuroscope du 1er au 3 mars prochain</p>\r\n<p>\r\n	&nbsp;</p>\r\n<p>\r\n	Le Cabinet est partenaire du Salon de la cr&eacute;ation d&#39;entreprise qui est organis&eacute; par la Chambre de Commerce de Poitiers. Les Associ&eacute;s et collaborateurs du Cabinet se mobilisent afin de rencontrer des porteurs de projets et de les aider &agrave; passer le cap de la cr&eacute;ation d&#39;entreprise dans les meilleures conditions. En effet, un cr&eacute;ateur accompagn&eacute; par des professionnels a plus de chance de r&eacute;ussir.....</p>\r\n',NULL,NULL,7);
/*!40000 ALTER TABLE `sid_actu_article_translation_version` ENABLE KEYS */;
UNLOCK TABLES;

--
-- Dumping data for table `sid_actu_type`
--

LOCK TABLES `sid_actu_type` WRITE;
/*!40000 ALTER TABLE `sid_actu_type` DISABLE KEYS */;
INSERT INTO `sid_actu_type` (`id`, `is_active`, `position`) VALUES (2,1,-2);
/*!40000 ALTER TABLE `sid_actu_type` ENABLE KEYS */;
UNLOCK TABLES;

--
-- Dumping data for table `sid_actu_type_article`
--

LOCK TABLES `sid_actu_type_article` WRITE;
/*!40000 ALTER TABLE `sid_actu_type_article` DISABLE KEYS */;
INSERT INTO `sid_actu_type_article` (`id`, `sid_actu_type_id`, `sid_actu_article_id`) VALUES (15,2,31),(19,2,29),(24,2,30);
/*!40000 ALTER TABLE `sid_actu_type_article` ENABLE KEYS */;
UNLOCK TABLES;

--
-- Dumping data for table `sid_actu_type_translation`
--

LOCK TABLES `sid_actu_type_translation` WRITE;
/*!40000 ALTER TABLE `sid_actu_type_translation` DISABLE KEYS */;
INSERT INTO `sid_actu_type_translation` (`id`, `title`, `lang`, `version`, `created_at`, `updated_at`) VALUES (2,'publi sur le site','fr',2,'2011-08-19 02:05:04','2011-08-19 02:05:04');
/*!40000 ALTER TABLE `sid_actu_type_translation` ENABLE KEYS */;
UNLOCK TABLES;

--
-- Dumping data for table `sid_actu_type_translation_version`
--

LOCK TABLES `sid_actu_type_translation_version` WRITE;
/*!40000 ALTER TABLE `sid_actu_type_translation_version` DISABLE KEYS */;
INSERT INTO `sid_actu_type_translation_version` (`id`, `lang`, `title`, `version`) VALUES (2,'fr','diter sur le site',1);
/*!40000 ALTER TABLE `sid_actu_type_translation_version` ENABLE KEYS */;
UNLOCK TABLES;

--
-- Dumping data for table `sid_article`
--

LOCK TABLES `sid_article` WRITE;
/*!40000 ALTER TABLE `sid_article` DISABLE KEYS */;
INSERT INTO `sid_article` (`id`, `filename`, `section_id`, `is_active`, `is_dossier`, `position`) VALUES (22936,'10013870',665,1,0,-1),(22937,'10014087',665,1,0,-2),(22938,'10014786',665,1,0,-3),(22939,'10014942',665,1,0,-4),(22940,'10015121',665,1,0,-5),(22941,'10015264',665,1,0,-6),(22942,'10015342',665,1,0,-7),(22943,'10015382',665,1,0,-8),(22944,'10015624',665,1,0,-9),(22945,'10015722',665,1,0,-10),(22946,'10015918',665,1,0,-11),(22947,'10016842',665,1,0,-12),(22948,'10017253',665,1,0,-13),(22949,'10017606',665,1,0,-14),(22950,'10017960',665,1,0,-15),(22951,'114291',665,1,0,-16),(22952,'114719',665,1,0,-17),(22953,'114756',665,1,0,-18),(22954,'114794',665,1,0,-19),(22955,'114889',665,1,0,-20),(22956,'10018326',665,1,0,-21),(22957,'10018591',665,1,0,-22),(22958,'10014050',666,1,0,-23),(22959,'10013870',667,1,0,-24),(22960,'10013883',667,1,0,-25),(22961,'10014122',667,1,0,-26),(22962,'10014137',667,1,0,-27),(22963,'10014142',667,1,0,-28),(22964,'10014196',667,1,0,-29),(22965,'10014283',667,1,0,-30),(22966,'10014430',667,1,0,-31),(22967,'10014540',667,1,0,-32),(22968,'10014775',667,1,0,-33),(22969,'10014840',667,1,0,-34),(22970,'10014860',667,1,0,-35),(22971,'10014950',667,1,0,-36),(22972,'10014967',667,1,0,-37),(22973,'10015170',667,1,0,-38),(22974,'10015264',667,1,0,-39),(22975,'10015278',667,1,0,-40),(22976,'10015379',667,1,0,-41),(22977,'10015382',667,1,0,-42),(22978,'10015457',667,1,0,-43),(22979,'10015480',667,1,0,-44),(22980,'10015762',667,1,0,-45),(22981,'10015822',667,1,0,-46),(22982,'10015890',667,1,0,-47),(22983,'10015918',667,1,0,-48),(22984,'10016009',667,1,0,-49),(22985,'10016013',667,1,0,-50),(22986,'10016075',667,1,0,-51),(22987,'10016137',667,1,0,-52),(22988,'10016164',667,1,0,-53),(22989,'10016177',667,1,0,-54),(22990,'10016325',667,1,0,-55),(22991,'10016329',667,1,0,-56),(22992,'10016360',667,1,0,-57),(22993,'10016384',667,1,0,-58),(22994,'10016513',667,1,0,-59),(22995,'10016563',667,1,0,-60),(22996,'10016771',667,1,0,-61),(22997,'10016842',667,1,0,-62),(22998,'10016931',667,1,0,-63),(22999,'10016977',667,1,0,-64),(23000,'10017076',667,1,0,-65),(23001,'10017158',667,1,0,-66),(23002,'10017170',667,1,0,-67),(23003,'10017253',667,1,0,-68),(23004,'10017305',667,1,0,-69),(23005,'10017322',667,1,0,-70),(23006,'10017451',667,1,0,-71),(23007,'10017653',667,1,0,-72),(23008,'10017689',667,1,0,-73),(23009,'10017811',667,1,0,-74),(23010,'10017930',667,1,0,-75),(23011,'10017960',667,1,0,-76),(23012,'110193',667,1,0,-77),(23013,'110308',667,1,0,-78),(23014,'110367',667,1,0,-79),(23015,'110420',667,1,0,-80),(23016,'110499',667,1,0,-81),(23017,'110598',667,1,0,-82),(23018,'110725',667,1,0,-83),(23019,'110825',667,1,0,-84),(23020,'110847',667,1,0,-85),(23021,'110860',667,1,0,-86),(23022,'110861',667,1,0,-87),(23023,'110949',667,1,0,-88),(23024,'111094',667,1,0,-89),(23025,'111117',667,1,0,-90),(23026,'111206',667,1,0,-91),(23027,'111248',667,1,0,-92),(23028,'111332',667,1,0,-93),(23029,'111366',667,1,0,-94),(23030,'111476',667,1,0,-95),(23031,'111518',667,1,0,-96),(23032,'111579',667,1,0,-97),(23033,'111645',667,1,0,-98),(23034,'111728',667,1,0,-99),(23035,'111729',667,1,0,-100),(23036,'111916',667,1,0,-101),(23037,'111953',667,1,0,-102),(23038,'112014',667,1,0,-103),(23039,'112102',667,1,0,-104),(23040,'112186',667,1,0,-105),(23041,'112236',667,1,0,-106),(23042,'112347',667,1,0,-107),(23043,'112371',667,1,0,-108),(23044,'112390',667,1,0,-109),(23045,'112398',667,1,0,-110),(23046,'112442',667,1,0,-111),(23047,'112513',667,1,0,-112),(23048,'112579',667,1,0,-113),(23049,'112602',667,1,0,-114),(23050,'112673',667,1,0,-115),(23051,'112736',667,1,0,-116),(23052,'112837',667,1,0,-117),(23053,'112910',667,1,0,-118),(23054,'112964',667,1,0,-119),(23055,'113055',667,1,0,-120),(23056,'113074',667,1,0,-121),(23057,'113103',667,1,0,-122),(23058,'113188',667,1,0,-123),(23059,'113240',667,1,0,-124),(23060,'113286',667,1,0,-125),(23061,'113348',667,1,0,-126),(23062,'113409',667,1,0,-127),(23063,'113546',667,1,0,-128),(23064,'113659',667,1,0,-129),(23065,'113772',667,1,0,-130),(23066,'113830',667,1,0,-131),(23067,'113895',667,1,0,-132),(23068,'114271',667,1,0,-133),(23069,'114286',667,1,0,-134),(23070,'114313',667,1,0,-135),(23071,'114430',667,1,0,-136),(23072,'114590',667,1,0,-137),(23073,'114593',667,1,0,-138),(23074,'114669',667,1,0,-139),(23075,'114719',667,1,0,-140),(23076,'114765',667,1,0,-141),(23077,'114794',667,1,0,-142),(23078,'114880',667,1,0,-143),(23079,'114952',667,1,0,-144),(23080,'114994',667,1,0,-145),(23081,'10018326',667,1,0,-146),(23082,'10018500',667,1,0,-147),(23083,'10018308',667,1,0,-148),(23084,'10018591',667,1,0,-149),(23085,'10018628',667,1,0,-150),(23086,'10014071',668,1,0,-151),(23087,'tpepme_00010014071',668,1,0,-152),(23088,'10013976',669,1,0,-153),(23089,'10014056',669,1,0,-154),(23090,'10014057',669,1,0,-155),(23091,'10013855',670,1,0,-156),(23092,'10013926',670,1,0,-157),(23093,'10014142',670,1,0,-158),(23094,'10014530',670,1,0,-159),(23095,'10014619',670,1,0,-160),(23096,'10014693',670,1,0,-161),(23097,'10014860',670,1,0,-162),(23098,'10015067',670,1,0,-163),(23099,'10016419',670,1,0,-164),(23100,'10016513',670,1,0,-165),(23101,'10016771',670,1,0,-166),(23102,'10016977',670,1,0,-167),(23103,'10017076',670,1,0,-168),(23104,'10017137',670,1,0,-169),(23105,'10017451',670,1,0,-170),(23106,'10017653',670,1,0,-171),(23107,'10017811',670,1,0,-172),(23108,'10017825',670,1,0,-173),(23109,'10017877',670,1,0,-174),(23110,'10018092',670,1,0,-175),(23111,'114041',670,1,0,-176),(23112,'115158',670,1,0,-177),(23113,'10018500',670,1,0,-178),(23114,'10018628',670,1,0,-179),(23115,'10014059',671,1,0,-180),(23116,'10013883',672,1,0,-181),(23117,'10016657',672,1,0,-182),(23118,'10017930',672,1,0,-183),(23119,'114606',672,1,0,-184),(23120,'114794',672,1,0,-185),(23121,'10018308',672,1,0,-186),(23122,'10014065',673,1,0,-187),(23123,'10014068',673,1,0,-188),(23124,'tpepme_00010014065',673,1,0,-189),(23125,'tpepme_00010014068',673,1,0,-190),(23126,'10018712',667,1,0,-191),(23127,'10018637',667,1,0,-192),(23128,'10018781',667,1,0,-193),(23129,'10018925',670,1,0,-194),(23130,'10019211',665,1,0,-195),(23131,'10018988',667,1,0,-196),(23132,'10019012',667,1,0,-197),(23133,'10019146',670,1,0,-198),(23134,'10019244',667,1,0,-199),(23135,'10019244',670,1,0,-200),(23136,'10019291',670,1,0,-201);
/*!40000 ALTER TABLE `sid_article` ENABLE KEYS */;
UNLOCK TABLES;

--
-- Dumping data for table `sid_article_dm_tag`
--

LOCK TABLES `sid_article_dm_tag` WRITE;
/*!40000 ALTER TABLE `sid_article_dm_tag` DISABLE KEYS */;
INSERT INTO `sid_article_dm_tag` (`id`, `dm_tag_id`) VALUES (23076,56),(23076,57),(22972,58),(22939,59),(22940,59),(22941,59),(22944,59),(22945,59),(22946,59),(22955,59),(22974,59),(22983,59),(23091,59),(23095,59),(23108,59),(22955,60),(22941,61),(22943,61),(22946,61),(22960,61),(22964,61),(22967,61),(22968,61),(22969,61),(22970,61),(22971,61),(22972,61),(22973,61),(22974,61),(22975,61),(22976,61),(22977,61),(22978,61),(22979,61),(22980,61),(22981,61),(22982,61),(22983,61),(22984,61),(22985,61),(22986,61),(22987,61),(22988,61),(22989,61),(22990,61),(22991,61),(22993,61),(22996,61),(23001,61),(23002,61),(23008,61),(23017,61),(23024,61),(23028,61),(23035,61),(23037,61),(23043,61),(23044,61),(23048,61),(23049,61),(23051,61),(23054,61),(23055,61),(23056,61),(23061,61),(23067,61),(23069,61),(23071,61),(23072,61),(23073,61),(23078,61),(23083,61),(23097,61),(23101,61),(23116,61),(23121,61),(23126,61),(23127,61),(23131,61),(23136,61),(22960,62),(22968,62),(22972,62),(22973,62),(22975,62),(22980,62),(22981,62),(22985,62),(22986,62),(22990,62),(23044,62),(23054,62),(23055,62),(23083,62),(23116,62),(23121,62),(22941,63),(22943,63),(22960,63),(22964,63),(22967,63),(22968,63),(22969,63),(22970,63),(22971,63),(22972,63),(22973,63),(22974,63),(22975,63),(22976,63),(22977,63),(22978,63),(22979,63),(22980,63),(22981,63),(22982,63),(22984,63),(22985,63),(22986,63),(22987,63),(22989,63),(22990,63),(22991,63),(22993,63),(22996,63),(23001,63),(23008,63),(23024,63),(23028,63),(23035,63),(23037,63),(23043,63),(23044,63),(23048,63),(23049,63),(23051,63),(23054,63),(23055,63),(23056,63),(23061,63),(23067,63),(23069,63),(23071,63),(23072,63),(23073,63),(23078,63),(23083,63),(23097,63),(23101,63),(23116,63),(23121,63),(23126,63),(23127,63),(23136,63),(22960,64),(22968,64),(22975,64),(22984,64),(23037,64),(23054,64),(23055,64),(23116,64),(22964,65),(22967,65),(22969,65),(22970,65),(22971,65),(22975,65),(22979,65),(22980,65),(22982,65),(22985,65),(22986,65),(22988,65),(22989,65),(22991,65),(23001,65),(23002,65),(23008,65),(23017,65),(23035,65),(23037,65),(23043,65),(23048,65),(23049,65),(23051,65),(23056,65),(23061,65),(23067,65),(23071,65),(23072,65),(23073,65),(23083,65),(23097,65),(23121,65),(23126,65),(23127,65),(22970,66),(22971,66),(22975,66),(22976,66),(22980,66),(22985,66),(22986,66),(23017,66),(23035,66),(23043,66),(23048,66),(23051,66),(23078,66),(23083,66),(23097,66),(23121,66),(23127,66),(22971,67),(23017,67),(23037,67),(23048,67),(23061,67),(23067,67),(23069,67),(23072,67),(23073,67),(22982,68),(23017,68),(23043,68),(23051,68),(23127,68),(22986,69),(22988,69),(23001,69),(23002,69),(23008,69),(23017,69),(23028,69),(23043,69),(23051,69),(23127,69),(23131,69),(23136,69),(23024,70),(22964,71),(22969,71),(22970,71),(22971,71),(22972,71),(22973,71),(22975,71),(22976,71),(22980,71),(22981,71),(22985,71),(22986,71),(22989,71),(22990,71),(22993,71),(23001,71),(23008,71),(23024,71),(23035,71),(23037,71),(23043,71),(23044,71),(23048,71),(23051,71),(23069,71),(23071,71),(23078,71),(23083,71),(23097,71),(23121,71),(23127,71),(22964,72),(22970,72),(22971,72),(22972,72),(22975,72),(22980,72),(22986,72),(22996,72),(23001,72),(23008,72),(23028,72),(23044,72),(23051,72),(23078,72),(23097,72),(23101,72),(23127,72),(22970,73),(22975,73),(22985,73),(23001,73),(23008,73),(23043,73),(23097,73),(23091,74),(23110,74),(22972,77),(23108,82),(22939,87),(22940,87),(22941,87),(22944,87),(22945,87),(22946,87),(22974,87),(22983,87),(23095,87),(23108,87),(23001,89),(23008,89),(23108,91),(23001,96),(23008,96),(22946,115),(22975,115),(22983,115),(22987,115);
/*!40000 ALTER TABLE `sid_article_dm_tag` ENABLE KEYS */;
UNLOCK TABLES;

--
-- Dumping data for table `sid_article_translation`
--

LOCK TABLES `sid_article_translation` WRITE;
/*!40000 ALTER TABLE `sid_article_translation` DISABLE KEYS */;
INSERT INTO `sid_article_translation` (`id`, `title`, `chapeau`, `lang`, `created_at`, `updated_at`) VALUES (22936,'Assouplissement du dispositif d\'exonration des dons de sommes d\'argent','Si la loi portant rforme de la fiscalit du patrimoine alourdit les droits de donation et de succession, elle assouplit toutefois le dispositif permettant de faire un don d\'une somme d\'argent  certains membres du cercle familial.','fr','2011-09-15 09:27:00','2011-09-16 12:32:01'),(22937,'Don manuel : repoussez le paiement de vos droits de donation !','Pour les dons manuels suprieurs  15000 , le donataire peut choisir de payer les droits de mutation dans le dlai d\'un mois qui suit le dcs du donateur.','fr','2011-09-23 10:34:00','2011-09-23 15:35:05'),(22938,'Les incidences d\'une donation avec rserve d\'usufruit','Un bien donn avec rserve d\'usufruit doit tre rapport  la succession du donateur pour sa valeur en pleine proprit.','fr','2011-10-28 10:54:00','2011-10-28 12:16:55'),(22939,'Un poux peut-il s\'affranchir du remboursement d\'un emprunt ?','L\'poux, qui perd en bourse une partie des sommes empruntes dans le but de financer les tudes de ses enfants, commet une faute de gestion et doit rembourser seul l\'emprunt souscrit.','fr','2011-11-08 09:54:00','2011-11-14 14:32:48'),(22940,'Quelle est la valeur d\'un acte non sign par le notaire?','Un acte de cession de parts de socit civile immobilire qui n\'est pas sign par le notaire est nanmoins valable en tant qu\'acte sous seing priv.','fr','2011-11-17 09:20:00','2011-11-17 12:01:47'),(22941,'Abattement successoral : le fisc fait marche arrire !','L\'administration fiscale est revenue sur sa position: les petits-enfants succdant  l\'un de leurs grands-parents aprs renonciation ou dcs de leur pre ou de leur mre, enfant unique, continuent de bnficier de l\'abattement applicable aux successions en ligne directe!','fr','2011-11-24 09:55:00','2011-11-24 11:49:01'),(22942,'Quel sort pour la vente de parts de SCI par un seul des poux ?','Des poux, maris sous le rgime lgal, ne peuvent, l\'un sans l\'autre, cder des parts de socit civile immobilire appartenant  la communaut.','fr','2011-11-29 10:02:00','2011-11-29 10:38:46'),(22943,'Comment est impose la rversion d\'usufruit ?','Le bnficiaire d\'une rversion d\'usufruit est en principe tax, lors du dcs du donateur, au titre des droits de succession.','fr','2011-12-01 12:06:00','2011-12-02 09:51:15'),(22944,'Assurance-vie : veillez  ne pas porter atteinte aux droits des hritiers !','Lorsque les primes verses sur un contrat d\'assurance-vie sont manifestement exagres, les hritiers du souscripteur sont en droit de demander leur rintgration dans la succession de ce dernier.','fr','2011-12-08 09:55:00','2011-12-08 11:12:27'),(22945,'Comment distinguer un prsent d\'usage d\'un don manuel ?','Lorsqu\'ils reoivent une donation d\'un mme montant de la part de leurs parents, les enfants peuvent s\'accorder pour qualifier cette donation de prsent d\'usage.','fr','2011-12-14 12:42:00','2011-12-16 14:44:50'),(22946,'Combien de personnes ont t exonres de droits de succession en 2010 ?','L\'administration fiscale vient de communiquer sur le nombre de personnes ayant bnfici d\'une exonration de droits de succession en 2010.','fr','2011-12-23 09:26:00','2011-12-23 10:06:31'),(22947,'Le paiement fractionn des droits de succession','Le remboursement partiel par anticipation des droits de succession, dont le paiement est fractionn, est sans incidence sur le taux d\'intrt lgal appliqu.','fr','2012-02-02 12:24:00','2012-02-02 17:01:28'),(22948,'Comment faire tomber en matire successorale la prsomption fiscale de proprit de l\'usufruitier ?','La prsomption fiscale de proprit de l\'usufruitier peut tre carte lorsque les hritiers attestent du dcs soudain du donateur.','fr','2012-02-21 14:18:00','2012-02-24 12:26:15'),(22949,'De quel dlai disposez-vous pour rclamer le bnfice d\'un contrat d\'assurance-vie ?','Le dlai de prescription de la demande de paiement d\'une garantie dcs ne s\'interrompt que lorsque le bnficiaire du contrat en demande expressment le paiement.','fr','2012-03-06 14:00:00','2012-03-09 14:35:24'),(22950,'Dclaration de succession incomplte: le fisc dtermine lui-mme les droits  payer !','Le dpt d\'une dclaration de succession incomplte est susceptible d\'entraner l\'application d\'une procdure de taxation d\'office.','fr','2012-03-21 12:33:00','2012-03-22 11:35:11'),(22951,'Solidarit des poux pour un emprunt','Les poux sont engags solidairement par un emprunt souscrit par un seul d\'entre eux uniquement lorsqu\'il porte sur des sommes modestes ncessaires aux besoins de la vie courante.','fr','2011-07-07 14:22:00','2011-07-08 14:25:00'),(22952,'Abattement successoral : l\'administration fiscale durcit le ton','Les petits-enfants qui succdent  leurs grands-parents aprs renonciation de leur pre ou de leur mre, enfant unique, ne bnficient plus dsormais de l\'abattement fiscal applicable  leur parent.','fr','2011-08-04 10:49:00','2011-08-09 10:24:17'),(22953,'Le sort des indemnits de licenciement lors d\'un divorce','Le capital, global et forfaitaire, vers au titre des indemnits de carrire doit tre considr, dans un rgime communautaire, comme un bien commun appartenant aux deux poux.','fr','2011-08-08 11:10:00','2011-08-08 16:06:09'),(22954,'Rforme de la fiscalit du patrimoine : l\'assurance-vie mise  contribution','La rforme de la fiscalit du patrimoine a alourdi la taxation des contrats d\'assurance-vie suprieurs  902838  et modifi les rgles rgissant les clauses bnficiaires ayant fait l\'objet d\'un dmembrement de proprit.','fr','2011-08-19 13:00:00','2011-09-05 10:11:43'),(22955,'Liquidation judiciaire : le logement de l\'entrepreneur dclar insaisissable est  l\'abri !','La rsidence principale du chef d\'entreprise mis en liquidation judiciaire ne peut pas tre vendue par le liquidateur lorsqu\'elle a fait l\'objet d\'une dclaration d\'insaisissabilit.','fr','2011-08-26 09:57:00','2011-08-26 13:55:09'),(22956,'Assurance-vie dmembre : comment se partager l\'abattement fiscal ?','En prsence de plusieurs nus-propritaires bnficiaires d\'un contrat d\'assurance-vie, chacun d\'entre eux partage un abattement de 152500  avec l\'usufruitier en fonction de leurs droits respectifs.','fr','2012-04-04 14:01:00','2012-04-06 12:00:20'),(22957,'Quelles obligations dclaratives pour les contribuables soumis  l\'exit tax?','Les contribuables soumis  l\'exit tax ont l\'obligation de joindre  leur dclaration de revenus un formulaire comportant un certain nombre de renseignements.','fr','2012-04-17 13:59:00','2012-04-20 14:21:52'),(22958,'Construction d\'une maison','Je suis mari sous le rgime lgal. Mon pouse et moi-mme souhaiterions faire construire une maison sur un terrain dont j\'avais fait l\'acquisition avant mon mariage. Est-ce possible ?','fr','2011-09-22 14:29:00','2011-09-26 10:10:45'),(22959,'Assouplissement du dispositif d\'exonration des dons de sommes d\'argent','Si la loi portant rforme de la fiscalit du patrimoine alourdit les droits de donation et de succession, elle assouplit toutefois le dispositif permettant de faire un don d\'une somme d\'argent  certains membres du cercle familial.','fr','2011-09-15 09:27:00','2011-09-16 12:32:01'),(22960,'Le dispositif de rduction d\'ISF pour investissement dans une PME assoupli !','La socit, au sein de laquelle le redevable de l\'ISF investit pour rduire son impt, dispose de plus de temps pour employer des salaris.','fr','2011-09-16 10:00:00','2011-09-16 12:14:18'),(22961,'Dclaration d\'ISF : le compte  rebours a commenc','N\'oubliez pas de faire votre dclaration d\'impt de solidarit sur la fortune le 30 septembre prochain au plus tard!','fr','2011-09-26 09:11:00','2011-09-27 08:19:19'),(22962,'Le secteur bancaire : le baromtre des crises','Malmen en raison de son exposition  la crise de la dette, le secteur bancaire peine a voir le bout du tunnel.','fr','2011-09-26 10:50:00','2011-10-06 09:33:32'),(22963,'Comment calculer une plus-value immobilire ?','La vente d\'un bien immobilier obit  des rgles d\'imposition particulires qui ont, par ailleurs, t remodeles par le plan d\'austrit du gouvernement.','fr','2011-09-30 11:45:00','2011-10-03 11:27:48'),(22964,'Plus-value de cession de titres sous condition suspensive :  quel moment est-on impos ?','La cession de titres inscrits dans une convention dont la condition suspensive ne s\'est pas encore ralise entrane l\'imposition du cdant, encore propritaire des titres.','fr','2011-09-29 12:00:00','2011-09-29 17:48:43'),(22965,'Projet de loi de finances pour 2012','Quelles seraient les consquences du projet de loi de finances sur votre imposition ?','fr','2011-10-04 13:08:00','2011-10-07 15:10:53'),(22966,'Quotient familial : incidence de l\'obtention de la garde d\'un enfant en cours d\'anne','Un pre divorc peut majorer son quotient familial s\'il obtient la garde de ses enfants en cours d\'anne.','fr','2011-10-12 13:00:00','2011-10-14 12:10:48'),(22967,'Augmentation annonce du malus automobile en 2012','Le gouvernement vient de prsenter le nouveau barme 2012 du  bonus-malus automobile , qui conduit  davantage taxer les vhicules les plus polluants.','fr','2011-10-18 14:00:00','2011-10-21 12:25:25'),(22968,'Activez votre holding pour tre exonr d\'ISF !','L\'exonration des titres d\'une socit holding en tant que biens professionnels suppose que la socit anime les filiales qu\'elle dtient.','fr','2011-10-28 10:00:00','2011-10-28 10:11:14'),(22969,'Pas de pnalits de retard en cas de difficults techniques de tldclaration','Certaines difficults techniques lies  la tldclaration annuelle de l\'impt sur le revenu n\'entranent pas de pnalits de retard pour dpt tardif de la dclaration papier.','fr','2011-11-02 14:00:00','2011-11-02 14:00:02'),(22970,'Projet de loi de finances pour 2012 : les amendements adopts','Dcouvrez les nouvelles mesures votes par les dputs lors de l\'examen de la premire partie de la loi de finances pour 2012.','fr','2011-11-03 14:00:00','2011-12-15 11:29:17'),(22971,'vitez de payer un impt prescrit !','\nIl n\'est pas possible de demander le remboursement d\'un impt pay alors qu\'il tait prescrit.','fr','2011-11-08 14:07:00','2011-11-10 14:43:22'),(22972,'Plan d\'austrit : acte II','Le gouvernement envisage d\'alourdir  nouveau la fiscalit des particuliers et des entreprises.','fr','2011-11-09 11:24:00','2011-11-14 14:36:59'),(22973,'Projet de loi de finances pour 2012 : les nouveaux amendements vots par les dputs','Les dputs ont de nouveau affaibli l\'attractivit des niches fiscales et de certains dispositifs d\'exonration.','fr','2011-11-18 12:00:00','2011-11-18 14:31:34'),(22974,'Abattement successoral : le fisc fait marche arrire !','L\'administration fiscale est revenue sur sa position: les petits-enfants succdant  l\'un de leurs grands-parents aprs renonciation ou dcs de leur pre ou de leur mre, enfant unique, continuent de bnficier de l\'abattement applicable aux successions en ligne directe!','fr','2011-11-24 09:55:00','2011-11-24 11:49:01'),(22975,'Projet de loi de finances pour 2012 : les amendements des snateurs','Les snateurs ont radicalement amend le projet de loi de finances pour 2012.','fr','2011-11-25 12:00:00','2011-11-25 15:20:27'),(22976,'Socit civile immobilire : une prcision intressante en cas d\'option  l\'impt sur les socits','Les socits civiles immobilires disposent d\'un dlai de 60 jours  compter de la notification de l\'option  l\'impt sur les socits pour respecter leurs obligations dclaratives.','fr','2011-12-02 12:00:00','2011-12-02 12:00:02'),(22977,'Comment est impose la rversion d\'usufruit ?','Le bnficiaire d\'une rversion d\'usufruit est en principe tax, lors du dcs du donateur, au titre des droits de succession.','fr','2011-12-01 12:06:00','2011-12-02 09:51:15'),(22978,'L\'administration fiscale vigilante sur les donations ralises successivement!','La donation successive d\'un mme bien consentie dans le seul but de rduire les droits de donation est sanctionnable fiscalement.','fr','2011-12-06 11:48:00','2011-12-09 16:14:22'),(22979,'Lutte contre la fraude et l\'vasion fiscales : bilan et perspectives','Le gouvernement vient de prsenter son bilan de la lutte contre la fraude et l\'vasion fiscales et d\'annoncer de nouvelles mesures visant  renforcer ses actions.','fr','2011-12-07 12:00:00','2011-12-09 16:32:24'),(22980,'Projet de 4e loi de finances rectificative pour 2011 : les amendements des dputs','L\'Assemble nationale durcit encore la fiscalit des entreprises et des particuliers.','fr','2011-12-15 12:00:00','2011-12-16 14:42:41'),(22981,'Plus que quelques jours pour rduire votre impt sur le revenu !','Vous avez jusqu\'au 31 dcembre pour saisir les dernires opportunits afin de rduire votre impt sur le revenu 2011.','fr','2011-12-19 13:44:00','2011-12-23 09:48:10'),(22982,'Valeur locative d\'un local : modalits pratiques de la nouvelle obligation de mise  jour','L\'administration fiscale peut demander aux propritaires de locaux de souscrire une dclaration pour mettre  jour la valeur locative de ceux-ci.','fr','2011-12-21 12:00:00','2011-12-21 13:52:59'),(22983,'Combien de personnes ont t exonres de droits de succession en 2010 ?','L\'administration fiscale vient de communiquer sur le nombre de personnes ayant bnfici d\'une exonration de droits de succession en 2010.','fr','2011-12-23 09:26:00','2011-12-23 10:06:31'),(22984,'Bouclier fiscal : attention  la perte de la crance 2011 !','Les redevables de l\'ISF ont jusqu\'au 31 dcembre prochain pour dposer une demande de restitution de la crance acquise au titre du bouclier fiscal.','fr','2011-12-29 11:13:00','2011-12-29 12:30:34'),(22985,'La loi de finances pour 2012 est dfinitive !','La loi de finances pour 2012 a t adopte conformment  la version de l\'Assemble nationale.','fr','2011-12-30 12:00:00','2012-01-06 11:53:07'),(22986,'La 4e loi de finances rectificative pour 2011 est dfinitivement adopte !','La hausse des impositions se poursuit avec la 4e loi de finances rectificative pour 2011.','fr','2012-01-03 11:03:00','2012-01-03 18:07:42'),(22987,'Le dispositif du contrle sur demande des successions et donations est prennis !','La procdure de contrle sur demande du contribuable des successions et donations est dfinitivement institue.','fr','2012-01-04 13:55:00','2012-01-06 11:49:52'),(22988,'Attention au changement de taux de TVA au 1er janvier 2012 !','La plupart des produits et services auparavant soumis au taux rduit de TVA de 5,5 % sont dsormais taxs  7 %.','fr','2012-01-05 15:32:00','2012-01-05 19:13:07'),(22989,'Dclaration de revenus : vous pouvez recourir  un tiers de confiance !','Le dcret fixant les conditions d\'application du dispositif du tiers de confiance vient de paratre, permettant ainsi son entre en vigueur  compter du 30 dcembre 2011.','fr','2012-01-06 12:00:00','2012-01-06 12:28:25'),(22990,'Prorogation de la rduction d\'impt pour la souscription au capital de SOFICA','La rduction d\'impt pour les versements raliss au capital de socits pour le financement de l\'industrie cinmatographique et audiovisuelle (Sofica) est reconduite jusqu\'au 31 dcembre 2012.','fr','2012-01-12 09:26:00','2012-01-12 11:32:26'),(22991,'Le malus automobile une nouvelle fois durci !','Les barmes du malus automobile et le montant du malus annuel viennent d\'tre augments par la loi de finances pour 2012.','fr','2012-01-12 12:00:00','2012-01-13 14:05:55'),(22992,'Un millsime 2011 record pour les entreprises de luxe','Les rsultats exceptionnels des entreprises du secteur de luxe en 2011 sont  peine clipss par des performances boursires en demi-teinte.','fr','2012-01-13 12:20:00','2012-02-06 09:35:56'),(22993,'Calculez votre impt sur le revenu 2012','Le gouvernement met  la disposition des contribuables un simulateur pour raliser une estimation de leur impt pour 2012.','fr','2012-01-16 12:00:00','2012-01-16 13:51:45'),(22994,'L\'administration vous aide  valuer votre bien immobilier !','Certains contribuables peuvent obtenir de l\'administration fiscale des informations relatives aux transactions immobilires afin d\'valuer plus justement leur bien.','fr','2012-01-23 10:25:00','2012-01-27 14:35:25'),(22995,'L\'administration fiscale peut prolonger son dlai de rponse dans certains cas','L\'administration fiscale peut, de faon exceptionnelle, allonger le dlai de rponse des informations transmises par le contribuable.','fr','2012-01-25 12:24:00','2012-01-27 14:33:11'),(22996,'Bailleurs : attention  ne pas fixer un loyer trop lev !','Le seuil d\'application de la taxe sur les loyers levs des micro-logements vient d\'tre prcis.','fr','2012-02-01 12:00:00','2012-02-15 10:24:38'),(22997,'Le paiement fractionn des droits de succession','Le remboursement partiel par anticipation des droits de succession, dont le paiement est fractionn, est sans incidence sur le taux d\'intrt lgal appliqu.','fr','2012-02-02 12:24:00','2012-02-02 17:01:28'),(22998,'N\'oubliez pas de payer votre premier tiers provisionnel !','Le paiement du premier acompte provisionnel de l\'impt sur le revenu 2012 doit, en principe, tre effectu au plus tard le mercredi 15 fvrier 2012.','fr','2012-02-07 11:45:00','2012-02-10 14:51:02'),(22999,'Dispositif \"Scellier\" : du changement pour la zone C !','La liste des communes de la zone C ligibles au dispositif \"Scellier\" a t largie alors que le plafond de loyer de cette zone a, quant  lui, t revaloris.','fr','2012-02-09 12:21:00','2012-02-10 14:50:12'),(23000,'valuation des biens dans le cadre d\'une succession','Un terrain devenu inconstructible peut tre tax aux droits de succession pour sa valeur en tant que terrain constructible!','fr','2012-02-14 09:38:00','2012-02-17 15:13:08'),(23001,'Projet de loi de finances rectificative pour 2012','Comme annonc par le Prsident de la rpublique, un projet de loi prvoit d\'allger le cot du travail pour les entreprises du secteur priv.','fr','2012-02-17 11:00:00','2012-02-17 13:54:40'),(23002,'Quand et comment appliquer le nouveau taux de TVA de 7 % ?','Le champ et les modalits d\'application du nouveau taux de TVA de 7 % viennent d\'tre prciss.','fr','2012-02-20 12:00:00','2012-02-22 09:01:24'),(23003,'Comment faire tomber en matire successorale la prsomption fiscale de proprit de l\'usufruitier ?','La prsomption fiscale de proprit de l\'usufruitier peut tre carte lorsque les hritiers attestent du dcs soudain du donateur.','fr','2012-02-21 14:18:00','2012-02-24 12:26:15'),(23004,'Barmes des frais kilomtriques 2011','Les barmes kilomtriques pour les frais engags en 2011 viennent d\'tre publis et restent inchangs par rapport  ceux utiliss l\'an dernier.','fr','2012-02-23 10:00:00','2012-02-24 11:34:43'),(23005,'Quel dlai de reprise en matire d\'ISF?','L\'administration fiscale dispose d\'un dlai de reprise de longue dure pour le contrle de la qualification de biens professionnels inscrits dans une dclaration d\'ISF.','fr','2012-02-23 16:34:00','2012-02-24 10:29:54'),(23006,'Louez une partie de votre rsidence principale sans tre impos : c\'est possible !','Les loyers perus au titre de la location meuble d\'une partie de votre rsidence principale peuvent tre, sous certaines conditions, exonrs d\'impt sur le revenu.','fr','2012-02-29 14:00:00','2012-03-02 12:47:38'),(23007,'Les plafonds de loyers des investissements immobiliers locatifs publis !','Les nouveaux plafonds de loyers conditionnant l\'application des dispositifs d\'investissements locatifs pour les baux conclus ou renouvels  compter du 1er janvier 2012 ont t publis.','fr','2012-03-07 14:00:00','2012-03-09 11:02:44'),(23008,'La loi de finances rectificative pour 2012 est adopte !','La premire loi de finances rectificative pour 2012 augmente la TVA et les prlvements sociaux pour financer une rduction de cotisations sociales des employeurs.','fr','2012-03-08 14:00:00','2012-03-16 12:09:01'),(23009,'Dispositif  Scellier  : le plafonnement supplmentaire enfin publi !','Un dcret fixe les plafonds par mtre carr de surface habitable applicables pour le calcul de la rduction d\'impt Scellier.','fr','2012-03-14 10:13:00','2012-03-16 14:07:03'),(23010,'Secteur de l\'aronautique : les avionneurs survolent la crise','Portes par des carnets de commandes records, les principales socits du secteur de l\'aronautique ont ralis des performances boursires remarques.','fr','2012-03-20 09:51:00','2012-03-20 09:52:42'),(23011,'Dclaration de succession incomplte: le fisc dtermine lui-mme les droits  payer !','Le dpt d\'une dclaration de succession incomplte est susceptible d\'entraner l\'application d\'une procdure de taxation d\'office.','fr','2012-03-21 12:33:00','2012-03-22 11:35:11'),(23012,'Pacte d\'associs et ISF','Pour bnficier d\'une exonration d\'ISF en 2011, vous pouvez souscrire un pacte Dutreil avant le 31 dcembre 2010.','fr','2010-12-16 10:23:00','2010-12-17 15:20:43'),(23013,'Rduction d\'impt Scellier : amnagements dans certains territoires d\'outre-mer','Les conditions d\'application du dispositif Scellier pour les investissements raliss dans certaines collectivits territoriales d\'outre-mer sont assouplies.','fr','2010-12-22 14:03:00','2010-12-22 18:30:22'),(23014,'Rduction d\'impt et augmentation de capital d\'une PME','L\'administration fiscale a apport des prcisions quant  l\'ligibilit aux rductions d\'impt d\'une augmentation de capital par compensation avec un compte courant d\'associ.','fr','2010-12-23 16:44:00','2010-12-24 10:00:02'),(23015,'Rpartition du patrimoine des mnages : les Franais recentrent leurs placements','Une tude rcente de l\'Insee concernant la rpartition du patrimoine des mnages souligne que les Franais ont restreint leur univers de placement pour se concentrer sur l\'immobilier et l\'assurance-vie.','fr','2010-12-28 17:32:00','2010-12-30 17:06:38'),(23016,'Loi de finances pour 2011 : les mesures concernant les particuliers','La loi de finances pour 2011 contient de nombreuses dispositions intressant la fiscalit des particuliers.','fr','2011-01-03 14:09:00','2011-01-07 15:38:04'),(23017,'Adoption dfinitive de la loi de finances rectificative pour 2010','La 4e loi de finances rectificative pour 2010 dfinitivement adopte n\'affecte pas la fiscalit des entreprises autant qu\'il l\'tait annonc.','fr','2011-01-07 10:00:00','2011-01-07 15:38:39'),(23018,'Annonces immobilires : n\'oubliez pas l\'tiquette nergie !','L\'affichage de la  classe nergie  figurant dans le diagnostic de performance nergtique est obligatoire pour toutes les annonces immobilires de vente ou de location parues depuis le 1er janvier 2011.','fr','2011-01-13 12:31:00','2011-01-14 17:09:30'),(23019,'Petits-enfants succdant  leurs grands-parents : quelle fiscalit ?','Les petits-enfants succdant  l\'un de leurs grands-parents aprs renonciation ou dcs de leur pre ou de leur mre bnficient de l\'abattement applicable aux successions en ligne directe.','fr','2011-01-19 14:00:00','2011-01-21 14:11:07'),(23020,'Les nouveaux plafonds de loyers des investissements immobiliers dfiscaliss','Les nouveaux plafonds de loyers conditionnant la rduction d\'impt Scellier pour les logements acquis  compter du 1er janvier 2011 ont t publis.','fr','2011-01-20 14:00:00','2011-04-08 15:37:12'),(23021,'Les quipementiers automobiles font la course en tte !','Les valeurs du secteur automobile ont t  l\'honneur durant l\'anne 2010 portes par la prime  la casse et par la croissance des pays mergents.','fr','2011-01-20 17:42:00','2011-01-26 15:05:00'),(23022,'La rforme des retraites et ses consquences patrimoniales','Afin de favoriser la constitution d\'un complment de retraite, de nombreux amnagements ont t apports.','fr','2011-01-20 17:46:00','2011-01-28 16:17:24'),(23023,'Simulez votre prt  taux zro renforc !','Les particuliers ont dsormais la possibilit de raliser en ligne une simulation de leurs droits au nouveau prt  taux zro renforc entr en vigueur le 1er janvier 2011.','fr','2011-01-27 14:00:00','2011-03-01 09:59:16'),(23024,'Cession de droits sociaux au sein de sa famille','Les plus-values de cession de titres de socits entre membres d\'une mme famille ne peuvent plus tre exonres de prlvements sociaux.','fr','2011-02-02 09:53:00','2011-02-03 17:51:09'),(23025,'Les amnagements apports au crdit d\'impt pour l\'isolation des logements','Isoler son logement peut, dans certains cas, ouvrir droit  un crdit d\'impt.','fr','2011-02-03 09:03:00','2011-02-04 15:42:44'),(23026,'Paiement de l\'impt sur le revenu : attention  l\'chance !','N\'oubliez pas de rgler votre premier tiers provisionnel de l\'impt sur le revenu pour le 20 fvrier prochain au plus tard.','fr','2011-02-08 13:57:00','2011-02-11 15:50:37'),(23027,'Exonration limite des dividendes dans un PEA','Les produits des titres de socits non cotes, placs dans un PEA, sont exonrs d\'impt sur le revenu dans la limite de 10 % de la valeur d\'inscription de ces titres.','fr','2011-02-10 14:12:00','2011-02-18 12:00:27'),(23028,'Les locations de locaux d\'hbergement de gardiens peuvent tre soumises  la TVA','L\'administration fiscale autorise l\'extension de l\'option  la TVA sur les loyers relatifs aux locaux d\'habitation du personnel de gardiennage.','fr','2011-02-16 10:00:00','2011-02-18 11:56:03'),(23029,'Louez une partie de votre habitation principale en franchise d\'impt !','Les loyers perus au titre de la location en meubl d\'une partie de votre rsidence principale peuvent tre, sous certaines conditions, exonrs d\'impt sur le revenu.','fr','2011-02-17 09:00:00','2011-02-18 11:52:51'),(23030,'Fonds en euros : les socits d\'assurances anticipent la baisse des rendements','La Fdration franaise des socits d\'assurances (FFSA) vient d\'annoncer que le taux moyen de rmunration des fonds en euros ne dpasserait pas 3,4 % pour l\'anne 2010.','fr','2011-02-23 12:08:00','2011-02-25 11:28:00'),(23031,'Apport en usufruit et abus de droit','L\'apport en usufruit d\'un bien  une socit ralis dans le seul but d\'chapper  l\'ISF entre dans le cadre de l\'abus de droit.','fr','2011-02-24 14:04:00','2011-02-25 12:04:01'),(23032,'Contrats de capitalisation pour les personnes morales : accs limit !','La Fdration franaise des socits d\'assurances (FFSA) prcise les conditions dans lesquelles les personnes morales peuvent souscrire  des contrats de capitalisation.','fr','2011-02-28 10:47:00','2011-03-04 15:12:03'),(23033,'Investissement locatif : les modalits d\'agrment en zone C','Les conditions dans lesquelles l\'agrment d\'une commune situe en zone C est dlivr par le ministre charg du Logement viennent d\'tre prcises.','fr','2011-03-03 14:00:00','2011-03-04 15:09:20'),(23034,'Rforme de la fiscalit du patrimoine : les diffrentes hypothses','Le ministre du Budget a annonc, jeudi 3 mars dernier, les pistes de rflexion tudies par le gouvernement pour la rforme de la fiscalit du patrimoine','fr','2011-03-08 12:34:00','2011-03-11 22:24:37'),(23035,'Barmes des frais kilomtriques 2010','Les barmes kilomtriques pour les frais engags en 2010 viennent d\'tre publis.','fr','2011-03-08 16:00:00','2011-03-11 11:21:13'),(23036,'ISF : dlai supplmentaire accord pour transmettre des justificatifs','Les redevables ont, en principe, jusqu\'au 15 septembre 2011 pour transmettre les justificatifs lis aux dons ligibles  la rduction d\'ISF.','fr','2011-03-16 09:35:00','2011-03-18 11:29:09'),(23037,'Une transaction avec l\'administration fiscale ne vous prserve pas de tout redressement','L\'administration fiscale peut utiliser des lments ressortant d\'une transaction pour redresser des impts non viss par celle-ci.','fr','2011-03-18 12:00:00','2011-03-18 12:08:15'),(23038,'Le secteur de l\'agroalimentaire : sant retrouve pour les champagnes et spiritueux !','Les producteurs de champagne et de spiritueux ont ralis en 2010 les meilleures performances boursires du compartiment alimentaire, aprs une anne 2009 dlicate. Une bonne raison de s\'y intresser de prs.','fr','2011-03-21 14:26:00','2011-03-25 12:54:33'),(23039,'Le crdit d\'impt sur les intrts d\'emprunt n\'a pas totalement disparu !','Les logements acquis en l\'tat futur d\'achvement (VEFA) avant le 1er janvier 2011 demeurent ligibles au crdit d\'impt sur les intrts d\'emprunt.','fr','2011-03-24 10:06:00','2011-03-29 11:55:10'),(23040,'Investissement locatif : le dispositif Girardin ractualis !','L\'administration fiscale vient de ractualiser les plafonds d\'investissements ainsi que les plafonds de loyers et de ressources du locataire pour les investissements ligibles au dispositif Girardin.','fr','2011-03-29 11:42:00','2011-04-01 16:15:18'),(23041,'Quel sera le montant de votre impt en 2011 ?','Le gouvernement vient de lancer la campagne dclarative des revenus perus en 2010 et met  la disposition des contribuables un simulateur pour raliser une estimation de leur impt.','fr','2011-03-31 14:00:00','2011-04-08 11:12:00'),(23042,'Contrat d\'assurance-vie apport en garantie d\'un crdit','La restriction  la facult de rachat d\'un contrat d\'assurance-vie est sans incidence sur son caractre imposable  l\'ISF.','fr','2011-04-05 11:21:00','2011-04-29 14:51:19'),(23043,'Recouvrement de l\'impt : frais de poursuite','Les frais mis  la charge d\'une entreprise, en cas de poursuites pour non-paiement de l\'impt, viennent d\'tre unifis.','fr','2011-04-06 14:00:00','2011-04-08 14:39:09'),(23044,'Une possibilit de rduire l\'impt sur les dividendes','L\'imposition du bnficiaire de dividendes peut tre attnue grce au systme du quotient.','fr','2011-04-08 10:00:00','2011-04-08 14:41:26'),(23045,'Les nouveaux plafonds des investissements locatifs','L\'administration fiscale vient de ractualiser les plafonds d\'investissements ainsi que les plafonds de loyers et de ressources du locataire pour les investissements locatifs.','fr','2011-04-07 12:00:00','2011-04-07 13:41:55'),(23046,'Les nouveaux plafonds de l\'investissement Scellier','Les nouveaux plafonds de loyers conditionnant la rduction d\'impt Scellier pour les logements acquis  compter du 1er janvier 2011 ont t publis.','fr','2011-04-08 11:59:00','2011-04-08 12:04:51'),(23047,'Quelles perspectives pour le patrimoine des Franais ?','Le BIPE, socit d\'tudes conomiques et de conseil en stratgie, a prsent ses prvisions sur les comportements financiers des Franais en 2011 et 2012.','fr','2011-04-12 14:00:00','2011-05-24 13:17:27'),(23048,'Lutte contre la fraude fiscale au sein de l\'Union europenne','Des mesures facilitant les changes d\'informations en matire fiscale entre les tats membres viennent d\'tre adoptes au niveau communautaire.','fr','2011-04-15 10:00:00','2011-04-15 14:42:49'),(23049,'Ractualisation des barmes des frais kilomtriques 2010','Les barmes kilomtriques pour les frais engags en 2010 viennent d\'tre rvalus.','fr','2011-04-15 13:11:00','2011-04-19 11:48:28'),(23050,'Restitution de droits de succession en cas de survaluation d\'un bien immobilier','La vente d\'un bien immobilier pour un prix infrieur  l\'estimation faite dans la dclaration de succession peut ouvrir droit  une restitution des droits pays en trop.','fr','2011-04-19 12:00:00','2011-04-29 14:54:20'),(23051,'Dpt des dclarations fiscales des entreprises : n\'oubliez pas la date limite du 3 mai 2011 !','Les entreprises doivent souscrire la plupart de leurs dclarations fiscales pour le 3 mai au plus tard.','fr','2011-04-22 10:00:00','2011-04-22 11:20:50'),(23052,'Les taux de la rduction d\'impt Scellier pour 2012 dj annoncs !','Une instruction fiscale fait le point sur les diffrents amnagements apports au dispositif Scellier par la loi de finances pour 2011 et prcise les taux applicables pour 2012.','fr','2011-04-28 09:08:00','2011-05-06 14:38:43'),(23053,'Soutenir la cration d\'entreprise peut vous permettre de rduire votre ISF !','Un dcret dresse la liste des associations de financement et d\'accompagnement de la cration et de la reprise d\'entreprises suceptibles d\'ouvrir droit  une rduction d\'ISF en cas de don  leur profit.','fr','2011-05-03 09:44:00','2011-05-03 12:23:01'),(23054,'Exonration d\'ISF des dirigeants de socits','Pour tre exonr d\'impt sur la fortune (ISF) sur la valeur des actions ou des parts de la socit qu\'il dirige, un contribuable doit intervenir activement dans la gestion de la socit.','fr','2011-05-05 12:00:00','2011-05-05 19:18:33'),(23055,'Investir pour rduire son ISF','Le bnfice de la rduction d\'impt sur la fortune pour souscription au capital d\'une PME est subordonn  une condition d\'effectif salari de la socit concerne.','fr','2011-05-11 10:00:00','2011-05-13 13:58:59'),(23056,'La liste 2011 des tats et territoires non coopratifs est connue !','La liste des tats et territoires non coopratifs (ETNC) ayant une incidence sur la fiscalit applicable  certains flux vient de faire l\'objet de sa mise  jour annuelle pour 2011.','fr','2011-05-12 12:00:00','2011-05-12 12:00:02'),(23057,'Rforme de la fiscalit du patrimoine : les incidences sur votre patrimoine personnel','Le projet de loi de finances rectificative vise principalement  l\'allgement de l\'ISF,  la suppression du bouclier fiscal et au durcissement des droits de mutation  titre gratuit.','fr','2011-05-13 09:04:00','2011-05-24 13:17:46'),(23058,'Rforme de la fiscalit du patrimoine : l\'assouplissement du pacte Dutreil','Le projet de loi prsent au conseil des ministres et visant  rformer la fiscalit du patrimoine prvoit l\'assouplissement du pacte Dutreil.','fr','2011-05-17 12:14:00','2011-05-17 14:35:11'),(23059,'Le nouveau plafond de versement  certaines uvres vient d\'tre publi','Le seuil des versements ouvrant droit  une rduction d\'impt au titre des dons aux uvres verss par les particuliers vient d\'tre ractualis.','fr','2011-05-20 09:35:00','2011-05-20 10:21:45'),(23060,'La date limite de dclaration et de paiement de l\'ISF reporte','Comme l\'avait indiqu le gouvernement lors du conseil des ministres du 11 mai dernier, la date limite de dclaration et de paiement de l\'ISF est reporte au 30 septembre 2011.','fr','2011-05-23 09:12:00','2011-06-22 10:53:40'),(23061,'Donnes bancaires du contribuable : un accs facilit pour l\'administration fiscale','L\'administration fiscale peut dsormais accder plus facilement  certaines donnes bancaires relatives au contribuable.','fr','2011-05-24 14:00:00','2011-06-22 10:55:13'),(23062,'Rforme de la fiscalit du patrimoine : les amnagements concernant les biens professionnels','Le rgime des biens professionnels devrait tre amnag par la loi portant rforme de la fiscalit du patrimoine.','fr','2011-05-26 09:28:00','2011-05-26 16:52:08'),(23063,'Un bien immobilier reu par donation peut-il bnficier du dispositif Scellier ?','Un local commercial reu  titre gratuit puis transform en logement ne peut pas ouvrir droit au dispositif Scellier.','fr','2011-05-31 09:18:00','2011-06-01 16:36:01'),(23064,'Rentes et indemnits perues en rparation de dommages corporels au regard de l\'ISF','Le conjoint survivant peut dsormais porter au passif de sa dclaration d\'ISF une fraction de la valeur capitalise des rentes ou indemnits perues par le dfunt.','fr','2011-06-07 12:08:00','2011-06-10 11:58:26'),(23065,'Un Diagnostic mitig pour le secteur de la sant','Le secteur de la sant n\'a pas particulirement brill en Bourse en 2010, pnalis par la pitre performance de son  poids lourd , Sanofi-Aventis, deuxime capitalisation du CAC 40, dont le titre a recul de 13% l\'anne dernire.','fr','2011-06-10 14:48:00','2011-06-16 10:03:32'),(23066,'Les impts supplmentaires et les pnalits fiscales influent-ils sur le calcul du bouclier fiscal ?','Les impositions supplmentaires et les pnalits rsultant d\'un redressement fiscal ne sont pas  retenir pour la dtermination du droit  restitution au titre du bouclier fiscal.','fr','2011-06-16 09:25:00','2011-06-16 10:06:05'),(23067,'Redressement fiscal : soyez vigilant sur l\'adresse d\'envoi de votre rponse !','S\'il n\'envoie pas ses observations en rponse  une proposition de rectification fiscale  la bonne adresse, un contribuable est cens avoir accept les redressements fiscaux.','fr','2011-06-21 14:00:00','2011-08-02 16:51:31'),(23068,'Imposition spare des poux et contrle fiscal','Les poux spars de biens et ne vivant pas sous le mme toit doivent tre imposs sparment.','fr','2011-07-06 09:26:00','2011-07-08 11:18:42'),(23069,'Contrle fiscal : l\'administration fiscale peut demander vos relevs de comptes !','Dans le cadre d\'un contrle fiscal, l\'administration fiscale peut demander au contribuable de produire les relevs de ses comptes courants d\'associs.','fr','2011-07-07 14:00:00','2011-07-13 14:34:17'),(23070,'Dons dductibles de l\'ISF : le rsultat par rgion publi','Le bilan des dons effectus par les redevables de l\'ISF 2010 vient d\'tre rendu public.','fr','2011-07-07 17:44:00','2011-08-02 16:50:00'),(23071,'Comment sera impos le remboursement des rachats de vos cotisations retraite ?','Le remboursement des rachats de trimestres est un revenu imposable  l\'impt sur le revenu au titre de l\'anne de sa perception.','fr','2011-07-12 14:00:00','2011-07-12 17:36:53'),(23072,'Lutte contre la fraude fiscale: bilan 2010','Le Gouvernement a prsent le bilan 2010 de son action de lutte contre les fraudes, notamment en matire fiscale.','fr','2011-08-09 14:00:00','2011-08-09 15:29:08'),(23073,'Contrle fiscal et documents dposs au greffe','L\'administration fiscale peut fonder un redressement  partir notamment de documents dposs au greffe sans informer le contribuable de l\'origine et de la teneur de ces informations.','fr','2011-08-11 14:00:00','2011-08-11 14:00:03'),(23074,'La rforme de la fiscalit du patrimoine enfin adopte !','Aprs de longs dbats, les parlementaires ont enfin adopt le projet de rforme de la fiscalit du patrimoine.','fr','2011-08-01 11:07:00','2011-08-19 14:00:51'),(23075,'Abattement successoral : l\'administration fiscale durcit le ton','Les petits-enfants qui succdent  leurs grands-parents aprs renonciation de leur pre ou de leur mre, enfant unique, ne bnficient plus dsormais de l\'abattement fiscal applicable  leur parent.','fr','2011-08-04 10:49:00','2011-08-09 10:24:17'),(23076,'BTP-matriaux : la construction  nouveau sur la bonne voie','Les socits du secteur de la construction et du BTP veulent s\'appuyer sur leurs bons rsultats pour sduire les investisseurs malgr les mauvais chiffres macroconomiques outre-atlantique et la raction virulante des marchs financiers.','fr','2011-08-10 14:00:00','2011-08-10 14:00:01'),(23077,'Rforme de la fiscalit du patrimoine : l\'assurance-vie mise  contribution','La rforme de la fiscalit du patrimoine a alourdi la taxation des contrats d\'assurance-vie suprieurs  902838  et modifi les rgles rgissant les clauses bnficiaires ayant fait l\'objet d\'un dmembrement de proprit.','fr','2011-08-19 13:00:00','2011-09-05 10:11:43'),(23078,'SCI : et si vous optiez  l\'impt sur les socits ?','La condition de dlai pour l\'exercice de l\'option  l\'impt sur les socits des socits civiles immobilires vient d\'tre simplifie.','fr','2011-08-25 14:00:00','2011-08-26 13:55:58'),(23079,'Plan d\'austrit du gouvernement : quelles consquences sur votre patrimoine ?','Le gouvernement prvoit notamment une hausse de 1,2 point des prlvements sociaux sur les revenus du patrimoine et la suppression de l\'abattement sur les plus-values immobilires hors rsidence principale.','fr','2011-08-31 14:06:00','2011-09-02 11:25:31'),(23080,'ISF :  vos dclarations !','Les redevables de l\'impt de solidarit sur la fortune (ISF) ont jusqu\'au 30 septembre 2011 pour adresser leur dclaration au service des impts.','fr','2011-09-05 09:57:00','2011-09-09 12:12:09'),(23081,'Assurance-vie dmembre : comment se partager l\'abattement fiscal ?','En prsence de plusieurs nus-propritaires bnficiaires d\'un contrat d\'assurance-vie, chacun d\'entre eux partage un abattement de 152500  avec l\'usufruitier en fonction de leurs droits respectifs.','fr','2012-04-04 14:01:00','2012-04-06 12:00:20'),(23082,'Dduire les intrts d\'un emprunt rengoci de vos revenus fonciers','Les intrts d\'un emprunt rengoci sont dductibles des revenus fonciers ds lors que le nouvel emprunt est immdiatement et intgralement utilis pour rembourser le premier.','fr','2012-04-12 12:28:00','2012-04-13 12:32:29'),(23083,'La rduction d\'impt pour mcnat est largie !','La rduction d\'impt pour mcnat est tendue aux dons effectus par les entreprises au profit d\'organismes agrs dont l\'objet exclusif est de verser des aides financires aux PME.','fr','2012-04-03 14:00:00','2012-04-06 11:52:52'),(23084,'Quelles obligations dclaratives pour les contribuables soumis  l\'exit tax?','Les contribuables soumis  l\'exit tax ont l\'obligation de joindre  leur dclaration de revenus un formulaire comportant un certain nombre de renseignements.','fr','2012-04-17 13:59:00','2012-04-20 14:21:52'),(23085,'Le nouveau mcanisme de plafonnement de la taxe foncire sur les proprits bties','Un plafonnement de la taxe foncire sur les proprits bties, tabli en fonction des revenus du contribuable, est mis en place  compter des revenus de 2011 imposs en 2012.','fr','2012-04-19 12:24:00','2012-04-20 14:19:06'),(23086,'Rforme de la fiscalit du patrimoine','Les changements apports','fr','2011-09-22 15:39:00','2011-09-22 15:45:03'),(23087,'Rforme de la fiscalit du patrimoine','Les changements apports','fr','2011-09-22 15:39:00','2011-09-22 15:45:03'),(23088,'Plan d\'pargne logement','Mon plan d\'pargne logement (PEL) est arriv  terme, mais je n\'ai aucun projet immobilier en vue. C\'est pourquoi je souhaiterais faire bnficier  mon petit-fils des droits  prt issus de ce PEL. Suis-je tenu de lui verser les sommes places sur mon PEL ?','fr','2011-09-20 13:44:00','2011-09-26 10:12:05'),(23089,'Exonration de TVA relative aux livraisons intracommunautaires','J\'ai procd au profit d\'une socit espagnole  des ventes de matriel auxquelles j\'ai appliqu l\'exonration de TVA relative aux livraisons intracommunautaires. Mais l\'administration fiscale a remis en cause cette exonration au motif que ces ventes participaient  une fraude  la TVA, mon client n\'ayant pas d\'activit en rapport avec le matriel livr. Selon elle, j\'aurais pu connatre l\'existence de cette fraude en vrifiant le numro d\'identification  la TVA de mon client, lequel n\'tait pas valide. L\'administration peut-elle me redresser pour ce seul dfaut de vrification ?','fr','2011-09-22 14:46:00','2011-09-26 10:01:42'),(23090,'Dductibilit du rsultat des dpenses de cadeaux d\'affaires','J\'ai offert un week-end touristique  l\'un de mes meilleurs clients. Puis-je dduire cette dpense de mon rsultat imposable ?','fr','2011-09-22 14:50:00','2011-09-26 09:58:59'),(23091,'Gare aux notifications par lettre recommande avec accus de rception !','Lorsque le locataire ne retire pas la lettre recommande avec accus de rception envoye par son propritaire pour mettre fin au bail, le cong est irrgulier.','fr','2011-09-14 14:00:00','2011-09-16 11:48:14'),(23092,'Le diagnostic de performance nergtique subit un nouveau lifting !','Le ministre de l\'cologie et du Dveloppement durable a annonc un certain nombre de mesures destines  amliorer et fiabiliser le diagnostic de performance nergtique (DPE).','fr','2011-09-19 11:41:00','2011-09-23 15:34:04'),(23093,'Comment calculer une plus-value immobilire ?','La vente d\'un bien immobilier obit  des rgles d\'imposition particulires qui ont, par ailleurs, t remodeles par le plan d\'austrit du gouvernement.','fr','2011-09-30 11:45:00','2011-10-03 11:27:48'),(23094,'Dcs d\'un locataire : comment rcuprer le logement ?','La procdure permettant  un bailleur de rcuprer son logement aprs le dcs du locataire a t amliore.','fr','2011-10-18 10:41:00','2011-10-21 12:27:58'),(23095,'Un poux a-t-il pouvoir sur le compte de son conjoint?','Lorsqu\'un poux dtient un compte en son seul nom propre, la banque n\'est tenue d\'excuter que ses ordres et non ceux de son conjoint.','fr','2011-10-21 12:00:00','2011-11-14 14:35:25'),(23096,'Sur qui pse le rglement des frais de diagnostics immobiliers ?','Les frais de diagnostics techniques immobiliers doivent tre supports par le vendeur, les parties pouvant toutefois convenir de les mettre  la charge de l\'acqureur.','fr','2011-10-25 09:32:00','2011-10-25 10:10:37'),(23097,'Projet de loi de finances pour 2012 : les amendements adopts','Dcouvrez les nouvelles mesures votes par les dputs lors de l\'examen de la premire partie de la loi de finances pour 2012.','fr','2011-11-03 14:00:00','2011-12-15 11:29:17'),(23098,'Quels pouvoirs pour le grant d\'une SCI ?','Le grant d\'une socit civile immobilire n\'a pas le pouvoir de vendre un immeuble dtenu par la socit si un tel acte ne figure pas dans l\'objet social.','fr','2011-11-15 11:43:00','2011-11-18 14:28:34'),(23099,'Entre en piste de l\'indice des loyers des activits tertiaires','L\'indice des loyers des activits tertiaires peut dsormais tre utilis pour la rvision du loyer d\'un bail professionnel ou  usage de bureaux.','fr','2012-01-17 12:16:00','2012-01-17 16:49:12'),(23100,'L\'administration vous aide  valuer votre bien immobilier !','Certains contribuables peuvent obtenir de l\'administration fiscale des informations relatives aux transactions immobilires afin d\'valuer plus justement leur bien.','fr','2012-01-23 10:25:00','2012-01-27 14:35:25'),(23101,'Bailleurs : attention  ne pas fixer un loyer trop lev !','Le seuil d\'application de la taxe sur les loyers levs des micro-logements vient d\'tre prcis.','fr','2012-02-01 12:00:00','2012-02-15 10:24:38'),(23102,'Dispositif \"Scellier\" : du changement pour la zone C !','La liste des communes de la zone C ligibles au dispositif \"Scellier\" a t largie alors que le plafond de loyer de cette zone a, quant  lui, t revaloris.','fr','2012-02-09 12:21:00','2012-02-10 14:50:12'),(23103,'valuation des biens dans le cadre d\'une succession','Un terrain devenu inconstructible peut tre tax aux droits de succession pour sa valeur en tant que terrain constructible!','fr','2012-02-14 09:38:00','2012-02-17 15:13:08'),(23104,'Donner en location un logement  l\'un de vos enfants peut tre dangereux !','Des parents donnant en location un de leurs logements  leurs enfants  un loyer anormalement bas doivent dclarer au titre des revenus fonciers un loyer correspondant  la valeur relle du march.','fr','2012-02-16 10:30:00','2012-02-16 12:22:21'),(23105,'Louez une partie de votre rsidence principale sans tre impos : c\'est possible !','Les loyers perus au titre de la location meuble d\'une partie de votre rsidence principale peuvent tre, sous certaines conditions, exonrs d\'impt sur le revenu.','fr','2012-02-29 14:00:00','2012-03-02 12:47:38'),(23106,'Les plafonds de loyers des investissements immobiliers locatifs publis !','Les nouveaux plafonds de loyers conditionnant l\'application des dispositifs d\'investissements locatifs pour les baux conclus ou renouvels  compter du 1er janvier 2012 ont t publis.','fr','2012-03-07 14:00:00','2012-03-09 11:02:44'),(23107,'Dispositif  Scellier  : le plafonnement supplmentaire enfin publi !','Un dcret fixe les plafonds par mtre carr de surface habitable applicables pour le calcul de la rduction d\'impt Scellier.','fr','2012-03-14 10:13:00','2012-03-16 14:07:03'),(23108,'La remise en mains propres gagne ses lettres de noblesse !','On peut dsormais remettre une lettre en mains propres contre margement lorsque la loi impose l\'envoi d\'un recommand.','fr','2012-03-14 14:12:00','2012-03-17 10:26:17'),(23109,'Dpt de garantie : le bailleur doit justifier les sommes dduites','Le bailleur doit justifier les sommes qu\'il dduit du dpt de garantie devant tre restitu au locataire.','fr','2012-03-16 10:56:00','2012-03-16 14:01:55'),(23110,'Rsiliation d\'un bail d\'habitation en justice: il faut prvenir le prfet','Le propritaire doit informer le prfet lorsqu\'il engage une procdure judiciaire de rsiliation d\'un bail d\'habitation.','fr','2012-03-26 14:00:00','2012-03-28 14:41:10'),(23111,'Transaction immobilire : attention au prix drisoire !','La vente d\'un bien immobilier conclue  un prix drisoire doit tre annule.','fr','2011-06-28 09:15:00','2011-06-28 12:00:02'),(23112,'Comment reprendre un logement abandonn par son locataire ?','En cas d\'abandon du logement par le locataire, le bailleur dispose dsormais d\'une procdure lui permettant de rsilier le bail.','fr','2011-09-07 12:35:00','2011-09-09 12:03:43'),(23113,'Dduire les intrts d\'un emprunt rengoci de vos revenus fonciers','Les intrts d\'un emprunt rengoci sont dductibles des revenus fonciers ds lors que le nouvel emprunt est immdiatement et intgralement utilis pour rembourser le premier.','fr','2012-04-12 12:28:00','2012-04-13 12:32:29'),(23114,'Le nouveau mcanisme de plafonnement de la taxe foncire sur les proprits bties','Un plafonnement de la taxe foncire sur les proprits bties, tabli en fonction des revenus du contribuable, est mis en place  compter des revenus de 2011 imposs en 2012.','fr','2012-04-19 12:24:00','2012-04-20 14:19:06'),(23115,'Bail d\'habitation et garantie des loyers impays','Je viens d\'acqurir un studio que j\'ai l\'intention de louer. Mais pour viter d\'avoir  subir des loyers impays, je souhaite cumuler mon assurance loyers impays avec un cautionnement. Mais l\'un de mes amis m\'a averti qu\'il n\'tait plus possible de cumuler ces deux dispositifs.Est-ce vrai ?','fr','2011-09-22 14:55:00','2011-09-26 10:00:24'),(23116,'Le dispositif de rduction d\'ISF pour investissement dans une PME assoupli !','La socit, au sein de laquelle le redevable de l\'ISF investit pour rduire son impt, dispose de plus de temps pour employer des salaris.','fr','2011-09-16 10:00:00','2011-09-16 12:14:18'),(23117,'La hausse du taux du livret A bloque par le ministre de l\'conomie','Le ministre de l\'conomie invoque des  circonstances exceptionnelles  pour maintenir le taux de rmunration du livret A  2,25 %.','fr','2012-01-30 13:53:00','2012-01-31 13:46:08'),(23118,'Secteur de l\'aronautique : les avionneurs survolent la crise','Portes par des carnets de commandes records, les principales socits du secteur de l\'aronautique ont ralis des performances boursires remarques.','fr','2012-03-20 09:51:00','2012-03-20 09:52:42'),(23119,'Le livret A suit le rythme de l\'inflation','La rmunration du livret A est revalorise  compter du 1er aot 2011.','fr','2011-07-26 14:00:00','2011-08-19 14:02:35'),(23120,'Rforme de la fiscalit du patrimoine : l\'assurance-vie mise  contribution','La rforme de la fiscalit du patrimoine a alourdi la taxation des contrats d\'assurance-vie suprieurs  902838  et modifi les rgles rgissant les clauses bnficiaires ayant fait l\'objet d\'un dmembrement de proprit.','fr','2011-08-19 13:00:00','2011-09-05 10:11:43'),(23121,'La rduction d\'impt pour mcnat est largie !','La rduction d\'impt pour mcnat est tendue aux dons effectus par les entreprises au profit d\'organismes agrs dont l\'objet exclusif est de verser des aides financires aux PME.','fr','2012-04-03 14:00:00','2012-04-06 11:52:52'),(23122,'La rue vers les placements or','Comment profiter de l\'envole du cours du mtal jaune ?','fr','2011-09-22 15:21:45','2011-09-22 15:22:43'),(23123,'Le contrat de capitalisation','Comment valoriser votre pargne sans pour autant augmenter votre patrimoine taxable  l\'ISF','fr','2011-09-22 15:29:00','2011-09-22 15:31:39'),(23124,'La rue vers les placements or','Comment profiter de l\'envole du cours du mtal jaune ?','fr','2011-09-22 15:21:45','2011-09-22 15:22:43'),(23125,'Le contrat de capitalisation','Comment valoriser votre pargne sans pour autant augmenter votre patrimoine taxable  l\'ISF','fr','2011-09-22 15:29:00','2011-09-22 15:31:39'),(23126,'La liste 2012 des tats et territoires non coopratifs est connue !','La liste des tats et territoires non coopratifs (ETNC) vient de faire l\'objet de sa mise  jour annuelle pour 2012.','fr','2012-04-23 12:00:00','2012-04-27 09:47:50'),(23127,'Dpt des dclarations fiscales des entreprises : n\'oubliez pas la date limite du 3 mai 2012 !','Les entreprises doivent souscrire la plupart de leurs dclarations fiscales pour le 3 mai 2012 au plus tard.','fr','2012-04-26 10:00:00','2012-04-26 12:37:48'),(23128,'La nouvelle saison de dclaration des revenus a commenc !','Les dates limites pour faire parvenir  l\'administration fiscale sa dclaration d\'impt sur les revenus de 2011 ont t publies.','fr','2012-04-25 12:27:00','2012-04-27 09:43:53'),(23129,'Acquisition immobilire : peut-on revenir sur sa rtractation ?','Une personne se portant acqureur d\'un bien immobilier et qui se rtracte ne peut pas revenir sur sa dcision.','fr','2012-05-03 12:26:00','2012-05-05 15:56:51'),(23130,'Quelles sont les conditions pour qu\'un hritier soit considr comme indigne ?','Les juges peuvent prononcer la sanction d\'indignit successorale contre un hritier qui a commis certains actes rprhensibles  l\'encontre du dfunt.','fr','2012-05-21 13:48:00','2012-05-21 14:00:02'),(23131,'TVA  7 % sur les travaux et attestation du client','Le taux rduit de TVA de 7 % peut s\'appliquer ds le 1er acompte relatif  des travaux mme en l\'absence d\'une attestation du client.','fr','2012-05-07 14:00:00','2012-05-10 15:39:50'),(23132,'Dclaration d\'impt de solidarit sur la fortune : la campagne 2012 a dbut !','L\'administration fiscale a publi les dates limites relatives  la dclaration d\'impt de solidarit sur la fortune 2012.','fr','2012-05-09 12:00:00','2012-05-10 15:38:29'),(23133,'Propritaires-bailleurs : pensez  rgulariser vos charges locatives rapidement','Le comportement du bailleur, qui attend prs de 5 ans pour demander la rgularisation des charges locatives  son locataire, peut tre considr comme fautif.','fr','2012-05-16 11:48:00','2012-05-16 15:59:49'),(23134,'Quelle date d\'application pour le nouveau plafonnement Scellier ?','Une instruction fiscale est venue apporter des prcisions sur l\'application, pour le dispositif Scellier, du nouveau plafond de prix de revient par mtre carr de surface habitable.','fr','2012-05-25 09:00:00','2012-05-25 10:10:21'),(23135,'Quelle date d\'application pour le nouveau plafonnement Scellier ?','Une instruction fiscale est venue apporter des prcisions sur l\'application, pour le dispositif Scellier, du nouveau plafond de prix de revient par mtre carr de surface habitable.','fr','2012-05-25 09:00:00','2012-05-25 10:10:21'),(23136,'TVA sur les travaux : du nouveau pour les amnagements intrieurs et extrieurs','Les conditions d\'ligibilit au taux rduit de TVA de 7 % des travaux de construction de mezzanines, de terrasses et de vrandas sont modifies.','fr','2012-05-24 10:00:00','2012-05-24 10:10:03');
/*!40000 ALTER TABLE `sid_article_translation` ENABLE KEYS */;
UNLOCK TABLES;

--
-- Dumping data for table `sid_bandeau`
--

LOCK TABLES `sid_bandeau` WRITE;
/*!40000 ALTER TABLE `sid_bandeau` DISABLE KEYS */;
INSERT INTO `sid_bandeau` (`id`, `groupe_bandeau_id`, `is_active`, `category`, `scrollamount`, `scrolldelay`, `boucle`, `behavior`, `direction`, `height`, `width`, `position`) VALUES (8,1,1,'perso',2,0,0,'scroll','left',0,0,-1),(10,3,1,'perso',2,0,0,'scroll','left',0,0,-2);
/*!40000 ALTER TABLE `sid_bandeau` ENABLE KEYS */;
UNLOCK TABLES;

--
-- Dumping data for table `sid_bandeau_translation`
--

LOCK TABLES `sid_bandeau_translation` WRITE;
/*!40000 ALTER TABLE `sid_bandeau_translation` DISABLE KEYS */;
INSERT INTO `sid_bandeau_translation` (`id`, `title`, `debut_date`, `fin_date`, `lang`, `version`, `created_at`, `updated_at`) VALUES (8,'bandeau page accueil',NULL,NULL,'fr',2,'2012-01-03 16:40:19','2012-01-11 11:27:42'),(10,'les pages du cabinet',NULL,NULL,'fr',2,'2012-01-03 16:40:19','2012-01-11 11:27:42');
/*!40000 ALTER TABLE `sid_bandeau_translation` ENABLE KEYS */;
UNLOCK TABLES;

--
-- Dumping data for table `sid_bandeau_translation_version`
--

LOCK TABLES `sid_bandeau_translation_version` WRITE;
/*!40000 ALTER TABLE `sid_bandeau_translation_version` DISABLE KEYS */;
INSERT INTO `sid_bandeau_translation_version` (`id`, `lang`, `title`, `debut_date`, `fin_date`, `version`) VALUES (8,'fr','test',NULL,NULL,1),(8,'fr','bandeau page accueil',NULL,NULL,2),(10,'fr','actu cabinet',NULL,NULL,1),(10,'fr','les pages du cabinet',NULL,NULL,2);
/*!40000 ALTER TABLE `sid_bandeau_translation_version` ENABLE KEYS */;
UNLOCK TABLES;

--
-- Dumping data for table `sid_cabinet_equipe`
--

LOCK TABLES `sid_cabinet_equipe` WRITE;
/*!40000 ALTER TABLE `sid_cabinet_equipe` DISABLE KEYS */;
INSERT INTO `sid_cabinet_equipe` (`id`, `image`, `coord_name_id`, `is_active`, `position`) VALUES (1,727,4,1,6),(2,729,2,1,8),(3,728,4,1,10),(4,721,2,1,9),(5,735,4,1,7),(6,722,2,1,5),(7,732,4,1,4),(8,731,3,1,3),(9,719,3,1,2),(10,723,4,1,1);
/*!40000 ALTER TABLE `sid_cabinet_equipe` ENABLE KEYS */;
UNLOCK TABLES;

--
-- Dumping data for table `sid_cabinet_equipe_sid_rubrique`
--

LOCK TABLES `sid_cabinet_equipe_sid_rubrique` WRITE;
/*!40000 ALTER TABLE `sid_cabinet_equipe_sid_rubrique` DISABLE KEYS */;
/*!40000 ALTER TABLE `sid_cabinet_equipe_sid_rubrique` ENABLE KEYS */;
UNLOCK TABLES;

--
-- Dumping data for table `sid_cabinet_equipe_translation`
--

LOCK TABLES `sid_cabinet_equipe_translation` WRITE;
/*!40000 ALTER TABLE `sid_cabinet_equipe_translation` DISABLE KEYS */;
INSERT INTO `sid_cabinet_equipe_translation` (`id`, `title`, `name`, `first_name`, `statut`, `tel`, `fax`, `mobile`, `email`, `text`, `lang`, `version`, `created_at`, `updated_at`) VALUES (1,'Mr','Multimdia','','Service multimdia','05 49 60 20 61','','','lemultimedia@ec-tenor.com','<p>\r\n	Quisque lacinia ullamcorper orci, quis vulputate lectus porta at. Quisque id urna nunc, vehicula semper ipsum. Phasellus euismod adipiscing rutrum. Mauris a aliquam sapien. Nulla laoreet, odio ut vehicula hendrerit, turpis magna aliquet dolor, ac sollicitudin eros orci et turpis. Duis a ligula sapien, id tempus magna.</p>\r\n','fr',4,'2011-08-11 20:32:45','2012-03-14 14:09:20'),(2,'Mr','LaGestion','','Service gestion','01 23 45 67 89','','','lagestion@ec-tenor.com','<p>\r\n	Fusce sed leo leo. Sed vitae neque vel est sodales varius vel vel ante. Curabitur aliquet libero a nibh dignissim ullamcorper. Integer sit amet quam nunc. Duis lorem augue, semper et volutpat sit amet, mollis aliquam erat. Nullam rhoncus eleifend accumsan. Quisque sollicitudin viverra metus, sed pharetra leo faucibus eget.</p>\r\n','fr',4,'2011-08-11 20:32:45','2012-03-14 14:09:54'),(3,'Mr','LeSecrtaire','','Secrtariat','05 49 60 20 63','','','lesecretaire@ec-tenor.com','<p>\r\n	Phasellus eu mauris diam. Sed commodo facilisis tempus. Integer enim justo, vehicula sit amet dignissim quis, tincidunt in sapien. Etiam porttitor dolor in justo laoreet facilisis ullamcorper enim tristique. Nunc sodales imperdiet eros eget tincidunt. Donec eleifend ultrices leo, at aliquam felis blandit nec. Etiam et diam nec est gravida accumsan sit amet eu ipsum.</p>\r\n','fr',5,'2011-08-11 20:32:45','2012-03-14 14:10:22'),(4,'Miss','LaSecrtaire','','Secrtariat','05 49 60 20 61','','','lasecretaire@ec-tenor.com','<p>\r\n	Quisque pretium consectetur urna. Sed sagittis. Praesent pretium ultrices est. In consectetur ante. Sed auctor, ligula nec faucibus egestas, odio nisi tincidunt quam, a sollicitudin libero arcu sed mauris. Curabitur leo erat, dictum sit amet, euismod id, interdum et, ipsum. Aenean tristique est varius metus. Etiam tristique ornare justo. Praesent orci. Sed ut velit quis magna faucibus cursus. Proin tempor magna at purus. Integer odio erat, egestas at, facilisis ut, ullamcorper a, urna. Sed lorem urna, interdum egestas, dapibus in, facilisis ac, orci. Sed neque.</p>\r\n','fr',5,'2011-08-11 20:32:45','2012-03-14 14:10:08'),(5,'Mr','Lejuge','','Service juridique','05 49 60 20 66','','','lejuge@ec-tenor.com','<p>\r\n	Responsable du service juridique du cabinet depuis plus de 10 ans, Monsieur Lejuge a exerc au pralable dans un cabinet spcialis dans les fusions/acquisitions/transmissions aprs lobtention dun Master 1 en droit des socits.</p>\r\n','fr',6,'2011-08-11 20:32:45','2012-05-29 14:17:12'),(6,'Mrs','LeContrleur','','Service fiscal','05 49 60 20 65','','','lecontroleur@ec-tenor.com','<p>\r\n	Madame Lecontrleur dirige le service fiscal du cabinet et notamment toute lintermdiation avec les administrations relatives en France et en Europe. Elle est titulaire dun Master 2 Fiscalit internationale de lUniversit Panthon-Assas.</p>\r\n','fr',6,'2011-08-11 20:32:45','2012-05-29 14:16:51'),(7,'Mrs','Lesocial','','Service social','05 49 60 20 64','','','lesocial@ec-tenor.com','<p>\r\n	Madame Lesocial gre notre service social et paie au sein du cabinet avec une formation universitaire spcialise en droit des contrats (Master 1 Droit du travail, Universit de Rennes) conforte dune longue pratique acquise en entreprise.</p>\r\n','fr',7,'2011-08-11 20:32:45','2012-05-29 14:16:43'),(8,'Mrs','Lexperte','','Expert-Comptable Associ','05 49 60 20 63','','','lexpert@ec-tenor.com','<p>\r\n	Associe, Expert-comptable et Commissaire aux comptes, Madame Lexperte a rejoint le cabinet en 2007 pour prendre en charge les activits Expertise-comptable, Audit, Conseil en matire sociale et fiscale, Assistance juridique et Transmissions dentreprises.</p>\r\n','fr',9,'2011-08-11 20:32:45','2012-05-29 14:16:34'),(9,'Mr','Legrand','','Expert-Comptable Associ','05 49 60 20 61','','','legrand@ec-tenor.com','<p>\r\n	Diplm de l\'Institut du droit des affaires de l\'universit Paris-II, Monsieur Legrand est co-fondateur du cabinet, Expert-comptable et Commissaire aux comptes. Il est en charge des activits Cration dentreprise, Evaluation, Consolidation, Systmes dinformation, Outsourcing et Formation.</p>\r\n','fr',7,'2011-08-11 20:32:45','2012-05-29 14:16:25'),(10,'Mr','Lefort','','Fondateur','01 23 45 67 89','','','lefort@ec-tenor.com','<p>\r\n	Monsieur Lefort a fond le cabinet avec M.Legrand, aprs une formation en science de gestion, lobtention du DSCG et DEC et plusieurs expriences dans les plus grands cabinets et rseaux. Vrai gnraliste de lexpertise comptable, il manage nos diffrents collaborateurs spcialiss sur Paris.</p>\r\n','fr',7,'2011-08-11 20:32:45','2012-05-29 14:16:14');
/*!40000 ALTER TABLE `sid_cabinet_equipe_translation` ENABLE KEYS */;
UNLOCK TABLES;

--
-- Dumping data for table `sid_cabinet_equipe_translation_version`
--

LOCK TABLES `sid_cabinet_equipe_translation_version` WRITE;
/*!40000 ALTER TABLE `sid_cabinet_equipe_translation_version` DISABLE KEYS */;
INSERT INTO `sid_cabinet_equipe_translation_version` (`id`, `lang`, `title`, `name`, `first_name`, `statut`, `tel`, `fax`, `mobile`, `email`, `text`, `version`) VALUES (1,'fr','Monsieur L','','','Expert-Comptable Associ','05 49 60 20 61','','','legrand@lesiteducabinetconcerto.com','<p>\r\n	Dipl&ocirc;m&eacute; de l&#39;Institut du droit des affaires de l&#39;universit&eacute; Paris-II, Monsieur Legrand est co-fondateur du cabinet, Expert-comptable et Commissaire aux comptes. Il est en charge des activit&eacute;s Cr&eacute;ation d&rsquo;entreprise, Evaluation, Consolidation, Syst&egrave;mes d&rsquo;information, Outsourcing et Formation.</p>\r\n',1),(1,'fr','Monsieur M','','','Service multimdia','05 49 60 20 61','','','lemultimedia@ec-tenor.com','<p>\r\n	&nbsp;Quisque lacinia ullamcorper orci, quis vulputate lectus porta at. Quisque id urna nunc, vehicula semper ipsum. Phasellus euismod adipiscing rutrum. Mauris a aliquam sapien. Nulla laoreet, odio ut vehicula hendrerit, turpis magna aliquet dolor, ac sollicitudin eros orci et turpis. Duis a ligula sapien, id tempus magna.</p>\r\n',2),(1,'fr','Monsieur M','','','Service multimdia','05 49 60 20 61','','','lemultimedia@ec-tenor.com','<p>\r\n	Quisque lacinia ullamcorper orci, quis vulputate lectus porta at. Quisque id urna nunc, vehicula semper ipsum. Phasellus euismod adipiscing rutrum. Mauris a aliquam sapien. Nulla laoreet, odio ut vehicula hendrerit, turpis magna aliquet dolor, ac sollicitudin eros orci et turpis. Duis a ligula sapien, id tempus magna.</p>\r\n',3),(1,'fr','Mr','Multimdia','','Service multimdia','05 49 60 20 61','','','lemultimedia@ec-tenor.com','<p>\r\n	Quisque lacinia ullamcorper orci, quis vulputate lectus porta at. Quisque id urna nunc, vehicula semper ipsum. Phasellus euismod adipiscing rutrum. Mauris a aliquam sapien. Nulla laoreet, odio ut vehicula hendrerit, turpis magna aliquet dolor, ac sollicitudin eros orci et turpis. Duis a ligula sapien, id tempus magna.</p>\r\n',4),(2,'fr','Monsieur L','','','Expert-Comptable Associ','01 23 45 67 89','','','lefort@lesiteducabinetconcerto.com','<p>\r\n	Monsieur Lefort a fond&eacute; le cabinet avec M.Legrand, apr&egrave;s une formation en science de gestion, l&rsquo;obtention du DSCG et DEC et plusieurs exp&eacute;riences dans les plus grands cabinets et r&eacute;seaux. Vrai g&eacute;n&eacute;raliste de l&rsquo;expertise comptable, il manage nos diff&eacute;rents collaborateurs sp&eacute;cialis&eacute;s sur Paris.</p>\r\n',1),(2,'fr','Monsieur L','','','Service gestion','01 23 45 67 89','','','lagestion@ec-tenor.com','<p>\r\n	&nbsp;Fusce sed leo leo. Sed vitae neque vel est sodales varius vel vel ante. Curabitur aliquet libero a nibh dignissim ullamcorper. Integer sit amet quam nunc. Duis lorem augue, semper et volutpat sit amet, mollis aliquam erat. Nullam rhoncus eleifend accumsan. Quisque sollicitudin viverra metus, sed pharetra leo faucibus eget.</p>\r\n',2),(2,'fr','Monsieur L','','','Service gestion','01 23 45 67 89','','','lagestion@ec-tenor.com','<p>\r\n	Fusce sed leo leo. Sed vitae neque vel est sodales varius vel vel ante. Curabitur aliquet libero a nibh dignissim ullamcorper. Integer sit amet quam nunc. Duis lorem augue, semper et volutpat sit amet, mollis aliquam erat. Nullam rhoncus eleifend accumsan. Quisque sollicitudin viverra metus, sed pharetra leo faucibus eget.</p>\r\n',3),(2,'fr','Mr','LaGestion','','Service gestion','01 23 45 67 89','','','lagestion@ec-tenor.com','<p>\r\n	Fusce sed leo leo. Sed vitae neque vel est sodales varius vel vel ante. Curabitur aliquet libero a nibh dignissim ullamcorper. Integer sit amet quam nunc. Duis lorem augue, semper et volutpat sit amet, mollis aliquam erat. Nullam rhoncus eleifend accumsan. Quisque sollicitudin viverra metus, sed pharetra leo faucibus eget.</p>\r\n',4),(3,'fr','Madame Lex','','','Expert-Comptable','05 49 60 20 63','','','lexpert@lesiteducabinetconcerto.com','<p>\r\n	Associ&eacute;e, Expert-comptable et Commissaire aux comptes, Madame Lexperte a rejoint le cabinet en 2007 pour prendre en charge les activit&eacute;s Expertise-comptable, Audit, Conseil en mati&egrave;re sociale et fiscale, Assistance juridique et Transmissions d&rsquo;entreprises.</p>\r\n',1),(3,'fr','Monsieur L','','','Secrtariat','05 49 60 20 63','','','lesecretaire@ec-tenor.com','<p>\r\n	Associ&eacute;e, Expert-comptable et Commissaire aux comptes, Madame Lexperte a rejoint le cabinet en 2007 pour prendre en charge les activit&eacute;s Expertise-comptable, Audit, Conseil en mati&egrave;re sociale et fiscale, Assistance juridique et Transmissions d&rsquo;entreprises.</p>\r\n',2),(3,'fr','Monsieur L','','','Secrtariat','05 49 60 20 63','','','lesecretaire@ec-tenor.com','<p>\r\n	&nbsp;Phasellus eu mauris diam. Sed commodo facilisis tempus. Integer enim justo, vehicula sit amet dignissim quis, tincidunt in sapien. Etiam porttitor dolor in justo laoreet facilisis ullamcorper enim tristique. Nunc sodales imperdiet eros eget tincidunt. Donec eleifend ultrices leo, at aliquam felis blandit nec. Etiam et diam nec est gravida accumsan sit amet eu ipsum.</p>\r\n',3),(3,'fr','Monsieur L','','','Secrtariat','05 49 60 20 63','','','lesecretaire@ec-tenor.com','<p>\r\n	Phasellus eu mauris diam. Sed commodo facilisis tempus. Integer enim justo, vehicula sit amet dignissim quis, tincidunt in sapien. Etiam porttitor dolor in justo laoreet facilisis ullamcorper enim tristique. Nunc sodales imperdiet eros eget tincidunt. Donec eleifend ultrices leo, at aliquam felis blandit nec. Etiam et diam nec est gravida accumsan sit amet eu ipsum.</p>\r\n',4),(3,'fr','Mr','LeSecrtaire','','Secrtariat','05 49 60 20 63','','','lesecretaire@ec-tenor.com','<p>\r\n	Phasellus eu mauris diam. Sed commodo facilisis tempus. Integer enim justo, vehicula sit amet dignissim quis, tincidunt in sapien. Etiam porttitor dolor in justo laoreet facilisis ullamcorper enim tristique. Nunc sodales imperdiet eros eget tincidunt. Donec eleifend ultrices leo, at aliquam felis blandit nec. Etiam et diam nec est gravida accumsan sit amet eu ipsum.</p>\r\n',5),(4,'fr','tur, quam ','','','tum sodales. Morbi velit massa, dapibus',NULL,'semper varius. Integer nec risus. Vivamus sc','placerat at, ultricies bibendum, mattis a, dolor. Aliquam bibendum mi eu mi. Donec varius dui','dc3rwsi081c0qshg@localhost.com','Quisque pretium consectetur urna. Sed sagittis. Praesent pretium ultrices est. In consectetur ante. Sed auctor, ligula nec faucibus egestas, odio nisi tincidunt quam, a sollicitudin libero arcu sed mauris. Curabitur leo erat, dictum sit amet, euismod id, interdum et, ipsum. Aenean tristique est varius metus. Etiam tristique ornare justo. Praesent orci. Sed ut velit quis magna faucibus cursus. Proin tempor magna at purus. Integer odio erat, egestas at, facilisis ut, ullamcorper a, urna. Sed lorem urna, interdum egestas, dapibus in, facilisis ac, orci. Sed neque.\n',1),(4,'fr','tur, quam ','','','tum sodales. Morbi velit massa, dapibus','','semper varius. Integer nec risus. Vivamus sc','placerat at, ultricies bibendum, mattis a, dolor. Aliquam bibendum mi eu mi. Donec varius dui','dc3rwsi081c0qshg@localhost.com','<p>\r\n	Quisque pretium consectetur urna. Sed sagittis. Praesent pretium ultrices est. In consectetur ante. Sed auctor, ligula nec faucibus egestas, odio nisi tincidunt quam, a sollicitudin libero arcu sed mauris. Curabitur leo erat, dictum sit amet, euismod id, interdum et, ipsum. Aenean tristique est varius metus. Etiam tristique ornare justo. Praesent orci. Sed ut velit quis magna faucibus cursus. Proin tempor magna at purus. Integer odio erat, egestas at, facilisis ut, ullamcorper a, urna. Sed lorem urna, interdum egestas, dapibus in, facilisis ac, orci. Sed neque.</p>\r\n',2),(4,'fr','Mademoisel','','','','05 49 60 20 61','','','lasecretaire@ec-tenor.com','<p>\r\n	Quisque pretium consectetur urna. Sed sagittis. Praesent pretium ultrices est. In consectetur ante. Sed auctor, ligula nec faucibus egestas, odio nisi tincidunt quam, a sollicitudin libero arcu sed mauris. Curabitur leo erat, dictum sit amet, euismod id, interdum et, ipsum. Aenean tristique est varius metus. Etiam tristique ornare justo. Praesent orci. Sed ut velit quis magna faucibus cursus. Proin tempor magna at purus. Integer odio erat, egestas at, facilisis ut, ullamcorper a, urna. Sed lorem urna, interdum egestas, dapibus in, facilisis ac, orci. Sed neque.</p>\r\n',3),(4,'fr','Mademoisel','','','Secrtariat','05 49 60 20 61','','','lasecretaire@ec-tenor.com','<p>\r\n	Quisque pretium consectetur urna. Sed sagittis. Praesent pretium ultrices est. In consectetur ante. Sed auctor, ligula nec faucibus egestas, odio nisi tincidunt quam, a sollicitudin libero arcu sed mauris. Curabitur leo erat, dictum sit amet, euismod id, interdum et, ipsum. Aenean tristique est varius metus. Etiam tristique ornare justo. Praesent orci. Sed ut velit quis magna faucibus cursus. Proin tempor magna at purus. Integer odio erat, egestas at, facilisis ut, ullamcorper a, urna. Sed lorem urna, interdum egestas, dapibus in, facilisis ac, orci. Sed neque.</p>\r\n',4),(4,'fr','Miss','LaSecrtaire','','Secrtariat','05 49 60 20 61','','','lasecretaire@ec-tenor.com','<p>\r\n	Quisque pretium consectetur urna. Sed sagittis. Praesent pretium ultrices est. In consectetur ante. Sed auctor, ligula nec faucibus egestas, odio nisi tincidunt quam, a sollicitudin libero arcu sed mauris. Curabitur leo erat, dictum sit amet, euismod id, interdum et, ipsum. Aenean tristique est varius metus. Etiam tristique ornare justo. Praesent orci. Sed ut velit quis magna faucibus cursus. Proin tempor magna at purus. Integer odio erat, egestas at, facilisis ut, ullamcorper a, urna. Sed lorem urna, interdum egestas, dapibus in, facilisis ac, orci. Sed neque.</p>\r\n',5),(5,'fr','ere cubili','','','. Vivamus libero sem, cursus vel, pharetra no','psum sit amet quam. Maece','a mollis, metus lacus consequat est, et suscipit massa orci sit amet diam. Curabitur','mus eleifend gravida elit. Etiam dolor. Duis rutrum. Donec varius aliquam enim. Phasellus tr','l7plvfcspss5@localhost.com','Suspendisse nec massa. Morbi scelerisque porttitor est. Morbi at dui sed elit convallis porta. Donec porttitor. Cras eu neque. Nunc consequat consectetur neque. Cras luctus bibendum velit. Vivamus pellentesque laoreet eros. Aliquam non augue. Suspendisse elementum gravida enim. Integer risus neque, interdum facilisis, pulvinar id, dictum consequat, massa. Cras at ante ac sapien viverra vestibulum. Mauris volutpat ipsum sit amet quam. Maecenas quam. Nam in nulla. Donec lacinia, lorem in pellentesque facilisis, nibh erat commodo ante, vel convallis dolor nisi quis dolor. Sed id nisl ac erat adipiscing pharetra. Curabitur sit amet lorem.\n',1),(5,'fr','Monsieur L','','','Service juridique','05 49 60 20 66','','','lejuge@lesiteducabinetconcerto.com','<p>\r\n	&nbsp;Responsable du service juridique du cabinet depuis plus de 10 ans, Monsieur Lejuge a exerc&eacute; au pr&eacute;alable dans un cabinet sp&eacute;cialis&eacute; dans les fusions/acquisitions/transmissions apr&egrave;s l&rsquo;obtention d&rsquo;un Master 1 en droit des soci&eacute;t&eacute;s.</p>',2),(5,'fr','Monsieur L','','','Service juridique','05 49 60 20 66','','','lejuge@ec-tenor.com','<p>\r\n	&nbsp;Responsable du service juridique du cabinet depuis plus de 10 ans, Monsieur Lejuge a exerc&eacute; au pr&eacute;alable dans un cabinet sp&eacute;cialis&eacute; dans les fusions/acquisitions/transmissions apr&egrave;s l&rsquo;obtention d&rsquo;un Master 1 en droit des soci&eacute;t&eacute;s.</p>\r\n',3),(5,'fr','Monsieur L','','','Service juridique','05 49 60 20 66','','','lejuge@ec-tenor.com','<p>\r\n	Responsable du service juridique du cabinet depuis plus de 10 ans, Monsieur Lejuge a exerc&eacute; au pr&eacute;alable dans un cabinet sp&eacute;cialis&eacute; dans les fusions/acquisitions/transmissions apr&egrave;s l&rsquo;obtention d&rsquo;un Master 1 en droit des soci&eacute;t&eacute;s.</p>\r\n',4),(5,'fr','Mr','Lejuge','','Service juridique','05 49 60 20 66','','','lejuge@ec-tenor.com','<p>\r\n	Responsable du service juridique du cabinet depuis plus de 10 ans, Monsieur Lejuge a exerc&eacute; au pr&eacute;alable dans un cabinet sp&eacute;cialis&eacute; dans les fusions/acquisitions/transmissions apr&egrave;s l&rsquo;obtention d&rsquo;un Master 1 en droit des soci&eacute;t&eacute;s.</p>\r\n',5),(5,'fr','Mr','Lejuge','','Service juridique','05 49 60 20 66','','','lejuge@ec-tenor.com','<p>\r\n	Responsable du service juridique du cabinet depuis plus de 10 ans, Monsieur Lejuge a exerc au pralable dans un cabinet spcialis dans les fusions/acquisitions/transmissions aprs lobtention dun Master 1 en droit des socits.</p>\r\n',6),(6,'fr','et ante. I','','','h sed fermentum accu','ittis magna sed nisi. Suspendisse condimen',NULL,'Curabitur iaculis. Sed augue. Sed sagittis nisl nec lacus. Nulla eget enim',NULL,'Etiam lorem nunc, tristique vel, gravida non, feugiat quis, elit. Pellentesque quis turpis non erat dapibus congue. Aliquam scelerisque nisl sit amet nunc. Suspendisse tellus nisl, tincidunt eu, pharetra in, ornare vitae, nunc. Maecenas at ligula. Sed porttitor, dolor nec porta elementum, nisl purus sollicitudin est, in sodales sem pede fringilla ante. In pharetra justo vitae velit. Donec euismod, ligula sit amet lobortis fermentum, orci est rutrum arcu, eget euismod enim diam vel lacus. Vestibulum ante ipsum primis in faucibus orci luctus et ultrices posuere cubilia Curae; Duis feugiat posuere ipsum. Aliquam risus erat, aliquam id, lobortis in, facilisis at, odio. Ut ac massa at dui suscipit posuere. Vivamus convallis imperdiet metus. Nunc sit amet felis. Proin pharetra, diam et euismod commodo, nunc orci congue enim, vitae pulvinar metus quam ut tellus.\n',1),(6,'fr','Madame LeC','','','Service fiscal','05 49 60 20 65','','','lecontroleur@lesiteducabinetconcerto.com','<p>\r\n	&nbsp;Madame Lecontr&ocirc;leur dirige le service fiscal du cabinet et notamment toute l&rsquo;interm&eacute;diation avec les administrations relatives en France et en Europe. Elle est titulaire d&rsquo;un Master 2 Fiscalit&eacute; internationale de l&rsquo;Universit&eacute; Panth&eacute;on-Assas.</p>',2),(6,'fr','Madame LeC','','','Service fiscal','05 49 60 20 65','','','lecontroleur@ec-tenor.com','<p>\r\n	&nbsp;Madame Lecontr&ocirc;leur dirige le service fiscal du cabinet et notamment toute l&rsquo;interm&eacute;diation avec les administrations relatives en France et en Europe. Elle est titulaire d&rsquo;un Master 2 Fiscalit&eacute; internationale de l&rsquo;Universit&eacute; Panth&eacute;on-Assas.</p>\r\n',3),(6,'fr','Madame LeC','','','Service fiscal','05 49 60 20 65','','','lecontroleur@ec-tenor.com','<p>\r\n	Madame Lecontr&ocirc;leur dirige le service fiscal du cabinet et notamment toute l&rsquo;interm&eacute;diation avec les administrations relatives en France et en Europe. Elle est titulaire d&rsquo;un Master 2 Fiscalit&eacute; internationale de l&rsquo;Universit&eacute; Panth&eacute;on-Assas.</p>\r\n',4),(6,'fr','Mrs','LeContrleur','','Service fiscal','05 49 60 20 65','','','lecontroleur@ec-tenor.com','<p>\r\n	Madame Lecontr&ocirc;leur dirige le service fiscal du cabinet et notamment toute l&rsquo;interm&eacute;diation avec les administrations relatives en France et en Europe. Elle est titulaire d&rsquo;un Master 2 Fiscalit&eacute; internationale de l&rsquo;Universit&eacute; Panth&eacute;on-Assas.</p>\r\n',5),(6,'fr','Mrs','LeContrleur','','Service fiscal','05 49 60 20 65','','','lecontroleur@ec-tenor.com','<p>\r\n	Madame Lecontrleur dirige le service fiscal du cabinet et notamment toute lintermdiation avec les administrations relatives en France et en Europe. Elle est titulaire dun Master 2 Fiscalit internationale de lUniversit Panthon-Assas.</p>\r\n',6),(7,'fr','imentum se','','','tis, fringilla at, luctus a, lacus. Nam enim mi, pellentesque et, consequat ut, feugiat ut, nibh. Vivamus eleifend gravida elit','. Fusce ut tellus id lacus sagittis pellentesque. Nam orc','es posuere cubilia Curae; Etiam et nulla convallis risus adipiscing co','de urna, convallis nec, porta in, lobortis vel, massa. Maur','nbgho0uzbc1m6@localhost.com',NULL,1),(7,'fr','Madame Les','','','Service social','05 49 60 20 64','','','lesocial@lesiteducabinetconcerto.com','',2),(7,'fr','Madame Les','','','Service social','05 49 60 20 64','','','lesocial@lesiteducabinetconcerto.com','<p>\r\n	&nbsp;Madame Lesocial g&egrave;re notre service social et paie au sein du cabinet avec une formation universitaire sp&eacute;cialis&eacute;e en droit des contrats (Master 1 Droit du travail, Universit&eacute; de Rennes) confort&eacute;e d&rsquo;une longue pratique acquise en entreprise.</p>\r\n',3),(7,'fr','Madame Les','','','Service social','05 49 60 20 64','','','lesocial@ec-tenor.com','<p>\r\n	&nbsp;Madame Lesocial g&egrave;re notre service social et paie au sein du cabinet avec une formation universitaire sp&eacute;cialis&eacute;e en droit des contrats (Master 1 Droit du travail, Universit&eacute; de Rennes) confort&eacute;e d&rsquo;une longue pratique acquise en entreprise.</p>\r\n',4),(7,'fr','Madame Les','','','Service social','05 49 60 20 64','','','lesocial@ec-tenor.com','<p>\r\n	Madame Lesocial g&egrave;re notre service social et paie au sein du cabinet avec une formation universitaire sp&eacute;cialis&eacute;e en droit des contrats (Master 1 Droit du travail, Universit&eacute; de Rennes) confort&eacute;e d&rsquo;une longue pratique acquise en entreprise.</p>\r\n',5),(7,'fr','Mrs','Lesocial','','Service social','05 49 60 20 64','','','lesocial@ec-tenor.com','<p>\r\n	Madame Lesocial g&egrave;re notre service social et paie au sein du cabinet avec une formation universitaire sp&eacute;cialis&eacute;e en droit des contrats (Master 1 Droit du travail, Universit&eacute; de Rennes) confort&eacute;e d&rsquo;une longue pratique acquise en entreprise.</p>\r\n',6),(7,'fr','Mrs','Lesocial','','Service social','05 49 60 20 64','','','lesocial@ec-tenor.com','<p>\r\n	Madame Lesocial gre notre service social et paie au sein du cabinet avec une formation universitaire spcialise en droit des contrats (Master 1 Droit du travail, Universit de Rennes) conforte dune longue pratique acquise en entreprise.</p>\r\n',7),(8,'fr','cubilia Cu','','','la facilisi. Donec nec nisl eget sapien tincidunt viverra. Nulla ultricies lectus sit amet tortor. Praesent arcu. Lorem ip',NULL,'non sapien interdum viverra. Praesent convallis lobortis',NULL,'p1trs6oz83vhzovhsx7@localhost.com',NULL,1),(8,'fr','Madame Lex','','','Expert-Comptable Associ','05 49 60 20 63','','','lexpert@lesiteducabinetconcerto.com','<p>\r\n	&nbsp;Associ&eacute;e, Expert-comptable et Commissaire aux comptes, Madame Lexperte a rejoint le cabinet en 2007 pour prendre en charge les activit&eacute;s Expertise-comptable, Audit, Conseil en mati&egrave;re sociale et fiscale, Assistance juridique et Transmissions d&rsquo;entreprises.</p>',2),(8,'fr','Madame Lex','','','Expert-Comptable Associ','05 49 60 20 63','','','lexpert@lesiteducabinetconcerto.com','<p>\r\n	&nbsp;Associ&eacute;e, Expert-comptable et Commissaire aux comptes, Madame Lexperte a rejoint le cabinet en 2007 pour prendre en charge les activit&eacute;s Expertise-comptable, Audit, Conseil en mati&egrave;re sociale et fiscale, Assistance juridique et Transmissions d&rsquo;entreprises.</p>\r\n',3),(8,'fr','Madame Lex','','','Expert-Comptable Associ','05 49 60 20 63','','','lexpert@ec-tenor.com','<p>\r\n	&nbsp;Associ&eacute;e, Expert-comptable et Commissaire aux comptes, Madame Lexperte a rejoint le cabinet en 2007 pour prendre en charge les activit&eacute;s Expertise-comptable, Audit, Conseil en mati&egrave;re sociale et fiscale, Assistance juridique et Transmissions d&rsquo;entreprises.</p>\r\n',4),(8,'fr','Madame Lex','','','Expert-Comptable Associ','05 49 60 20 63','','','lexpert@ec-tenor.com','<p>\r\n	Associ&eacute;e, Expert-comptable et Commissaire aux comptes, Madame Lexperte a rejoint le cabinet en 2007 pour prendre en charge les activit&eacute;s Expertise-comptable, Audit, Conseil en mati&egrave;re sociale et fiscale, Assistance juridique et Transmissions d&rsquo;entreprises.</p>\r\n',5),(8,'fr','Madame Lex','','','Expert-Comptable Associ','05 49 60 20 63','','','','<p>\r\n	Associ&eacute;e, Expert-comptable et Commissaire aux comptes, Madame Lexperte a rejoint le cabinet en 2007 pour prendre en charge les activit&eacute;s Expertise-comptable, Audit, Conseil en mati&egrave;re sociale et fiscale, Assistance juridique et Transmissions d&rsquo;entreprises.</p>\r\n',6),(8,'fr','Madame Lex','','','Expert-Comptable Associ','05 49 60 20 63','','','lexpert@ec-tenor.com','<p>\r\n	Associ&eacute;e, Expert-comptable et Commissaire aux comptes, Madame Lexperte a rejoint le cabinet en 2007 pour prendre en charge les activit&eacute;s Expertise-comptable, Audit, Conseil en mati&egrave;re sociale et fiscale, Assistance juridique et Transmissions d&rsquo;entreprises.</p>\r\n',7),(8,'fr','Mrs','Lexperte','','Expert-Comptable Associ','05 49 60 20 63','','','lexpert@ec-tenor.com','<p>\r\n	Associ&eacute;e, Expert-comptable et Commissaire aux comptes, Madame Lexperte a rejoint le cabinet en 2007 pour prendre en charge les activit&eacute;s Expertise-comptable, Audit, Conseil en mati&egrave;re sociale et fiscale, Assistance juridique et Transmissions d&rsquo;entreprises.</p>\r\n',8),(8,'fr','Mrs','Lexperte','','Expert-Comptable Associ','05 49 60 20 63','','','lexpert@ec-tenor.com','<p>\r\n	Associe, Expert-comptable et Commissaire aux comptes, Madame Lexperte a rejoint le cabinet en 2007 pour prendre en charge les activits Expertise-comptable, Audit, Conseil en matire sociale et fiscale, Assistance juridique et Transmissions dentreprises.</p>\r\n',9),(9,'fr','stibulum t','','','onec vel diam. Etiam vulputate posuere leo. Donec ut ligula quis neque iaculis interdum. Vestibul','pretium consectetur urna. Sed sagittis. Praesent pretium ultrices est. In','t. Nam auctor, orci nec gravida mollis, metus lacus consequat est, et suscipit massa o','assa. Morbi lobortis. Nunc ultricies mollis libero. Class aptent taciti sociosqu ad litora torquent per co','ce9j@localhost.com','Proin at nunc. Integer ligula purus, sodales eget, accumsan pretium, consequat eu, lacus. Curabitur bibendum. Proin dictum molestie magna. Etiam lacinia. Aenean elementum. Morbi vitae ante ut dolor lacinia suscipit. Donec vel diam. Etiam vulputate posuere leo. Donec ut ligula quis neque iaculis interdum. Vestibulum lacus. Duis hendrerit erat vulputate velit. Maecenas leo.\n',1),(9,'fr','Monsieur L','','','Expert-Comptable Associ','05 49 60 20 61','','','legrand@lesiteducabinetconcerto.com','<p>\r\n	&nbsp;Dipl&ocirc;m&eacute; de l&#39;Institut du droit des affaires de l&#39;universit&eacute; Paris-II, Monsieur Legrand est co-fondateur du cabinet, Expert-comptable et Commissaire aux comptes. Il est en charge des activit&eacute;s Cr&eacute;ation d&rsquo;entreprise, Evaluation, Consolidation, Syst&egrave;mes d&rsquo;information, Outsourcing et Formation.</p>',2),(9,'fr','Monsieur L','','','Expert-Comptable Associ','05 49 60 20 61','','','legrand@lesiteducabinetconcerto.com','<p>\r\n	&nbsp;Dipl&ocirc;m&eacute; de l&#39;Institut du droit des affaires de l&#39;universit&eacute; Paris-II, Monsieur Legrand est co-fondateur du cabinet, Expert-comptable et Commissaire aux comptes. Il est en charge des activit&eacute;s Cr&eacute;ation d&rsquo;entreprise, Evaluation, Consolidation, Syst&egrave;mes d&rsquo;information, Outsourcing et Formation.</p>\r\n',3),(9,'fr','Monsieur L','','','Expert-Comptable Associ','05 49 60 20 61','','','legrand@ec-tenor.com','<p>\r\n	&nbsp;Dipl&ocirc;m&eacute; de l&#39;Institut du droit des affaires de l&#39;universit&eacute; Paris-II, Monsieur Legrand est co-fondateur du cabinet, Expert-comptable et Commissaire aux comptes. Il est en charge des activit&eacute;s Cr&eacute;ation d&rsquo;entreprise, Evaluation, Consolidation, Syst&egrave;mes d&rsquo;information, Outsourcing et Formation.</p>\r\n',4),(9,'fr','Monsieur L','','','Expert-Comptable Associ','05 49 60 20 61','','','legrand@ec-tenor.com','<p>\r\n	Dipl&ocirc;m&eacute; de l&#39;Institut du droit des affaires de l&#39;universit&eacute; Paris-II, Monsieur Legrand est co-fondateur du cabinet, Expert-comptable et Commissaire aux comptes. Il est en charge des activit&eacute;s Cr&eacute;ation d&rsquo;entreprise, Evaluation, Consolidation, Syst&egrave;mes d&rsquo;information, Outsourcing et Formation.</p>\r\n',5),(9,'fr','Mr','Legrand','','Expert-Comptable Associ','05 49 60 20 61','','','legrand@ec-tenor.com','<p>\r\n	Dipl&ocirc;m&eacute; de l&#39;Institut du droit des affaires de l&#39;universit&eacute; Paris-II, Monsieur Legrand est co-fondateur du cabinet, Expert-comptable et Commissaire aux comptes. Il est en charge des activit&eacute;s Cr&eacute;ation d&rsquo;entreprise, Evaluation, Consolidation, Syst&egrave;mes d&rsquo;information, Outsourcing et Formation.</p>\r\n',6),(9,'fr','Mr','Legrand','','Expert-Comptable Associ','05 49 60 20 61','','','legrand@ec-tenor.com','<p>\r\n	Diplm de l\'Institut du droit des affaires de l\'universit Paris-II, Monsieur Legrand est co-fondateur du cabinet, Expert-comptable et Commissaire aux comptes. Il est en charge des activits Cration dentreprise, Evaluation, Consolidation, Systmes dinformation, Outsourcing et Formation.</p>\r\n',7),(10,'fr','udin libe','','','purus',NULL,'dum, molestie sed, justo. Vestibulum quam eros, malesuada condimentu',NULL,'9lzymk15qdrnovy4zapctpie4qgm@localhost.com','Donec ullamcorper lacus dapibus arcu. Donec porta pulvinar neque. Nam in augue. In et ante. In consequat. Nam viverra, dolor non sollicitudin tincidunt, sem nisi accumsan massa, ut varius magna ipsum nec sapien. Maecenas luctus pharetra sapien. Proin semper magna vel erat sagittis fermentum. Nullam vulputate semper velit. Pellentesque nulla justo, porta sit amet, tempus hendrerit, vehicula at, arcu. Morbi neque odio, mollis nec, lacinia in, elementum non, nisl. Proin ultrices interdum risus. Duis nec augue. In porttitor. Curabitur ut tellus id orci rutrum venenatis. Nullam venenatis justo et lorem. Vestibulum ante ipsum primis in faucibus orci luctus et ultrices posuere cubilia Curae; Donec justo enim, ullamcorper nec, ultricies quis, pellentesque convallis, elit. Vestibulum dignissim ultricies nisl.\n',1),(10,'fr','Monsieur L','','','Fondateur','01 23 45 67 89','','','lefort@lesiteducabinetconcerto.com','<p>\r\n	&nbsp;Monsieur Lefort a fond&eacute; le cabinet avec M.Legrand, apr&egrave;s une formation en science de gestion, l&rsquo;obtention du DSCG et DEC et plusieurs exp&eacute;riences dans les plus grands cabinets et r&eacute;seaux. Vrai g&eacute;n&eacute;raliste de l&rsquo;expertise comptable, il manage nos diff&eacute;rents collaborateurs sp&eacute;cialis&eacute;s sur Paris.</p>',2),(10,'fr','Monsieur L','','','Fondateur','01 23 45 67 89','','','lefort@lesiteducabinetconcerto.com','<p>\r\n	&nbsp;Monsieur Lefort a fond&eacute; le cabinet avec M.Legrand, apr&egrave;s une formation en science de gestion, l&rsquo;obtention du DSCG et DEC et plusieurs exp&eacute;riences dans les plus grands cabinets et r&eacute;seaux. Vrai g&eacute;n&eacute;raliste de l&rsquo;expertise comptable, il manage nos diff&eacute;rents collaborateurs sp&eacute;cialis&eacute;s sur Paris.</p>\r\n',3),(10,'fr','Monsieur L','','','Fondateur','01 23 45 67 89','','','lefort@ec-tenor.com','<p>\r\n	&nbsp;Monsieur Lefort a fond&eacute; le cabinet avec M.Legrand, apr&egrave;s une formation en science de gestion, l&rsquo;obtention du DSCG et DEC et plusieurs exp&eacute;riences dans les plus grands cabinets et r&eacute;seaux. Vrai g&eacute;n&eacute;raliste de l&rsquo;expertise comptable, il manage nos diff&eacute;rents collaborateurs sp&eacute;cialis&eacute;s sur Paris.</p>\r\n',4),(10,'fr','Monsieur L','','','Fondateur','01 23 45 67 89','','','lefort@ec-tenor.com','<p>\r\n	Monsieur Lefort a fond&eacute; le cabinet avec M.Legrand, apr&egrave;s une formation en science de gestion, l&rsquo;obtention du DSCG et DEC et plusieurs exp&eacute;riences dans les plus grands cabinets et r&eacute;seaux. Vrai g&eacute;n&eacute;raliste de l&rsquo;expertise comptable, il manage nos diff&eacute;rents collaborateurs sp&eacute;cialis&eacute;s sur Paris.</p>\r\n',5),(10,'fr','Mr','Lefort','','Fondateur','01 23 45 67 89','','','lefort@ec-tenor.com','<p>\r\n	Monsieur Lefort a fond&eacute; le cabinet avec M.Legrand, apr&egrave;s une formation en science de gestion, l&rsquo;obtention du DSCG et DEC et plusieurs exp&eacute;riences dans les plus grands cabinets et r&eacute;seaux. Vrai g&eacute;n&eacute;raliste de l&rsquo;expertise comptable, il manage nos diff&eacute;rents collaborateurs sp&eacute;cialis&eacute;s sur Paris.</p>\r\n',6),(10,'fr','Mr','Lefort','','Fondateur','01 23 45 67 89','','','lefort@ec-tenor.com','<p>\r\n	Monsieur Lefort a fond le cabinet avec M.Legrand, aprs une formation en science de gestion, lobtention du DSCG et DEC et plusieurs expriences dans les plus grands cabinets et rseaux. Vrai gnraliste de lexpertise comptable, il manage nos diffrents collaborateurs spcialiss sur Paris.</p>\r\n',7);
/*!40000 ALTER TABLE `sid_cabinet_equipe_translation_version` ENABLE KEYS */;
UNLOCK TABLES;

--
-- Dumping data for table `sid_cabinet_mission`
--

LOCK TABLES `sid_cabinet_mission` WRITE;
/*!40000 ALTER TABLE `sid_cabinet_mission` DISABLE KEYS */;
INSERT INTO `sid_cabinet_mission` (`id`, `is_active`, `image`, `file`, `title_file`, `position`) VALUES (16,1,NULL,NULL,'',-1),(17,1,NULL,NULL,'',-2),(18,1,NULL,NULL,'',-3),(19,1,NULL,NULL,'',-4),(20,1,NULL,NULL,'',-5),(21,1,NULL,NULL,'',-6),(22,1,NULL,NULL,'',-7);
/*!40000 ALTER TABLE `sid_cabinet_mission` ENABLE KEYS */;
UNLOCK TABLES;

--
-- Dumping data for table `sid_cabinet_mission_sid_rubrique`
--

LOCK TABLES `sid_cabinet_mission_sid_rubrique` WRITE;
/*!40000 ALTER TABLE `sid_cabinet_mission_sid_rubrique` DISABLE KEYS */;
/*!40000 ALTER TABLE `sid_cabinet_mission_sid_rubrique` ENABLE KEYS */;
UNLOCK TABLES;

--
-- Dumping data for table `sid_cabinet_mission_translation`
--

LOCK TABLES `sid_cabinet_mission_translation` WRITE;
/*!40000 ALTER TABLE `sid_cabinet_mission_translation` DISABLE KEYS */;
INSERT INTO `sid_cabinet_mission_translation` (`id`, `title`, `resume`, `text`, `lang`, `version`, `created_at`, `updated_at`) VALUES (16,'L\'audit patrimonial','L\'optimisation civile, juridique, financire et fiscale de votre patrimoine a pour objectif d\'accrotre votre cadre et votre niveau de vie, tout en augmentant votre autonomie et votre scurit. ','<p>\r\n	Cet audit nous permettra, en fonction de vos choix, de construire votre architecture patrimoniale, puis de vous conseiller et de g&eacute;rer les diff&eacute;rents produits et services qui correspondent &agrave; vos objectifs &agrave; court, moyen et long termes.<br />\r\n	C&#39;est pour nous le point de d&eacute;part indispensable &agrave; une relation de qualit&eacute; et de confiance avec vous.</p>\r\n','fr',2,'2012-04-12 15:11:59','2012-04-12 15:12:15'),(17,'Les placements financiers','Nous sommes en contact avec de multiples gestionnaires que nous avons slectionns sur les diffrents marchs (plus de 50) et qui nous permettent de vous proposer des produits totalement adapts  vos objectifs en matire de placements financiers. ','<p>\r\n	Cette activit&eacute; &laquo;&nbsp;multi-gestion&nbsp;&raquo; est une activit&eacute; &agrave; valeur ajout&eacute;e car elle est diversifi&eacute;e, s&eacute;curis&eacute;e et elle est propos&eacute;e sans frais suppl&eacute;mentaires&nbsp;:</p>\r\n<ul>\r\n	<li>\r\n		soit en direct (gestion libre, gestion par objectif, arbitrage progressif, consolidation des plus-values...)&nbsp;;</li>\r\n	<li>\r\n		soit au travers d&#39;un contrat d&#39;assurance-placement (gestion libre, gestion par objectif, arbitrage progressif, consolidation des plus-values, stop-Loss...).</li>\r\n</ul>\r\n','fr',2,'2012-04-12 15:13:39','2012-04-12 15:23:23'),(18,'L\'assurance-vie','L\'assurance-vie reprsente plus de 40 % des actifs financiers des Franais, car elle constitue une formule de placement souple et trs favorable sur le plan fiscal pour rpondre  une multitude d\'objectifs : pargne, revenus complmentaires, prparation de la retraite ou protection de la famille en cas de dcs avec des droits de succession nuls ou limits, etc.','<p>\r\n	Le {{Nomcabinet}} vous aide &agrave; choisir parmi les supports d&#39;&eacute;pargne en s&eacute;lectionnant les mieux adapt&eacute;s &agrave; votre profil d&#39;&eacute;pargnant.</p>\r\n','fr',2,'2012-04-12 15:15:42','2012-04-12 15:23:19'),(19,'Les investissements immobiliers','L\'investissement immobilier locatif consiste  acheter un logement immobilier pour le louer, se constituer un patrimoine et percevoir des revenus complmentaires.','<p>\r\n	Le bien immobilier peut &ecirc;tre neuf ou ancien. Dans la majorit&eacute; des cas, l&#39;achat du bien immobilier se fait &agrave; cr&eacute;dit, et les loyers per&ccedil;us permettent de rembourser une partie des mensualit&eacute;s du pr&ecirc;t. Certaines lois fran&ccedil;aises permettent &eacute;galement de d&eacute;fiscaliser, c&#39;est-&agrave;-dire d&#39;investir tout en r&eacute;duisant ses imp&ocirc;ts.<br />\r\n	Voici quelques exemples de solutions que nous pouvons vous proposer&nbsp;:</p>\r\n<ul>\r\n	<li>\r\n		D&eacute;fiscalisation immobili&egrave;re (Lois Scellier, Malraux, Loueur en Meubl&eacute;, Girardin, Monuments Historiques, D&eacute;ficits Fonciers, Murs de Boutique, Viagers, etc)&nbsp;;</li>\r\n	<li>\r\n		Cr&eacute;dits Immobiliers &agrave; taux pr&eacute;f&eacute;rentiels sans domiciliation bancaire&nbsp;;</li>\r\n	<li>\r\n		Assurances de pr&ecirc;ts jusqu&#39;&agrave; 75 ans &agrave; la souscription.</li>\r\n</ul>\r\n','fr',1,'2012-04-12 15:16:36','2012-04-12 15:16:36'),(20,'La transmission de patrimoine (optimisation financire, civile, fiscale)','Le dispositif de transmission de votre patrimoine se construit en tenant compte de votre situation spcifique : famille recompose ou non, ayant-droits multiples, souhait d\'effectuer des donations de votre vivant ou de privilgier la transmission au dcs... ','<p>\r\n	Vous pouvez &eacute;galement souhaiter transmettre la propri&eacute;t&eacute; sans perdre la facult&eacute; de l&#39;utiliser gr&acirc;ce &agrave; l&#39;utilisation d&#39;outils juridiques sp&eacute;cifiques.<br />\r\n	Voici quelques exemples de solutions : donation de biens entre &eacute;poux, donation-partage, avantages matrimoniaux, changement de r&eacute;gime matrimonial, soci&eacute;t&eacute; civile, testament...</p>\r\n','fr',2,'2012-04-12 15:17:30','2012-04-12 15:22:58'),(21,'Les services aux professionnels','Le {{Nomcabinet}} peut galement intervenir sur diffrents aspects de votre patrimoine professionnel. ','<p>\r\n	Voici quelques exemples de nos domaines d&#39;expertise&nbsp;:</p>\r\n<ul>\r\n	<li>\r\n		Optimisation financi&egrave;re et fiscale de la gestion de tr&eacute;sorerie&nbsp;;</li>\r\n	<li>\r\n		Capitalisation&nbsp;;</li>\r\n	<li>\r\n		Pr&eacute;voyance individuelle et collective&nbsp;;</li>\r\n	<li>\r\n		Epargne-Retraite (art 83, art 39, Perp, Perco, PEI, loi Madelin)&nbsp;;</li>\r\n	<li>\r\n		Compl&eacute;mentaire sant&eacute;&nbsp;;</li>\r\n	<li>\r\n		Pr&eacute;voyance d&eacute;c&egrave;s&nbsp;;</li>\r\n	<li>\r\n		Transmission de votre entreprise, optimisation financi&egrave;re et fiscale&nbsp;;</li>\r\n	<li>\r\n		Garanties en cas d&#39;arr&ecirc;t d&#39;activit&eacute; (maladie, accident, faillite).</li>\r\n</ul>\r\n','fr',2,'2012-04-12 15:19:01','2012-04-12 15:22:49'),(22,'Le service \"Family Office\"','Le {{Nomcabinet}} vous propose galement un service haut de gamme \"Family Office\" pour vous accompagner au quotidien dans toutes vos problmatiques patrimoniales.','<p>\r\n	Le {{Nomcabinet}} aide toute la famille &agrave; trouver les meilleurs placements. La notion de long terme est essentielle dans vos choix, ainsi que la n&eacute;cessit&eacute; de pr&eacute;server l&rsquo;harmonie familiale.</p>\r\n<p>\r\n	Le {{Nomcabinet}} examine l&rsquo;actif et le passif du patrimoine et raisonne en stock mais aussi en flux, en fonction des h&eacute;ritages, des &eacute;volutions professionnelles, familiales...</p>\r\n<p>\r\n	Le &laquo;&nbsp;Family Office&nbsp;&raquo; ne se limite pas seulement &agrave; un foyer fiscal central, mais il int&egrave;gre aussi les cousins et leur descendance et tous les membres de la famille qui sont concern&eacute;s par les m&ecirc;mes actifs, comme par exemple une entreprise. Nous savons prendre en compte l&rsquo;importance de la notion de gouvernance familiale.</p>\r\n<p>\r\n	Le {{Nomcabinet}} peut aussi vous accompagner dans des secteurs comme l&rsquo;art ou les voitures de collection.</p>\r\n<p>\r\n	Enfin, ce service &laquo;&nbsp;Family Office&nbsp;&raquo; r&eacute;side dans la qualification de vos besoins, dans notre capacit&eacute; &agrave; vous proposer &laquo; le &raquo; bon expert et &agrave; n&eacute;gocier avec ce dernier le co&ucirc;t de sa prestation. Il s&rsquo;&eacute;tend &eacute;galement &agrave; l&rsquo;administration financi&egrave;re qui recouvre un secteur d&rsquo;activit&eacute;s tr&egrave;s large, li&eacute;es en particulier aux d&eacute;marches administratives (fisc, s&eacute;curit&eacute; sociale...).</p>\r\n','fr',2,'2012-04-12 15:20:45','2012-04-12 15:22:38');
/*!40000 ALTER TABLE `sid_cabinet_mission_translation` ENABLE KEYS */;
UNLOCK TABLES;

--
-- Dumping data for table `sid_cabinet_mission_translation_version`
--

LOCK TABLES `sid_cabinet_mission_translation_version` WRITE;
/*!40000 ALTER TABLE `sid_cabinet_mission_translation_version` DISABLE KEYS */;
INSERT INTO `sid_cabinet_mission_translation_version` (`id`, `lang`, `title`, `resume`, `text`, `version`) VALUES (16,'fr','L\'audit patrimonial','L\'optimisation civile, juridique, financire et fiscale de votre patrimoine a pour objectif d\'accrotre votre cadre et votre niveau de vie, tout en augmentant votre autonomie et votre scurit. ','<p>\r\nCet audit nous permettra, en fonction de vos choix, de construire votre architecture patrimoniale, puis de vous conseiller et de g&eacute;rer les diff&eacute;rents produits et services qui correspondent &agrave; vos objectifs &agrave; court, moyen et long termes.<br />\r\nC&#39;est pour nous le point de d&eacute;part indispensable &agrave; une relation de qualit&eacute; et de confiance avec vous.</p>',1),(16,'fr','L\'audit patrimonial','L\'optimisation civile, juridique, financire et fiscale de votre patrimoine a pour objectif d\'accrotre votre cadre et votre niveau de vie, tout en augmentant votre autonomie et votre scurit. ','<p>\r\n	Cet audit nous permettra, en fonction de vos choix, de construire votre architecture patrimoniale, puis de vous conseiller et de g&eacute;rer les diff&eacute;rents produits et services qui correspondent &agrave; vos objectifs &agrave; court, moyen et long termes.<br />\r\n	C&#39;est pour nous le point de d&eacute;part indispensable &agrave; une relation de qualit&eacute; et de confiance avec vous.</p>\r\n',2),(17,'fr','Les placements financiers','Nous sommes en contact avec de multiples gestionnaires que nous avons slectionns sur les diffrents marchs (plus de 50) et qui nous permettent de vous proposer des produits totalement adapts  vos objectifs en matire de placements financiers. ','<p>Cette activit&eacute; &laquo;&nbsp;multi-gestion&nbsp;&raquo; est une activit&eacute; &agrave; valeur ajout&eacute;e car elle est diversifi&eacute;e, s&eacute;curis&eacute;e et elle est propos&eacute;e sans frais suppl&eacute;mentaires&nbsp;:</p>\r\n<ul>\r\n	<li>\r\n		soit en direct (gestion libre, gestion par objectif, arbitrage progressif, consolidation des plus-values...)&nbsp;;</li>\r\n	<li>\r\n		soit au travers d&#39;un contrat d&#39;assurance-placement (gestion libre, gestion par objectif, arbitrage progressif, consolidation des plus-values, stop-Loss...).</li>\r\n</ul>\r\n',1),(17,'fr','Les placements financiers','Nous sommes en contact avec de multiples gestionnaires que nous avons slectionns sur les diffrents marchs (plus de 50) et qui nous permettent de vous proposer des produits totalement adapts  vos objectifs en matire de placements financiers. ','<p>\r\n	Cette activit&eacute; &laquo;&nbsp;multi-gestion&nbsp;&raquo; est une activit&eacute; &agrave; valeur ajout&eacute;e car elle est diversifi&eacute;e, s&eacute;curis&eacute;e et elle est propos&eacute;e sans frais suppl&eacute;mentaires&nbsp;:</p>\r\n<ul>\r\n	<li>\r\n		soit en direct (gestion libre, gestion par objectif, arbitrage progressif, consolidation des plus-values...)&nbsp;;</li>\r\n	<li>\r\n		soit au travers d&#39;un contrat d&#39;assurance-placement (gestion libre, gestion par objectif, arbitrage progressif, consolidation des plus-values, stop-Loss...).</li>\r\n</ul>\r\n',2),(18,'fr','L\'assurance-vie','L\'assurance-vie reprsente plus de 40 % des actifs financiers des Franais, car elle constitue une formule de placement souple et trs favorable sur le plan fiscal pour rpondre  une multitude d\'objectifs : pargne, revenus complmentaires, prparation de la retraite ou protection de la famille en cas de dcs avec des droits de succession nuls ou limits, etc.','<p>Le {{NomcCabinet}} vous aide &agrave; choisir parmi les supports d&#39;&eacute;pargne en s&eacute;lectionnant les mieux adapt&eacute;s &agrave; votre profil d&#39;&eacute;pargnant.</p>',1),(18,'fr','L\'assurance-vie','L\'assurance-vie reprsente plus de 40 % des actifs financiers des Franais, car elle constitue une formule de placement souple et trs favorable sur le plan fiscal pour rpondre  une multitude d\'objectifs : pargne, revenus complmentaires, prparation de la retraite ou protection de la famille en cas de dcs avec des droits de succession nuls ou limits, etc.','<p>\r\n	Le {{Nomcabinet}} vous aide &agrave; choisir parmi les supports d&#39;&eacute;pargne en s&eacute;lectionnant les mieux adapt&eacute;s &agrave; votre profil d&#39;&eacute;pargnant.</p>\r\n',2),(19,'fr','Les investissements immobiliers','L\'investissement immobilier locatif consiste  acheter un logement immobilier pour le louer, se constituer un patrimoine et percevoir des revenus complmentaires.','<p>\r\n	Le bien immobilier peut &ecirc;tre neuf ou ancien. Dans la majorit&eacute; des cas, l&#39;achat du bien immobilier se fait &agrave; cr&eacute;dit, et les loyers per&ccedil;us permettent de rembourser une partie des mensualit&eacute;s du pr&ecirc;t. Certaines lois fran&ccedil;aises permettent &eacute;galement de d&eacute;fiscaliser, c&#39;est-&agrave;-dire d&#39;investir tout en r&eacute;duisant ses imp&ocirc;ts.<br />\r\n	Voici quelques exemples de solutions que nous pouvons vous proposer&nbsp;:</p>\r\n<ul>\r\n	<li>\r\n		D&eacute;fiscalisation immobili&egrave;re (Lois Scellier, Malraux, Loueur en Meubl&eacute;, Girardin, Monuments Historiques, D&eacute;ficits Fonciers, Murs de Boutique, Viagers, etc)&nbsp;;</li>\r\n	<li>\r\n		Cr&eacute;dits Immobiliers &agrave; taux pr&eacute;f&eacute;rentiels sans domiciliation bancaire&nbsp;;</li>\r\n	<li>\r\n		Assurances de pr&ecirc;ts jusqu&#39;&agrave; 75 ans &agrave; la souscription.</li>\r\n</ul>\r\n',1),(20,'fr','La transmission de patrimoine (optimisation financire, civile, fiscale)','Le dispositif de transmission de votre patrimoine se construit en tenant compte de votre situation spcifique : famille recompose ou non, ayant-droits multiples, souhait d\'effectuer des donations de votre vivant ou de privilgier la transmission au dcs... ','<p>\r\nVous pouvez &eacute;galement souhaiter transmettre la propri&eacute;t&eacute; sans perdre la facult&eacute; de l&#39;utiliser gr&acirc;ce &agrave; l&#39;utilisation d&#39;outils juridiques sp&eacute;cifiques.<br />\r\nVoici quelques exemples de solutions : donation de biens entre &eacute;poux, donation-partage, avantages matrimoniaux, changement de r&eacute;gime matrimonial, soci&eacute;t&eacute; civile, testament...</p>',1),(20,'fr','La transmission de patrimoine (optimisation financire, civile, fiscale)','Le dispositif de transmission de votre patrimoine se construit en tenant compte de votre situation spcifique : famille recompose ou non, ayant-droits multiples, souhait d\'effectuer des donations de votre vivant ou de privilgier la transmission au dcs... ','<p>\r\n	Vous pouvez &eacute;galement souhaiter transmettre la propri&eacute;t&eacute; sans perdre la facult&eacute; de l&#39;utiliser gr&acirc;ce &agrave; l&#39;utilisation d&#39;outils juridiques sp&eacute;cifiques.<br />\r\n	Voici quelques exemples de solutions : donation de biens entre &eacute;poux, donation-partage, avantages matrimoniaux, changement de r&eacute;gime matrimonial, soci&eacute;t&eacute; civile, testament...</p>\r\n',2),(21,'fr','Les services aux professionnels','Le {{NomCabinet}} peut galement intervenir sur diffrents aspects de votre patrimoine professionnel. ','<p>\r\nVoici quelques exemples de nos domaines d&#39;expertise&nbsp;:</p>\r\n<ul >\r\n	<li>\r\n		Optimisation financi&egrave;re et fiscale de la gestion de tr&eacute;sorerie&nbsp;;</li>\r\n	<li>\r\n		Capitalisation&nbsp;;</li>\r\n	<li>\r\n		Pr&eacute;voyance individuelle et collective&nbsp;;</li>\r\n	<li>\r\n		Epargne-Retraite (art 83, art 39, Perp, Perco, PEI, loi Madelin)&nbsp;;</li>\r\n	<li>\r\n		Compl&eacute;mentaire sant&eacute;&nbsp;;</li>\r\n	<li>\r\n		Pr&eacute;voyance d&eacute;c&egrave;s&nbsp;;</li>\r\n	<li>\r\n		Transmission de votre entreprise, optimisation financi&egrave;re et fiscale&nbsp;;</li>\r\n	<li>\r\n		Garanties en cas d&#39;arr&ecirc;t d&#39;activit&eacute; (maladie, accident, faillite).</li>\r\n</ul>\r\n',1),(21,'fr','Les services aux professionnels','Le {{Nomcabinet}} peut galement intervenir sur diffrents aspects de votre patrimoine professionnel. ','<p>\r\n	Voici quelques exemples de nos domaines d&#39;expertise&nbsp;:</p>\r\n<ul>\r\n	<li>\r\n		Optimisation financi&egrave;re et fiscale de la gestion de tr&eacute;sorerie&nbsp;;</li>\r\n	<li>\r\n		Capitalisation&nbsp;;</li>\r\n	<li>\r\n		Pr&eacute;voyance individuelle et collective&nbsp;;</li>\r\n	<li>\r\n		Epargne-Retraite (art 83, art 39, Perp, Perco, PEI, loi Madelin)&nbsp;;</li>\r\n	<li>\r\n		Compl&eacute;mentaire sant&eacute;&nbsp;;</li>\r\n	<li>\r\n		Pr&eacute;voyance d&eacute;c&egrave;s&nbsp;;</li>\r\n	<li>\r\n		Transmission de votre entreprise, optimisation financi&egrave;re et fiscale&nbsp;;</li>\r\n	<li>\r\n		Garanties en cas d&#39;arr&ecirc;t d&#39;activit&eacute; (maladie, accident, faillite).</li>\r\n</ul>\r\n',2),(22,'fr','Le service \"Family Office\"','Le {{NomCabinet}} vous propose galement un service haut de gamme \"Family Office\" pour vous accompagner au quotidien dans toutes vos problmatiques patrimoniales.','<p>\r\nLe {{NomCabinet}} aide toute la famille &agrave; trouver les meilleurs placements. La notion de long terme est essentielle dans vos choix, ainsi que la n&eacute;cessit&eacute; de pr&eacute;server l&rsquo;harmonie familiale.</p>\r\n<p>\r\n	Le {{NomCabinet}} examine l&rsquo;actif et le passif du patrimoine et raisonne en stock mais aussi en flux, en fonction des h&eacute;ritages, des &eacute;volutions professionnelles, familiales...</p>\r\n<p>\r\n	Le &laquo;&nbsp;Family Office&nbsp;&raquo; ne se limite pas seulement &agrave; un foyer fiscal central, mais il int&egrave;gre aussi les cousins et leur descendance et tous les membres de la famille qui sont concern&eacute;s par les m&ecirc;mes actifs, comme par exemple une entreprise. Nous savons prendre en compte l&rsquo;importance de la notion de gouvernance familiale.</p>\r\n<p>\r\n	Le {{NomCabinet}} peut aussi vous accompagner dans des secteurs comme l&rsquo;art ou les voitures de collection.</p>\r\n<p>\r\n	Enfin, ce service &laquo;&nbsp;Family Office&nbsp;&raquo; r&eacute;side dans la qualification de vos besoins, dans notre capacit&eacute; &agrave; vous proposer &laquo; le &raquo; bon expert et &agrave; n&eacute;gocier avec ce dernier le co&ucirc;t de sa prestation. Il s&rsquo;&eacute;tend &eacute;galement &agrave; l&rsquo;administration financi&egrave;re qui recouvre un secteur d&rsquo;activit&eacute;s tr&egrave;s large, li&eacute;es en particulier aux d&eacute;marches administratives (fisc, s&eacute;curit&eacute; sociale...).</p>\r\n',1),(22,'fr','Le service \"Family Office\"','Le {{Nomcabinet}} vous propose galement un service haut de gamme \"Family Office\" pour vous accompagner au quotidien dans toutes vos problmatiques patrimoniales.','<p>\r\n	Le {{Nomcabinet}} aide toute la famille &agrave; trouver les meilleurs placements. La notion de long terme est essentielle dans vos choix, ainsi que la n&eacute;cessit&eacute; de pr&eacute;server l&rsquo;harmonie familiale.</p>\r\n<p>\r\n	Le {{Nomcabinet}} examine l&rsquo;actif et le passif du patrimoine et raisonne en stock mais aussi en flux, en fonction des h&eacute;ritages, des &eacute;volutions professionnelles, familiales...</p>\r\n<p>\r\n	Le &laquo;&nbsp;Family Office&nbsp;&raquo; ne se limite pas seulement &agrave; un foyer fiscal central, mais il int&egrave;gre aussi les cousins et leur descendance et tous les membres de la famille qui sont concern&eacute;s par les m&ecirc;mes actifs, comme par exemple une entreprise. Nous savons prendre en compte l&rsquo;importance de la notion de gouvernance familiale.</p>\r\n<p>\r\n	Le {{Nomcabinet}} peut aussi vous accompagner dans des secteurs comme l&rsquo;art ou les voitures de collection.</p>\r\n<p>\r\n	Enfin, ce service &laquo;&nbsp;Family Office&nbsp;&raquo; r&eacute;side dans la qualification de vos besoins, dans notre capacit&eacute; &agrave; vous proposer &laquo; le &raquo; bon expert et &agrave; n&eacute;gocier avec ce dernier le co&ucirc;t de sa prestation. Il s&rsquo;&eacute;tend &eacute;galement &agrave; l&rsquo;administration financi&egrave;re qui recouvre un secteur d&rsquo;activit&eacute;s tr&egrave;s large, li&eacute;es en particulier aux d&eacute;marches administratives (fisc, s&eacute;curit&eacute; sociale...).</p>\r\n',2);
/*!40000 ALTER TABLE `sid_cabinet_mission_translation_version` ENABLE KEYS */;
UNLOCK TABLES;

--
-- Dumping data for table `sid_cabinet_page_cabinet`
--

LOCK TABLES `sid_cabinet_page_cabinet` WRITE;
/*!40000 ALTER TABLE `sid_cabinet_page_cabinet` DISABLE KEYS */;
INSERT INTO `sid_cabinet_page_cabinet` (`id`, `is_active`, `image`, `file`, `title_file`, `position`) VALUES (4,1,NULL,NULL,'',1),(5,1,NULL,NULL,'',2);
/*!40000 ALTER TABLE `sid_cabinet_page_cabinet` ENABLE KEYS */;
UNLOCK TABLES;

--
-- Dumping data for table `sid_cabinet_page_cabinet_translation`
--

LOCK TABLES `sid_cabinet_page_cabinet_translation` WRITE;
/*!40000 ALTER TABLE `sid_cabinet_page_cabinet_translation` DISABLE KEYS */;
INSERT INTO `sid_cabinet_page_cabinet_translation` (`id`, `title`, `resume`, `text`, `lang`, `version`, `created_at`, `updated_at`) VALUES (4,'Prsentation du Cabinet','Les associs et collaborateurs de Le Nom du Cabinet ont une longue exprience du conseil patrimonial et une expertise professionnelle reconnue. Ils ont notamment eu des responsabilits de direction au sein de groupes financiers de premier plan.','<p>\r\n	{{Nomcabinet}} se pr&eacute;vaut, &agrave; ce titre, d&#39;une analyse objective du march&eacute; pour pr&eacute;senter &agrave; sa client&egrave;le une offre compl&egrave;te et de qualit&eacute; de produits de placements.</p>\r\n<p>\r\n	{{Nomcabinet}} est Membre de la Chambre des Ind&eacute;pendants du Patrimoine, qui, depuis 1978 a pour vocation d&#39;assurer le d&eacute;veloppement du m&eacute;tier dans une logique d&#39;ind&eacute;pendance. Elle v&eacute;rifie entre autres les comp&eacute;tences de ses membres et leur impose une formation permanente.</p>\r\n<h5 class=\"title\">\r\n	Le cadre r&eacute;glementaire, vos garanties</h5>\r\n<p>\r\n	{{Nomcabinet}} est membre de l&#39;Association Nationale des Conseils Financiers, ANACOFI-CIF, agr&eacute;&eacute; par l&#39;Autorit&eacute; des March&eacute;s Financiers, AMF, o&ugrave; il est inscrit en qualit&eacute; de Conseil en Investissements Financiers, CIF, sous le N&deg; E00000.</p>\r\n<p>\r\n	{{Nomcabinet}} est inscrit aupr&egrave;s de l&#39;ORIAS, Organisme pour le Registre des Interm&eacute;diaires d&#39;Assurances, sous le n&deg;00 000 000, en qualit&eacute; de soci&eacute;t&eacute; de courtage d&#39;assurances.</p>\r\n<p>\r\n	{{Nomcabinet}} est &eacute;galement inscrit aupr&egrave;s de la Pr&eacute;fecture de Police de Paris pour l&#39;activit&eacute; de transactions sur immeubles et fonds de commerce et est titulaire, &agrave; ce titre, de la carte professionnelle N&deg;000000.</p>\r\n<p>\r\n	{{Nomcabinet}}&nbsp; est enregistr&eacute; sur le fichier de la Banque de France, pour les activit&eacute;s de d&eacute;marchage financier et d&#39;interm&eacute;diation bancaire sous le N&deg;000000.</p>\r\n<p>\r\n	{{Nomcabinet}}&nbsp; a souscrit les assurances requises de Responsabilit&eacute; Civile Professionnelle et de Garantie Financi&egrave;re, aupr&egrave;s de la compagnie d&#39;assurances LE NOM DE MON ASSURANCE, 16, rue du Quatre-Septembre 75002 Paris.{{Nomcabinet}}&nbsp; est tenu au secret professionnel le plus strict.</p>\r\n<h5 class=\"title\">\r\n	R&eacute;mun&eacute;ration</h5>\r\n<p>\r\n	La r&eacute;mun&eacute;ration r&eacute;sulte des commissions vers&eacute;es, sur les op&eacute;rations d&#39;interm&eacute;diation, par les &eacute;tablissements financiers avec lesquels Le Nom du Cabinet a &eacute;tabli des contrats pour le compte de ses clients.</p>\r\n<p>\r\n	Le cabinet facture &eacute;galement des honoraires de conseil sur les missions sp&eacute;cifiques r&eacute;alis&eacute;es &agrave; la demande de ses clients.</p>\r\n<p>\r\n	Contactez-nous pour en savoir plus sur notre accompagnement et nos services.</p>\r\n','fr',1,'2012-04-12 15:29:16','2012-04-12 15:29:16'),(5,'Notre mtier','Notre mtier consiste  vous accompagner pour optimiser tous les sujets qui concernent votre patrimoine : pargne, placements, investissements, impts, retraite, prvoyance...','<br />\r\n<p>\r\n	Nous sommes ind&eacute;pendants, c&#39;est-&agrave;-dire que nous ne sommes attach&eacute;s &agrave; aucun organisme ou produit en particulier. Nous avons donc une approche sur-mesure et s&eacute;lectionnons sur le march&eacute; les produits qui r&eacute;pondent &agrave; vos objectifs et sont adapt&eacute;s &agrave; votre situation.</p>\r\n<h5 class=\"title\">\r\n	Le r&ocirc;le du conseil en gestion de patrimoine</h5>\r\n<p>\r\n	Le m&eacute;tier de conseil en gestion de patrimoine ind&eacute;pendant est n&eacute; d&#39;initiatives personnelles dans les ann&eacute;es 70. Le conseil en gestion de patrimoine est un professionnel qui peut &ecirc;tre issu du monde de la finance, de l&#39;assurance ou du droit.</p>\r\n<p>\r\n	Son r&ocirc;le est d&#39;&eacute;tablir un bilan patrimonial, d&#39;&eacute;mettre des conseils et d&#39;&eacute;laborer des strat&eacute;gies personnalis&eacute;es. Il met tout en &oelig;uvre pour la r&eacute;alisation des objectifs fix&eacute;s.</p>\r\n<h5 class=\"title\">\r\n	Le r&ocirc;le du Conseiller en Investissement Financier (CIF)</h5>\r\n<p>\r\n	Un Conseiller en Investissement Financier est une personne qui exerce &agrave; titre professionnel une activit&eacute; de conseil portant sur la r&eacute;alisation de :</p>\r\n<ul class=\"default\">\r\n	<li>\r\n		Op&eacute;rations de banque sur instruments financiers&nbsp;;</li>\r\n	<li>\r\n		Op&eacute;rations de banque&nbsp;;</li>\r\n	<li>\r\n		Fourniture de services d&#39;investissement&nbsp;;</li>\r\n	<li>\r\n		Op&eacute;rations sur biens divers.</li>\r\n</ul>\r\n','fr',1,'2012-04-12 15:30:35','2012-04-12 15:30:35');
/*!40000 ALTER TABLE `sid_cabinet_page_cabinet_translation` ENABLE KEYS */;
UNLOCK TABLES;

--
-- Dumping data for table `sid_cabinet_page_cabinet_translation_version`
--

LOCK TABLES `sid_cabinet_page_cabinet_translation_version` WRITE;
/*!40000 ALTER TABLE `sid_cabinet_page_cabinet_translation_version` DISABLE KEYS */;
INSERT INTO `sid_cabinet_page_cabinet_translation_version` (`id`, `lang`, `title`, `resume`, `text`, `version`) VALUES (4,'fr','Prsentation du Cabinet','Les associs et collaborateurs de Le Nom du Cabinet ont une longue exprience du conseil patrimonial et une expertise professionnelle reconnue. Ils ont notamment eu des responsabilits de direction au sein de groupes financiers de premier plan.','<p>\r\n	{{Nomcabinet}} se pr&eacute;vaut, &agrave; ce titre, d&#39;une analyse objective du march&eacute; pour pr&eacute;senter &agrave; sa client&egrave;le une offre compl&egrave;te et de qualit&eacute; de produits de placements.</p>\r\n<p>\r\n	{{Nomcabinet}} est Membre de la Chambre des Ind&eacute;pendants du Patrimoine, qui, depuis 1978 a pour vocation d&#39;assurer le d&eacute;veloppement du m&eacute;tier dans une logique d&#39;ind&eacute;pendance. Elle v&eacute;rifie entre autres les comp&eacute;tences de ses membres et leur impose une formation permanente.</p>\r\n<h5 class=\"title\">\r\n	Le cadre r&eacute;glementaire, vos garanties</h5>\r\n<p>\r\n	{{Nomcabinet}} est membre de l&#39;Association Nationale des Conseils Financiers, ANACOFI-CIF, agr&eacute;&eacute; par l&#39;Autorit&eacute; des March&eacute;s Financiers, AMF, o&ugrave; il est inscrit en qualit&eacute; de Conseil en Investissements Financiers, CIF, sous le N&deg; E00000.</p>\r\n<p>\r\n	{{Nomcabinet}} est inscrit aupr&egrave;s de l&#39;ORIAS, Organisme pour le Registre des Interm&eacute;diaires d&#39;Assurances, sous le n&deg;00 000 000, en qualit&eacute; de soci&eacute;t&eacute; de courtage d&#39;assurances.</p>\r\n<p>\r\n	{{Nomcabinet}} est &eacute;galement inscrit aupr&egrave;s de la Pr&eacute;fecture de Police de Paris pour l&#39;activit&eacute; de transactions sur immeubles et fonds de commerce et est titulaire, &agrave; ce titre, de la carte professionnelle N&deg;000000.</p>\r\n<p>\r\n	{{Nomcabinet}}&nbsp; est enregistr&eacute; sur le fichier de la Banque de France, pour les activit&eacute;s de d&eacute;marchage financier et d&#39;interm&eacute;diation bancaire sous le N&deg;000000.</p>\r\n<p>\r\n	{{Nomcabinet}}&nbsp; a souscrit les assurances requises de Responsabilit&eacute; Civile Professionnelle et de Garantie Financi&egrave;re, aupr&egrave;s de la compagnie d&#39;assurances LE NOM DE MON ASSURANCE, 16, rue du Quatre-Septembre 75002 Paris.{{Nomcabinet}}&nbsp; est tenu au secret professionnel le plus strict.</p>\r\n<h5 class=\"title\">\r\n	R&eacute;mun&eacute;ration</h5>\r\n<p>\r\n	La r&eacute;mun&eacute;ration r&eacute;sulte des commissions vers&eacute;es, sur les op&eacute;rations d&#39;interm&eacute;diation, par les &eacute;tablissements financiers avec lesquels Le Nom du Cabinet a &eacute;tabli des contrats pour le compte de ses clients.</p>\r\n<p>\r\n	Le cabinet facture &eacute;galement des honoraires de conseil sur les missions sp&eacute;cifiques r&eacute;alis&eacute;es &agrave; la demande de ses clients.</p>\r\n<p>\r\n	Contactez-nous pour en savoir plus sur notre accompagnement et nos services.</p>\r\n',1),(5,'fr','Notre mtier','Notre mtier consiste  vous accompagner pour optimiser tous les sujets qui concernent votre patrimoine : pargne, placements, investissements, impts, retraite, prvoyance...','<br />\r\n<p>\r\n	Nous sommes ind&eacute;pendants, c&#39;est-&agrave;-dire que nous ne sommes attach&eacute;s &agrave; aucun organisme ou produit en particulier. Nous avons donc une approche sur-mesure et s&eacute;lectionnons sur le march&eacute; les produits qui r&eacute;pondent &agrave; vos objectifs et sont adapt&eacute;s &agrave; votre situation.</p>\r\n<h5 class=\"title\">\r\n	Le r&ocirc;le du conseil en gestion de patrimoine</h5>\r\n<p>\r\n	Le m&eacute;tier de conseil en gestion de patrimoine ind&eacute;pendant est n&eacute; d&#39;initiatives personnelles dans les ann&eacute;es 70. Le conseil en gestion de patrimoine est un professionnel qui peut &ecirc;tre issu du monde de la finance, de l&#39;assurance ou du droit.</p>\r\n<p>\r\n	Son r&ocirc;le est d&#39;&eacute;tablir un bilan patrimonial, d&#39;&eacute;mettre des conseils et d&#39;&eacute;laborer des strat&eacute;gies personnalis&eacute;es. Il met tout en &oelig;uvre pour la r&eacute;alisation des objectifs fix&eacute;s.</p>\r\n<h5 class=\"title\">\r\n	Le r&ocirc;le du Conseiller en Investissement Financier (CIF)</h5>\r\n<p>\r\n	Un Conseiller en Investissement Financier est une personne qui exerce &agrave; titre professionnel une activit&eacute; de conseil portant sur la r&eacute;alisation de :</p>\r\n<ul class=\"default\">\r\n	<li>\r\n		Op&eacute;rations de banque sur instruments financiers&nbsp;;</li>\r\n	<li>\r\n		Op&eacute;rations de banque&nbsp;;</li>\r\n	<li>\r\n		Fourniture de services d&#39;investissement&nbsp;;</li>\r\n	<li>\r\n		Op&eacute;rations sur biens divers.</li>\r\n</ul>\r\n',1);
/*!40000 ALTER TABLE `sid_cabinet_page_cabinet_translation_version` ENABLE KEYS */;
UNLOCK TABLES;

--
-- Dumping data for table `sid_cabinet_recrutement`
--

LOCK TABLES `sid_cabinet_recrutement` WRITE;
/*!40000 ALTER TABLE `sid_cabinet_recrutement` DISABLE KEYS */;
INSERT INTO `sid_cabinet_recrutement` (`id`, `is_active`, `image`, `file`, `title_file`, `position`) VALUES (1,1,NULL,NULL,NULL,98937111),(2,1,NULL,NULL,NULL,98937110);
/*!40000 ALTER TABLE `sid_cabinet_recrutement` ENABLE KEYS */;
UNLOCK TABLES;

--
-- Dumping data for table `sid_cabinet_recrutement_translation`
--

LOCK TABLES `sid_cabinet_recrutement_translation` WRITE;
/*!40000 ALTER TABLE `sid_cabinet_recrutement_translation` DISABLE KEYS */;
INSERT INTO `sid_cabinet_recrutement_translation` (`id`, `title`, `text`, `lang`, `version`, `created_at`, `updated_at`) VALUES (1,'Collaborateur Paie Comptabilit, en CDI','<h5>\r\n	<u>Le poste:<br />\r\n	</u></h5>\r\n<p>\r\n	<br />\r\n	Dans le cadre d&rsquo;un accroissement de notre activit&eacute; Paie et Gestion sociale, nous recherchons un(e) Collaborateur(trice) Paie Comptabilit&eacute; pour assister la Responsable de mission en charge de cette activit&eacute; sur :</p>\r\n<ul>\r\n	<li>\r\n		\nle traitement des paies de nos clients,</li>\r\n	<li>\r\n		\nla r&eacute;alisation des d&eacute;clarations sociales et DADS,</li>\r\n	<li>\r\n		\nla gestion administrative du personnel (cong&eacute;s, RTT, tickets restaurant,...).\n</li>\r\n</ul>\r\n<p>\r\n	Ce(tte) collaborateur(trice) interviendra aussi, en assistance des &eacute;quipes d&#39;Externalisation Comptable sur la tenue comptable de soci&eacute;t&eacute;s diversifi&eacute;es:</p>\r\n<ul>\r\n	<li>\r\n		enregistrement de toutes les &eacute;critures comptables,</li>\r\n	<li>\r\n		&eacute;tablissement des&nbsp;&nbsp; d&eacute;clarations fiscales et sociales,\n</li>\r\n	<li>\r\n		rapprochements bancaires.</li>\r\n</ul>\r\n<p>\r\n	Le poste est en CDI &agrave; pouvoir imm&eacute;diatement sur notre implantation de Paris.</p>\r\n<h5>\r\n	<u>Votre profil</u></h5>\r\n<p>\r\n	<br />\r\n	De formation comptable (BTS souhait&eacute;), vous avez acquis une exp&eacute;rience d&#39;au moins 2 ans en cabinet d&#39;expertise comptable &agrave; un poste de comptable paie.<br />\r\n	Vous ma&icirc;trisez le logiciel de paie CCMX.<br />\r\n	\n\nVos qualit&eacute;s sont la cl&eacute; de votre r&eacute;ussite :</p>\r\n<ul>\r\n	<li>\r\n		bonnes connaissances de la paie et de&nbsp;&nbsp; la gestion sociale et de la comptabilit&eacute;,\n</li>\r\n	<li>\r\n		rigueur et esprit&nbsp;&nbsp; critique,\n</li>\r\n	<li>\r\n		respect des d&eacute;lais impartis,\n</li>\r\n	<li>\r\n		bonne maitrise des outils&nbsp;&nbsp; comptables, paie (CCMX) et bureautiques (Word, Excel, ...).</li>\r\n</ul>\r\n<p>\r\n	&nbsp;Si le poste vous int&eacute;resse, transmettez votre candidature (lettre de motivation et CV) &agrave; St&eacute;phanie L&eacute;ger, notre assistante de Direction sur nos bureaux de Poitiers.</p>\r\n<p>\r\n	&nbsp;{{nomcabinet}}<br />\r\n	15, rue de la Demi-Lune - BP 1119<br />\r\n	86061 POITIERS Cedex 9<br />\r\n	Email : <a href=\"mailto:sleger@lesiteducabinet.com\">sleger@lesiteducabinet.com</a></p>\r\n','fr',10,'2011-08-12 21:29:34','2011-12-29 16:16:02'),(2,'Collaborateur comptable, en CDD','<h5>\r\n	<u>Le poste</u></h5>\r\n<p>\r\n	<br />\r\n	Dans le cadre d&rsquo;un remplacement d&rsquo;une personne en cong&eacute; maternit&eacute;, nous recherchons un collaborateur(trice) comptable.<br />\r\n	Sous la supervision d&rsquo;un Chef de Mission, vous aurez &agrave; prendre en charge&nbsp;&nbsp; un portefeuille clients compos&eacute; principalement de BNC afin d&rsquo;y traiter&nbsp;&nbsp; tout l&rsquo;aspect comptable jusqu&rsquo;&agrave; l&rsquo;&eacute;laboration du bilan, liasse&nbsp;&nbsp; fiscale.\n\nLe poste est un CDD de 6 mois &agrave; partir de janvier 2010 avec de&nbsp;&nbsp; r&eacute;elles opportunit&eacute;s de CDI &agrave; l&rsquo;issue dans l&rsquo;une ou l&rsquo;autre de nos&nbsp;&nbsp; implantations.</p>\r\n<h5>\r\n	<u>Votre profil</u></h5>\r\n<p>\r\n	<br />\r\n	De formation BTS, DCG, vous avez acquis au moins 2 ans d&rsquo;exp&eacute;rience&nbsp;&nbsp; professionnelle en cabinet &agrave; un poste similaire. Vous &ecirc;tes automone,&nbsp;&nbsp; avec un vrai sens de l&rsquo;organisation et le go&ucirc;t de la relation clients.<br />\r\n	Si le poste vous int&eacute;resse, transmettez votre candidature (lettre de&nbsp;&nbsp; motivation et CV) &agrave; St&eacute;phanie L&eacute;ger, notre assistante de Direction sur&nbsp;&nbsp; nos bureaux de Poitiers.</p>\r\n<p>\r\n	&nbsp;{{nomcabinet}}<br />\r\n	15, rue de la Demi-Lune - BP 1119<br />\r\n	86061 POITIERS Cedex 9<br />\r\n	Email : <a href=\"mailto:sleger@lesiteducabinet.com\">sleger@lesiteducabinet.com</a></p>\r\n','fr',10,'2011-08-12 21:29:34','2011-12-29 16:16:02');
/*!40000 ALTER TABLE `sid_cabinet_recrutement_translation` ENABLE KEYS */;
UNLOCK TABLES;

--
-- Dumping data for table `sid_cabinet_recrutement_translation_version`
--

LOCK TABLES `sid_cabinet_recrutement_translation_version` WRITE;
/*!40000 ALTER TABLE `sid_cabinet_recrutement_translation_version` DISABLE KEYS */;
INSERT INTO `sid_cabinet_recrutement_translation_version` (`id`, `lang`, `title`, `text`, `version`) VALUES (1,'fr','tus felis at justo. Ut neque. Cras nec purus. Nam imperdiet massa sit amet mauris. Duis ultrices, torto','Donec ullamcorper lacus dapibus arcu. Donec porta pulvinar neque. Nam in augue. In et ante. In consequat. Nam viverra, dolor non sollicitudin tincidunt, sem nisi accumsan massa, ut varius magna ipsum nec sapien. Maecenas luctus pharetra sapien. Proin semper magna vel erat sagittis fermentum. Nullam vulputate semper velit. Pellentesque nulla justo, porta sit amet, tempus hendrerit, vehicula at, arcu. Morbi neque odio, mollis nec, lacinia in, elementum non, nisl. Proin ultrices interdum risus. Duis nec augue. In porttitor. Curabitur ut tellus id orci rutrum venenatis. Nullam venenatis justo et lorem. Vestibulum ante ipsum primis in faucibus orci luctus et ultrices posuere cubilia Curae; Donec justo enim, ullamcorper nec, ultricies quis, pellentesque convallis, elit. Vestibulum dignissim ultricies nisl.\n',1),(1,'fr','Collaborateur Paie Comptabilit, en CDI','<p>\r\n	Le poste:</p>\r\n<p>\r\n	&nbsp;Dans le cadre d&rsquo;un accroissement de notre activit&eacute; Paie et Gestion&nbsp;&nbsp; sociale, nous recherchons un(e) Collaborateur(trice) Paie Comptabilit&eacute;&nbsp;&nbsp; pour assister la Responsable de mission en charge de cette activit&eacute; sur&nbsp;&nbsp; :</p>\r\n<ul>\r\n	<li>\r\n		\nle traitement des paies de nos clients,</li>\r\n	<li>\r\n		\nla r&eacute;alisation des&nbsp;&nbsp; d&eacute;clarations sociales et DADS,</li>\r\n	<li>\r\n		\nla gestion administrative du personnel&nbsp;&nbsp; (cong&eacute;s, RTT, tickets restaurant,...).\n</li>\r\n</ul>\r\n<p>\r\n	Ce(tte) collaborateur(trice)&nbsp;&nbsp; interviendra aussi, en assistance des &eacute;quipes d&#39;Externalisation Comptable sur la tenue comptable de soci&eacute;t&eacute;s diversifi&eacute;es :</p>\r\n<ul>\r\n	<li>\r\n		enregistrement de toutes les &eacute;critures comptables,</li>\r\n	<li>\r\n		&eacute;tablissement des&nbsp;&nbsp; d&eacute;clarations fiscales et sociales,\n</li>\r\n	<li>\r\n		rapprochements bancaires.</li>\r\n</ul>\r\n<p>\r\n	Le poste est en CDI &agrave; pouvoir imm&eacute;diatement sur notre implantation de Paris.</p>\r\n<p>\r\n	Votre profil</p>\r\n<p>\r\n	De formation comptable (BTS souhait&eacute;), vous avez acquis une exp&eacute;rience d&#39;au moins 2 ans en cabinet d&#39;expertise comptable &agrave; un poste de comptable paie.</p>\r\n<p>\r\n	Vous ma&icirc;trisez le logiciel de paie CCMX.</p>\r\n<p>\r\n	\n\nVos qualit&eacute;s sont la cl&eacute; de votre r&eacute;ussite :</p>\r\n<ul>\r\n	<li>\r\n		bonnes connaissances de la paie et de&nbsp;&nbsp; la gestion sociale et de la comptabilit&eacute;,\n</li>\r\n	<li>\r\n		rigueur et esprit&nbsp;&nbsp; critique,\n</li>\r\n	<li>\r\n		respect des d&eacute;lais impartis,\n</li>\r\n	<li>\r\n		bonne maitrise des outils&nbsp;&nbsp; comptables, paie (CCMX) et bureautiques (Word, Excel, ...).</li>\r\n</ul>\r\n<p>\r\n	&nbsp;Si le poste vous int&eacute;resse, transmettez votre candidature (lettre de motivation et CV) &agrave; St&eacute;phanie L&eacute;ger, notre assistante de Direction sur nos bureaux de Poitiers.</p>\r\n<p>\r\n	&nbsp;Lenomducabinet</p>\r\n<p>\r\n	15, rue de la Demi-Lune - BP 1119</p>\r\n<p>\r\n	86061 POITIERS Cedex 9</p>\r\n<p>\r\n	&nbsp;Email : <a href=\"mailto:sleger@lesiteducabinet.com\">sleger@lesiteducabinet.com</a></p>\r\n',2),(1,'fr','Collaborateur Paie Comptabilit, en CDI','<p>\r\n	Le poste:<br />\r\n	Dans le cadre d&rsquo;un accroissement de notre activit&eacute; Paie et Gestion&nbsp;&nbsp; sociale, nous recherchons un(e) Collaborateur(trice) Paie Comptabilit&eacute;&nbsp;&nbsp; pour assister la Responsable de mission en charge de cette activit&eacute; sur&nbsp;&nbsp; :</p>\r\n<ul>\r\n	<li>\r\n		\nle traitement des paies de nos clients,</li>\r\n	<li>\r\n		\nla r&eacute;alisation des&nbsp;&nbsp; d&eacute;clarations sociales et DADS,</li>\r\n	<li>\r\n		\nla gestion administrative du personnel&nbsp;&nbsp; (cong&eacute;s, RTT, tickets restaurant,...).\n</li>\r\n</ul>\r\n<p>\r\n	Ce(tte) collaborateur(trice)&nbsp;&nbsp; interviendra aussi, en assistance des &eacute;quipes d&#39;Externalisation Comptable sur la tenue comptable de soci&eacute;t&eacute;s diversifi&eacute;es :</p>\r\n<ul>\r\n	<li>\r\n		enregistrement de toutes les &eacute;critures comptables,</li>\r\n	<li>\r\n		&eacute;tablissement des&nbsp;&nbsp; d&eacute;clarations fiscales et sociales,\n</li>\r\n	<li>\r\n		rapprochements bancaires.</li>\r\n</ul>\r\n<p>\r\n	Le poste est en CDI &agrave; pouvoir imm&eacute;diatement sur notre implantation de Paris.</p>\r\n<p>\r\n	Votre profil</p>\r\n<p>\r\n	De formation comptable (BTS souhait&eacute;), vous avez acquis une exp&eacute;rience d&#39;au moins 2 ans en cabinet d&#39;expertise comptable &agrave; un poste de comptable paie.<br />\r\n	Vous ma&icirc;trisez le logiciel de paie CCMX.<br />\r\n	\n\nVos qualit&eacute;s sont la cl&eacute; de votre r&eacute;ussite :</p>\r\n<ul>\r\n	<li>\r\n		bonnes connaissances de la paie et de&nbsp;&nbsp; la gestion sociale et de la comptabilit&eacute;,\n</li>\r\n	<li>\r\n		rigueur et esprit&nbsp;&nbsp; critique,\n</li>\r\n	<li>\r\n		respect des d&eacute;lais impartis,\n</li>\r\n	<li>\r\n		bonne maitrise des outils&nbsp;&nbsp; comptables, paie (CCMX) et bureautiques (Word, Excel, ...).</li>\r\n</ul>\r\n<p>\r\n	&nbsp;Si le poste vous int&eacute;resse, transmettez votre candidature (lettre de motivation et CV) &agrave; St&eacute;phanie L&eacute;ger, notre assistante de Direction sur nos bureaux de Poitiers.</p>\r\n<p>\r\n	&nbsp;Lenomducabinet<br />\r\n	15, rue de la Demi-Lune - BP 1119<br />\r\n	86061 POITIERS Cedex 9<br />\r\n	Email : <a href=\"mailto:sleger@lesiteducabinet.com\">sleger@lesiteducabinet.com</a></p>\r\n',3),(1,'fr','Collaborateur Paie Comptabilit, en CDI','<p>\r\n	Le poste:<br />\r\n	Dans le cadre d&rsquo;un accroissement de notre activit&eacute; Paie et Gestion&nbsp;&nbsp; sociale, nous recherchons un(e) Collaborateur(trice) Paie Comptabilit&eacute;&nbsp;&nbsp; pour assister la Responsable de mission en charge de cette activit&eacute; sur&nbsp;&nbsp; :</p>\r\n<ul>\r\n	<li>\r\n		\nle traitement des paies de nos clients,</li>\r\n	<li>\r\n		\nla r&eacute;alisation des&nbsp;&nbsp; d&eacute;clarations sociales et DADS,</li>\r\n	<li>\r\n		\nla gestion administrative du personnel&nbsp;&nbsp; (cong&eacute;s, RTT, tickets restaurant,...).\n</li>\r\n</ul>\r\n<p>\r\n	Ce(tte) collaborateur(trice)&nbsp;&nbsp; interviendra aussi, en assistance des &eacute;quipes d&#39;Externalisation Comptable sur la tenue comptable de soci&eacute;t&eacute;s diversifi&eacute;es :</p>\r\n<ul>\r\n	<li>\r\n		enregistrement de toutes les &eacute;critures comptables,</li>\r\n	<li>\r\n		&eacute;tablissement des&nbsp;&nbsp; d&eacute;clarations fiscales et sociales,\n</li>\r\n	<li>\r\n		rapprochements bancaires.</li>\r\n</ul>\r\n<p>\r\n	Le poste est en CDI &agrave; pouvoir imm&eacute;diatement sur notre implantation de Paris.</p>\r\n<p>\r\n	Votre profil</p>\r\n<p>\r\n	De formation comptable (BTS souhait&eacute;), vous avez acquis une exp&eacute;rience d&#39;au moins 2 ans en cabinet d&#39;expertise comptable &agrave; un poste de comptable paie.<br />\r\n	Vous ma&icirc;trisez le logiciel de paie CCMX.<br />\r\n	\n\nVos qualit&eacute;s sont la cl&eacute; de votre r&eacute;ussite :</p>\r\n<ul>\r\n	<li>\r\n		bonnes connaissances de la paie et de&nbsp;&nbsp; la gestion sociale et de la comptabilit&eacute;,\n</li>\r\n	<li>\r\n		rigueur et esprit&nbsp;&nbsp; critique,\n</li>\r\n	<li>\r\n		respect des d&eacute;lais impartis,\n</li>\r\n	<li>\r\n		bonne maitrise des outils&nbsp;&nbsp; comptables, paie (CCMX) et bureautiques (Word, Excel, ...).</li>\r\n</ul>\r\n<p>\r\n	&nbsp;Si le poste vous int&eacute;resse, transmettez votre candidature (lettre de motivation et CV) &agrave; St&eacute;phanie L&eacute;ger, notre assistante de Direction sur nos bureaux de Poitiers.</p>\r\n<p>\r\n	&nbsp;{{nomcabinet}}<br />\r\n	15, rue de la Demi-Lune - BP 1119<br />\r\n	86061 POITIERS Cedex 9<br />\r\n	Email : <a href=\"mailto:sleger@lesiteducabinet.com\">sleger@lesiteducabinet.com</a></p>\r\n',4),(1,'fr','Collaborateur Paie Comptabilit, en CDI','<h5>\r\n	<u>Le poste:<br />\r\n	</u></h5>\r\n<p>\r\n	Dans le cadre d&rsquo;un accroissement de notre activit&eacute; Paie et Gestion&nbsp;&nbsp; sociale, nous recherchons un(e) Collaborateur(trice) Paie Comptabilit&eacute;&nbsp;&nbsp; pour assister la Responsable de mission en charge de cette activit&eacute; sur&nbsp;&nbsp; :</p>\r\n<ul>\r\n	<li>\r\n		\nle traitement des paies de nos clients,</li>\r\n	<li>\r\n		\nla r&eacute;alisation des&nbsp;&nbsp; d&eacute;clarations sociales et DADS,</li>\r\n	<li>\r\n		\nla gestion administrative du personnel&nbsp;&nbsp; (cong&eacute;s, RTT, tickets restaurant,...).\n</li>\r\n</ul>\r\n<p>\r\n	Ce(tte) collaborateur(trice)&nbsp;&nbsp; interviendra aussi, en assistance des &eacute;quipes d&#39;Externalisation Comptable sur la tenue comptable de soci&eacute;t&eacute;s diversifi&eacute;es :</p>\r\n<ul>\r\n	<li>\r\n		enregistrement de toutes les &eacute;critures comptables,</li>\r\n	<li>\r\n		&eacute;tablissement des&nbsp;&nbsp; d&eacute;clarations fiscales et sociales,\n</li>\r\n	<li>\r\n		rapprochements bancaires.</li>\r\n</ul>\r\n<p>\r\n	Le poste est en CDI &agrave; pouvoir imm&eacute;diatement sur notre implantation de Paris.</p>\r\n<h5>\r\n	<u>Votre profil</u></h5>\r\n<p>\r\n	De formation comptable (BTS souhait&eacute;), vous avez acquis une exp&eacute;rience d&#39;au moins 2 ans en cabinet d&#39;expertise comptable &agrave; un poste de comptable paie.<br />\r\n	Vous ma&icirc;trisez le logiciel de paie CCMX.<br />\r\n	\n\nVos qualit&eacute;s sont la cl&eacute; de votre r&eacute;ussite :</p>\r\n<ul>\r\n	<li>\r\n		bonnes connaissances de la paie et de&nbsp;&nbsp; la gestion sociale et de la comptabilit&eacute;,\n</li>\r\n	<li>\r\n		rigueur et esprit&nbsp;&nbsp; critique,\n</li>\r\n	<li>\r\n		respect des d&eacute;lais impartis,\n</li>\r\n	<li>\r\n		bonne maitrise des outils&nbsp;&nbsp; comptables, paie (CCMX) et bureautiques (Word, Excel, ...).</li>\r\n</ul>\r\n<p>\r\n	&nbsp;Si le poste vous int&eacute;resse, transmettez votre candidature (lettre de motivation et CV) &agrave; St&eacute;phanie L&eacute;ger, notre assistante de Direction sur nos bureaux de Poitiers.</p>\r\n<p>\r\n	&nbsp;{{nomcabinet}}<br />\r\n	15, rue de la Demi-Lune - BP 1119<br />\r\n	86061 POITIERS Cedex 9<br />\r\n	Email : <a href=\"mailto:sleger@lesiteducabinet.com\">sleger@lesiteducabinet.com</a></p>\r\n',5),(1,'fr','Collaborateur Paie Comptabilit, en CDI','<h5>\r\n	<u>Le poste:<br />\r\n	</u></h5>\r\n<p>\r\n	<br />Dans le cadre d&rsquo;un accroissement de notre activit&eacute; Paie et Gestion&nbsp;&nbsp; sociale, nous recherchons un(e) Collaborateur(trice) Paie Comptabilit&eacute;&nbsp;&nbsp; pour assister la Responsable de mission en charge de cette activit&eacute; sur&nbsp;&nbsp; :</p>\r\n<ul>\r\n	<li>\r\n		\nle traitement des paies de nos clients,</li>\r\n	<li>\r\n		\nla r&eacute;alisation des&nbsp;&nbsp; d&eacute;clarations sociales et DADS,</li>\r\n	<li>\r\n		\nla gestion administrative du personnel&nbsp;&nbsp; (cong&eacute;s, RTT, tickets restaurant,...).\n</li>\r\n</ul>\r\n<p>\r\n	Ce(tte) collaborateur(trice)&nbsp;&nbsp; interviendra aussi, en assistance des &eacute;quipes d&#39;Externalisation Comptable sur la tenue comptable de soci&eacute;t&eacute;s diversifi&eacute;es :</p>\r\n<ul>\r\n	<li>\r\n		enregistrement de toutes les &eacute;critures comptables,</li>\r\n	<li>\r\n		&eacute;tablissement des&nbsp;&nbsp; d&eacute;clarations fiscales et sociales,\n</li>\r\n	<li>\r\n		rapprochements bancaires.</li>\r\n</ul>\r\n<p>\r\n	Le poste est en CDI &agrave; pouvoir imm&eacute;diatement sur notre implantation de Paris.</p>\r\n<h5>\r\n	<u>Votre profil</u></h5>\r\n<p>\r\n	<br />De formation comptable (BTS souhait&eacute;), vous avez acquis une exp&eacute;rience d&#39;au moins 2 ans en cabinet d&#39;expertise comptable &agrave; un poste de comptable paie.<br />\r\n	Vous ma&icirc;trisez le logiciel de paie CCMX.<br />\r\n	\n\nVos qualit&eacute;s sont la cl&eacute; de votre r&eacute;ussite :</p>\r\n<ul>\r\n	<li>\r\n		bonnes connaissances de la paie et de&nbsp;&nbsp; la gestion sociale et de la comptabilit&eacute;,\n</li>\r\n	<li>\r\n		rigueur et esprit&nbsp;&nbsp; critique,\n</li>\r\n	<li>\r\n		respect des d&eacute;lais impartis,\n</li>\r\n	<li>\r\n		bonne maitrise des outils&nbsp;&nbsp; comptables, paie (CCMX) et bureautiques (Word, Excel, ...).</li>\r\n</ul>\r\n<p>\r\n	&nbsp;Si le poste vous int&eacute;resse, transmettez votre candidature (lettre de motivation et CV) &agrave; St&eacute;phanie L&eacute;ger, notre assistante de Direction sur nos bureaux de Poitiers.</p>\r\n<p>\r\n	&nbsp;{{nomcabinet}}<br />\r\n	15, rue de la Demi-Lune - BP 1119<br />\r\n	86061 POITIERS Cedex 9<br />\r\n	Email : <a href=\"mailto:sleger@lesiteducabinet.com\">sleger@lesiteducabinet.com</a></p>\r\n',6),(1,'fr','Collaborateur Paie Comptabilit, en CDI','<h5>\r\n	<u>Le poste:<br />\r\n	</u></h5>\r\n<p>\r\n	<br />\r\n	Dans le cadre d&rsquo;un accroissement de notre activit&eacute; Paie et Gestion&nbsp;&nbsp; sociale, nous recherchons un(e) Collaborateur(trice) Paie Comptabilit&eacute;&nbsp;&nbsp; pour assister la Responsable de mission en charge de cette activit&eacute; sur&nbsp;&nbsp; :</p>\r\n<ul>\r\n	<li>\r\n		\nle traitement des paies de nos clients,</li>\r\n	<li>\r\n		\nla r&eacute;alisation des&nbsp;&nbsp; d&eacute;clarations sociales et DADS,</li>\r\n	<li>\r\n		\nla gestion administrative du personnel&nbsp;&nbsp; (cong&eacute;s, RTT, tickets restaurant,...).\n</li>\r\n</ul>\r\n<p>\r\n	Ce(tte) collaborateur(trice) interviendra aussi, en assistance des &eacute;quipes d&#39;Externalisation Comptable sur la tenue comptable de soci&eacute;t&eacute;s diversifi&eacute;es :</p>\r\n<ul>\r\n	<li>\r\n		enregistrement de toutes les &eacute;critures comptables,</li>\r\n	<li>\r\n		&eacute;tablissement des&nbsp;&nbsp; d&eacute;clarations fiscales et sociales,\n</li>\r\n	<li>\r\n		rapprochements bancaires.</li>\r\n</ul>\r\n<p>\r\n	Le poste est en CDI &agrave; pouvoir imm&eacute;diatement sur notre implantation de Paris.</p>\r\n<h5>\r\n	<u>Votre profil</u></h5>\r\n<p>\r\n	<br />\r\n	De formation comptable (BTS souhait&eacute;), vous avez acquis une exp&eacute;rience d&#39;au moins 2 ans en cabinet d&#39;expertise comptable &agrave; un poste de comptable paie.<br />\r\n	Vous ma&icirc;trisez le logiciel de paie CCMX.<br />\r\n	\n\nVos qualit&eacute;s sont la cl&eacute; de votre r&eacute;ussite :</p>\r\n<ul>\r\n	<li>\r\n		bonnes connaissances de la paie et de&nbsp;&nbsp; la gestion sociale et de la comptabilit&eacute;,\n</li>\r\n	<li>\r\n		rigueur et esprit&nbsp;&nbsp; critique,\n</li>\r\n	<li>\r\n		respect des d&eacute;lais impartis,\n</li>\r\n	<li>\r\n		bonne maitrise des outils&nbsp;&nbsp; comptables, paie (CCMX) et bureautiques (Word, Excel, ...).</li>\r\n</ul>\r\n<p>\r\n	&nbsp;Si le poste vous int&eacute;resse, transmettez votre candidature (lettre de motivation et CV) &agrave; St&eacute;phanie L&eacute;ger, notre assistante de Direction sur nos bureaux de Poitiers.</p>\r\n<p>\r\n	&nbsp;{{nomcabinet}}<br />\r\n	15, rue de la Demi-Lune - BP 1119<br />\r\n	86061 POITIERS Cedex 9<br />\r\n	Email : <a href=\"mailto:sleger@lesiteducabinet.com\">sleger@lesiteducabinet.com</a></p>\r\n',7),(1,'fr','Collaborateur Paie Comptabilit, en CDI','<h5>\r\n	<u>Le poste:<br />\r\n	</u></h5>\r\n<p>\r\n	<br />\r\n	Dans le cadre d&rsquo;un accroissement de notre activit&eacute; Paie et Gestion sociale, nous recherchons un(e) Collaborateur(trice) Paie Comptabilit&eacute; pour assister la Responsable de mission en charge de cette activit&eacute; sur :</p>\r\n<ul>\r\n	<li>\r\n		\nle traitement des paies de nos clients,</li>\r\n	<li>\r\n		\nla r&eacute;alisation des d&eacute;clarations sociales et DADS,</li>\r\n	<li>\r\n		\nla gestion administrative du personnel (cong&eacute;s, RTT, tickets restaurant,...).\n</li>\r\n</ul>\r\n<p>\r\n	Ce(tte) collaborateur(trice) interviendra aussi, en assistance des &eacute;quipes d&#39;Externalisation Comptable sur la tenue comptable de soci&eacute;t&eacute;s diversifi&eacute;es :</p>\r\n<ul>\r\n	<li>\r\n		enregistrement de toutes les &eacute;critures comptables,</li>\r\n	<li>\r\n		&eacute;tablissement des&nbsp;&nbsp; d&eacute;clarations fiscales et sociales,\n</li>\r\n	<li>\r\n		rapprochements bancaires.</li>\r\n</ul>\r\n<p>\r\n	Le poste est en CDI &agrave; pouvoir imm&eacute;diatement sur notre implantation de Paris.</p>\r\n<h5>\r\n	<u>Votre profil</u></h5>\r\n<p>\r\n	<br />\r\n	De formation comptable (BTS souhait&eacute;), vous avez acquis une exp&eacute;rience d&#39;au moins 2 ans en cabinet d&#39;expertise comptable &agrave; un poste de comptable paie.<br />\r\n	Vous ma&icirc;trisez le logiciel de paie CCMX.<br />\r\n	\n\nVos qualit&eacute;s sont la cl&eacute; de votre r&eacute;ussite :</p>\r\n<ul>\r\n	<li>\r\n		bonnes connaissances de la paie et de&nbsp;&nbsp; la gestion sociale et de la comptabilit&eacute;,\n</li>\r\n	<li>\r\n		rigueur et esprit&nbsp;&nbsp; critique,\n</li>\r\n	<li>\r\n		respect des d&eacute;lais impartis,\n</li>\r\n	<li>\r\n		bonne maitrise des outils&nbsp;&nbsp; comptables, paie (CCMX) et bureautiques (Word, Excel, ...).</li>\r\n</ul>\r\n<p>\r\n	&nbsp;Si le poste vous int&eacute;resse, transmettez votre candidature (lettre de motivation et CV) &agrave; St&eacute;phanie L&eacute;ger, notre assistante de Direction sur nos bureaux de Poitiers.</p>\r\n<p>\r\n	&nbsp;{{nomcabinet}}<br />\r\n	15, rue de la Demi-Lune - BP 1119<br />\r\n	86061 POITIERS Cedex 9<br />\r\n	Email : <a href=\"mailto:sleger@lesiteducabinet.com\">sleger@lesiteducabinet.com</a></p>\r\n',8),(1,'fr','Collaborateur Paie Comptabilit, en CDI','<h5>\r\n	<u>Le poste:<br />\r\n	</u></h5>\r\n<p>\r\n	<br />\r\n	Dans le cadre d&rsquo;un accroissement de notre activit&eacute; Paie et Gestion sociale, nous recherchons un(e) Collaborateur(trice) Paie Comptabilit&eacute; pour assister la Responsable de mission en charge de cette activit&eacute; sur :</p>\r\n<ul>\r\n	<li>\r\n		\nle traitement des paies de nos clients,</li>\r\n	<li>\r\n		\nla r&eacute;alisation des d&eacute;clarations sociales et DADS,</li>\r\n	<li>\r\n		\nla gestion administrative du personnel (cong&eacute;s, RTT, tickets restaurant,...).\n</li>\r\n</ul>\r\n<p>\r\n	Ce(tte) collaborateur(trice) interviendra en assistance des &eacute;quipes d&#39;Externalisation Comptable sur la tenue comptable de soci&eacute;t&eacute;s diversifi&eacute;es :</p>\r\n<ul>\r\n	<li>\r\n		enregistrement de toutes les &eacute;critures comptables,</li>\r\n	<li>\r\n		&eacute;tablissement des&nbsp;&nbsp; d&eacute;clarations fiscales et sociales,\n</li>\r\n	<li>\r\n		rapprochements bancaires.</li>\r\n</ul>\r\n<p>\r\n	Le poste est en CDI &agrave; pouvoir imm&eacute;diatement sur notre implantation de Paris.</p>\r\n<h5>\r\n	<u>Votre profil</u></h5>\r\n<p>\r\n	<br />\r\n	De formation comptable (BTS souhait&eacute;), vous avez acquis une exp&eacute;rience d&#39;au moins 2 ans en cabinet d&#39;expertise comptable &agrave; un poste de comptable paie.<br />\r\n	Vous ma&icirc;trisez le logiciel de paie CCMX.<br />\r\n	\n\nVos qualit&eacute;s sont la cl&eacute; de votre r&eacute;ussite :</p>\r\n<ul>\r\n	<li>\r\n		bonnes connaissances de la paie et de&nbsp;&nbsp; la gestion sociale et de la comptabilit&eacute;,\n</li>\r\n	<li>\r\n		rigueur et esprit&nbsp;&nbsp; critique,\n</li>\r\n	<li>\r\n		respect des d&eacute;lais impartis,\n</li>\r\n	<li>\r\n		bonne maitrise des outils&nbsp;&nbsp; comptables, paie (CCMX) et bureautiques (Word, Excel, ...).</li>\r\n</ul>\r\n<p>\r\n	&nbsp;Si le poste vous int&eacute;resse, transmettez votre candidature (lettre de motivation et CV) &agrave; St&eacute;phanie L&eacute;ger, notre assistante de Direction sur nos bureaux de Poitiers.</p>\r\n<p>\r\n	&nbsp;{{nomcabinet}}<br />\r\n	15, rue de la Demi-Lune - BP 1119<br />\r\n	86061 POITIERS Cedex 9<br />\r\n	Email : <a href=\"mailto:sleger@lesiteducabinet.com\">sleger@lesiteducabinet.com</a></p>\r\n',9),(1,'fr','Collaborateur Paie Comptabilit, en CDI','<h5>\r\n	<u>Le poste:<br />\r\n	</u></h5>\r\n<p>\r\n	<br />\r\n	Dans le cadre d&rsquo;un accroissement de notre activit&eacute; Paie et Gestion sociale, nous recherchons un(e) Collaborateur(trice) Paie Comptabilit&eacute; pour assister la Responsable de mission en charge de cette activit&eacute; sur :</p>\r\n<ul>\r\n	<li>\r\n		\nle traitement des paies de nos clients,</li>\r\n	<li>\r\n		\nla r&eacute;alisation des d&eacute;clarations sociales et DADS,</li>\r\n	<li>\r\n		\nla gestion administrative du personnel (cong&eacute;s, RTT, tickets restaurant,...).\n</li>\r\n</ul>\r\n<p>\r\n	Ce(tte) collaborateur(trice) interviendra aussi, en assistance des &eacute;quipes d&#39;Externalisation Comptable sur la tenue comptable de soci&eacute;t&eacute;s diversifi&eacute;es:</p>\r\n<ul>\r\n	<li>\r\n		enregistrement de toutes les &eacute;critures comptables,</li>\r\n	<li>\r\n		&eacute;tablissement des&nbsp;&nbsp; d&eacute;clarations fiscales et sociales,\n</li>\r\n	<li>\r\n		rapprochements bancaires.</li>\r\n</ul>\r\n<p>\r\n	Le poste est en CDI &agrave; pouvoir imm&eacute;diatement sur notre implantation de Paris.</p>\r\n<h5>\r\n	<u>Votre profil</u></h5>\r\n<p>\r\n	<br />\r\n	De formation comptable (BTS souhait&eacute;), vous avez acquis une exp&eacute;rience d&#39;au moins 2 ans en cabinet d&#39;expertise comptable &agrave; un poste de comptable paie.<br />\r\n	Vous ma&icirc;trisez le logiciel de paie CCMX.<br />\r\n	\n\nVos qualit&eacute;s sont la cl&eacute; de votre r&eacute;ussite :</p>\r\n<ul>\r\n	<li>\r\n		bonnes connaissances de la paie et de&nbsp;&nbsp; la gestion sociale et de la comptabilit&eacute;,\n</li>\r\n	<li>\r\n		rigueur et esprit&nbsp;&nbsp; critique,\n</li>\r\n	<li>\r\n		respect des d&eacute;lais impartis,\n</li>\r\n	<li>\r\n		bonne maitrise des outils&nbsp;&nbsp; comptables, paie (CCMX) et bureautiques (Word, Excel, ...).</li>\r\n</ul>\r\n<p>\r\n	&nbsp;Si le poste vous int&eacute;resse, transmettez votre candidature (lettre de motivation et CV) &agrave; St&eacute;phanie L&eacute;ger, notre assistante de Direction sur nos bureaux de Poitiers.</p>\r\n<p>\r\n	&nbsp;{{nomcabinet}}<br />\r\n	15, rue de la Demi-Lune - BP 1119<br />\r\n	86061 POITIERS Cedex 9<br />\r\n	Email : <a href=\"mailto:sleger@lesiteducabinet.com\">sleger@lesiteducabinet.com</a></p>\r\n',10),(2,'fr','Collaborateur comptable, en CDD','<p>\r\n	Le poste</p>\r\n<p>\r\n	Dans le cadre d&rsquo;un remplacement d&rsquo;une personne en cong&eacute; maternit&eacute;, nous recherchons un collaborateur(trice) comptable.</p>\r\n<p>\r\n	Sous la supervision d&rsquo;un Chef de Mission, vous aurez &agrave; prendre en charge&nbsp;&nbsp; un portefeuille clients compos&eacute; principalement de BNC afin d&rsquo;y traiter&nbsp;&nbsp; tout l&rsquo;aspect comptable jusqu&rsquo;&agrave; l&rsquo;&eacute;laboration du bilan, liasse&nbsp;&nbsp; fiscale.\n\nLe poste est un CDD de 6 mois &agrave; partir de janvier 2010 avec de&nbsp;&nbsp; r&eacute;elles opportunit&eacute;s de CDI &agrave; l&rsquo;issue dans l&rsquo;une ou l&rsquo;autre de nos&nbsp;&nbsp; implantations.</p>\r\n<p>\r\n	Votre profil</p>\r\n<p>\r\n	&nbsp;De formation BTS, DCG, vous avez acquis au moins 2 ans d&rsquo;exp&eacute;rience&nbsp;&nbsp; professionnelle en cabinet &agrave; un poste similaire. Vous &ecirc;tes automone,&nbsp;&nbsp; avec un vrai sens de l&rsquo;organisation et le go&ucirc;t de la relation clients.</p>\r\n<p>\r\n	&nbsp;Si le poste vous int&eacute;resse, transmettez votre candidature (lettre de&nbsp;&nbsp; motivation et CV) &agrave; St&eacute;phanie L&eacute;ger, notre assistante de Direction sur&nbsp;&nbsp; nos bureaux de Poitiers.</p>\r\n<p>\r\n	&nbsp;Lenomducabinet</p>\r\n<p>\r\n	15, rue de la Demi-Lune - BP 1119</p>\r\n<p>\r\n	86061 POITIERS Cedex 9</p>\r\n<p>\r\n	&nbsp;Email : <a href=\"mailto:sleger@lesiteducabinet.com\">sleger@lesiteducabinet.com</a></p>\r\n',1),(2,'fr','Collaborateur comptable, en CDD','<p>\r\n	Le poste<br />\r\n	Dans le cadre d&rsquo;un remplacement d&rsquo;une personne en cong&eacute; maternit&eacute;, nous recherchons un collaborateur(trice) comptable.<br />\r\n	Sous la supervision d&rsquo;un Chef de Mission, vous aurez &agrave; prendre en charge&nbsp;&nbsp; un portefeuille clients compos&eacute; principalement de BNC afin d&rsquo;y traiter&nbsp;&nbsp; tout l&rsquo;aspect comptable jusqu&rsquo;&agrave; l&rsquo;&eacute;laboration du bilan, liasse&nbsp;&nbsp; fiscale.\n\nLe poste est un CDD de 6 mois &agrave; partir de janvier 2010 avec de&nbsp;&nbsp; r&eacute;elles opportunit&eacute;s de CDI &agrave; l&rsquo;issue dans l&rsquo;une ou l&rsquo;autre de nos&nbsp;&nbsp; implantations.</p>\r\n<p>\r\n	Votre profil</p>\r\n<p>\r\n	&nbsp;De formation BTS, DCG, vous avez acquis au moins 2 ans d&rsquo;exp&eacute;rience&nbsp;&nbsp; professionnelle en cabinet &agrave; un poste similaire. Vous &ecirc;tes automone,&nbsp;&nbsp; avec un vrai sens de l&rsquo;organisation et le go&ucirc;t de la relation clients.<br />\r\n	Si le poste vous int&eacute;resse, transmettez votre candidature (lettre de&nbsp;&nbsp; motivation et CV) &agrave; St&eacute;phanie L&eacute;ger, notre assistante de Direction sur&nbsp;&nbsp; nos bureaux de Poitiers.</p>\r\n<p>\r\n	&nbsp;Lenomducabinet<br />\r\n	15, rue de la Demi-Lune - BP 1119<br />\r\n	86061 POITIERS Cedex 9<br />\r\n	Email : <a href=\"mailto:sleger@lesiteducabinet.com\">sleger@lesiteducabinet.com</a></p>\r\n',2),(2,'fr','Collaborateur comptable, en CDD','<p>\r\n	Le poste<br />\r\n	Dans le cadre d&rsquo;un remplacement d&rsquo;une personne en cong&eacute; maternit&eacute;, nous recherchons un collaborateur(trice) comptable.<br />\r\n	Sous la supervision d&rsquo;un Chef de Mission, vous aurez &agrave; prendre en charge&nbsp;&nbsp; un portefeuille clients compos&eacute; principalement de BNC afin d&rsquo;y traiter&nbsp;&nbsp; tout l&rsquo;aspect comptable jusqu&rsquo;&agrave; l&rsquo;&eacute;laboration du bilan, liasse&nbsp;&nbsp; fiscale.\n\nLe poste est un CDD de 6 mois &agrave; partir de janvier 2010 avec de&nbsp;&nbsp; r&eacute;elles opportunit&eacute;s de CDI &agrave; l&rsquo;issue dans l&rsquo;une ou l&rsquo;autre de nos&nbsp;&nbsp; implantations.</p>\r\n<p>\r\n	Votre profil</p>\r\n<p>\r\n	&nbsp;De formation BTS, DCG, vous avez acquis au moins 2 ans d&rsquo;exp&eacute;rience&nbsp;&nbsp; professionnelle en cabinet &agrave; un poste similaire. Vous &ecirc;tes automone,&nbsp;&nbsp; avec un vrai sens de l&rsquo;organisation et le go&ucirc;t de la relation clients.<br />\r\n	Si le poste vous int&eacute;resse, transmettez votre candidature (lettre de&nbsp;&nbsp; motivation et CV) &agrave; St&eacute;phanie L&eacute;ger, notre assistante de Direction sur&nbsp;&nbsp; nos bureaux de Poitiers.</p>\r\n<p>\r\n	&nbsp;{{nomcabinet}}<br />\r\n	15, rue de la Demi-Lune - BP 1119<br />\r\n	86061 POITIERS Cedex 9<br />\r\n	Email : <a href=\"mailto:sleger@lesiteducabinet.com\">sleger@lesiteducabinet.com</a></p>\r\n',3),(2,'fr','Collaborateur comptable, en CDD','<h3>\r\n	Le poste</h3>\r\n<p>\r\n	Dans le cadre d&rsquo;un remplacement d&rsquo;une personne en cong&eacute; maternit&eacute;, nous recherchons un collaborateur(trice) comptable.<br />\r\n	Sous la supervision d&rsquo;un Chef de Mission, vous aurez &agrave; prendre en charge&nbsp;&nbsp; un portefeuille clients compos&eacute; principalement de BNC afin d&rsquo;y traiter&nbsp;&nbsp; tout l&rsquo;aspect comptable jusqu&rsquo;&agrave; l&rsquo;&eacute;laboration du bilan, liasse&nbsp;&nbsp; fiscale.\n\nLe poste est un CDD de 6 mois &agrave; partir de janvier 2010 avec de&nbsp;&nbsp; r&eacute;elles opportunit&eacute;s de CDI &agrave; l&rsquo;issue dans l&rsquo;une ou l&rsquo;autre de nos&nbsp;&nbsp; implantations.</p>\r\n<h3>\r\n	Votre profil</h3>\r\n<p>\r\n	&nbsp;De formation BTS, DCG, vous avez acquis au moins 2 ans d&rsquo;exp&eacute;rience&nbsp;&nbsp; professionnelle en cabinet &agrave; un poste similaire. Vous &ecirc;tes automone,&nbsp;&nbsp; avec un vrai sens de l&rsquo;organisation et le go&ucirc;t de la relation clients.<br />\r\n	Si le poste vous int&eacute;resse, transmettez votre candidature (lettre de&nbsp;&nbsp; motivation et CV) &agrave; St&eacute;phanie L&eacute;ger, notre assistante de Direction sur&nbsp;&nbsp; nos bureaux de Poitiers.</p>\r\n<p>\r\n	&nbsp;{{nomcabinet}}<br />\r\n	15, rue de la Demi-Lune - BP 1119<br />\r\n	86061 POITIERS Cedex 9<br />\r\n	Email : <a href=\"mailto:sleger@lesiteducabinet.com\">sleger@lesiteducabinet.com</a></p>\r\n',4),(2,'fr','Collaborateur comptable, en CDD','<h4>\r\n	<u>Le poste</u></h4>\r\n<p>\r\n	Dans le cadre d&rsquo;un remplacement d&rsquo;une personne en cong&eacute; maternit&eacute;, nous recherchons un collaborateur(trice) comptable.<br />\r\n	Sous la supervision d&rsquo;un Chef de Mission, vous aurez &agrave; prendre en charge&nbsp;&nbsp; un portefeuille clients compos&eacute; principalement de BNC afin d&rsquo;y traiter&nbsp;&nbsp; tout l&rsquo;aspect comptable jusqu&rsquo;&agrave; l&rsquo;&eacute;laboration du bilan, liasse&nbsp;&nbsp; fiscale.\n\nLe poste est un CDD de 6 mois &agrave; partir de janvier 2010 avec de&nbsp;&nbsp; r&eacute;elles opportunit&eacute;s de CDI &agrave; l&rsquo;issue dans l&rsquo;une ou l&rsquo;autre de nos&nbsp;&nbsp; implantations.</p>\r\n<h4>\r\n	<u>Votre profil</u></h4>\r\n<p>\r\n	&nbsp;De formation BTS, DCG, vous avez acquis au moins 2 ans d&rsquo;exp&eacute;rience&nbsp;&nbsp; professionnelle en cabinet &agrave; un poste similaire. Vous &ecirc;tes automone,&nbsp;&nbsp; avec un vrai sens de l&rsquo;organisation et le go&ucirc;t de la relation clients.<br />\r\n	Si le poste vous int&eacute;resse, transmettez votre candidature (lettre de&nbsp;&nbsp; motivation et CV) &agrave; St&eacute;phanie L&eacute;ger, notre assistante de Direction sur&nbsp;&nbsp; nos bureaux de Poitiers.</p>\r\n<p>\r\n	&nbsp;{{nomcabinet}}<br />\r\n	15, rue de la Demi-Lune - BP 1119<br />\r\n	86061 POITIERS Cedex 9<br />\r\n	Email : <a href=\"mailto:sleger@lesiteducabinet.com\">sleger@lesiteducabinet.com</a></p>\r\n',5),(2,'fr','Collaborateur comptable, en CDD','<h5>\r\n	<u>Le poste</u></h5>\r\n<p>\r\n	Dans le cadre d&rsquo;un remplacement d&rsquo;une personne en cong&eacute; maternit&eacute;, nous recherchons un collaborateur(trice) comptable.<br />\r\n	Sous la supervision d&rsquo;un Chef de Mission, vous aurez &agrave; prendre en charge&nbsp;&nbsp; un portefeuille clients compos&eacute; principalement de BNC afin d&rsquo;y traiter&nbsp;&nbsp; tout l&rsquo;aspect comptable jusqu&rsquo;&agrave; l&rsquo;&eacute;laboration du bilan, liasse&nbsp;&nbsp; fiscale.\n\nLe poste est un CDD de 6 mois &agrave; partir de janvier 2010 avec de&nbsp;&nbsp; r&eacute;elles opportunit&eacute;s de CDI &agrave; l&rsquo;issue dans l&rsquo;une ou l&rsquo;autre de nos&nbsp;&nbsp; implantations.</p>\r\n<h5>\r\n	<u>Votre profil</u></h5>\r\n<p>\r\n	&nbsp;De formation BTS, DCG, vous avez acquis au moins 2 ans d&rsquo;exp&eacute;rience&nbsp;&nbsp; professionnelle en cabinet &agrave; un poste similaire. Vous &ecirc;tes automone,&nbsp;&nbsp; avec un vrai sens de l&rsquo;organisation et le go&ucirc;t de la relation clients.<br />\r\n	Si le poste vous int&eacute;resse, transmettez votre candidature (lettre de&nbsp;&nbsp; motivation et CV) &agrave; St&eacute;phanie L&eacute;ger, notre assistante de Direction sur&nbsp;&nbsp; nos bureaux de Poitiers.</p>\r\n<p>\r\n	&nbsp;{{nomcabinet}}<br />\r\n	15, rue de la Demi-Lune - BP 1119<br />\r\n	86061 POITIERS Cedex 9<br />\r\n	Email : <a href=\"mailto:sleger@lesiteducabinet.com\">sleger@lesiteducabinet.com</a></p>\r\n',6),(2,'fr','Collaborateur comptable, en CDD','<h5>\r\n	<u>Le poste</u></h5>\r\n<p>\r\n	&nbsp;</p>\r\n<p>\r\n	Dans le cadre d&rsquo;un remplacement d&rsquo;une personne en cong&eacute; maternit&eacute;, nous recherchons un collaborateur(trice) comptable.<br />\r\n	Sous la supervision d&rsquo;un Chef de Mission, vous aurez &agrave; prendre en charge&nbsp;&nbsp; un portefeuille clients compos&eacute; principalement de BNC afin d&rsquo;y traiter&nbsp;&nbsp; tout l&rsquo;aspect comptable jusqu&rsquo;&agrave; l&rsquo;&eacute;laboration du bilan, liasse&nbsp;&nbsp; fiscale.\n\nLe poste est un CDD de 6 mois &agrave; partir de janvier 2010 avec de&nbsp;&nbsp; r&eacute;elles opportunit&eacute;s de CDI &agrave; l&rsquo;issue dans l&rsquo;une ou l&rsquo;autre de nos&nbsp;&nbsp; implantations.</p>\r\n<h5>\r\n	<u>Votre profil</u></h5>\r\n<p>\r\n	&nbsp;</p>\r\n<p>\r\n	&nbsp;De formation BTS, DCG, vous avez acquis au moins 2 ans d&rsquo;exp&eacute;rience&nbsp;&nbsp; professionnelle en cabinet &agrave; un poste similaire. Vous &ecirc;tes automone,&nbsp;&nbsp; avec un vrai sens de l&rsquo;organisation et le go&ucirc;t de la relation clients.<br />\r\n	Si le poste vous int&eacute;resse, transmettez votre candidature (lettre de&nbsp;&nbsp; motivation et CV) &agrave; St&eacute;phanie L&eacute;ger, notre assistante de Direction sur&nbsp;&nbsp; nos bureaux de Poitiers.</p>\r\n<p>\r\n	&nbsp;{{nomcabinet}}<br />\r\n	15, rue de la Demi-Lune - BP 1119<br />\r\n	86061 POITIERS Cedex 9<br />\r\n	Email : <a href=\"mailto:sleger@lesiteducabinet.com\">sleger@lesiteducabinet.com</a></p>\r\n',7),(2,'fr','Collaborateur comptable, en CDD','<h5>\r\n	<u>Le poste</u></h5>\r\n<p>\r\n	Dans le cadre d&rsquo;un remplacement d&rsquo;une personne en cong&eacute; maternit&eacute;, nous recherchons un collaborateur(trice) comptable.<br />\r\n	Sous la supervision d&rsquo;un Chef de Mission, vous aurez &agrave; prendre en charge&nbsp;&nbsp; un portefeuille clients compos&eacute; principalement de BNC afin d&rsquo;y traiter&nbsp;&nbsp; tout l&rsquo;aspect comptable jusqu&rsquo;&agrave; l&rsquo;&eacute;laboration du bilan, liasse&nbsp;&nbsp; fiscale.\n\nLe poste est un CDD de 6 mois &agrave; partir de janvier 2010 avec de&nbsp;&nbsp; r&eacute;elles opportunit&eacute;s de CDI &agrave; l&rsquo;issue dans l&rsquo;une ou l&rsquo;autre de nos&nbsp;&nbsp; implantations.</p>\r\n<h5>\r\n	Votre profil</h5>\r\n<p>\r\n	&nbsp;De formation BTS, DCG, vous avez acquis au moins 2 ans d&rsquo;exp&eacute;rience&nbsp;&nbsp; professionnelle en cabinet &agrave; un poste similaire. Vous &ecirc;tes automone,&nbsp;&nbsp; avec un vrai sens de l&rsquo;organisation et le go&ucirc;t de la relation clients.<br />\r\n	Si le poste vous int&eacute;resse, transmettez votre candidature (lettre de&nbsp;&nbsp; motivation et CV) &agrave; St&eacute;phanie L&eacute;ger, notre assistante de Direction sur&nbsp;&nbsp; nos bureaux de Poitiers.</p>\r\n<p>\r\n	&nbsp;{{nomcabinet}}<br />\r\n	15, rue de la Demi-Lune - BP 1119<br />\r\n	86061 POITIERS Cedex 9<br />\r\n	Email : <a href=\"mailto:sleger@lesiteducabinet.com\">sleger@lesiteducabinet.com</a></p>\r\n',8),(2,'fr','Collaborateur comptable, en CDD','<h5>\r\n	<u>Le poste</u></h5>\r\n<p>\r\n	<br />Dans le cadre d&rsquo;un remplacement d&rsquo;une personne en cong&eacute; maternit&eacute;, nous recherchons un collaborateur(trice) comptable.<br />\r\n	Sous la supervision d&rsquo;un Chef de Mission, vous aurez &agrave; prendre en charge&nbsp;&nbsp; un portefeuille clients compos&eacute; principalement de BNC afin d&rsquo;y traiter&nbsp;&nbsp; tout l&rsquo;aspect comptable jusqu&rsquo;&agrave; l&rsquo;&eacute;laboration du bilan, liasse&nbsp;&nbsp; fiscale.\n\nLe poste est un CDD de 6 mois &agrave; partir de janvier 2010 avec de&nbsp;&nbsp; r&eacute;elles opportunit&eacute;s de CDI &agrave; l&rsquo;issue dans l&rsquo;une ou l&rsquo;autre de nos&nbsp;&nbsp; implantations.</p>\r\n<h5>\r\n	<u>Votre profil</u></h5>\r\n<p>\r\n	<br />De formation BTS, DCG, vous avez acquis au moins 2 ans d&rsquo;exp&eacute;rience&nbsp;&nbsp; professionnelle en cabinet &agrave; un poste similaire. Vous &ecirc;tes automone,&nbsp;&nbsp; avec un vrai sens de l&rsquo;organisation et le go&ucirc;t de la relation clients.<br />\r\n	Si le poste vous int&eacute;resse, transmettez votre candidature (lettre de&nbsp;&nbsp; motivation et CV) &agrave; St&eacute;phanie L&eacute;ger, notre assistante de Direction sur&nbsp;&nbsp; nos bureaux de Poitiers.</p>\r\n<p>\r\n	&nbsp;{{nomcabinet}}<br />\r\n	15, rue de la Demi-Lune - BP 1119<br />\r\n	86061 POITIERS Cedex 9<br />\r\n	Email : <a href=\"mailto:sleger@lesiteducabinet.com\">sleger@lesiteducabinet.com</a></p>\r\n',9),(2,'fr','Collaborateur comptable, en CDD','<h5>\r\n	<u>Le poste</u></h5>\r\n<p>\r\n	<br />\r\n	Dans le cadre d&rsquo;un remplacement d&rsquo;une personne en cong&eacute; maternit&eacute;, nous recherchons un collaborateur(trice) comptable.<br />\r\n	Sous la supervision d&rsquo;un Chef de Mission, vous aurez &agrave; prendre en charge&nbsp;&nbsp; un portefeuille clients compos&eacute; principalement de BNC afin d&rsquo;y traiter&nbsp;&nbsp; tout l&rsquo;aspect comptable jusqu&rsquo;&agrave; l&rsquo;&eacute;laboration du bilan, liasse&nbsp;&nbsp; fiscale.\n\nLe poste est un CDD de 6 mois &agrave; partir de janvier 2010 avec de&nbsp;&nbsp; r&eacute;elles opportunit&eacute;s de CDI &agrave; l&rsquo;issue dans l&rsquo;une ou l&rsquo;autre de nos&nbsp;&nbsp; implantations.</p>\r\n<h5>\r\n	<u>Votre profil</u></h5>\r\n<p>\r\n	<br />\r\n	De formation BTS, DCG, vous avez acquis au moins 2 ans d&rsquo;exp&eacute;rience&nbsp;&nbsp; professionnelle en cabinet &agrave; un poste similaire. Vous &ecirc;tes automone,&nbsp;&nbsp; avec un vrai sens de l&rsquo;organisation et le go&ucirc;t de la relation clients.<br />\r\n	Si le poste vous int&eacute;resse, transmettez votre candidature (lettre de&nbsp;&nbsp; motivation et CV) &agrave; St&eacute;phanie L&eacute;ger, notre assistante de Direction sur&nbsp;&nbsp; nos bureaux de Poitiers.</p>\r\n<p>\r\n	&nbsp;{{nomcabinet}}<br />\r\n	15, rue de la Demi-Lune - BP 1119<br />\r\n	86061 POITIERS Cedex 9<br />\r\n	Email : <a href=\"mailto:sleger@lesiteducabinet.com\">sleger@lesiteducabinet.com</a></p>\r\n',10);
/*!40000 ALTER TABLE `sid_cabinet_recrutement_translation_version` ENABLE KEYS */;
UNLOCK TABLES;

--
-- Dumping data for table `sid_cabinet_selection_placement`
--

LOCK TABLES `sid_cabinet_selection_placement` WRITE;
/*!40000 ALTER TABLE `sid_cabinet_selection_placement` DISABLE KEYS */;
/*!40000 ALTER TABLE `sid_cabinet_selection_placement` ENABLE KEYS */;
UNLOCK TABLES;

--
-- Dumping data for table `sid_cabinet_selection_placement_translation`
--

LOCK TABLES `sid_cabinet_selection_placement_translation` WRITE;
/*!40000 ALTER TABLE `sid_cabinet_selection_placement_translation` DISABLE KEYS */;
/*!40000 ALTER TABLE `sid_cabinet_selection_placement_translation` ENABLE KEYS */;
UNLOCK TABLES;

--
-- Dumping data for table `sid_cabinet_selection_placement_translation_version`
--

LOCK TABLES `sid_cabinet_selection_placement_translation_version` WRITE;
/*!40000 ALTER TABLE `sid_cabinet_selection_placement_translation_version` DISABLE KEYS */;
/*!40000 ALTER TABLE `sid_cabinet_selection_placement_translation_version` ENABLE KEYS */;
UNLOCK TABLES;

--
-- Dumping data for table `sid_constantes`
--

LOCK TABLES `sid_constantes` WRITE;
/*!40000 ALTER TABLE `sid_constantes` DISABLE KEYS */;
INSERT INTO `sid_constantes` (`id`, `name`, `is_active`, `position`) VALUES (1,'nomcabinet',1,NULL),(2,'adressecabinet',1,NULL),(3,'recrutement',1,NULL),(4,'actualites_du_cabinet',1,NULL),(5,'slogancabinet',1,NULL),(6,'nom_page_contact',1,-1);
/*!40000 ALTER TABLE `sid_constantes` ENABLE KEYS */;
UNLOCK TABLES;

--
-- Dumping data for table `sid_constantes_translation`
--

LOCK TABLES `sid_constantes_translation` WRITE;
/*!40000 ALTER TABLE `sid_constantes_translation` DISABLE KEYS */;
INSERT INTO `sid_constantes_translation` (`id`, `content`, `lang`, `created_at`, `updated_at`, `version`) VALUES (1,'Le nom du cabinet','fr','0000-00-00 00:00:00','0000-00-00 00:00:00',NULL),(2,'16, rue du 4 Septembre - 75002 Paris','fr','0000-00-00 00:00:00','0000-00-00 00:00:00',NULL),(3,'Le cabinet ne propose pas d\'annonce de recrutement actuellement.','fr','0000-00-00 00:00:00','2012-03-21 13:57:57',1),(4,'Le cabinet n\'a pas publi d\'actualits','fr','2012-02-15 00:00:00','2012-02-15 00:00:00',NULL),(5,'Expertise comptable & commissariat aux comptes','fr','0000-00-00 00:00:00','0000-00-00 00:00:00',NULL),(6,'Contactez nous','fr','2012-03-13 11:39:28','2012-03-13 11:39:28',1);
/*!40000 ALTER TABLE `sid_constantes_translation` ENABLE KEYS */;
UNLOCK TABLES;

--
-- Dumping data for table `sid_constantes_translation_version`
--

LOCK TABLES `sid_constantes_translation_version` WRITE;
/*!40000 ALTER TABLE `sid_constantes_translation_version` DISABLE KEYS */;
INSERT INTO `sid_constantes_translation_version` (`id`, `lang`, `content`, `created_at`, `updated_at`, `version`) VALUES (3,'fr','Le cabinet ne propose pas d\'annonce de recrutement actuellement.','0000-00-00 00:00:00','2012-03-21 13:57:57',1),(6,'fr','Contactez nous','2012-03-13 11:39:28','2012-03-13 11:39:28',1);
/*!40000 ALTER TABLE `sid_constantes_translation_version` ENABLE KEYS */;
UNLOCK TABLES;

--
-- Dumping data for table `sid_coord_name`
--

LOCK TABLES `sid_coord_name` WRITE;
/*!40000 ALTER TABLE `sid_coord_name` DISABLE KEYS */;
INSERT INTO `sid_coord_name` (`id`, `is_active`, `siege_social`, `image`, `file`, `title_file`, `position`) VALUES (2,1,1,209,NULL,'',1),(3,1,0,NULL,NULL,'',2),(4,1,0,NULL,NULL,'',3);
/*!40000 ALTER TABLE `sid_coord_name` ENABLE KEYS */;
UNLOCK TABLES;

--
-- Dumping data for table `sid_coord_name_translation`
--

LOCK TABLES `sid_coord_name_translation` WRITE;
/*!40000 ALTER TABLE `sid_coord_name_translation` DISABLE KEYS */;
INSERT INTO `sid_coord_name_translation` (`id`, `title`, `adresse`, `adresse2`, `code_postal`, `ville`, `tel`, `fax`, `email`, `region_ec`, `region_cc`, `resume_town`, `resume_team`, `adresse_google`, `rcs`, `rcs_locality`, `orias`, `cif`, `carte_pro`, `carte_pro_locality`, `lang`, `version`, `created_at`, `updated_at`) VALUES (2,'Cabinet 1','16, rue du 4 Septembre','',75002,'Paris','01 23 45 67 89','09 87 65 43 21','contact-paris@lesiteducabinet.com','','','Lorem ipsum dolor sit amet, consectetur adipiscing elit. Curabitur in enim ligula, a vestibulum sapien. Fusce eu vehicula sem. In hac habitasse platea dictumst. Sed gravida orci id dui iaculis gravida. Mauris tincidunt ipsum eu nibh commodo pharetra. Curabitur felis mauris, tristique ut eleifend in, facilisis a enim. Maecenas ac sollicitudin eros. Donec elementum egestas pulvinar. Nam semper vehicula augue non euismod. Aenean et nulla magna, eget tincidunt erat.<br />\r\n','Ut velit tellus, porttitor id dapibus at, ultricies eget tellus. Fusce bibendum consequat malesuada. Integer tempus pharetra mattis. Etiam quis arcu non turpis pharetra vestibulum. Proin id augue a nisi feugiat cursus. Integer libero dolor, viverra quis bibendum ut, condimentum eu diam ','16, rue du 4 Septembre 75002 Paris ','','','','','','','fr',11,'2012-03-14 09:27:19','2012-04-23 13:58:03'),(3,'Cabinet 2','rue du 8 mai','',37500,'Tours','05 55 55 55 55','','secondaire@tenor.com','','','','','','','','','','','','fr',2,'2012-03-14 09:31:39','2012-04-23 13:57:08'),(4,'Cabinet 3','avenue grand-cerf','',86000,'Poitiers','02 22 22 22 22','','trois@tenor.com','','','<br />\r\n','<br />\r\n','','','','','','','','fr',2,'2012-03-14 09:32:42','2012-04-23 13:56:48');
/*!40000 ALTER TABLE `sid_coord_name_translation` ENABLE KEYS */;
UNLOCK TABLES;

--
-- Dumping data for table `sid_coord_name_translation_version`
--

LOCK TABLES `sid_coord_name_translation_version` WRITE;
/*!40000 ALTER TABLE `sid_coord_name_translation_version` DISABLE KEYS */;
INSERT INTO `sid_coord_name_translation_version` (`id`, `lang`, `title`, `adresse`, `adresse2`, `code_postal`, `ville`, `tel`, `fax`, `email`, `region_ec`, `region_cc`, `resume_town`, `resume_team`, `adresse_google`, `rcs`, `rcs_locality`, `orias`, `cif`, `carte_pro`, `carte_pro_locality`, `version`) VALUES (2,'fr','Cabinet Tnor Expert-Comptable','16, rue du 4 Septembre','',75002,'Paris','01 23 45 67 89','09 87 65 43 21','contact-paris@lesiteducabinet.com','Poitou-Charentes Vende','Poitiers','','',NULL,NULL,NULL,NULL,NULL,NULL,NULL,1),(2,'fr','Cabinet Tnor Expert-Comptable','16, rue du 4 Septembre','',75002,'Paris','01 23 45 67 89','09 87 65 43 21','contact-paris@lesiteducabinet.com','Poitou-Charentes Vende','Poitiers','<p>\r\n	Lorem ipsum dolor sit amet, consectetur adipiscing elit. Curabitur in enim ligula, a vestibulum sapien. Fusce eu vehicula sem. In hac habitasse platea dictumst. Sed gravida orci id dui iaculis gravida. Mauris tincidunt ipsum eu nibh commodo pharetra. Curabitur felis mauris, tristique ut eleifend in, facilisis a enim. Maecenas ac sollicitudin eros. Donec elementum egestas pulvinar. Nam semper vehicula augue non euismod. Aenean et nulla magna, eget tincidunt erat.</p>\r\n','<p>\r\n	Ut velit tellus, porttitor id dapibus at, ultricies eget tellus. Fusce bibendum consequat malesuada. Integer tempus pharetra mattis. Etiam quis arcu non turpis pharetra vestibulum. Proin id augue a nisi feugiat cursus. Integer libero dolor, viverra quis bibendum ut, condimentum eu diam</p>\r\n',NULL,NULL,NULL,NULL,NULL,NULL,NULL,2),(2,'fr','Cabinet Tnor Expert-Comptable','16, rue du 4 Septembre','',75002,'Paris','01 23 45 67 89','09 87 65 43 21','contact-paris@lesiteducabinet.com','Poitou-Charentes Vende','Poitiers','<p>\r\n	Lorem ipsum dolor sit amet, consectetur adipiscing elit. Curabitur in enim ligula, a vestibulum sapien. Fusce eu vehicula sem. In hac habitasse platea dictumst. Sed gravida orci id dui iaculis gravida. Mauris tincidunt ipsum eu nibh commodo pharetra. Curabitur felis mauris, tristique ut eleifend in, facilisis a enim. Maecenas ac sollicitudin eros. Donec elementum egestas pulvinar. Nam semper vehicula augue non euismod. Aenean et nulla magna, eget tincidunt erat.</p>\r\n','<p>\r\n	Ut velit tellus, porttitor id dapibus at, ultricies eget tellus. Fusce bibendum consequat malesuada. Integer tempus pharetra mattis. Etiam quis arcu non turpis pharetra vestibulum. Proin id augue a nisi feugiat cursus. Integer libero dolor, viverra quis bibendum ut, condimentum eu diam</p>\r\n','16, rue du 4 Septembre 75002 Paris ','','','','','','',3),(2,'fr','Cabinet Tnor Expert-Comptable','16, rue du 4 Septembre','',75002,'Paris','01 23 45 67 89','09 87 65 43 21','contact-paris@lesiteducabinet.com','Poitou-Charentes Vende','Poitiers','<div>\r\n	Lorem ipsum dolor sit amet, consectetur adipiscing elit. Curabitur in enim ligula, a vestibulum sapien. Fusce eu vehicula sem. In hac habitasse platea dictumst. Sed gravida orci id dui iaculis gravida. Mauris tincidunt ipsum eu nibh commodo pharetra. Curabitur felis mauris, tristique ut eleifend in, facilisis a enim. Maecenas ac sollicitudin eros. Donec elementum egestas pulvinar. Nam semper vehicula augue non euismod. Aenean et nulla magna, eget tincidunt erat.</div>\r\n','<p>\r\n	Ut velit tellus, porttitor id dapibus at, ultricies eget tellus. Fusce bibendum consequat malesuada. Integer tempus pharetra mattis. Etiam quis arcu non turpis pharetra vestibulum. Proin id augue a nisi feugiat cursus. Integer libero dolor, viverra quis bibendum ut, condimentum eu diam</p>\r\n','16, rue du 4 Septembre 75002 Paris ','','','','','','',4),(2,'fr','Cabinet Tnor Expert-Comptable','16, rue du 4 Septembre','',75002,'Paris','01 23 45 67 89','09 87 65 43 21','contact-paris@lesiteducabinet.com','Poitou-Charentes Vende','Poitiers','Lorem ipsum dolor sit amet, consectetur adipiscing elit. Curabitur in enim ligula, a vestibulum sapien. Fusce eu vehicula sem. In hac habitasse platea dictumst. Sed gravida orci id dui iaculis gravida. Mauris tincidunt ipsum eu nibh commodo pharetra. Curabitur felis mauris, tristique ut eleifend in, facilisis a enim. Maecenas ac sollicitudin eros. Donec elementum egestas pulvinar. Nam semper vehicula augue non euismod. Aenean et nulla magna, eget tincidunt erat.','<p>\r\n	Ut velit tellus, porttitor id dapibus at, ultricies eget tellus. Fusce bibendum consequat malesuada. Integer tempus pharetra mattis. Etiam quis arcu non turpis pharetra vestibulum. Proin id augue a nisi feugiat cursus. Integer libero dolor, viverra quis bibendum ut, condimentum eu diam</p>\r\n','16, rue du 4 Septembre 75002 Paris ','','','','','','',5),(2,'fr','Cabinet Tnor Expert-Comptable','16, rue du 4 Septembre','',75002,'Paris','01 23 45 67 89','09 87 65 43 21','contact-paris@lesiteducabinet.com','Poitou-Charentes Vende','Poitiers','Lorem ipsum dolor sit amet, consectetur adipiscing elit. Curabitur in enim ligula, a vestibulum sapien. Fusce eu vehicula sem. In hac habitasse platea dictumst. Sed gravida orci id dui iaculis gravida. Mauris tincidunt ipsum eu nibh commodo pharetra. Curabitur felis mauris, tristique ut eleifend in, facilisis a enim. Maecenas ac sollicitudin eros. Donec elementum egestas pulvinar. Nam semper vehicula augue non euismod. Aenean et nulla magna, eget tincidunt erat.<br />\r\ntrytry<br />\r\n','<p>\r\n	Ut velit tellus, porttitor id dapibus at, ultricies eget tellus. Fusce bibendum consequat malesuada. Integer tempus pharetra mattis. Etiam quis arcu non turpis pharetra vestibulum. Proin id augue a nisi feugiat cursus. Integer libero dolor, viverra quis bibendum ut, condimentum eu diam</p>\r\n','16, rue du 4 Septembre 75002 Paris ','','','','','','',6),(2,'fr','Cabinet Tnor Expert-Comptable','16, rue du 4 Septembre','',75002,'Paris','01 23 45 67 89','09 87 65 43 21','contact-paris@lesiteducabinet.com','Poitou-Charentes Vende','Poitiers','Lorem ipsum dolor sit amet, consectetur adipiscing elit. Curabitur in enim ligula, a vestibulum sapien. Fusce eu vehicula sem. In hac habitasse platea dictumst. Sed gravida orci id dui iaculis gravida. Mauris tincidunt ipsum eu nibh commodo pharetra. Curabitur felis mauris, tristique ut eleifend in, facilisis a enim. Maecenas ac sollicitudin eros. Donec elementum egestas pulvinar. Nam semper vehicula augue non euismod. Aenean et nulla magna, eget tincidunt erat.<br />\r\ntrytry<br />\r\n','Ut velit tellus, porttitor id dapibus at, ultricies eget tellus. Fusce bibendum consequat malesuada. Integer tempus pharetra mattis. Etiam quis arcu non turpis pharetra vestibulum. Proin id augue a nisi feugiat cursus. Integer libero dolor, viverra quis bibendum ut, condimentum eu diam ','16, rue du 4 Septembre 75002 Paris ','','','','','','',7),(2,'fr','Cabinet Tnor Expert-Comptable','16, rue du 4 Septembre','',75002,'Paris','01 23 45 67 89','09 87 65 43 21','contact-paris@lesiteducabinet.com','Poitou-Charentes Vende','Poitiers','Lorem ipsum dolor sit amet, consectetur adipiscing elit. Curabitur in enim ligula, a vestibulum sapien. Fusce eu vehicula sem. In hac habitasse platea dictumst. Sed gravida orci id dui iaculis gravida. Mauris tincidunt ipsum eu nibh commodo pharetra. Curabitur felis mauris, tristique ut eleifend in, facilisis a enim. Maecenas ac sollicitudin eros. Donec elementum egestas pulvinar. Nam semper vehicula augue non euismod. Aenean et nulla magna, eget tincidunt erat.<br />\r\n','Ut velit tellus, porttitor id dapibus at, ultricies eget tellus. Fusce bibendum consequat malesuada. Integer tempus pharetra mattis. Etiam quis arcu non turpis pharetra vestibulum. Proin id augue a nisi feugiat cursus. Integer libero dolor, viverra quis bibendum ut, condimentum eu diam ','16, rue du 4 Septembre 75002 Paris ','','','','','','',8),(2,'fr','Cabinet Maestro Gestion de Patrimoine','16, rue du 4 Septembre','',75002,'Paris','01 23 45 67 89','09 87 65 43 21','contact-paris@lesiteducabinet.com','Poitou-Charentes Vende','Poitiers','Lorem ipsum dolor sit amet, consectetur adipiscing elit. Curabitur in enim ligula, a vestibulum sapien. Fusce eu vehicula sem. In hac habitasse platea dictumst. Sed gravida orci id dui iaculis gravida. Mauris tincidunt ipsum eu nibh commodo pharetra. Curabitur felis mauris, tristique ut eleifend in, facilisis a enim. Maecenas ac sollicitudin eros. Donec elementum egestas pulvinar. Nam semper vehicula augue non euismod. Aenean et nulla magna, eget tincidunt erat.<br />\r\n','Ut velit tellus, porttitor id dapibus at, ultricies eget tellus. Fusce bibendum consequat malesuada. Integer tempus pharetra mattis. Etiam quis arcu non turpis pharetra vestibulum. Proin id augue a nisi feugiat cursus. Integer libero dolor, viverra quis bibendum ut, condimentum eu diam ','16, rue du 4 Septembre 75002 Paris ','','','','','','',9),(2,'fr','Cabinet 1','16, rue du 4 Septembre','',75002,'Paris','01 23 45 67 89','09 87 65 43 21','contact-paris@lesiteducabinet.com','Poitou-Charentes Vende','Poitiers','Lorem ipsum dolor sit amet, consectetur adipiscing elit. Curabitur in enim ligula, a vestibulum sapien. Fusce eu vehicula sem. In hac habitasse platea dictumst. Sed gravida orci id dui iaculis gravida. Mauris tincidunt ipsum eu nibh commodo pharetra. Curabitur felis mauris, tristique ut eleifend in, facilisis a enim. Maecenas ac sollicitudin eros. Donec elementum egestas pulvinar. Nam semper vehicula augue non euismod. Aenean et nulla magna, eget tincidunt erat.<br />\r\n','Ut velit tellus, porttitor id dapibus at, ultricies eget tellus. Fusce bibendum consequat malesuada. Integer tempus pharetra mattis. Etiam quis arcu non turpis pharetra vestibulum. Proin id augue a nisi feugiat cursus. Integer libero dolor, viverra quis bibendum ut, condimentum eu diam ','16, rue du 4 Septembre 75002 Paris ','','','','','','',10),(2,'fr','Cabinet 1','16, rue du 4 Septembre','',75002,'Paris','01 23 45 67 89','09 87 65 43 21','contact-paris@lesiteducabinet.com','','','Lorem ipsum dolor sit amet, consectetur adipiscing elit. Curabitur in enim ligula, a vestibulum sapien. Fusce eu vehicula sem. In hac habitasse platea dictumst. Sed gravida orci id dui iaculis gravida. Mauris tincidunt ipsum eu nibh commodo pharetra. Curabitur felis mauris, tristique ut eleifend in, facilisis a enim. Maecenas ac sollicitudin eros. Donec elementum egestas pulvinar. Nam semper vehicula augue non euismod. Aenean et nulla magna, eget tincidunt erat.<br />\r\n','Ut velit tellus, porttitor id dapibus at, ultricies eget tellus. Fusce bibendum consequat malesuada. Integer tempus pharetra mattis. Etiam quis arcu non turpis pharetra vestibulum. Proin id augue a nisi feugiat cursus. Integer libero dolor, viverra quis bibendum ut, condimentum eu diam ','16, rue du 4 Septembre 75002 Paris ','','','','','','',11),(3,'fr','cabinet secondaire','rue du 8 mai','',37500,'Tours','05 55 55 55 55','','secondaire@tenor.com','','','','',NULL,NULL,NULL,NULL,NULL,NULL,NULL,1),(3,'fr','Cabinet 2','rue du 8 mai','',37500,'Tours','05 55 55 55 55','','secondaire@tenor.com','','','','','','','','','','','',2),(4,'fr','cabinet trois','avenue grand-cerf','',86000,'Poitiers','02 22 22 22 22','','trois@tenor.com','','','','',NULL,NULL,NULL,NULL,NULL,NULL,NULL,1),(4,'fr','Cabinet 3','avenue grand-cerf','',86000,'Poitiers','02 22 22 22 22','','trois@tenor.com','','','<br />\r\n','<br />\r\n','','','','','','','',2);
/*!40000 ALTER TABLE `sid_coord_name_translation_version` ENABLE KEYS */;
UNLOCK TABLES;

--
-- Dumping data for table `sid_groupe_bandeau`
--

LOCK TABLES `sid_groupe_bandeau` WRITE;
/*!40000 ALTER TABLE `sid_groupe_bandeau` DISABLE KEYS */;
INSERT INTO `sid_groupe_bandeau` (`id`, `dm_page_id`, `is_active`) VALUES (1,1,1),(2,1595,1),(3,1658,1),(6,6555,1);
/*!40000 ALTER TABLE `sid_groupe_bandeau` ENABLE KEYS */;
UNLOCK TABLES;

--
-- Dumping data for table `sid_groupe_bandeau_translation`
--

LOCK TABLES `sid_groupe_bandeau_translation` WRITE;
/*!40000 ALTER TABLE `sid_groupe_bandeau_translation` DISABLE KEYS */;
INSERT INTO `sid_groupe_bandeau_translation` (`id`, `title`, `lang`, `created_at`, `updated_at`) VALUES (1,'Le bandeau de la page d\'accueil','','2011-12-21 16:26:07','2011-12-21 16:26:07'),(1,'Le bandeau de la page d\'accueil','fr','2012-03-06 14:11:21','2012-03-06 14:11:21'),(2,'Le bandeau des pages missions','','2011-12-21 16:26:55','2011-12-21 16:26:55'),(2,'Le bandeau de la page de missions','fr','2012-03-06 14:11:27','2012-03-06 14:11:27'),(3,'Le bandeau des pages du cabinet','','2011-12-21 16:27:33','2011-12-21 16:27:33'),(3,'Le bandeau des pages du cabinet','fr','2012-03-06 14:11:34','2012-03-06 14:11:34'),(6,'Le bandeau des pages actualits du cabinet','','2011-12-21 16:29:31','2011-12-21 16:29:31'),(6,'Le bandeau des pages actualits du cabinet','fr','2012-03-06 14:11:40','2012-03-06 14:11:40');
/*!40000 ALTER TABLE `sid_groupe_bandeau_translation` ENABLE KEYS */;
UNLOCK TABLES;

--
-- Dumping data for table `sid_groupe_sites_utiles`
--

LOCK TABLES `sid_groupe_sites_utiles` WRITE;
/*!40000 ALTER TABLE `sid_groupe_sites_utiles` DISABLE KEYS */;
INSERT INTO `sid_groupe_sites_utiles` (`id`, `is_active`, `position`) VALUES (7,1,-1);
/*!40000 ALTER TABLE `sid_groupe_sites_utiles` ENABLE KEYS */;
UNLOCK TABLES;

--
-- Dumping data for table `sid_groupe_sites_utiles_translation`
--

LOCK TABLES `sid_groupe_sites_utiles_translation` WRITE;
/*!40000 ALTER TABLE `sid_groupe_sites_utiles_translation` DISABLE KEYS */;
INSERT INTO `sid_groupe_sites_utiles_translation` (`id`, `title`, `description`, `lang`, `created_at`, `updated_at`) VALUES (7,'Sites officiels','<br />\r\n','fr','2012-04-24 10:47:40','2012-04-24 10:47:40');
/*!40000 ALTER TABLE `sid_groupe_sites_utiles_translation` ENABLE KEYS */;
UNLOCK TABLES;

--
-- Dumping data for table `sid_index_sites_utiles`
--

LOCK TABLES `sid_index_sites_utiles` WRITE;
/*!40000 ALTER TABLE `sid_index_sites_utiles` DISABLE KEYS */;
INSERT INTO `sid_index_sites_utiles` (`id`, `is_active`, `image`, `file`, `title_file`, `position`) VALUES (1,1,NULL,NULL,NULL,51613224);
/*!40000 ALTER TABLE `sid_index_sites_utiles` ENABLE KEYS */;
UNLOCK TABLES;

--
-- Dumping data for table `sid_index_sites_utiles_translation`
--

LOCK TABLES `sid_index_sites_utiles_translation` WRITE;
/*!40000 ALTER TABLE `sid_index_sites_utiles_translation` DISABLE KEYS */;
INSERT INTO `sid_index_sites_utiles_translation` (`id`, `title`, `description`, `lang`, `created_at`, `updated_at`) VALUES (1,'Nos sites utiles','Vous trouverez ici les sites que nous consid&eacute;rons comme utiles.&nbsp;Des sites gouvernementaux en passant par des sites utiles &agrave; la vie de votre entreprise, ou des sites d&eacute;di&eacute;s aux BNC.\r\n<br />Si vous avez d&#39;autres suggestions de sites int&eacute;ressants, n&#39;h&eacute;sitez pas &agrave; contacter St&eacute;phanie Lesage, notre assistante de direction, pour lui en faire part : <a href=\"mailto:contact@expertinfos.com?subject=Test%20effectu%C3%A9%20sur%20le%20site%20de%20d%C3%A9monstration%20T%C3%A9nor%20expert\">slesage@le-cabinet-tenor-expert.com</a>\r\n<br /><em>T&eacute;nor est un mod&egrave;le de site internet con&ccedil;u par EXPERT INFOS sp&eacute;cifiquement pour les cabinets d&#39;expertise comptable. Il inclut des rubriques sur-mesure comme cette rubrique pr&eacute;sentant des sites utiles que vous pilotez directement de votre ordinateur. Contactez nos &eacute;quipes pour en savoir plus&nbsp; : <a href=\"mailto:contact@expertinfos.com?subject=Demande%20d%27information%20suite%20visite%20du%20site%20internet%20TENOR\">contact@expertinfos.com</a> / 05 49 60 26 47</em>\r\n','fr','2011-09-14 06:07:12','2011-09-28 13:52:25');
/*!40000 ALTER TABLE `sid_index_sites_utiles_translation` ENABLE KEYS */;
UNLOCK TABLES;

--
-- Dumping data for table `sid_rubrique`
--

LOCK TABLES `sid_rubrique` WRITE;
/*!40000 ALTER TABLE `sid_rubrique` DISABLE KEYS */;
INSERT INTO `sid_rubrique` (`id`, `is_active`, `position`) VALUES (78,1,-9),(79,1,-10),(80,1,-11),(81,1,-12);
/*!40000 ALTER TABLE `sid_rubrique` ENABLE KEYS */;
UNLOCK TABLES;

--
-- Dumping data for table `sid_rubrique_translation`
--

LOCK TABLES `sid_rubrique_translation` WRITE;
/*!40000 ALTER TABLE `sid_rubrique_translation` DISABLE KEYS */;
INSERT INTO `sid_rubrique_translation` (`id`, `title`, `lang`, `created_at`, `updated_at`) VALUES (78,'cgp_famille','fr','2012-04-12 15:53:41','2012-04-12 15:53:41'),(79,'cgp_fiscal','fr','2012-04-12 15:53:41','2012-04-12 15:53:41'),(80,'cgp_immobilier','fr','2012-04-12 15:53:41','2012-04-12 15:53:41'),(81,'cgp_placement','fr','2012-04-12 15:53:41','2012-04-12 15:53:41');
/*!40000 ALTER TABLE `sid_rubrique_translation` ENABLE KEYS */;
UNLOCK TABLES;

--
-- Dumping data for table `sid_section`
--

LOCK TABLES `sid_section` WRITE;
/*!40000 ALTER TABLE `sid_section` DISABLE KEYS */;
INSERT INTO `sid_section` (`id`, `rubrique_id`, `is_active`, `position`) VALUES (665,78,1,1),(666,78,1,2),(667,79,1,1),(668,79,1,2),(669,79,1,3),(670,80,1,1),(671,80,1,2),(672,81,1,1),(673,81,1,2);
/*!40000 ALTER TABLE `sid_section` ENABLE KEYS */;
UNLOCK TABLES;

--
-- Dumping data for table `sid_section_translation`
--

LOCK TABLES `sid_section_translation` WRITE;
/*!40000 ALTER TABLE `sid_section_translation` DISABLE KEYS */;
INSERT INTO `sid_section_translation` (`id`, `title`, `lang`, `created_at`, `updated_at`) VALUES (665,'cgp_actualites','fr','2012-04-12 15:53:44','2012-04-12 15:53:44'),(666,'cgp_faq','fr','2012-04-12 15:53:44','2012-04-12 15:53:44'),(667,'cgp_actualites','fr','2012-04-12 15:53:44','2012-04-12 15:53:44'),(668,'cgp_dossiers','fr','2012-04-12 15:53:44','2012-04-12 15:53:44'),(669,'cgp_faq','fr','2012-04-12 15:53:45','2012-04-12 15:53:45'),(670,'cgp_actualites','fr','2012-04-12 15:53:45','2012-04-12 15:53:45'),(671,'cgp_faq','fr','2012-04-12 15:53:45','2012-04-12 15:53:45'),(672,'cgp_actualites','fr','2012-04-12 15:53:45','2012-04-12 15:53:45'),(673,'cgp_dossiers','fr','2012-04-12 15:53:45','2012-04-12 15:53:45');
/*!40000 ALTER TABLE `sid_section_translation` ENABLE KEYS */;
UNLOCK TABLES;

--
-- Dumping data for table `sid_sites_utiles`
--

LOCK TABLES `sid_sites_utiles` WRITE;
/*!40000 ALTER TABLE `sid_sites_utiles` DISABLE KEYS */;
INSERT INTO `sid_sites_utiles` (`id`, `groupe_sites_utiles_id`, `is_active`, `image_id`, `position`) VALUES (16,7,1,NULL,-1),(17,7,1,NULL,-2),(18,7,1,NULL,-3),(19,7,1,NULL,-4),(20,7,1,NULL,-5),(21,7,1,NULL,-6);
/*!40000 ALTER TABLE `sid_sites_utiles` ENABLE KEYS */;
UNLOCK TABLES;

--
-- Dumping data for table `sid_sites_utiles_translation`
--

LOCK TABLES `sid_sites_utiles_translation` WRITE;
/*!40000 ALTER TABLE `sid_sites_utiles_translation` DISABLE KEYS */;
INSERT INTO `sid_sites_utiles_translation` (`id`, `title`, `url`, `description`, `lang`, `version`, `created_at`, `updated_at`) VALUES (16,'AMF, Autorit des Marchs Financiers','http://www.amf-france.org','<br />\r\n','fr',1,'2012-04-24 10:48:33','2012-04-24 10:48:33'),(17,'ANACOFI-CIF, Association NAtionale des COnseillers Financiers','http://www.anacofi.asso.fr/fr','<br />\r\n','fr',1,'2012-04-24 10:48:54','2012-04-24 10:48:54'),(18,'Banque de France','http://www.banque-france.fr/accueil.html','<br />\r\n','fr',1,'2012-04-24 10:49:10','2012-04-24 10:49:10'),(19,'Administration fiscale','http://www.impot.gouv.fr/portal/dgi/home','<br />\r\n','fr',1,'2012-04-24 10:49:25','2012-04-24 10:49:25'),(20,'Ministre de lconomie et des finances','http://www.economie.gouv.fr','<br />\r\n','fr',1,'2012-04-24 10:49:42','2012-04-24 10:49:42'),(21,'Ministre du budget, des comptes publics et de la rforme de ltat','http://www.budget.gouv.fr','<br />\r\n','fr',1,'2012-04-24 10:49:56','2012-04-24 10:49:56');
/*!40000 ALTER TABLE `sid_sites_utiles_translation` ENABLE KEYS */;
UNLOCK TABLES;

--
-- Dumping data for table `sid_sites_utiles_translation_version`
--

LOCK TABLES `sid_sites_utiles_translation_version` WRITE;
/*!40000 ALTER TABLE `sid_sites_utiles_translation_version` DISABLE KEYS */;
INSERT INTO `sid_sites_utiles_translation_version` (`id`, `lang`, `title`, `url`, `description`, `version`) VALUES (16,'fr','AMF, Autorit des Marchs Financiers','http://www.amf-france.org','<br />\r\n',1),(17,'fr','ANACOFI-CIF, Association NAtionale des COnseillers Financiers','http://www.anacofi.asso.fr/fr','<br />\r\n',1),(18,'fr','Banque de France','http://www.banque-france.fr/accueil.html','<br />\r\n',1),(19,'fr','Administration fiscale','http://www.impot.gouv.fr/portal/dgi/home','<br />\r\n',1),(20,'fr','Ministre de lconomie et des finances','http://www.economie.gouv.fr','<br />\r\n',1),(21,'fr','Ministre du budget, des comptes publics et de la rforme de ltat','http://www.budget.gouv.fr','<br />\r\n',1);
/*!40000 ALTER TABLE `sid_sites_utiles_translation_version` ENABLE KEYS */;
UNLOCK TABLES;
/*!40103 SET TIME_ZONE=@OLD_TIME_ZONE */;

/*!40101 SET SQL_MODE=@OLD_SQL_MODE */;
/*!40014 SET FOREIGN_KEY_CHECKS=@OLD_FOREIGN_KEY_CHECKS */;
/*!40014 SET UNIQUE_CHECKS=@OLD_UNIQUE_CHECKS */;
/*!40101 SET CHARACTER_SET_CLIENT=@OLD_CHARACTER_SET_CLIENT */;
/*!40101 SET CHARACTER_SET_RESULTS=@OLD_CHARACTER_SET_RESULTS */;
/*!40101 SET COLLATION_CONNECTION=@OLD_COLLATION_CONNECTION */;
/*!40111 SET SQL_NOTES=@OLD_SQL_NOTES */;

-- Dump completed on 2012-05-29 16:45:02
