-- MySQL dump 10.11
--
-- Host: localhost    Database: sitev3_dev_ec_tenor
-- ------------------------------------------------------
-- Server version	5.0.77

/*!40101 SET @OLD_CHARACTER_SET_CLIENT=@@CHARACTER_SET_CLIENT */;
/*!40101 SET @OLD_CHARACTER_SET_RESULTS=@@CHARACTER_SET_RESULTS */;
/*!40101 SET @OLD_COLLATION_CONNECTION=@@COLLATION_CONNECTION */;
/*!40101 SET NAMES utf8 */;
/*!40103 SET @OLD_TIME_ZONE=@@TIME_ZONE */;
/*!40103 SET TIME_ZONE='+00:00' */;
/*!40014 SET @OLD_UNIQUE_CHECKS=@@UNIQUE_CHECKS, UNIQUE_CHECKS=0 */;
/*!40014 SET @OLD_FOREIGN_KEY_CHECKS=@@FOREIGN_KEY_CHECKS, FOREIGN_KEY_CHECKS=0 */;
/*!40101 SET @OLD_SQL_MODE=@@SQL_MODE, SQL_MODE='NO_AUTO_VALUE_ON_ZERO' */;
/*!40111 SET @OLD_SQL_NOTES=@@SQL_NOTES, SQL_NOTES=0 */;

--
-- Dumping data for table `dm_auto_seo`
--

LOCK TABLES `dm_auto_seo` WRITE;
/*!40000 ALTER TABLE `dm_auto_seo` DISABLE KEYS */;
INSERT INTO `dm_auto_seo` (`id`, `module`, `action`, `created_at`, `updated_at`) VALUES (1,'dmTag','show','2011-08-05 12:24:36','2011-08-05 12:24:36'),(2,'rubrique','show','2011-08-05 12:24:36','2011-08-05 12:24:36'),(3,'section','show','2011-08-05 12:24:37','2011-08-05 12:24:37'),(4,'article','show','2011-08-05 12:24:37','2011-08-05 12:24:37'),(9,'renseignements','show','2011-08-08 18:14:11','2011-08-08 18:14:11'),(10,'presentation','show','2011-08-10 20:37:35','2011-08-10 20:37:35'),(11,'equipe','show','2011-08-10 20:37:35','2011-08-10 20:37:35'),(12,'mission','show','2011-08-10 20:37:35','2011-08-10 20:37:35'),(13,'recrutement','show','2011-08-10 20:37:35','2011-08-10 20:37:35'),(14,'accueil','show','2011-08-10 21:46:35','2011-08-10 21:46:35'),(15,'pageCabinet','show','2011-08-17 20:53:11','2011-08-17 20:53:11'),(16,'constantes','show','2011-08-29 19:32:01','2011-08-29 19:32:01'),(18,'download','show','2011-09-01 17:40:14','2011-09-01 17:40:14'),(19,'indexSitesUtiles','show','2011-09-01 22:48:27','2011-09-01 22:48:27'),(20,'groupeSitesUtiles','show','2011-09-01 22:48:27','2011-09-01 22:48:27'),(21,'sitesUtiles','show','2011-09-01 22:48:27','2011-09-01 22:48:27'),(23,'bandeau','show','2011-09-07 04:04:04','2011-09-07 04:04:04'),(24,'sidActuTypeContenu','show','2011-09-07 04:04:04','2011-09-07 04:04:04'),(25,'sidActuRubrique','show','2011-09-07 04:04:04','2011-09-07 04:04:04'),(26,'sidActuArticle','show','2011-09-07 04:04:04','2011-09-07 04:04:04');
/*!40000 ALTER TABLE `dm_auto_seo` ENABLE KEYS */;
UNLOCK TABLES;

--
-- Dumping data for table `dm_auto_seo_translation`
--

LOCK TABLES `dm_auto_seo_translation` WRITE;
/*!40000 ALTER TABLE `dm_auto_seo_translation` DISABLE KEYS */;
INSERT INTO `dm_auto_seo_translation` (`id`, `slug`, `name`, `title`, `h1`, `description`, `keywords`, `strip_words`, `lang`) VALUES (1,'%dm_tag.name%','%dm_tag.name%','%dm_tag.name%',NULL,'%dm_tag.name%',NULL,NULL,'fr'),(2,'%rubrique.title%','%rubrique.title%','%rubrique.title%',NULL,'%rubrique.title%',NULL,NULL,'fr'),(3,'%section.title%','%section.title%','%section.title%',NULL,'%section.title%',NULL,NULL,'fr'),(4,'%article.title%','%article.title%','%article.title%',NULL,'%article.title%',NULL,NULL,'fr'),(9,'%renseignements.title%','%renseignements.title%','%renseignements.title%',NULL,'%renseignements.title%',NULL,NULL,'fr'),(10,'%presentation%','%presentation%','%presentation%',NULL,'%presentation.text%',NULL,NULL,'fr'),(11,'%equipe%','%equipe%','%equipe%',NULL,'%equipe.text%',NULL,NULL,'fr'),(12,'%mission.title%','%mission.title%','%mission.title%',NULL,'%mission.text%',NULL,NULL,'fr'),(13,'%recrutement%','%recrutement%','%recrutement%',NULL,'%recrutement.text%',NULL,NULL,'fr'),(14,'%accueil%','%accueil%','%accueil%',NULL,'%accueil%',NULL,NULL,'fr'),(15,'%page_cabinet.title%','%page_cabinet.title%','%page_cabinet.title%',NULL,'%page_cabinet.text%',NULL,NULL,'fr'),(16,'%constantes.name%','%constantes.name%','%constantes.name%',NULL,'%constantes.name%',NULL,NULL,'fr'),(18,'%download.title%','%download.title%','%download.title%',NULL,'%download.title%',NULL,NULL,'fr'),(19,'%index_sites_utiles.title%','%index_sites_utiles.title%','%index_sites_utiles.title%',NULL,'%index_sites_utiles.description%',NULL,NULL,'fr'),(20,'%groupe_sites_utiles.title%','%groupe_sites_utiles.title%','%groupe_sites_utiles.title%',NULL,'%groupe_sites_utiles.description%',NULL,NULL,'fr'),(21,'%sites_utiles.title%','%sites_utiles.title%','%sites_utiles.title%',NULL,'%sites_utiles.description%',NULL,NULL,'fr'),(23,'%bandeau.title%','%bandeau.title%','%bandeau.title%',NULL,'%bandeau.title%',NULL,NULL,'fr'),(24,'%sid_actu_type_contenu.title%','%sid_actu_type_contenu.title%','%sid_actu_type_contenu.title%',NULL,'%sid_actu_type_contenu.title%',NULL,NULL,'fr'),(25,'%sid_actu_rubrique.title%','%sid_actu_rubrique.title%','%sid_actu_rubrique.title%',NULL,'%sid_actu_rubrique.title%',NULL,NULL,'fr'),(26,'%sid_actu_article.title%','%sid_actu_article.title%','%sid_actu_article.title%',NULL,'%sid_actu_article.resume%',NULL,NULL,'fr');
/*!40000 ALTER TABLE `dm_auto_seo_translation` ENABLE KEYS */;
UNLOCK TABLES;

--
-- Dumping data for table `dm_catalogue`
--

LOCK TABLES `dm_catalogue` WRITE;
/*!40000 ALTER TABLE `dm_catalogue` DISABLE KEYS */;
INSERT INTO `dm_catalogue` (`id`, `name`, `source_lang`, `target_lang`) VALUES (1,'messages.fr','en','fr'),(2,'dm.fr','en','fr');
/*!40000 ALTER TABLE `dm_catalogue` ENABLE KEYS */;
UNLOCK TABLES;

--
-- Dumping data for table `dm_trans_unit`
--

LOCK TABLES `dm_trans_unit` WRITE;
/*!40000 ALTER TABLE `dm_trans_unit` DISABLE KEYS */;
INSERT INTO `dm_trans_unit` (`id`, `dm_catalogue_id`, `source`, `target`, `meta`, `created_at`, `updated_at`) VALUES (1,2,'Open','Ouvrir',NULL,'2011-08-05 12:20:32','2011-08-05 12:20:32'),(2,2,'Delete','Supprimer',NULL,'2011-08-05 12:20:32','2011-08-05 12:20:32'),(3,2,'Add','Ajouter',NULL,'2011-08-05 12:20:32','2011-08-05 12:20:32'),(4,2,'Add a %1%','Ajouter un(e) %1%',NULL,'2011-08-05 12:20:32','2011-08-05 12:20:32'),(5,2,'Cancel','Annuler',NULL,'2011-08-05 12:20:32','2011-08-05 12:20:32'),(6,2,'Are you sure?','Confirmer cette action ?',NULL,'2011-08-05 12:20:32','2011-08-05 12:20:32'),(7,2,'Unassociated','Non associé',NULL,'2011-08-05 12:20:32','2011-08-05 12:20:32'),(8,2,'Associated','Associé',NULL,'2011-08-05 12:20:32','2011-08-05 12:20:32'),(9,2,'Forgot your password?','Mot de passe perdu ?',NULL,'2011-08-05 12:20:32','2011-08-05 12:20:32'),(10,2,'yes','oui',NULL,'2011-08-05 12:20:32','2011-08-05 12:20:32'),(11,2,'no','non',NULL,'2011-08-05 12:20:32','2011-08-05 12:20:32'),(12,2,'yes or no','oui ou non',NULL,'2011-08-05 12:20:32','2011-08-05 12:20:32'),(13,2,'Next','Suivant',NULL,'2011-08-05 12:20:32','2011-08-05 12:20:32'),(14,2,'Previous','Précédent',NULL,'2011-08-05 12:20:32','2011-08-05 12:20:32'),(15,2,'First','Premier',NULL,'2011-08-05 12:20:32','2011-08-05 12:20:32'),(16,2,'Last','Dernier',NULL,'2011-08-05 12:20:32','2011-08-05 12:20:32'),(17,2,'Is active','Actif',NULL,'2011-08-05 12:20:32','2011-08-05 12:20:32'),(18,2,'Is active:','Actif:',NULL,'2011-08-05 12:20:32','2011-08-05 12:20:32'),(19,2,'Updated at','Mise à jour',NULL,'2011-08-05 12:20:32','2011-08-05 12:20:32'),(20,2,'Updated at:','Mise à jour:',NULL,'2011-08-05 12:20:32','2011-08-05 12:20:32'),(21,2,'Created at','Création',NULL,'2011-08-05 12:20:32','2011-08-05 12:20:32'),(22,2,'Created at:','Création:',NULL,'2011-08-05 12:20:32','2011-08-05 12:20:32'),(23,2,'Created by','Créé par',NULL,'2011-08-05 12:20:32','2011-08-05 12:20:32'),(24,2,'Updated by','Mis à jour par',NULL,'2011-08-05 12:20:32','2011-08-05 12:20:32'),(25,2,'Query','Requête',NULL,'2011-08-05 12:20:32','2011-08-05 12:20:32'),(26,2,'Image alt','Légende',NULL,'2011-08-05 12:20:32','2011-08-05 12:20:32'),(27,2,'Image alt:','Légende:',NULL,'2011-08-05 12:20:32','2011-08-05 12:20:32'),(28,2,'Your modifications have been saved','Vos modifications ont été enregistrées',NULL,'2011-08-05 12:20:32','2011-08-05 12:20:32'),(29,2,'Required','Ce champ ne devrait pas être vide',NULL,'2011-08-05 12:20:32','2011-08-05 12:20:32'),(30,2,'Content','Contenu',NULL,'2011-08-05 12:20:32','2011-08-05 12:20:32'),(31,2,'Home','Accueil',NULL,'2011-08-05 12:20:32','2011-08-05 12:20:32'),(32,2,'Tools','Outils',NULL,'2011-08-05 12:20:32','2011-08-05 12:20:32'),(33,2,'System','Système',NULL,'2011-08-05 12:20:32','2011-08-05 12:20:32'),(34,2,'Update project','Mettre à jour le projet',NULL,'2011-08-05 12:20:32','2011-08-05 12:20:32'),(35,2,'Project successfully updated','Le projet a été mis à jour avec succès',NULL,'2011-08-05 12:20:32','2011-08-05 12:20:32'),(36,2,'Search','Rechercher',NULL,'2011-08-05 12:20:32','2011-08-05 12:20:32'),(37,2,'Search in %1%','Rechercher dans les %1%',NULL,'2011-08-05 12:20:32','2011-08-05 12:20:32'),(38,2,'Cancel search','Annuler la recherche',NULL,'2011-08-05 12:20:32','2011-08-05 12:20:32'),(39,2,'Active search','Recherche active',NULL,'2011-08-05 12:20:32','2011-08-05 12:20:32'),(40,2,'is empty','vide',NULL,'2011-08-05 12:20:32','2011-08-05 12:20:32'),(41,2,'from','de',NULL,'2011-08-05 12:20:32','2011-08-05 12:20:32'),(42,2,'to','à',NULL,'2011-08-05 12:20:32','2011-08-05 12:20:32'),(43,2,'[0] no result|[1] 1 result|(1,+Inf] %1% results','[0]aucun résultat|[1]1 résultat|(1,+Inf]%1% résultats',NULL,'2011-08-05 12:20:32','2011-08-05 12:20:32'),(44,2,'Choose an action','Agir sur la sélection',NULL,'2011-08-05 12:20:32','2011-08-05 12:20:32'),(45,2,'Edit','Modifier',NULL,'2011-08-05 12:20:32','2011-08-05 12:20:32'),(46,2,'New','Ajouter',NULL,'2011-08-05 12:20:32','2011-08-05 12:20:32'),(47,2,'You must at least select one item.','Aucun élément sélectionné',NULL,'2011-08-05 12:20:32','2011-08-05 12:20:32'),(48,2,'Filter','Rechercher',NULL,'2011-08-05 12:20:32','2011-08-05 12:20:32'),(49,2,'Reset','Annuler',NULL,'2011-08-05 12:20:32','2011-08-05 12:20:32'),(50,2,'Add a','Ajouter un(e)',NULL,'2011-08-05 12:20:32','2011-08-05 12:20:32'),(51,2,'The item was updated successfully.','L\'élément a été enregistré avec succès',NULL,'2011-08-05 12:20:32','2011-08-05 12:20:32'),(52,2,'The item has not been saved due to some errors.','L\'élément n\'a pas été enregistré en raison des erreurs ci-dessous',NULL,'2011-08-05 12:20:32','2011-08-05 12:20:32'),(53,2,'Invalid.','Le contenu de ce champ n\'est pas valide',NULL,'2011-08-05 12:20:32','2011-08-05 12:20:32'),(54,2,'Required.','Ce champ ne devrait pas être vide',NULL,'2011-08-05 12:20:32','2011-08-05 12:20:32'),(55,2,'The item was updated successfully. You can add another one below.','L\'élément a été enregistré avec succès, vous pouvez maintenant en ajouter un autre',NULL,'2011-08-05 12:20:32','2011-08-05 12:20:32'),(56,2,'Translation','Traduction',NULL,'2011-08-05 12:20:32','2011-08-05 12:20:32'),(57,2,'Sentences','Phrases',NULL,'2011-08-05 12:20:32','2011-08-05 12:20:32'),(58,2,'Loremize','Loremiser',NULL,'2011-08-05 12:20:32','2011-08-05 12:20:32'),(59,2,'does not match the date format','ne correspond pas au format',NULL,'2011-08-05 12:20:32','2011-08-05 12:20:32'),(60,2,'The date must be before','La date doit être antérieure à',NULL,'2011-08-05 12:20:32','2011-08-05 12:20:32'),(61,2,'The date must be after','La date doit être postérieure à',NULL,'2011-08-05 12:20:32','2011-08-05 12:20:32'),(62,2,'[0]no element|[1]1 element|(1,+Inf]%1% elements','[0]aucun élément|[1]un élément|(1,+Inf]%1% éléments',NULL,'2011-08-05 12:20:32','2011-08-05 12:20:32'),(63,2,'You must select an action to execute on the selected items.','Aucune action sélectionnée',NULL,'2011-08-05 12:20:32','2011-08-05 12:20:32'),(64,2,'No result','Aucun résultat',NULL,'2011-08-05 12:20:32','2011-08-05 12:20:32'),(65,2,'The selected items have been deleted successfully.','Les éléments sélectionnés ont été supprimés avec succès',NULL,'2011-08-05 12:20:32','2011-08-05 12:20:32'),(66,2,'The selected items have been modified successfully','Les éléments sélectionnés ont été modifiés avec succès',NULL,'2011-08-05 12:20:32','2011-08-05 12:20:32'),(67,2,'A problem occurs when modifying the selected items','Un problème est survenu pendant la modification',NULL,'2011-08-05 12:20:32','2011-08-05 12:20:32'),(68,2,'Root','Racine',NULL,'2011-08-05 12:20:32','2011-08-05 12:20:32'),(69,2,'Page not found','Page introuvable',NULL,'2011-08-05 12:20:32','2011-08-05 12:20:32'),(70,2,'Media library','Bibliothèque de médias',NULL,'2011-08-05 12:20:32','2011-08-05 12:20:32'),(71,2,'UML Model Diagram','Diagramme UML du modèle',NULL,'2011-08-05 12:20:32','2011-08-05 12:20:32'),(72,2,'The item was deleted successfully.','L\'élément a été supprimé avec succès',NULL,'2011-08-05 12:20:32','2011-08-05 12:20:32'),(73,2,'element','élément',NULL,'2011-08-05 12:20:32','2011-08-05 12:20:32'),(74,2,'elements','éléments',NULL,'2011-08-05 12:20:32','2011-08-05 12:20:32'),(75,2,'Add a folder here','Ajouter un répertoire ici',NULL,'2011-08-05 12:20:32','2011-08-05 12:20:32'),(76,2,'Import from a zip','Importer depuis un zip',NULL,'2011-08-05 12:20:32','2011-08-05 12:20:32'),(77,2,'Add some files here','Ajouter des fichiers ici',NULL,'2011-08-05 12:20:32','2011-08-05 12:20:32'),(78,2,'Add a file here','Ajouter un fichier ici',NULL,'2011-08-05 12:20:32','2011-08-05 12:20:32'),(79,2,'Clear cache','Vider le cache',NULL,'2011-08-05 12:20:32','2011-08-05 12:20:32'),(80,2,'Clear media cache','Vider le cache média',NULL,'2011-08-05 12:20:32','2011-08-05 12:20:32'),(81,2,'Name','Nom',NULL,'2011-08-05 12:20:32','2011-08-05 12:20:32'),(82,2,'Rename this folder','Renommer ce répertoire',NULL,'2011-08-05 12:20:32','2011-08-05 12:20:32'),(83,2,'Move this folder','Déplacer ce répertoire',NULL,'2011-08-05 12:20:32','2011-08-05 12:20:32'),(84,2,'Delete this folder','Supprimer ce répertoire',NULL,'2011-08-05 12:20:32','2011-08-05 12:20:32'),(85,2,'Already exists in this folder','Existe déjà dans ce répertoire',NULL,'2011-08-05 12:20:32','2011-08-05 12:20:32'),(86,2,'This is a bad name','Ce nom n\'est pas valide',NULL,'2011-08-05 12:20:32','2011-08-05 12:20:32'),(87,2,'File','Fichier',NULL,'2011-08-05 12:20:32','2011-08-05 12:20:32'),(88,2,'Thumbnails can not be created in %1%','Les miniatures ne peuvent être créées dans %1%',NULL,'2011-08-05 12:20:32','2011-08-05 12:20:32'),(89,2,'Folder %1% is not writable','Le répertoire %1% n\'est pas accessible en écriture',NULL,'2011-08-05 12:20:32','2011-08-05 12:20:32'),(90,2,'File %1% is not writable','Le fichier %1% n\'est pas accessible en écriture',NULL,'2011-08-05 12:20:32','2011-08-05 12:20:32'),(91,2,'This folder is not writable','Ce répertoire n\'est pas accessible en écriture',NULL,'2011-08-05 12:20:32','2011-08-05 12:20:32'),(92,2,'This file is not writable','Ce fichier n\'est pas accessible en écriture',NULL,'2011-08-05 12:20:32','2011-08-05 12:20:32'),(93,2,'Size','Poids',NULL,'2011-08-05 12:20:32','2011-08-05 12:20:32'),(94,2,'Legend','Légende',NULL,'2011-08-05 12:20:32','2011-08-05 12:20:32'),(95,2,'Author','Auteur',NULL,'2011-08-05 12:20:32','2011-08-05 12:20:32'),(96,2,'License','Licence',NULL,'2011-08-05 12:20:32','2011-08-05 12:20:32'),(97,2,'Validate','Valider',NULL,'2011-08-05 12:20:32','2011-08-05 12:20:32'),(98,2,'Save','Enregistrer',NULL,'2011-08-05 12:20:32','2011-08-05 12:20:32'),(99,2,'Save and Add','Enregistrer et Ajouter',NULL,'2011-08-05 12:20:32','2011-08-05 12:20:32'),(100,2,'Save and Next','Enregistrer et Suivant',NULL,'2011-08-05 12:20:32','2011-08-05 12:20:32'),(101,2,'Save and Back to list','Enregistrer et Retourner à la liste',NULL,'2011-08-05 12:20:32','2011-08-05 12:20:32'),(102,2,'Save modifications','Enregistrer les modifications',NULL,'2011-08-05 12:20:32','2011-08-05 12:20:32'),(103,2,'Delete this file','Supprimer ce fichier',NULL,'2011-08-05 12:20:32','2011-08-05 12:20:32'),(104,2,'Close','Fermer',NULL,'2011-08-05 12:20:32','2011-08-05 12:20:32'),(105,2,'Delete this %1%','Supprimer ce(tte) %1%',NULL,'2011-08-05 12:20:32','2011-08-05 12:20:32'),(106,2,'Delete this page','Supprimer cette page',NULL,'2011-08-05 12:20:32','2011-08-05 12:20:32'),(107,2,'Active','Actif',NULL,'2011-08-05 12:20:33','2011-08-05 12:20:33'),(108,2,'Referers','Dépendances',NULL,'2011-08-05 12:20:33','2011-08-05 12:20:33'),(109,2,'Administration login','Connexion à l\'administration',NULL,'2011-08-05 12:20:33','2011-08-05 12:20:33'),(110,2,'Login','Connexion',NULL,'2011-08-05 12:20:33','2011-08-05 12:20:33'),(111,2,'Username','Identifiant',NULL,'2011-08-05 12:20:33','2011-08-05 12:20:33'),(112,2,'Password','Mot de passe',NULL,'2011-08-05 12:20:33','2011-08-05 12:20:33'),(113,2,'Password (again)','Mot de passe bis',NULL,'2011-08-05 12:20:33','2011-08-05 12:20:33'),(114,2,'Remember','Mémoriser',NULL,'2011-08-05 12:20:33','2011-08-05 12:20:33'),(115,2,'The username and/or password is invalid.','L\'identifiant et/ou le mot de passe est erroné',NULL,'2011-08-05 12:20:33','2011-08-05 12:20:33'),(116,2,'Profiles','Profils',NULL,'2011-08-05 12:20:33','2011-08-05 12:20:33'),(117,2,'Profile','Profil',NULL,'2011-08-05 12:20:33','2011-08-05 12:20:33'),(118,2,'User','Utilisateur',NULL,'2011-08-05 12:20:33','2011-08-05 12:20:33'),(119,2,'Users','Utilisateurs',NULL,'2011-08-05 12:20:33','2011-08-05 12:20:33'),(120,2,'Metas','Métas',NULL,'2011-08-05 12:20:33','2011-08-05 12:20:33'),(121,2,'Automatic Page','Page automatique',NULL,'2011-08-05 12:20:33','2011-08-05 12:20:33'),(122,2,'Automatic Pages','Pages automatiques',NULL,'2011-08-05 12:20:33','2011-08-05 12:20:33'),(123,2,'Site tree','Arborescence du site',NULL,'2011-08-05 12:20:33','2011-08-05 12:20:33'),(124,2,'Some SEO improvements should be applied','Des optimisations pourraient être apportées au référencement',NULL,'2011-08-05 12:20:33','2011-08-05 12:20:33'),(125,2,'Some page have the same url','Certaines pages ont la même url',NULL,'2011-08-05 12:20:33','2011-08-05 12:20:33'),(126,2,'Click here to see them','Cliquez ici pour les voir',NULL,'2011-08-05 12:20:33','2011-08-05 12:20:33'),(127,2,'Seo improvements','Optimisation du référencement',NULL,'2011-08-05 12:20:33','2011-08-05 12:20:33'),(128,2,'Duplicated %1%','%1% dupliqué(e)s',NULL,'2011-08-05 12:20:33','2011-08-05 12:20:33'),(129,2,'Automatic page','Page automatique',NULL,'2011-08-05 12:20:33','2011-08-05 12:20:33'),(130,2,'Manual page','Page manuelle',NULL,'2011-08-05 12:20:33','2011-08-05 12:20:33'),(131,2,'Modify object','Modifier l\'objet',NULL,'2011-08-05 12:20:33','2011-08-05 12:20:33'),(132,2,'Configure automatic seo for %1% pages','Configurer le référencement automatique pour les pages %1%',NULL,'2011-08-05 12:20:33','2011-08-05 12:20:33'),(133,2,'View page on website','Voir la page sur le site',NULL,'2011-08-05 12:20:33','2011-08-05 12:20:33'),(134,2,'Edit image','Modifier l\'image',NULL,'2011-08-05 12:20:33','2011-08-05 12:20:33'),(135,2,'Loading...','Chargement...',NULL,'2011-08-05 12:20:33','2011-08-05 12:20:33'),(136,2,'Preview','Prévisualisation',NULL,'2011-08-05 12:20:33','2011-08-05 12:20:33'),(137,2,'Back to list','Retour à la liste',NULL,'2011-08-05 12:20:33','2011-08-05 12:20:33'),(138,2,'The form submission cannot be processed. It probably means that you have uploaded a file that is too big.','Le formulaire n\'a pas pu être traité. Cela peut être du à l\'envoi d\'un fichier trop volumineux',NULL,'2011-08-05 12:20:33','2011-08-05 12:20:33'),(139,2,'A problem occurs when deleting the selected items.','Un problème est survenu pendant la suppression des éléments',NULL,'2011-08-05 12:20:33','2011-08-05 12:20:33'),(140,2,'elements per page','éléments par page',NULL,'2011-08-05 12:20:33','2011-08-05 12:20:33'),(141,2,'Sort','Trier',NULL,'2011-08-05 12:20:33','2011-08-05 12:20:33'),(142,2,'Sort %1%','Trier les %1%',NULL,'2011-08-05 12:20:33','2011-08-05 12:20:33'),(143,2,'Sort %1% for %2%','Trier les %1% de %2%',NULL,'2011-08-05 12:20:33','2011-08-05 12:20:33'),(144,2,'Drag & drop elements, then','Glisser-déposer les éléments, puis',NULL,'2011-08-05 12:20:33','2011-08-05 12:20:33'),(145,2,'A problem occured when sorting the items','Un problème est survenu pendant le tri des éléments',NULL,'2011-08-05 12:20:33','2011-08-05 12:20:33'),(146,2,'The items have been sorted successfully','Les éléments ont été triés avec succès',NULL,'2011-08-05 12:20:33','2011-08-05 12:20:33'),(147,2,'Add a zone','Ajouter une zone',NULL,'2011-08-05 12:20:33','2011-08-05 12:20:33'),(148,2,'Add a widget','Ajouter un widget',NULL,'2011-08-05 12:20:33','2011-08-05 12:20:33'),(149,2,'Go to site','Aller au site',NULL,'2011-08-05 12:20:33','2011-08-05 12:20:33'),(150,2,'You don\'t have the required permission to access this page.','Vous n\'êtes pas autorisé à accéder à cette page',NULL,'2011-08-05 12:20:33','2011-08-05 12:20:33'),(151,2,'Edit this zone','Modifier cette zone',NULL,'2011-08-05 12:20:33','2011-08-05 12:20:33'),(152,2,'Delete this zone','Supprimer cette zone',NULL,'2011-08-05 12:20:33','2011-08-05 12:20:33'),(153,2,'CSS class','Classe CSS',NULL,'2011-08-05 12:20:33','2011-08-05 12:20:33'),(154,2,'Width','Largeur',NULL,'2011-08-05 12:20:33','2011-08-05 12:20:33'),(155,2,'Height','Hauteur',NULL,'2011-08-05 12:20:33','2011-08-05 12:20:33'),(156,2,'Edit this %1%','Modifier ce(tte) %1%',NULL,'2011-08-05 12:20:33','2011-08-05 12:20:33'),(157,2,'Delete this widget','Supprimer ce widget',NULL,'2011-08-05 12:20:33','2011-08-05 12:20:33'),(158,2,'Title','Titre',NULL,'2011-08-05 12:20:33','2011-08-05 12:20:33'),(159,2,'Link','Lien',NULL,'2011-08-05 12:20:33','2011-08-05 12:20:33'),(160,2,'Text','Texte',NULL,'2011-08-05 12:20:33','2011-08-05 12:20:33'),(161,2,'Advanced','Avancé',NULL,'2011-08-05 12:20:33','2011-08-05 12:20:33'),(162,2,'Bread crumb','Fil d\'arianne',NULL,'2011-08-05 12:20:33','2011-08-05 12:20:33'),(163,2,'Search form','Recherche : form',NULL,'2011-08-05 12:20:33','2011-08-05 12:20:33'),(164,2,'Search results','Recherche : résultats',NULL,'2011-08-05 12:20:33','2011-08-05 12:20:33'),(165,2,'Go to content','Aller au contenu',NULL,'2011-08-05 12:20:33','2011-08-05 12:20:33'),(166,2,'New widget','Nouveau widget',NULL,'2011-08-05 12:20:33','2011-08-05 12:20:33'),(167,2,'Use media','Utiliser un média',NULL,'2011-08-05 12:20:33','2011-08-05 12:20:33'),(168,2,'Or upload a file','Ou importer un fichier',NULL,'2011-08-05 12:20:33','2011-08-05 12:20:33'),(169,2,'Drag & drop a media here','Glisser-déposer un média ici',NULL,'2011-08-05 12:20:33','2011-08-05 12:20:33'),(170,2,'Media','Média',NULL,'2011-08-05 12:20:33','2011-08-05 12:20:33'),(171,2,'You must use a media or upload a file','Vous devez utiliser un média ou importer un fichier',NULL,'2011-08-05 12:20:33','2011-08-05 12:20:33'),(172,2,'Try','Essayer',NULL,'2011-08-05 12:20:33','2011-08-05 12:20:33'),(173,2,'Change file','Changer de fichier',NULL,'2011-08-05 12:20:33','2011-08-05 12:20:33'),(174,2,'Method','Méthode',NULL,'2011-08-05 12:20:33','2011-08-05 12:20:33'),(175,2,'Center','Centrer',NULL,'2011-08-05 12:20:33','2011-08-05 12:20:33'),(176,2,'Scale','Ajuster',NULL,'2011-08-05 12:20:33','2011-08-05 12:20:33'),(177,2,'Inflate','Etirer',NULL,'2011-08-05 12:20:33','2011-08-05 12:20:33'),(178,2,'Fit','Remplir',NULL,'2011-08-05 12:20:33','2011-08-05 12:20:33'),(179,2,'Save and close','Enregistrer et fermer',NULL,'2011-08-05 12:20:33','2011-08-05 12:20:33'),(180,2,'This size is not valid.','Cette dimension n\'est pas valide',NULL,'2011-08-05 12:20:33','2011-08-05 12:20:33'),(181,2,'This color is not valid.','Cette couleur n\'est pas valide',NULL,'2011-08-05 12:20:33','2011-08-05 12:20:33'),(182,2,'Per page','Par page',NULL,'2011-08-05 12:20:33','2011-08-05 12:20:33'),(183,2,'First page','Première page',NULL,'2011-08-05 12:20:33','2011-08-05 12:20:33'),(184,2,'Previous page','Page précédente',NULL,'2011-08-05 12:20:33','2011-08-05 12:20:33'),(185,2,'Next page','Page suivante',NULL,'2011-08-05 12:20:33','2011-08-05 12:20:33'),(186,2,'Last page','Dernière page',NULL,'2011-08-05 12:20:33','2011-08-05 12:20:33'),(187,2,'Top','En haut',NULL,'2011-08-05 12:20:33','2011-08-05 12:20:33'),(188,2,'Bottom','En bas',NULL,'2011-08-05 12:20:33','2011-08-05 12:20:33'),(189,2,'View','Vue',NULL,'2011-08-05 12:20:33','2011-08-05 12:20:33'),(190,2,'Order by','Ordonner par',NULL,'2011-08-05 12:20:33','2011-08-05 12:20:33'),(191,2,'Random','Aléatoire',NULL,'2011-08-05 12:20:33','2011-08-05 12:20:33'),(192,2,'automatic','automatique',NULL,'2011-08-05 12:20:33','2011-08-05 12:20:33'),(193,2,'Add new page','Ajouter une nouvelle page',NULL,'2011-08-05 12:20:33','2011-08-05 12:20:33'),(194,2,'Seo','Référencement',NULL,'2011-08-05 12:20:33','2011-08-05 12:20:33'),(195,2,'Integration','Intégration',NULL,'2011-08-05 12:20:33','2011-08-05 12:20:33'),(196,2,'Edit page','Modifier la page',NULL,'2011-08-05 12:20:33','2011-08-05 12:20:33'),(197,2,'Logout','Déconnexion',NULL,'2011-08-05 12:20:33','2011-08-05 12:20:33'),(198,2,'Available','Disponible',NULL,'2011-08-05 12:20:33','2011-08-05 12:20:33'),(199,2,'Requires authentication','Requiert une authentication',NULL,'2011-08-05 12:20:33','2011-08-05 12:20:33'),(200,2,'Search engine crawlers','Robots des moteurs de recherche',NULL,'2011-08-05 12:20:33','2011-08-05 12:20:33'),(201,2,'Show page structure','Afficher la structure de la page',NULL,'2011-08-05 12:20:33','2011-08-05 12:20:33'),(202,2,'Generate sitemap','Générer le sitemap',NULL,'2011-08-05 12:20:33','2011-08-05 12:20:33'),(203,2,'Links','Liens',NULL,'2011-08-05 12:20:33','2011-08-05 12:20:33'),(204,2,'Act on selection','Agir sur la sélection',NULL,'2011-08-05 12:20:33','2011-08-05 12:20:33'),(205,2,'Activate','Activer',NULL,'2011-08-05 12:20:33','2011-08-05 12:20:33'),(206,2,'Deactivate','Désactiver',NULL,'2011-08-05 12:20:33','2011-08-05 12:20:33'),(207,2,'Remove','Enlever',NULL,'2011-08-05 12:20:33','2011-08-05 12:20:33'),(208,2,'Sorry, but you can not access administration with your current browser','Désolé, mais vous ne pouvez pas accéder à l\'administration avec votre navigateur actuel',NULL,'2011-08-05 12:20:33','2011-08-05 12:20:33'),(209,2,'Select all','Sélectionner tout',NULL,'2011-08-05 12:20:33','2011-08-05 12:20:33'),(210,2,'Unselect all','Désélectionner tout',NULL,'2011-08-05 12:20:33','2011-08-05 12:20:33'),(211,2,'Configuration panel','Panneau de configuration',NULL,'2011-08-05 12:20:33','2011-08-05 12:20:33'),(212,2,'This is not a valid hexadecimal color','Ce n\'est pas une couleur hexadécimale valide',NULL,'2011-08-05 12:20:33','2011-08-05 12:20:33'),(213,2,'%1% - %2% of %3%','%1% - %2% sur %3%',NULL,'2011-08-05 12:20:33','2011-08-05 12:20:33'),(214,2,'Display','Afficher',NULL,'2011-08-05 12:20:33','2011-08-05 12:20:33'),(215,2,'User logged in','L\'utilisateur s\'est connecté',NULL,'2011-08-05 12:20:33','2011-08-05 12:20:33'),(216,2,'User logged out','L\'utilisateur s\'est déconnecté',NULL,'2011-08-05 12:20:33','2011-08-05 12:20:33'),(217,2,'Cache cleared','Cache vidé',NULL,'2011-08-05 12:20:33','2011-08-05 12:20:33'),(218,2,'This Week','Cette Semaine',NULL,'2011-08-05 12:20:33','2011-08-05 12:20:33'),(219,2,'This Year','Cette Année',NULL,'2011-08-05 12:20:33','2011-08-05 12:20:33'),(220,2,'Activity','Activité',NULL,'2011-08-05 12:20:33','2011-08-05 12:20:33'),(221,2,'Server','Serveur',NULL,'2011-08-05 12:20:33','2011-08-05 12:20:33'),(222,2,'Browser','Navigateur',NULL,'2011-08-05 12:20:33','2011-08-05 12:20:33'),(223,2,'Browsers','Navigateurs',NULL,'2011-08-05 12:20:33','2011-08-05 12:20:33'),(224,2,'Location','Page',NULL,'2011-08-05 12:20:33','2011-08-05 12:20:33'),(225,2,'Events','Evènements',NULL,'2011-08-05 12:20:33','2011-08-05 12:20:33'),(226,2,'Requests','Requêtes',NULL,'2011-08-05 12:20:33','2011-08-05 12:20:33'),(227,2,'Subject','Sujet',NULL,'2011-08-05 12:20:33','2011-08-05 12:20:33'),(228,2,'Expanded view','Vue étendue',NULL,'2011-08-05 12:20:33','2011-08-05 12:20:33'),(229,2,'Show','Afficher',NULL,'2011-08-05 12:20:33','2011-08-05 12:20:33'),(230,2,'Gallery','Galerie',NULL,'2011-08-05 12:20:33','2011-08-05 12:20:33'),(231,2,'Edit medias','Modifier les médias',NULL,'2011-08-05 12:20:33','2011-08-05 12:20:33'),(232,2,'Remove this media','Enlever ce média',NULL,'2011-08-05 12:20:33','2011-08-05 12:20:33'),(233,2,'Preferences','Préférences',NULL,'2011-08-05 12:20:33','2011-08-05 12:20:33'),(234,2,'Mail templates','Gabarits de courriels',NULL,'2011-08-05 12:20:33','2011-08-05 12:20:33'),(235,2,'Layouts','Layouts',NULL,'2011-08-05 12:20:33','2011-08-05 12:20:33'),(236,2,'Zone','Zone',NULL,'2011-08-05 12:20:33','2011-08-05 12:20:33'),(237,2,'Navigation','Navigation',NULL,'2011-08-05 12:20:33','2011-08-05 12:20:33'),(238,2,'Configuration','Configuration',NULL,'2011-08-05 12:20:33','2011-08-05 12:20:33'),(239,2,'Chart','Graphique',NULL,'2011-08-05 12:20:33','2011-08-05 12:20:33'),(240,2,'Log','Journal',NULL,'2011-08-05 12:20:33','2011-08-05 12:20:33'),(241,2,'Monitoring','Surveillance',NULL,'2011-08-05 12:20:33','2011-08-05 12:20:33'),(242,2,'Manage index','Gérer l\'index',NULL,'2011-08-05 12:20:33','2011-08-05 12:20:33'),(243,2,'Search engine','Moteur de recherche',NULL,'2011-08-05 12:20:33','2011-08-05 12:20:33'),(244,2,'Google analytics','Google Analytics',NULL,'2011-08-05 12:20:33','2011-08-05 12:20:33'),(245,2,'Google webmaster tools','Google webmaster tools',NULL,'2011-08-05 12:20:33','2011-08-05 12:20:33'),(246,2,'Services','Services',NULL,'2011-08-05 12:20:33','2011-08-05 12:20:33'),(247,2,'Sitemap','Sitemap',NULL,'2011-08-05 12:20:33','2011-08-05 12:20:33'),(248,2,'Url Redirections','Redirections d\'urls',NULL,'2011-08-05 12:20:33','2011-08-05 12:20:33'),(249,2,'Redirections','Redirections',NULL,'2011-08-05 12:20:33','2011-08-05 12:20:33'),(250,2,'Settings','Paramètres',NULL,'2011-08-05 12:20:33','2011-08-05 12:20:33'),(251,2,'Sent mails','Courriels envoyés',NULL,'2011-08-05 12:20:33','2011-08-05 12:20:33'),(252,2,'Errors','Erreurs',NULL,'2011-08-05 12:20:33','2011-08-05 12:20:33'),(253,2,'Permissions','Autorisations',NULL,'2011-08-05 12:20:33','2011-08-05 12:20:33'),(254,2,'Groups','Groupes',NULL,'2011-08-05 12:20:33','2011-08-05 12:20:33'),(255,2,'Security','Sécurité',NULL,'2011-08-05 12:20:33','2011-08-05 12:20:33'),(256,2,'See diagrams','Voir les schémas',NULL,'2011-08-05 12:20:33','2011-08-05 12:20:33'),(257,2,'Code Editor','Éditeur de code',NULL,'2011-08-05 12:20:33','2011-08-05 12:20:33'),(258,2,'Diem Console','Console Diem',NULL,'2011-08-05 12:20:33','2011-08-05 12:20:33'),(259,2,'Dev','Dev',NULL,'2011-08-05 12:20:33','2011-08-05 12:20:33'),(260,2,'Exception','Exception',NULL,'2011-08-05 12:20:33','2011-08-05 12:20:33'),(261,2,'Cache','Cache',NULL,'2011-08-05 12:20:33','2011-08-05 12:20:33'),(262,2,'This chart is not available.','Ce graphique n\'est pas disponible.',NULL,'2011-08-05 12:20:33','2011-08-05 12:20:33'),(263,2,'Dm gallery','Dm galerie',NULL,'2011-08-05 12:20:33','2011-08-05 12:20:33'),(264,2,'Email','Email',NULL,'2011-08-05 12:20:33','2011-08-05 12:20:33'),(265,2,'Last login','Dernière connexion',NULL,'2011-08-05 12:20:33','2011-08-05 12:20:33'),(266,2,'Visible','Visible',NULL,'2011-08-05 12:20:33','2011-08-05 12:20:33'),(267,2,'External services','Services externes',NULL,'2011-08-05 12:20:33','2011-08-05 12:20:33'),(268,2,'Interface','Interface',NULL,'2011-08-05 12:20:33','2011-08-05 12:20:33'),(269,2,'Site','Site',NULL,'2011-08-05 12:20:33','2011-08-05 12:20:33'),(270,2,'Tracking','Tracking',NULL,'2011-08-05 12:20:33','2011-08-05 12:20:33'),(271,2,'Right','Droite',NULL,'2011-08-05 12:20:33','2011-08-05 12:20:33'),(272,2,'Left','Gauche',NULL,'2011-08-05 12:20:33','2011-08-05 12:20:33'),(273,2,'Image resize method','Méthode de redimension d\'image',NULL,'2011-08-05 12:20:33','2011-08-05 12:20:33'),(274,2,'Default method when an image needs to be resized','Méthode par défaut lorsque l\'image doit être redimensionnée',NULL,'2011-08-05 12:20:33','2011-08-05 12:20:33'),(275,2,'Image resize quality','Qualité de redimension d\'image',NULL,'2011-08-05 12:20:33','2011-08-05 12:20:33'),(276,2,'Jpeg default quality when generating thumbnails','Qualité par défaut des JPG lors de la génération des vignettes',NULL,'2011-08-05 12:20:33','2011-08-05 12:20:33'),(277,2,'Link external blank','Lien externe en nouvelle fenêtre',NULL,'2011-08-05 12:20:33','2011-08-05 12:20:33'),(278,2,'Links to other domain get automatically a _blank target','Les liens vers d\'autres domaines obtiennent automatiquement target=_blank',NULL,'2011-08-05 12:20:33','2011-08-05 12:20:33'),(279,2,'Link current span','Lien courrant = span',NULL,'2011-08-05 12:20:33','2011-08-05 12:20:33'),(280,2,'Links to current page are changed from <a> to <span>','Les liens vers la page courrante sont transformé de <a> en <span>',NULL,'2011-08-05 12:20:33','2011-08-05 12:20:33'),(281,2,'Link use page title','Liens utilisent le titre de la page',NULL,'2011-08-05 12:20:33','2011-08-05 12:20:33'),(282,2,'Add an automatic title on link based on the target page title','Ajouter un title automatique aux liens, basé sur le titre de la page ciblée',NULL,'2011-08-05 12:20:33','2011-08-05 12:20:33'),(283,2,'Search stop words','Mots à ne pas chercher',NULL,'2011-08-05 12:20:33','2011-08-05 12:20:33'),(284,2,'Words to exclude from searches (e.g. the, a, to )','Les mots exclus des recherches (ex: le, un, à)',NULL,'2011-08-05 12:20:33','2011-08-05 12:20:33'),(285,2,'Title prefix','Préfixe du titre',NULL,'2011-08-05 12:20:33','2011-08-05 12:20:33'),(286,2,'Append something at the beginning of all pages title','Ajoute une expression au début du titre de toutes les pages',NULL,'2011-08-05 12:20:33','2011-08-05 12:20:33'),(287,2,'Title suffix','Suffixe du titre',NULL,'2011-08-05 12:20:33','2011-08-05 12:20:33'),(288,2,'Append something at the end of all pages title','Ajouter une expression à la fin du titre toutes les pages',NULL,'2011-08-05 12:20:33','2011-08-05 12:20:33'),(289,2,'Smart 404','404 intelligente',NULL,'2011-08-05 12:20:33','2011-08-05 12:20:33'),(290,2,'When a page is not found, user is redirect to a similar page. The internal search index is used to find the best page for requested url.','Quand une page est introuvable, l\'utilisateur est redirigé vers une page similaire. Le moteur de recherche interne est utilisé pour trouver la meilleure page pour l\'url demandée.',NULL,'2011-08-05 12:20:33','2011-08-05 12:20:33'),(291,2,'Site name','Nom du site',NULL,'2011-08-05 12:20:33','2011-08-05 12:20:33'),(292,2,'The site name','Le nom du site',NULL,'2011-08-05 12:20:33','2011-08-05 12:20:33'),(293,2,'Site active','Site actif',NULL,'2011-08-05 12:20:33','2011-08-05 12:20:33'),(294,2,'Is the site ready for visitors ?','Le site est-il prêt pour les visiteurs?',NULL,'2011-08-05 12:20:33','2011-08-05 12:20:33'),(295,2,'Site indexable','Site indexable',NULL,'2011-08-05 12:20:33','2011-08-05 12:20:33'),(296,2,'Is the site ready for search engine crawlers ?','Le site est-il prêt pour les robots des moteurs de recherche?',NULL,'2011-08-05 12:20:33','2011-08-05 12:20:33'),(297,2,'Site working copy','Site copie de travail',NULL,'2011-08-05 12:20:33','2011-08-05 12:20:33'),(298,2,'Is this site the current working copy ?','Ce site est-il la copie de travail en cours?',NULL,'2011-08-05 12:20:33','2011-08-05 12:20:33'),(299,2,'Ga key','Ga key',NULL,'2011-08-05 12:20:33','2011-08-05 12:20:33'),(300,2,'The google analytics key without javascript stuff ( e.g. UA-9876614-1 )','La clé Google Analytics sans le code javascript (Ex: UA-9876614-1)',NULL,'2011-08-05 12:20:33','2011-08-05 12:20:33'),(301,2,'Gwt key','Gwt key',NULL,'2011-08-05 12:20:33','2011-08-05 12:20:33'),(302,2,'The google webmaster tools filename without google and .html ( e.g. a913b555ba9b4f13 )','Le nom du fichier google webmaster tools, sans google et sans .html (Ex: a913b555ba9b4f13)',NULL,'2011-08-05 12:20:33','2011-08-05 12:20:33'),(303,2,'Xiti code','Code Xiti',NULL,'2011-08-05 12:20:33','2011-08-05 12:20:33'),(304,2,'The xiti html code','Le code HTML xiti',NULL,'2011-08-05 12:20:33','2011-08-05 12:20:33'),(305,2,'Ga email','Courriel GA',NULL,'2011-08-05 12:20:33','2011-08-05 12:20:33'),(306,2,'Required to display google analytics data into Diem','Nécessaire pour afficher les données de Google Analytics dans Diem',NULL,'2011-08-05 12:20:33','2011-08-05 12:20:33'),(307,2,'Ga password','Mot de passe GA',NULL,'2011-08-05 12:20:33','2011-08-05 12:20:33'),(308,2,'Diem mail support is <strong>-NOT-</strong> completed. Please use the symfony 1.4 mail service instead','Le support des mails n\'est <strong>-PAS-</strong> terminé. Merci d\'utiliser le service de mail de symfony 1.4',NULL,'2011-08-05 12:20:33','2011-08-05 12:20:33'),(309,2,'Duplicate','Dupliquer',NULL,'2011-08-05 12:20:33','2011-08-05 12:20:33'),(310,2,'Source','Source',NULL,'2011-08-05 12:20:33','2011-08-05 12:20:33'),(311,2,'Target','Cible',NULL,'2011-08-05 12:20:33','2011-08-05 12:20:33'),(312,2,'Dm catalogue','Dm catalogue',NULL,'2011-08-05 12:20:33','2011-08-05 12:20:33'),(313,2,'Meta','Meta',NULL,'2011-08-05 12:20:33','2011-08-05 12:20:33'),(314,2,'Menu','Menu',NULL,'2011-08-05 12:20:33','2011-08-05 12:20:33'),(315,2,'Internal search engine','Moteur de recherche interne',NULL,'2011-08-05 12:20:33','2011-08-05 12:20:33'),(316,2,'Reload index','Recharger l\'index',NULL,'2011-08-05 12:20:33','2011-08-05 12:20:33'),(317,2,'Configure Google Analytics','Configurer Google Analytics',NULL,'2011-08-05 12:20:33','2011-08-05 12:20:33'),(318,2,'Configure Google Webmaster Tools','Configurer Google Webmaster Tools',NULL,'2011-08-05 12:20:33','2011-08-05 12:20:33'),(319,2,'Position','Position',NULL,'2011-08-05 12:20:33','2011-08-05 12:20:33'),(320,2,'Urls','Urls',NULL,'2011-08-05 12:20:33','2011-08-05 12:20:33'),(321,2,'Old url','Ancienne URL',NULL,'2011-08-05 12:20:33','2011-08-05 12:20:33'),(322,2,'New url','Nouvelle URL',NULL,'2011-08-05 12:20:33','2011-08-05 12:20:33'),(323,2,'Group','Groupe',NULL,'2011-08-05 12:20:33','2011-08-05 12:20:33'),(324,2,'Value','Valeur',NULL,'2011-08-05 12:20:33','2011-08-05 12:20:33'),(325,2,'Credentials','Permissions',NULL,'2011-08-05 12:20:33','2011-08-05 12:20:33'),(326,2,'Class','Classe',NULL,'2011-08-05 12:20:33','2011-08-05 12:20:33'),(327,2,'Module','Module',NULL,'2011-08-05 12:20:33','2011-08-05 12:20:33'),(328,2,'Action','Action',NULL,'2011-08-05 12:20:33','2011-08-05 12:20:33'),(329,2,'Uri','Uri',NULL,'2011-08-05 12:20:33','2011-08-05 12:20:33'),(330,2,'Env','Env',NULL,'2011-08-05 12:20:33','2011-08-05 12:20:33'),(331,2,'Super admin','Super Admin',NULL,'2011-08-05 12:20:33','2011-08-05 12:20:33'),(332,2,'The admin code editor is <strong>-NOT-</strong> completed yet an may not work','L\'éditeur de code admin <strong>n\'est-pas-encore</strong> achevé et peut ne pas fonctionner',NULL,'2011-08-05 12:20:33','2011-08-05 12:20:33'),(333,2,'List','Liste',NULL,'2011-08-05 12:20:33','2011-08-05 12:20:33'),(334,2,'Form','Form',NULL,'2011-08-05 12:20:33','2011-08-05 12:20:33'),(335,2,'Administration','Administration',NULL,'2011-08-05 12:20:33','2011-08-05 12:20:33'),(336,2,'text','texte',NULL,'2011-08-05 12:20:33','2011-08-05 12:20:33'),(337,2,'Index state','Etat de l\'index',NULL,'2011-08-05 12:20:33','2011-08-05 12:20:33'),(338,2,'Index maintenance','Maintenance de l\'index',NULL,'2011-08-05 12:20:33','2011-08-05 12:20:33'),(339,2,'Search completed in %1% ms','Recherche effectuée en %1% ms',NULL,'2011-08-05 12:20:33','2011-08-05 12:20:33'),(340,2,'No results','Aucun résultat',NULL,'2011-08-05 12:20:33','2011-08-05 12:20:33'),(341,2,'Edit template code','Code de la template',NULL,'2011-08-05 12:20:33','2011-08-05 12:20:33'),(342,2,'Edit component code','Code du component',NULL,'2011-08-05 12:20:33','2011-08-05 12:20:33'),(343,2,'Drag & Drop a media here','Glisser-déposer un média ici',NULL,'2011-08-05 12:20:33','2011-08-05 12:20:33'),(344,2,'Add a link to the text title','Ajouter un lien au titre du texte',NULL,'2011-08-05 12:20:33','2011-08-05 12:20:33'),(345,2,'Add a link to the text media','Ajouter un lien au média du texte',NULL,'2011-08-05 12:20:33','2011-08-05 12:20:33'),(346,2,'Drag & Drop a page or enter an url','Glisser-déposer une page ou saisir une url',NULL,'2011-08-05 12:20:33','2011-08-05 12:20:33'),(347,2,'Drag & drop a page here from the PAGES panel, or write an url','Glisser-déposer une page ici depuis le panneau PAGES, ou saisir une url',NULL,'2011-08-05 12:20:33','2011-08-05 12:20:33'),(348,2,'Title position','Position du titre',NULL,'2011-08-05 12:20:33','2011-08-05 12:20:33'),(349,2,'Outside','A l\'extérieur',NULL,'2011-08-05 12:20:33','2011-08-05 12:20:33'),(350,2,'Inside','A l\'intérieur',NULL,'2011-08-05 12:20:33','2011-08-05 12:20:33'),(351,2,'JPG quality','Qualité JPG',NULL,'2011-08-05 12:20:33','2011-08-05 12:20:33'),(352,2,'Dimensions','Dimensions',NULL,'2011-08-05 12:20:33','2011-08-05 12:20:33'),(353,2,'Leave empty to use default quality','Laisser vide pour utiliser la qualité par défaut',NULL,'2011-08-05 12:20:33','2011-08-05 12:20:33'),(354,2,'Separator','Séparateur',NULL,'2011-08-05 12:20:33','2011-08-05 12:20:33'),(355,2,'Include current page','Inclure la page en cours',NULL,'2011-08-05 12:20:33','2011-08-05 12:20:33'),(356,2,'This CSS class is applied to the body tag','Cette classe CSS est appliqué au tag body',NULL,'2011-08-05 12:20:33','2011-08-05 12:20:33'),(357,2,'Revision history of %1%','Historique des versions de %1%',NULL,'2011-08-05 12:20:33','2011-08-05 12:20:33'),(358,2,'Revision history','Historique des versions',NULL,'2011-08-05 12:20:33','2011-08-05 12:20:33'),(359,2,'Field','Champ',NULL,'2011-08-05 12:20:33','2011-08-05 12:20:33'),(360,2,'Difference','Différence',NULL,'2011-08-05 12:20:33','2011-08-05 12:20:33'),(361,2,'No revision for %1% with culture \"%2%\"','Aucune version pour %1% dans la langue \"%2%\"',NULL,'2011-08-05 12:20:33','2011-08-05 12:20:33'),(362,2,'Body','Corps',NULL,'2011-08-05 12:20:33','2011-08-05 12:20:33'),(363,2,'Others','Autres',NULL,'2011-08-05 12:20:33','2011-08-05 12:20:33'),(364,2,'Description','Description',NULL,'2011-08-05 12:20:33','2011-08-05 12:20:33'),(365,2,'Vars','Variables',NULL,'2011-08-05 12:20:33','2011-08-05 12:20:33'),(366,2,'From email','Courriel de l\'expéditeur',NULL,'2011-08-05 12:20:33','2011-08-05 12:20:33'),(367,2,'To email','Courriel du destinataire',NULL,'2011-08-05 12:20:33','2011-08-05 12:20:33'),(368,2,'Updating project','Mise à jour du projet',NULL,'2011-08-05 12:20:33','2011-08-05 12:20:33'),(369,2,'Cache clearing','Mise à jour du cache',NULL,'2011-08-05 12:20:33','2011-08-05 12:20:33'),(370,2,'Page synchronization','Synchronisation des pages',NULL,'2011-08-05 12:20:33','2011-08-05 12:20:33'),(371,2,'SEO synchronization','Synchronisation SEO',NULL,'2011-08-05 12:20:33','2011-08-05 12:20:33'),(372,2,'Interface regeneration','Régénération de l\'interface',NULL,'2011-08-05 12:20:33','2011-08-05 12:20:33'),(373,2,'Something went wrong when updating project','Une erreur s\'est produite pendant la mise à jour du projet',NULL,'2011-08-05 12:20:33','2011-08-05 12:20:33'),(374,2,'Send reports','Envoyer des rapports',NULL,'2011-08-05 12:20:33','2011-08-05 12:20:33'),(375,2,'Receive reports','Recevoir des rapports',NULL,'2011-08-05 12:20:33','2011-08-05 12:20:33'),(376,2,'Open Google Analytics page','Ouvrir la page Google Analytics',NULL,'2011-08-05 12:20:33','2011-08-05 12:20:33'),(377,2,'Open Google Webmaster Tools page','Ouvrir la page Google Webmaster Tools',NULL,'2011-08-05 12:20:33','2011-08-05 12:20:33'),(378,2,'Revert to revision %1%','Revenir à la version %1%',NULL,'2011-08-05 12:20:33','2011-08-05 12:20:33'),(379,2,'%1% has been reverted to version %2%','%1% est revenu à la version %2%',NULL,'2011-08-05 12:20:33','2011-08-05 12:20:33'),(380,2,'To enable it, provide a google analytics access','Pour l\'activer, merci de fournir un accès Google Analytics',NULL,'2011-08-05 12:20:33','2011-08-05 12:20:33'),(381,2,'This chart is currently not available','Ce graphique n\'est pas disponible pour l\'instant',NULL,'2011-08-05 12:20:33','2011-08-05 12:20:33'),(382,2,'Generate %1% random %2%','Générer %1% %2% aléatoires',NULL,'2011-08-05 12:20:33','2011-08-05 12:20:33'),(383,2,'Options','Options',NULL,'2011-08-05 12:20:33','2011-08-05 12:20:33'),(384,2,'Drag & Drop an image here','Glisser-déposer une image ici',NULL,'2011-08-05 12:20:33','2011-08-05 12:20:33'),(385,2,'\"%value%\" is not a valid link.','\"%value%\" n\'est pas un lien valide.',NULL,'2011-08-05 12:20:33','2011-08-05 12:20:33'),(386,2,'\"%value%\" is not a valid directory name.','\"%value%\" n\'est pas un nom de répertoire valide.',NULL,'2011-08-05 12:20:33','2011-08-05 12:20:33'),(387,2,'History','Historique',NULL,'2011-08-05 12:20:33','2011-08-05 12:20:33'),(388,2,'Set up a cron to update the search index','Configurer cron pour actualiser l\'index de recherche',NULL,'2011-08-05 12:20:33','2011-08-05 12:20:33'),(389,2,'Set up a cron to update the sitemap','Configurer cron pour actualiser le sitemap',NULL,'2011-08-05 12:20:33','2011-08-05 12:20:33'),(390,2,'Most UNIX and GNU/Linux systems allows for task planning through a mechanism known as cron. The cron checks a configuration file (a crontab) for commands to run at a certain time.','La plupart des systèmes UNIX et GNU / Linux supportent la planification de tâches à travers un mécanisme connu sous le nom de cron. Le cron vérifie un fichier de configuration (un crontab) pour les commandes à exécuter à un certain temps ou bien à une certaine période.',NULL,'2011-08-05 12:20:33','2011-08-05 12:20:33'),(391,2,'For more information on the crontab configuration file format, type man 5 crontab in a terminal.','Pour plus d\'informations sur le format du fichier de configuration de la crontab, il suffit de taper man 5 crontab dans un terminal de commandes.',NULL,'2011-08-05 12:20:33','2011-08-05 12:20:33'),(392,2,'Open %1% and add the line:','Ouvrez %1% et ajoutez la ligne :',NULL,'2011-08-05 12:20:33','2011-08-05 12:20:33'),(393,2,'Cut','Couper',NULL,'2011-08-05 12:20:33','2011-08-05 12:20:33'),(394,2,'Copy','Copier',NULL,'2011-08-05 12:20:33','2011-08-05 12:20:33'),(395,2,'Paste','Coller',NULL,'2011-08-05 12:20:33','2011-08-05 12:20:33'),(396,2,'Drag & drop links here from the left PAGE panel','Glisser-déposer une page ici depuis le panneau PAGES',NULL,'2011-08-05 12:20:33','2011-08-05 12:20:33'),(397,2,'Click to edit, drag to sort','Cliquer pour modifier, déplacer pour trier',NULL,'2011-08-05 12:20:33','2011-08-05 12:20:33'),(398,2,'Code generation','Génération du code',NULL,'2011-08-05 12:20:33','2011-08-05 12:20:33'),(399,2,'%user% is browsing this page, you should not modify it now.','%user% est déjà sur cette page, vous ne devriez pas la modifier maintenant.',NULL,'2011-08-05 12:20:33','2011-08-05 12:20:33'),(400,2,'or create an external link','Ou créez un lien externe',NULL,'2011-08-05 12:20:33','2011-08-05 12:20:33'),(401,2,'Back to the parent folder','Retour au répertoire parent',NULL,'2011-08-05 12:20:33','2011-08-05 12:20:33'),(402,2,'Website','Site web',NULL,'2011-08-05 12:20:33','2011-08-05 12:20:33'),(403,2,'Message','Message',NULL,'2011-08-05 12:20:33','2011-08-05 12:20:33'),(404,2,'Signin','Connexion',NULL,'2011-08-05 12:20:33','2011-08-05 12:20:33'),(405,2,'Signout','Déconnexion',NULL,'2011-08-05 12:20:33','2011-08-05 12:20:33'),(406,2,'Back to admin','Retourner à l\'administration',NULL,'2011-08-05 12:20:33','2011-08-05 12:20:33'),(407,2,'Back to site','Retourner au site',NULL,'2011-08-05 12:20:33','2011-08-05 12:20:33'),(408,2,'Invalid mime type (%mime_type%).','Type de fichier non accepté (%mime_type%).',NULL,'2011-08-05 12:20:33','2011-08-05 12:20:33'),(409,2,'Download','Télécharger',NULL,'2011-08-05 12:20:33','2011-08-05 12:20:33'),(410,2,'Move to','Déplacer dans',NULL,'2011-08-05 12:20:33','2011-08-05 12:20:33'),(411,2,'[1] And one more...|(1,+Inf] And %1% more...','[1] Et un autre...|(1,+Inf] Et %1% autres...',NULL,'2011-08-05 12:20:33','2011-08-05 12:20:33'),(412,2,'Go to admin','Aller à l\'admin',NULL,'2011-08-05 12:20:33','2011-08-05 12:20:33'),(413,2,'Search for a widget','Chercher un widget',NULL,'2011-08-05 12:20:33','2011-08-05 12:20:33'),(414,2,'Sort by %field%','Trier par %field%',NULL,'2011-08-05 12:20:33','2011-08-05 12:20:33'),(415,2,'contextual','contextuel',NULL,'2011-08-05 12:20:33','2011-08-05 12:20:33'),(416,2,'Accepts pages and urls','Accepte pages et urls',NULL,'2011-08-05 12:20:33','2011-08-05 12:20:33'),(417,2,'Accepts medias and urls','Accepte médias et urls',NULL,'2011-08-05 12:20:33','2011-08-05 12:20:33'),(418,2,'Accepts pages, medias and urls','Accepte pages, médias et urls',NULL,'2011-08-05 12:20:33','2011-08-05 12:20:33'),(419,2,'Drag pages around to move and sort them.','Déplacez les pages pour les réordonner.',NULL,'2011-08-05 12:20:33','2011-08-05 12:20:33'),(420,2,'Manage metas','Gérer les métas',NULL,'2011-08-05 12:20:33','2011-08-05 12:20:33'),(421,2,'Reorder pages','Réordonner les pages',NULL,'2011-08-05 12:20:33','2011-08-05 12:20:33'),(422,2,'Manage pages','Gérer les pages',NULL,'2011-08-05 12:20:33','2011-08-05 12:20:33'),(423,2,'Click to edit','Cliquer pour modifier',NULL,'2011-08-05 12:20:33','2011-08-05 12:20:33'),(424,2,'Click any value in the table to modify it.','Cliquer sur une valeur du tableau pour la modifier',NULL,'2011-08-05 12:20:33','2011-08-05 12:20:33'),(425,2,'Choose columns to display in the table.','Choisir les colonnes affichées dans le tableau',NULL,'2011-08-05 12:20:33','2011-08-05 12:20:33'),(426,2,'Groups & Permissions','Groupes & autorisations',NULL,'2011-08-05 12:20:33','2011-08-05 12:20:33'),(427,2,'File %file% does not exist','Le fichier %file% n\'existe pas',NULL,'2011-08-05 12:20:33','2011-08-05 12:20:33'),(428,2,'File %file% can not be deleted because a record needs it','Le fichier %file% ne peut pas être supprimé, car il est utilisé',NULL,'2011-08-05 12:20:33','2011-08-05 12:20:33'),(429,2,'Add widgets','Ajouter des widgets',NULL,'2011-08-05 12:20:33','2011-08-05 12:20:33'),(430,2,'Back to %1%','Retourner à %1%',NULL,'2011-08-05 12:20:33','2011-08-05 12:20:33'),(431,2,'Revision %number%','Version %number%',NULL,'2011-08-05 12:20:33','2011-08-05 12:20:33'),(432,2,'My account','Mon compte',NULL,'2011-08-05 12:20:33','2011-08-05 12:20:33'),(433,2,'The two passwords must be the same.','Les deux mots de passe doivent être identiques.',NULL,'2011-08-05 12:20:33','2011-08-05 12:20:33'),(434,2,'Connected','Connecté',NULL,'2011-08-05 12:20:33','2011-08-05 12:20:33'),(435,2,'If you set a href, a link will be inserted into the title','Si vous ajoutez un href, un lien sera inséré dans le titre',NULL,'2011-08-05 12:20:33','2011-08-05 12:20:33'),(436,2,'Template','Template',NULL,'2011-08-05 12:20:33','2011-08-05 12:20:33'),(437,2,'Areas','Areas',NULL,'2011-08-05 12:20:33','2011-08-05 12:20:33'),(438,2,'Nb pages','Nb pages',NULL,'2011-08-05 12:20:33','2011-08-05 12:20:33'),(439,2,'Manage XML sitemap','Gérer le sitemap XML',NULL,'2011-08-05 12:20:33','2011-08-05 12:20:33'),(440,2,'Pages','Pages',NULL,'2011-08-05 12:20:33','2011-08-05 12:20:33'),(441,2,'Automatic SEO','Référencement automatique',NULL,'2011-08-05 12:20:33','2011-08-05 12:20:33'),(442,2,'Not connected','Non connecté',NULL,'2011-08-05 12:20:33','2011-08-05 12:20:33'),(443,2,'Keywords','Mots clé',NULL,'2011-08-05 12:20:33','2011-08-05 12:20:33'),(444,2,'Secure','Sécurisé',NULL,'2011-08-05 12:20:33','2011-08-05 12:20:33'),(445,2,'Indexable','Indexable',NULL,'2011-08-05 12:20:33','2011-08-05 12:20:33'),(446,2,'Select columns','Choisir les colonnes',NULL,'2011-08-05 12:20:33','2011-08-05 12:20:33'),(447,2,'Successfully loremized','Loremisé avec succès',NULL,'2011-08-05 12:20:33','2011-08-05 12:20:33'),(448,2,'This file is writable','Ce fichier est accessible en écriture',NULL,'2011-08-05 12:20:33','2011-08-05 12:20:33'),(449,2,'Loading','Chargement',NULL,'2011-08-05 12:20:33','2011-08-05 12:20:33'),(450,2,'Image','Image',NULL,'2011-08-05 12:20:33','2011-08-05 12:20:33'),(451,2,'Results','Résultats',NULL,'2011-08-05 12:20:33','2011-08-05 12:20:33'),(452,2,'Desc','Desc',NULL,'2011-08-05 12:20:33','2011-08-05 12:20:33'),(453,2,'Publication','Publication',NULL,'2011-08-05 12:20:33','2011-08-05 12:20:33'),(454,2,'Layout','Layout',NULL,'2011-08-05 12:20:33','2011-08-05 12:20:33'),(455,2,'Parent','Parent',NULL,'2011-08-05 12:20:33','2011-08-05 12:20:33'),(456,2,'Slug','Slug',NULL,'2011-08-05 12:20:33','2011-08-05 12:20:33'),(457,2,'Controllers','Controleurs',NULL,'2011-08-05 12:20:33','2011-08-05 12:20:33'),(458,2,'Templates','Templates',NULL,'2011-08-05 12:20:33','2011-08-05 12:20:33'),(459,2,'Stylesheets','Feuilles de style',NULL,'2011-08-05 12:20:33','2011-08-05 12:20:33'),(460,2,'Presentation','Présentation',NULL,'2011-08-05 12:20:33','2011-08-05 12:20:33'),(461,2,'Send','Envoyer',NULL,'2011-08-05 12:20:33','2011-08-05 12:20:33'),(462,2,'No module to manage.','Aucun module à gérer.',NULL,'2011-08-05 12:20:33','2011-08-05 12:20:33'),(463,2,'Variables you can use here:','Variables utilisables ici:',NULL,'2011-08-05 12:20:33','2011-08-05 12:20:33'),(464,2,'1. Edit meta generation rules','1. Modifier les règles de génération des metas',NULL,'2011-08-05 12:20:33','2011-08-05 12:20:33'),(465,2,'Preview modifications without applying changes to the site','Prévisualiser les modifications sans appliquer les changements au site',NULL,'2011-08-05 12:20:33','2011-08-05 12:20:33'),(466,2,'Save modifications and apply changes to the site','Enregistrer les modifications et appliquer les changements au site',NULL,'2011-08-05 12:20:33','2011-08-05 12:20:33'),(467,2,'2. Preview generated metas','Prévisualiser les métas générés',NULL,'2011-08-05 12:20:33','2011-08-05 12:20:33'),(468,2,'The page url, without domain name. Must be unique. If the slug does not start with a \'/\', the parent slug is added.','Url de la page, sans nom de domaine. Doit être unique. Si le slug ne commence pas par \'/\', le slug de la page supérieure est ajouté.',NULL,'2011-08-05 12:20:33','2011-08-05 12:20:33'),(469,2,'The page title, without prefix nor suffix. Should be unique.','Le titre de la page, sans préfixe ni suffixe. Devrait être unique.',NULL,'2011-08-05 12:20:33','2011-08-05 12:20:33'),(470,2,'The page name, used by links to this page. Should be unique.','Le nom de la page, utilisé par les liens vers cette page. Devrait être unique.',NULL,'2011-08-05 12:20:33','2011-08-05 12:20:33'),(471,2,'Assign first header here or let it blank to let the designer choose it. Should be unique.','Définissez le premier titre ici, ou laissez vide pour laisser l\'intégrateur le choisir. Devrait être unique.',NULL,'2011-08-05 12:20:33','2011-08-05 12:20:33'),(472,2,'The page description meta, frequently displayed in search engines result page.','Le méta description de la page, fréquemment affiché par les moteurs de recherche sur la page de résultats',NULL,'2011-08-05 12:20:33','2011-08-05 12:20:33'),(473,2,'Provides additional meta informations to the page. Also used by Diem internal search engine.','Fournit des méta-informations supplémentaires à la page. Aussi utilisé par le moteur de recherche interne de Diem.',NULL,'2011-08-05 12:20:33','2011-08-05 12:20:33'),(474,2,'Requests per minute','Requêtes par minute',NULL,'2011-08-05 12:20:33','2011-08-05 12:20:33'),(475,2,'Errors per minute','Erreurs par minute',NULL,'2011-08-05 12:20:33','2011-08-05 12:20:33'),(476,2,'Latency in ms','Latence en ms',NULL,'2011-08-05 12:20:33','2011-08-05 12:20:33'),(477,2,'Memory used in %','Mémoire utilisée en %',NULL,'2011-08-05 12:20:33','2011-08-05 12:20:33'),(478,2,'Pages per month','Pages par mois',NULL,'2011-08-05 12:20:33','2011-08-05 12:20:33'),(479,2,'Visitors per month','Visiteurs par mois',NULL,'2011-08-05 12:20:33','2011-08-05 12:20:33'),(480,2,'Visitors','Visiteurs',NULL,'2011-08-05 12:20:33','2011-08-05 12:20:33'),(481,2,'Bounce rate','Taux de rebond',NULL,'2011-08-05 12:20:33','2011-08-05 12:20:33'),(482,2,'No results for \"%1%\"','Aucun résultat pour \"%1%\"',NULL,'2011-08-05 12:20:33','2011-08-05 12:20:33'),(483,2,'Results %1% to %2% of %3%','Résultats %1% à %2% sur %3%',NULL,'2011-08-05 12:20:33','2011-08-05 12:20:33'),(484,2,'Items','Eléments',NULL,'2011-08-05 12:20:33','2011-08-05 12:20:33'),(485,2,'Save this %1% to access to the gallery','Enregistrez ce(tte) %1% pour accéder à la galerie',NULL,'2011-08-05 12:20:33','2011-08-05 12:20:33'),(486,2,'UL CSS class','Classe CSS du UL',NULL,'2011-08-05 12:20:33','2011-08-05 12:20:33'),(487,2,'LI CSS class','Classe CSS du LI',NULL,'2011-08-05 12:20:33','2011-08-05 12:20:33'),(488,2,'Ascendant','Ascendant',NULL,'2011-08-05 12:20:33','2011-08-05 12:20:33'),(489,2,'Descendant','Descendant',NULL,'2011-08-05 12:20:33','2011-08-05 12:20:33'),(490,2,'Version','Version',NULL,'2011-08-05 12:20:33','2011-08-05 12:20:33'),(491,2,'The widget can not be rendered because its type does not exist anymore.','Ce widget ne peut être affiché car son type n\'existe plus.',NULL,'2011-08-05 12:20:33','2011-08-05 12:20:33'),(492,2,'Link to this page:','Lien vers cette page:',NULL,'2011-08-05 12:20:33','2011-08-05 12:20:33'),(493,2,'Sentence','Phrase',NULL,'2011-08-05 12:20:33','2011-08-05 12:20:33'),(494,2,'The item was created successfully.','L\'élément a été créé avec succès.',NULL,'2011-08-05 12:20:33','2011-08-05 12:20:33'),(495,2,'The item was created successfully. You can add another one below.','L\'élément a été créé avec succès. Vous pouvez en ajouter une nouveau ci-dessous.',NULL,'2011-08-05 12:20:33','2011-08-05 12:20:33'),(496,2,'Heading 2','Titre 2',NULL,'2011-08-05 12:20:33','2011-08-05 12:20:33'),(497,2,'Heading 3','Titre 3',NULL,'2011-08-05 12:20:33','2011-08-05 12:20:33'),(498,2,'Heading 4','Titre 4',NULL,'2011-08-05 12:20:33','2011-08-05 12:20:33'),(499,2,'Heading 5','Titre 5',NULL,'2011-08-05 12:20:33','2011-08-05 12:20:33'),(500,2,'Bold','Gras',NULL,'2011-08-05 12:20:33','2011-08-05 12:20:33'),(501,2,'Italic','Italique',NULL,'2011-08-05 12:20:33','2011-08-05 12:20:33'),(502,2,'Bulleted List','Liste à puces',NULL,'2011-08-05 12:20:33','2011-08-05 12:20:33'),(503,2,'Numeric List','Liste numérotée',NULL,'2011-08-05 12:20:33','2011-08-05 12:20:33'),(504,2,'Enlarge the editor','Agrandir l\'éditeur',NULL,'2011-08-05 12:20:33','2011-08-05 12:20:33'),(505,2,'Permission','Authorisation',NULL,'2011-08-05 12:20:33','2011-08-05 12:20:33'),(506,2,'Nb sent mails','Nb mails envoyés',NULL,'2011-08-05 12:20:33','2011-08-05 12:20:33'),(507,2,'Advanced search','Recherche avancée',NULL,'2011-08-05 12:20:33','2011-08-05 12:20:33'),(508,2,'Today','Aujourd\'hui',NULL,'2011-08-05 12:20:33','2011-08-05 12:20:33'),(509,2,'Past %number% days','%number% derniers jours',NULL,'2011-08-05 12:20:33','2011-08-05 12:20:33'),(510,2,'This month','Ce mois',NULL,'2011-08-05 12:20:33','2011-08-05 12:20:33'),(511,2,'This year','Cette année',NULL,'2011-08-05 12:20:33','2011-08-05 12:20:33'),(512,2,'Pages per week','Pages par semaine',NULL,'2011-08-05 12:20:33','2011-08-05 12:20:33'),(513,2,'Visitors per week','Visiteurs par semaine',NULL,'2011-08-05 12:20:33','2011-08-05 12:20:33'),(514,2,'Show extended options','Montrer plus d\'options',NULL,'2011-08-05 12:20:33','2011-08-05 12:20:33'),(515,2,'Hide extended options','Montrer moins d\'options',NULL,'2011-08-05 12:20:33','2011-08-05 12:20:33'),(516,2,'Click here to logout','Cliquez ici pour vous déconnecter',NULL,'2011-08-05 12:20:33','2011-08-05 12:20:33'),(517,2,'Hello %username%','Bonjour %username%',NULL,'2011-08-05 12:20:33','2011-08-05 12:20:33'),(518,2,'Drag & drop images here from the right MEDIA panel','Glisser-déposer des images ici depuis le panneau MEDIA',NULL,'2011-08-05 12:20:33','2011-08-05 12:20:33'),(519,2,'Your email will never be published','Votre courriel ne sera jamais publié',NULL,'2011-08-05 12:20:33','2011-08-05 12:20:33'),(520,2,'Please enter a message','Veuillez saisir un message',NULL,'2011-08-05 12:20:33','2011-08-05 12:20:33'),(521,2,'Thank you, your contact request has been sent.','Merci, votre demande de contact a été envoyée.',NULL,'2011-08-05 12:20:33','2011-08-05 12:20:33'),(522,2,'Your message','Votre message',NULL,'2011-08-05 12:20:33','2011-08-05 12:20:33'),(523,2,'Incorrect please try again','Incorrect, merci de recommencer',NULL,'2011-08-05 12:20:33','2011-08-05 12:20:33'),(524,2,'Enter the words above','Saisissez les mots ci-dessus',NULL,'2011-08-05 12:20:33','2011-08-05 12:20:33'),(525,2,'Get an audio CAPTCHA','Captcha audio',NULL,'2011-08-05 12:20:33','2011-08-05 12:20:33'),(526,2,'Enter the numbers you hear','Saisissez les nombres que vous entendez',NULL,'2011-08-05 12:20:33','2011-08-05 12:20:33'),(527,2,'Get another CAPTCHA','Un autre Captcha',NULL,'2011-08-05 12:20:33','2011-08-05 12:20:33'),(528,2,'Help','Aide',NULL,'2011-08-05 12:20:33','2011-08-05 12:20:33'),(529,2,'Get an image CAPTCHA','Captcha image',NULL,'2011-08-05 12:20:33','2011-08-05 12:20:33'),(530,2,'The captcha is not valid (invalid captcha).','La saisie n\'est pas valide.',NULL,'2011-08-05 12:20:33','2011-08-05 12:20:33'),(531,2,'Locked : form cant be submited','Le message ne peut être envoyé',NULL,'2011-08-05 12:20:33','2011-08-05 12:20:33'),(532,2,'Unlocked : form can be submited','Le message peut être envoyé',NULL,'2011-08-05 12:20:33','2011-08-05 12:20:33'),(533,2,'Bad captcha','Merci de faire glisser le curseur',NULL,'2011-08-05 12:20:33','2011-08-05 12:20:33'),(534,2,'Slide please to submit','Faites glisser le curseur afin d\'envoyer votre message',NULL,'2011-08-05 12:20:33','2011-08-05 12:20:33'),(535,2,'Send our message','Envoyer votre message',NULL,'2011-08-05 12:20:33','2011-08-05 12:20:33'),(536,2,'We ask you to validate your submission in this way to fight against spam','Nous vous demandons de valider votre envoi de cette manière afin de lutter contre le spam',NULL,'2011-08-05 12:20:33','2011-08-05 12:20:33'),(537,2,'The captcha is not valid','Le captcha est invalide',NULL,'2011-08-05 12:20:33','2011-08-05 12:20:33'),(538,2,'Unable to check the captcha from the server','Problème avec le serveur de captcha, merci de réessayer ultérieurement',NULL,'2011-08-05 12:20:33','2011-08-05 12:20:33'),(539,2,'ContactMe','Contactez-moi',NULL,'2011-08-05 12:20:33','2011-08-05 12:20:33'),(540,2,'Read by key','Lire par clef',NULL,'2011-08-05 12:20:33','2011-08-05 12:20:33'),(541,2,'Read with xsl','Lire avec Xsl',NULL,'2011-08-05 12:20:33','2011-08-05 12:20:33'),(542,2,'Perso content','Contenu perso',NULL,'2011-08-05 12:20:33','2011-08-05 12:20:33'),(543,2,'Error : missed file','Erreur : fichier manquant',NULL,'2011-08-05 12:20:33','2011-08-05 12:20:33'),(544,2,'Scrolling text','Texte défilant',NULL,'2011-08-05 12:20:33','2011-08-05 12:20:33'),(545,2,'Play automatically','Jouer automatiquement',NULL,'2011-08-05 12:20:33','2011-08-05 12:20:33'),(546,2,'Scale to fill all available space','Etirer pour utiliser tout l\'espace',NULL,'2011-08-05 12:20:33','2011-08-05 12:20:33'),(547,2,'Fit by preserving the aspect ratio','Adapter en respectant le ratio d\'aspect',NULL,'2011-08-05 12:20:33','2011-08-05 12:20:33'),(548,2,'Half-size (preserves aspect ratio)','Réduire en respectant le ratio d\'aspect',NULL,'2011-08-05 12:20:33','2011-08-05 12:20:33'),(549,2,'Use the file original dimensions','Conserver les dimensions originales',NULL,'2011-08-05 12:20:33','2011-08-05 12:20:33'),(550,2,'Use a clickable image to launch the player','Utiliser une image cliquable pour lancer le lecteur',NULL,'2011-08-05 12:20:33','2011-08-05 12:20:33'),(551,2,'Remove splash','Enlever le splash',NULL,'2011-08-05 12:20:33','2011-08-05 12:20:33'),(552,2,'Splash alt','Alt du splash',NULL,'2011-08-05 12:20:33','2011-08-05 12:20:33'),(553,2,'Show controls','Afficher les contrôles',NULL,'2011-08-05 12:20:33','2011-08-05 12:20:33'),(554,2,'Scrollbar type','Type de contrôle',NULL,'2011-08-05 12:20:33','2011-08-05 12:20:33'),(555,2,'Or external URL','Ou un fichier externe',NULL,'2011-08-05 12:20:33','2011-08-05 12:20:33'),(556,2,'You must use a media, upload a file or write external file s Url','Vous devez choisir un média dans la bibliothèque, charger un fichier ou écrire l\'url d\'un fichier externe',NULL,'2011-08-05 12:20:33','2011-08-05 12:20:33'),(557,2,'Sorry, it looks like you\'re using a browser that isn\'t supported.','Désolé, il semblerait que vous utilisiez un navigateur qui n\'est pas supporté.',NULL,'2011-08-05 12:20:33','2011-08-05 12:20:33'),(558,2,'We suggest that you use one of these browsers:','Nous vous suggérons d\'utiliser un de ces navigateurs :',NULL,'2011-08-05 12:20:33','2011-08-05 12:20:33'),(559,2,'Or continue at your own peril','Ou continuez à vos propres périls',NULL,'2011-08-05 12:20:33','2011-08-05 12:20:33'),(560,2,'Modify my account','Modifier mon compte',NULL,'2011-08-05 12:20:33','2011-08-05 12:20:33'),(561,2,'Register','Créer un compte',NULL,'2011-08-05 12:20:33','2011-08-05 12:20:33'),(562,2,'Change password','Changer de mot de passe',NULL,'2011-08-05 12:20:33','2011-08-05 12:20:33'),(563,2,'You are authenticated as %username%','Vous êtes connecté en tant que %username%',NULL,'2011-08-05 12:20:33','2011-08-05 12:20:33'),(564,2,'Old password','Ancien mot de passe',NULL,'2011-08-05 12:20:33','2011-08-05 12:20:33'),(565,2,'New password','Nouveau mot de passe',NULL,'2011-08-05 12:20:33','2011-08-05 12:20:33'),(566,2,'New password (again)','Nouveau mot de passe ( confirmation )',NULL,'2011-08-05 12:20:33','2011-08-05 12:20:33'),(567,2,'Receive a new password','Recevoir un nouveau mot de passe',NULL,'2011-08-05 12:20:33','2011-08-05 12:20:33'),(568,2,'A link to change your password has been sent to %email%','Un lien pour changer votre mot de passe a été envoyé à %email%',NULL,'2011-08-05 12:20:33','2011-08-05 12:20:33'),(569,2,'Your password has been changed','Votre mot de passe a été modifié',NULL,'2011-08-05 12:20:33','2011-08-05 12:20:33'),(570,2,'Save the new password','Enregistrer le nouveau mot de passe',NULL,'2011-08-05 12:20:33','2011-08-05 12:20:33');
/*!40000 ALTER TABLE `dm_trans_unit` ENABLE KEYS */;
UNLOCK TABLES;

--
-- Dumping data for table `dm_page`
--

LOCK TABLES `dm_page` WRITE;
/*!40000 ALTER TABLE `dm_page` DISABLE KEYS */;
INSERT INTO `dm_page` (`id`, `module`, `action`, `record_id`, `credentials`, `lft`, `rgt`, `level`) VALUES (1,'main','root',0,'',1,608,0),(2,'main','error404',0,NULL,4,5,1),(3,'main','signin',0,NULL,2,3,1),(4,'dmTag','list',0,NULL,6,71,1),(5,'rubrique','list',0,NULL,72,447,1),(1548,'main','contact',0,NULL,448,449,1),(1591,'main','search',0,NULL,450,451,1),(1595,'mission','list',0,'',516,535,1),(1621,'mission','show',1,NULL,517,518,2),(1622,'mission','show',2,NULL,519,520,2),(1623,'mission','show',3,NULL,521,522,2),(1624,'mission','show',4,NULL,523,524,2),(1625,'mission','show',5,NULL,525,526,2),(1626,'mission','show',6,NULL,527,528,2),(1627,'mission','show',7,NULL,529,530,2),(1628,'mission','show',8,NULL,531,532,2),(1658,'pageCabinet','list',0,'',474,497,1),(1659,'pageCabinet','show',1,'',475,476,2),(3216,'groupeSitesUtiles','list',0,'',562,575,1),(3220,'sidActuRubrique','list',0,'',536,553,1),(3224,'sidActuRubrique','show',2,NULL,537,540,2),(3225,'sidActuRubrique','show',3,NULL,541,542,2),(3226,'sidActuRubrique','show',4,NULL,543,546,2),(3227,'sidActuRubrique','show',5,NULL,547,548,2),(3228,'sidActuRubrique','show',6,NULL,549,552,2),(3234,'pageCabinet','actualitesDuCabinet',0,'',479,480,2),(3235,'sidActuArticle','show',6,NULL,538,539,3),(3236,'sidActuArticle','show',9,NULL,544,545,3),(3239,'sidActuArticle','show',10,NULL,550,551,3),(3248,'pageCabinet','planDAcces',0,NULL,485,486,2),(3453,'groupeSitesUtiles','show',1,NULL,563,566,2),(3457,'groupeSitesUtiles','show',5,NULL,567,574,2),(3458,'sitesUtiles','show',1,NULL,572,573,3),(3470,'pageCabinet','equipe',0,'',483,484,2),(3472,'equipe','list',0,NULL,554,561,1),(3474,'equipe','show',1,NULL,555,556,2),(3475,'equipe','show',2,NULL,557,558,2),(3476,'equipe','show',3,NULL,559,560,2),(3481,'sitesUtiles','show',6,NULL,568,569,3),(3482,'sitesUtiles','show',7,NULL,570,571,3),(3483,'sitesUtiles','show',8,NULL,564,565,3),(4762,'pageCabinet','show',2,NULL,477,478,2),(4763,'pageCabinet','show',3,NULL,481,482,2),(4903,'rubrique','show',23,NULL,73,96,2),(4904,'rubrique','show',24,'',97,120,2),(4905,'rubrique','show',25,'',121,142,2),(4906,'rubrique','show',26,'',143,300,2),(4907,'rubrique','show',27,'',301,316,2),(4908,'rubrique','show',28,'',317,332,2),(4909,'rubrique','show',29,NULL,333,446,2),(4912,'section','show',116,NULL,74,79,3),(4913,'section','show',117,NULL,80,95,3),(4914,'section','show',118,'',98,103,3),(4915,'section','show',119,'',104,115,3),(4916,'section','show',120,'',116,119,3),(4917,'section','show',121,'',122,137,3),(4918,'section','show',122,'',138,141,3),(4919,'section','show',123,'',144,287,3),(4920,'section','show',124,'',288,291,3),(4921,'section','show',125,'',292,299,3),(4922,'section','show',126,'',302,311,3),(4923,'section','show',127,'',312,315,3),(4924,'section','show',128,'',318,325,3),(4925,'section','show',129,'',326,331,3),(4926,'section','show',130,NULL,334,365,3),(4927,'section','show',131,NULL,366,391,3),(4928,'section','show',132,NULL,392,445,3),(4981,'dmTag','show',56,NULL,7,8,2),(4982,'dmTag','show',57,NULL,9,10,2),(4983,'dmTag','show',58,NULL,11,12,2),(4984,'dmTag','show',59,NULL,13,14,2),(4985,'dmTag','show',60,NULL,15,16,2),(4986,'dmTag','show',61,NULL,17,18,2),(4987,'dmTag','show',62,NULL,19,20,2),(4988,'dmTag','show',63,NULL,21,22,2),(4989,'dmTag','show',64,NULL,23,24,2),(4990,'dmTag','show',65,NULL,25,26,2),(4991,'dmTag','show',66,NULL,27,28,2),(4992,'dmTag','show',67,NULL,29,30,2),(4993,'dmTag','show',68,NULL,31,32,2),(4994,'dmTag','show',69,NULL,33,34,2),(4995,'dmTag','show',70,NULL,35,36,2),(4996,'dmTag','show',71,NULL,37,38,2),(4997,'dmTag','show',72,NULL,39,40,2),(4998,'dmTag','show',73,NULL,41,42,2),(4999,'dmTag','show',74,NULL,43,44,2),(5000,'dmTag','show',75,NULL,45,46,2),(5001,'dmTag','show',76,NULL,47,48,2),(5002,'dmTag','show',77,NULL,49,50,2),(5003,'dmTag','show',78,NULL,51,52,2),(5004,'dmTag','show',79,NULL,53,54,2),(5005,'dmTag','show',80,NULL,55,56,2),(5006,'dmTag','show',81,NULL,57,58,2),(5007,'dmTag','show',82,NULL,59,60,2),(5008,'dmTag','show',83,NULL,61,62,2),(5009,'dmTag','show',84,NULL,63,64,2),(5010,'dmTag','show',85,NULL,65,66,2),(5011,'dmTag','show',86,NULL,67,68,2),(5012,'dmTag','show',87,NULL,69,70,2),(5204,'article','show',1597,NULL,75,76,4),(5205,'article','show',1598,NULL,77,78,4),(5206,'article','show',1599,NULL,81,82,4),(5207,'article','show',1600,NULL,83,84,4),(5208,'article','show',1601,NULL,85,86,4),(5209,'article','show',1602,NULL,87,88,4),(5210,'article','show',1603,NULL,89,90,4),(5211,'article','show',1604,NULL,91,92,4),(5212,'article','show',1605,NULL,93,94,4),(5213,'article','show',1606,NULL,99,100,4),(5214,'article','show',1607,NULL,101,102,4),(5215,'article','show',1608,NULL,105,106,4),(5216,'article','show',1609,NULL,107,108,4),(5217,'article','show',1610,NULL,109,110,4),(5218,'article','show',1611,NULL,111,112,4),(5219,'article','show',1612,NULL,113,114,4),(5220,'article','show',1613,NULL,117,118,4),(5221,'article','show',1614,NULL,123,124,4),(5222,'article','show',1615,NULL,125,126,4),(5223,'article','show',1616,NULL,127,128,4),(5224,'article','show',1617,NULL,129,130,4),(5225,'article','show',1618,NULL,131,132,4),(5226,'article','show',1619,NULL,133,134,4),(5227,'article','show',1620,NULL,135,136,4),(5228,'article','show',1621,NULL,139,140,4),(5229,'article','show',1622,NULL,145,146,4),(5230,'article','show',1623,NULL,147,148,4),(5231,'article','show',1624,NULL,149,150,4),(5232,'article','show',1625,NULL,151,152,4),(5233,'article','show',1626,NULL,153,154,4),(5234,'article','show',1627,NULL,155,156,4),(5235,'article','show',1628,NULL,157,158,4),(5236,'article','show',1629,NULL,159,160,4),(5237,'article','show',1630,NULL,161,162,4),(5238,'article','show',1631,NULL,163,164,4),(5239,'article','show',1632,NULL,165,166,4),(5240,'article','show',1633,NULL,167,168,4),(5241,'article','show',1634,NULL,169,170,4),(5242,'article','show',1635,NULL,171,172,4),(5243,'article','show',1636,NULL,173,174,4),(5244,'article','show',1637,NULL,175,176,4),(5245,'article','show',1638,NULL,177,178,4),(5246,'article','show',1639,NULL,179,180,4),(5247,'article','show',1640,NULL,181,182,4),(5248,'article','show',1641,NULL,183,184,4),(5249,'article','show',1642,NULL,185,186,4),(5250,'article','show',1643,NULL,187,188,4),(5251,'article','show',1644,NULL,189,190,4),(5252,'article','show',1645,NULL,191,192,4),(5253,'article','show',1646,NULL,193,194,4),(5254,'article','show',1647,NULL,195,196,4),(5255,'article','show',1648,NULL,197,198,4),(5256,'article','show',1649,NULL,199,200,4),(5257,'article','show',1650,NULL,201,202,4),(5258,'article','show',1651,NULL,203,204,4),(5259,'article','show',1652,NULL,205,206,4),(5260,'article','show',1653,NULL,207,208,4),(5261,'article','show',1654,NULL,209,210,4),(5262,'article','show',1655,NULL,211,212,4),(5263,'article','show',1656,NULL,213,214,4),(5264,'article','show',1657,NULL,215,216,4),(5265,'article','show',1658,NULL,217,218,4),(5266,'article','show',1659,NULL,219,220,4),(5267,'article','show',1660,NULL,221,222,4),(5268,'article','show',1661,NULL,223,224,4),(5269,'article','show',1662,NULL,225,226,4),(5270,'article','show',1663,NULL,227,228,4),(5271,'article','show',1664,NULL,229,230,4),(5272,'article','show',1665,NULL,231,232,4),(5273,'article','show',1666,NULL,233,234,4),(5274,'article','show',1667,NULL,235,236,4),(5275,'article','show',1668,NULL,237,238,4),(5276,'article','show',1669,NULL,239,240,4),(5277,'article','show',1670,NULL,241,242,4),(5278,'article','show',1671,NULL,243,244,4),(5279,'article','show',1672,NULL,245,246,4),(5280,'article','show',1673,NULL,247,248,4),(5281,'article','show',1674,NULL,249,250,4),(5282,'article','show',1675,NULL,251,252,4),(5283,'article','show',1676,NULL,253,254,4),(5284,'article','show',1677,NULL,255,256,4),(5285,'article','show',1678,NULL,257,258,4),(5286,'article','show',1679,NULL,259,260,4),(5287,'article','show',1680,NULL,261,262,4),(5288,'article','show',1681,NULL,263,264,4),(5289,'article','show',1682,NULL,265,266,4),(5290,'article','show',1683,NULL,267,268,4),(5291,'article','show',1684,NULL,269,270,4),(5292,'article','show',1685,NULL,271,272,4),(5293,'article','show',1686,NULL,273,274,4),(5294,'article','show',1687,NULL,275,276,4),(5295,'article','show',1688,NULL,277,278,4),(5296,'article','show',1689,NULL,279,280,4),(5297,'article','show',1690,NULL,281,282,4),(5298,'article','show',1691,NULL,283,284,4),(5299,'article','show',1692,NULL,285,286,4),(5300,'article','show',1693,NULL,289,290,4),(5301,'article','show',1694,NULL,293,294,4),(5302,'article','show',1695,NULL,295,296,4),(5303,'article','show',1696,NULL,297,298,4),(5304,'article','show',1697,NULL,303,304,4),(5305,'article','show',1698,NULL,305,306,4),(5306,'article','show',1699,NULL,307,308,4),(5307,'article','show',1700,NULL,309,310,4),(5308,'article','show',1701,NULL,313,314,4),(5309,'article','show',1702,NULL,319,320,4),(5310,'article','show',1703,NULL,321,322,4),(5311,'article','show',1704,NULL,323,324,4),(5312,'article','show',1705,NULL,327,328,4),(5313,'article','show',1706,NULL,329,330,4),(5314,'article','show',1707,NULL,335,336,4),(5315,'article','show',1708,NULL,337,338,4),(5316,'article','show',1709,NULL,339,340,4),(5317,'article','show',1710,NULL,341,342,4),(5318,'article','show',1711,NULL,343,344,4),(5319,'article','show',1712,NULL,345,346,4),(5320,'article','show',1713,NULL,347,348,4),(5321,'article','show',1714,NULL,349,350,4),(5322,'article','show',1715,NULL,351,352,4),(5323,'article','show',1716,NULL,353,354,4),(5324,'article','show',1717,NULL,355,356,4),(5325,'article','show',1718,NULL,357,358,4),(5326,'article','show',1719,NULL,359,360,4),(5327,'article','show',1720,NULL,361,362,4),(5328,'article','show',1721,NULL,363,364,4),(5329,'article','show',1722,NULL,367,368,4),(5330,'article','show',1723,NULL,369,370,4),(5331,'article','show',1724,NULL,371,372,4),(5332,'article','show',1725,NULL,373,374,4),(5333,'article','show',1726,NULL,375,376,4),(5334,'article','show',1727,NULL,377,378,4),(5335,'article','show',1728,NULL,379,380,4),(5336,'article','show',1729,NULL,381,382,4),(5337,'article','show',1730,NULL,383,384,4),(5338,'article','show',1731,NULL,385,386,4),(5339,'article','show',1732,NULL,387,388,4),(5340,'article','show',1733,NULL,389,390,4),(5341,'article','show',1734,NULL,393,394,4),(5342,'article','show',1735,NULL,395,396,4),(5343,'article','show',1736,NULL,397,398,4),(5344,'article','show',1737,NULL,399,400,4),(5345,'article','show',1738,NULL,401,402,4),(5346,'article','show',1739,NULL,403,404,4),(5347,'article','show',1740,NULL,405,406,4),(5348,'article','show',1741,NULL,407,408,4),(5349,'article','show',1742,NULL,409,410,4),(5350,'article','show',1743,NULL,411,412,4),(5351,'article','show',1744,NULL,413,414,4),(5352,'article','show',1745,NULL,415,416,4),(5353,'article','show',1746,NULL,417,418,4),(5354,'article','show',1747,NULL,419,420,4),(5355,'article','show',1748,NULL,421,422,4),(5356,'article','show',1749,NULL,423,424,4),(5357,'article','show',1750,NULL,425,426,4),(5358,'article','show',1751,NULL,427,428,4),(5359,'article','show',1752,NULL,429,430,4),(5360,'article','show',1753,NULL,431,432,4),(5361,'article','show',1754,NULL,433,434,4),(5362,'article','show',1755,NULL,435,436,4),(5363,'article','show',1756,NULL,437,438,4),(5364,'article','show',1757,NULL,439,440,4),(5365,'article','show',1758,NULL,441,442,4),(5366,'article','show',1759,NULL,443,444,4),(5367,'main','eco',0,NULL,576,577,1),(5400,'recrutement','list',0,'',487,492,2),(5401,'recrutement','show',1,'',488,489,3),(5402,'recrutement','show',2,'',490,491,3),(5404,'pageCabinet','show',4,NULL,493,494,2),(5405,'pageCabinet','show',5,NULL,495,496,2);
/*!40000 ALTER TABLE `dm_page` ENABLE KEYS */;
UNLOCK TABLES;

--
-- Dumping data for table `dm_page_translation`
--

LOCK TABLES `dm_page_translation` WRITE;
/*!40000 ALTER TABLE `dm_page_translation` DISABLE KEYS */;
INSERT INTO `dm_page_translation` (`id`, `slug`, `name`, `title`, `h1`, `gabarit`, `description`, `keywords`, `auto_mod`, `is_active`, `is_secure`, `is_indexable`, `lang`) VALUES (1,'','Accueil','Accueil','','default','','','snthdk',1,0,1,'fr'),(2,'page_introuvable_404','Page introuvable','Page introuvable',NULL,NULL,NULL,NULL,'snthdk',1,0,1,'fr'),(3,'Connexion','Connexion','Connexion',NULL,NULL,NULL,NULL,'snthdk',1,0,1,'fr'),(4,'tags','Tags','Tags',NULL,NULL,'Tags',NULL,'snthdk',1,0,1,'fr'),(5,'rubriques','Rubriques','Rubriques',NULL,NULL,'Rubriques',NULL,'snthdk',1,0,1,'fr'),(1548,'contact','Contact','Contact',NULL,NULL,NULL,NULL,'snthdk',1,0,1,'fr'),(1591,'search','Recherche : résultats','Recherche : résultats',NULL,NULL,NULL,NULL,'snthdk',1,0,1,'fr'),(1595,'nos-services','Nos Services','Nos Services','','default','Nos Services','','snthdk',1,0,1,'fr'),(1621,'nos-services/tous-nos-services','Tous nos services','Tous nos services',NULL,NULL,'<h4>\r\n	L&#39;audit patrimonial</h4>\r\n<p>\r\n	L&#39;optimisation civile, juridique, financi&egrave;re et fiscale de votre patrimoine a pour objectif d&#39;accro&ic',NULL,'snthdk',1,0,1,'fr'),(1622,'nos-services/l-audit-patrimonial','L\'audit patrimonial','L\'audit patrimonial',NULL,NULL,'<p>\r\n	L&#39;optimisation civile, juridique, financi&egrave;re et fiscale de votre patrimoine a pour objectif d&#39;accro&icirc;tre votre cadre et votre niveau d',NULL,'snthdk',1,0,1,'fr'),(1623,'nos-services/les-placements-financiers','Les placements financiers','Les placements financiers',NULL,NULL,'<p>\r\n	Nous sommes en contact avec de multiples gestionnaires que nous avons s&eacute;lectionn&eacute;s sur les diff&eacute;rents march&eacute;s (plus de 50) et ',NULL,'snthdk',1,0,1,'fr'),(1624,'nos-services/l-assurance-vie','L\'assurance-vie','L\'assurance-vie',NULL,NULL,'<div id=\"content-area\">\r\n	<p>\r\n		L&#39;assurance-vie repr&eacute;sente plus de 40 % des actifs financiers des Fran&ccedil;ais, car elle constitue une formule de',NULL,'snthdk',1,0,1,'fr'),(1625,'nos-services/les-investissements-immobiliers','Les investissements immobiliers','Les investissements immobiliers',NULL,NULL,'<p>\r\n	L&#39;investissement immobilier locatif consiste &agrave; acheter un logement immobilier pour le louer, se constituer un patrimoine et percevoir des reven',NULL,'snthdk',1,0,1,'fr'),(1626,'nos-services/la-transmission-de-patrimoine-optimisation-financiere-civile-fiscale','La transmission de patrimoine (optimisation financière, civile, fiscale)','La transmission de patrimoine (optimisation financière, civile, fiscale)',NULL,NULL,'<p>\r\n	Le dispositif de transmission de votre patrimoine se construit en tenant compte de votre situation sp&eacute;cifique : famille recompos&eacute;e ou non, a',NULL,'snthdk',1,0,1,'fr'),(1627,'nos-services/les-services-aux-professionnels','Les services aux professionnels','Les services aux professionnels',NULL,NULL,'<p>\r\n	{{nomcabinet}} peut &eacute;galement intervenir sur diff&eacute;rents aspects de votre patrimoine professionnel. Voici quelques exemples de nos domaines d',NULL,'snthdk',1,0,1,'fr'),(1628,'nos-services/le-service-family-office','Le service \"Family Office\"','Le service \"Family Office\"',NULL,NULL,'<div id=\"content-area\">\r\n	<p>\r\n		{{nomcabinet}} vous propose &eacute;galement un service haut de gamme &quot;Family Office&quot; pour vous accompagner au quotid',NULL,'snthdk',1,0,1,'fr'),(1658,'le-cabinet','Le Cabinet','Le Cabinet','','default','Le Cabinet','','snthdk',1,0,1,'fr'),(1659,'le-cabinet/presentation','Présentation','Présentation','','default','<p>\n	Le Nom du Cabinet est une société d\'expertise-comptable et de commissariat aux comptes implantée dans les départements de ','','nthk',1,0,1,'fr'),(3216,'sites-utiles','Sites utiles','Les sites utiles','','default','Les sites utiles','','snthdk',1,0,1,'fr'),(3220,'rubriques-de-mes-articles','Rubriques de mes articles','Rubriques de mes articles','','default','Rubriques de mes articles','','snthdk',1,0,1,'fr'),(3224,'rubriques-de-mes-articles/fiscal','fiscal','Fiscal',NULL,'default','fiscal',NULL,'snthdk',1,0,1,'fr'),(3225,'rubriques-de-mes-articles/vie-du-cabinet','Vie du cabinet','Vie du cabinet',NULL,'default','Vie du cabinet',NULL,'snthdk',1,0,1,'fr'),(3226,'rubriques-de-mes-articles/social','social','Social',NULL,'default','social',NULL,'snthdk',1,0,1,'fr'),(3227,'rubriques-de-mes-articles/juridique','juridique','Juridique',NULL,'default','juridique',NULL,'snthdk',1,0,1,'fr'),(3228,'rubriques-de-mes-articles/multimedia','multimédia','Multimédia',NULL,'default','multimédia',NULL,'snthdk',1,0,1,'fr'),(3234,'le-cabinet/actualite-du-cabinet','Actualité du Cabinet','Actualité du Cabinet','','default','','','snthdk',1,0,1,'fr'),(3235,'rubriques-de-mes-articles/fiscal/notre-actualite','Notre actualité','Notre actualité',NULL,'default','Ténor, le site conçu par EXPERT INFOS pour les gestionnaires de patrimoine, comprend une rubrique auto-administrable où vous pouvez, directement de votre ordina',NULL,'snthdk',1,0,1,'fr'),(3236,'rubriques-de-mes-articles/social/titre-actu-8','titre actu 8','Titre actu 8',NULL,'default','résumé actu 8',NULL,'snthdk',1,0,1,'fr'),(3239,'rubriques-de-mes-articles/multimedia/titre-actu-9','titre actu 9','Titre actu 9',NULL,'default','résumé actu 9',NULL,'snthdk',1,0,1,'fr'),(3248,'le-cabinet/plan-dacces','Plan d\'accès','Plan d\'accès',NULL,'default',NULL,NULL,'snthdk',1,0,1,'fr'),(3453,'sites-utiles/les-sites-d-aide-aux-entreprises','Les sites d\'aide aux entreprises','Les sites d\'aide aux entreprises',NULL,'default','<p>\r\n	Quelques sites simplifiant la vie de l&#39;entreprise au quotidien.</p>',NULL,'snthdk',1,0,1,'fr'),(3457,'sites-utiles/les-sites-gouvernementaux','Les sites gouvernementaux','Les sites gouvernementaux',NULL,'default','<p>\r\n	Ici nous mettrons &agrave; disposition les liens vers les diff&eacute;rents sites du gouvernement.</p>',NULL,'snthdk',1,0,1,'fr'),(3458,'sites-utiles/les-sites-gouvernementaux/le-journal-officiel','Le journal officiel','Le journal officiel',NULL,'default','<p>\r\n	Le journal officiel</p>',NULL,'snthdk',1,0,1,'fr'),(3470,'le-cabinet/equipe','Notre équipe','Notre équipe','','default','','','snthdk',1,0,1,'fr'),(3472,'equipes','Equipes','Equipes',NULL,'default','Equipes',NULL,'snthdk',1,0,1,'fr'),(3474,'equipes/monsieur-legrand','Monsieur Legrand','Monsieur Legrand',NULL,'default','<p>\r\n	Dipl&ocirc;m&eacute; de l&#39;Institut du droit des affaires de l&#39;universit&eacute; Paris-II, Monsieur Legrand est co-fondateur du cabinet, Expert-com',NULL,'snthdk',1,0,1,'fr'),(3475,'equipes/monsieur-lefort','Monsieur Lefort','Monsieur Lefort',NULL,'default','<p>\r\n	Monsieur Lefort a fond&eacute; le cabinet avec M.Legrand, apr&egrave;s une formation en science de gestion, l&rsquo;obtention du DSCG et DEC et plusieurs ',NULL,'snthdk',1,0,1,'fr'),(3476,'equipes/madame-lexperte','Madame Lexperte','Madame Lexperte',NULL,'default','<p>\r\n	Associ&eacute;e, Expert-comptable et Commissaire aux comptes, Madame Lexperte a rejoint le cabinet en 2007 pour prendre en charge les activit&eacute;s Exp',NULL,'snthdk',1,0,1,'fr'),(3481,'sites-utiles/les-sites-gouvernementaux/ministere-de-l-economie-et-des-finances','Ministère de l\'Economie et des Finances','Ministère de l\'Economie et des Finances',NULL,'default','<p>\r\n	Le site du Minist&egrave;re de l&#39;Economie et des Finances.</p>',NULL,'snthdk',1,0,1,'fr'),(3482,'sites-utiles/les-sites-gouvernementaux/legifrance','Legifrance','Legifrance',NULL,'default','<p>\r\n	Le site Legifrance</p>',NULL,'snthdk',1,0,1,'fr'),(3483,'sites-utiles/les-sites-d-aide-aux-entreprises/infogreffe','Infogreffe','Infogreffe',NULL,'default','<p>\r\n	Le site Infogreffe</p>',NULL,'snthdk',1,0,1,'fr'),(4762,'le-cabinet/notre-metier','Notre Métier','Notre Métier',NULL,'default','<div id=\"content-area\">\r\n	<div>\r\n		T&eacute;nor, le site con&ccedil;u par EXPERT INFOS pour les gestionnaires de patrimoine, comprend une rubrique auto-administ',NULL,'snthdk',1,0,1,'fr'),(4763,'le-cabinet/notre-selection-de-placements','Notre sélection de placements','Notre sélection de placements',NULL,'default','<div>\r\n	Sonate, le site conçu par EXPERT INFOS pour les gestionnaires de patrimoine, comprend une rubrique auto-administrable où vous pouvez, directement de vot',NULL,'snthdk',1,0,1,'fr'),(4903,'rubriques/agenda','agenda','Agenda',NULL,'default','agenda',NULL,'snthdk',1,0,1,'fr'),(4904,'rubriques/bourse','Bourse','Bourse','','default','Bourse','','hk',1,0,1,'fr'),(4905,'rubriques/famille','Famille','Famille','','default','Famille','','hk',1,0,1,'fr'),(4906,'rubriques/fiscalite','Fiscalité','Fiscalité','','default','Fiscalité','','hk',1,0,1,'fr'),(4907,'rubriques/immobilier','Immobilier','Immobilier','','default','Immobilier','','hk',1,0,1,'fr'),(4908,'rubriques/placement','Placement','Placement','','default','Placement','','hk',1,0,1,'fr'),(4909,'rubriques/chiffres','chiffres','Chiffres',NULL,'default','chiffres',NULL,'snthdk',1,0,1,'fr'),(4912,'rubriques/agenda/201109','201109','201109',NULL,'default','201109',NULL,'snthdk',1,0,1,'fr'),(4913,'rubriques/agenda/201110','201110','201110',NULL,'default','201110',NULL,'snthdk',1,0,1,'fr'),(4914,'rubriques/bourse/actualites','Actualites','Actualites','','default','Actualites','','hk',1,0,1,'fr'),(4915,'rubriques/bourse/dossiers','Dossiers','Dossiers','','default','Dossiers','','hk',1,0,1,'fr'),(4916,'rubriques/bourse/questions-reponses','Questions-reponses','Questions-reponses','','default','Questions-reponses','','hk',1,0,1,'fr'),(4917,'rubriques/famille/actualites','Actualités','Actualités','','default','Actualités','','hk',1,0,1,'fr'),(4918,'rubriques/famille/questions-reponses','Questions-réponses','Questions-Réponses','','default','Questions-Réponses','','hk',1,0,1,'fr'),(4919,'rubriques/fiscal/actualites','Actualités','Actualités','','default','Actualités','','hk',1,0,1,'fr'),(4920,'rubriques/fiscal/dossiers','Dossiers','Dossiers','','default','Dossiers','','hk',1,0,1,'fr'),(4921,'rubriques/fiscal/questions-reponses','Questions-réponses','Questions-Réponses','','default','Questions-Réponses','','hk',1,0,1,'fr'),(4922,'rubriques/immobilier/actualites','Actualités','Actualités','','default','Actualités','','hk',1,0,1,'fr'),(4923,'rubriques/immobilier/questions-reponses','Questions-réponses','Questions-Réponses','','default','Questions-Réponses','','hk',1,0,1,'fr'),(4924,'rubriques/placement/actualites','Actualités','Actualités','','default','Actualités','','hk',1,0,1,'fr'),(4925,'rubriques/placement/dossiers','Dossiers','Dossiers','','default','Dossiers','','hk',1,0,1,'fr'),(4926,'rubriques/chiffres/compta-finances','compta-finances','Compta-finances',NULL,'default','compta-finances',NULL,'snthdk',1,0,1,'fr'),(4927,'rubriques/chiffres/fiscal','fiscal','Fiscal',NULL,'default','fiscal',NULL,'snthdk',1,0,1,'fr'),(4928,'rubriques/chiffres/social','social','Social',NULL,'default','social',NULL,'snthdk',1,0,1,'fr'),(4981,'tags/conjoncture-economique','CONJONCTURE ECONOMIQUE','CONJONCTURE ECONOMIQUE',NULL,'default','CONJONCTURE ECONOMIQUE',NULL,'snthdk',1,0,1,'fr'),(4982,'tags/tendances','TENDANCES','TENDANCES',NULL,'default','TENDANCES',NULL,'snthdk',1,0,1,'fr'),(4983,'tags/placement','PLACEMENT','PLACEMENT',NULL,'default','PLACEMENT',NULL,'snthdk',1,0,1,'fr'),(4984,'tags/droit','DROIT','DROIT',NULL,'default','DROIT',NULL,'snthdk',1,0,1,'fr'),(4985,'tags/defaillance-d-entreprise','DEFAILLANCE D\'ENTREPRISE','DEFAILLANCE D\'ENTREPRISE',NULL,'default','DEFAILLANCE D\'ENTREPRISE',NULL,'snthdk',1,0,1,'fr'),(4986,'tags/fiscalite','FISCALITE','FISCALITE',NULL,'default','FISCALITE',NULL,'snthdk',1,0,1,'fr'),(4987,'tags/avantages-fiscaux','AVANTAGES FISCAUX','AVANTAGES FISCAUX',NULL,'default','AVANTAGES FISCAUX',NULL,'snthdk',1,0,1,'fr'),(4988,'tags/fiscalite-personnelle','FISCALITE PERSONNELLE','FISCALITE PERSONNELLE',NULL,'default','FISCALITE PERSONNELLE',NULL,'snthdk',1,0,1,'fr'),(4989,'tags/isf','ISF','ISF',NULL,'default','ISF',NULL,'snthdk',1,0,1,'fr'),(4990,'tags/fiscalite-professionnelle','FISCALITE PROFESSIONNELLE','FISCALITE PROFESSIONNELLE',NULL,'default','FISCALITE PROFESSIONNELLE',NULL,'snthdk',1,0,1,'fr'),(4991,'tags/impots-sur-les-benefices','IMPOTS SUR LES BENEFICES','IMPOTS SUR LES BENEFICES',NULL,'default','IMPOTS SUR LES BENEFICES',NULL,'snthdk',1,0,1,'fr'),(4992,'tags/procedure-fiscale','PROCEDURE FISCALE','PROCEDURE FISCALE',NULL,'default','PROCEDURE FISCALE',NULL,'snthdk',1,0,1,'fr'),(4993,'tags/taxes-locales-impots-locaux','TAXES LOCALES/IMPOTS LOCAUX','TAXES LOCALES/IMPOTS LOCAUX',NULL,'default','TAXES LOCALES/IMPOTS LOCAUX',NULL,'snthdk',1,0,1,'fr'),(4994,'tags/tva','TVA','TVA',NULL,'default','TVA',NULL,'snthdk',1,0,1,'fr'),(4995,'tags/transmissions-d-entreprises-cession-d-entreprise','TRANSMISSIONS D\'ENTREPRISES/CESSION D\'ENTREPRISE','TRANSMISSIONS D\'ENTREPRISES/CESSION D\'ENTREPRISE',NULL,'default','TRANSMISSIONS D\'ENTREPRISES/CESSION D\'ENTREPRISE',NULL,'snthdk',1,0,1,'fr'),(4996,'tags/impots-sur-le-revenu','IMPOTS SUR LE REVENU','IMPOTS SUR LE REVENU',NULL,'default','IMPOTS SUR LE REVENU',NULL,'snthdk',1,0,1,'fr'),(4997,'tags/revenus-du-patrimoine','REVENUS DU PATRIMOINE','REVENUS DU PATRIMOINE',NULL,'default','REVENUS DU PATRIMOINE',NULL,'snthdk',1,0,1,'fr'),(4998,'tags/droit-d-enregistrement','DROIT D\'ENREGISTREMENT','DROIT D\'ENREGISTREMENT',NULL,'default','DROIT D\'ENREGISTREMENT',NULL,'snthdk',1,0,1,'fr'),(4999,'tags/bail-d-habitation','BAIL D\'HABITATION','BAIL D\'HABITATION',NULL,'default','BAIL D\'HABITATION',NULL,'snthdk',1,0,1,'fr'),(5000,'tags/tresorerie-delais-de-paiement','TRESORERIE/DELAIS DE PAIEMENT','TRESORERIE/DELAIS DE PAIEMENT',NULL,'default','TRESORERIE/DELAIS DE PAIEMENT',NULL,'snthdk',1,0,1,'fr'),(5001,'tags/gestion-de-l-entreprise','GESTION DE L\'ENTREPRISE','GESTION DE L\'ENTREPRISE',NULL,'default','GESTION DE L\'ENTREPRISE',NULL,'snthdk',1,0,1,'fr'),(5002,'tags/immobilier','IMMOBILIER','IMMOBILIER',NULL,'default','IMMOBILIER',NULL,'snthdk',1,0,1,'fr'),(5003,'tags/communication','COMMUNICATION','COMMUNICATION',NULL,'default','COMMUNICATION',NULL,'snthdk',1,0,1,'fr'),(5004,'tags/marketing','MARKETING','MARKETING',NULL,'default','MARKETING',NULL,'snthdk',1,0,1,'fr'),(5005,'tags/vie-de-l-entreprise','VIE DE L\'ENTREPRISE','VIE DE L\'ENTREPRISE',NULL,'default','VIE DE L\'ENTREPRISE',NULL,'snthdk',1,0,1,'fr'),(5006,'tags/contrats','CONTRATS','CONTRATS',NULL,'default','CONTRATS',NULL,'snthdk',1,0,1,'fr'),(5007,'tags/droit-des-societes','DROIT DES SOCIETES','DROIT DES SOCIETES',NULL,'default','DROIT DES SOCIETES',NULL,'snthdk',1,0,1,'fr'),(5008,'tags/aide-a-l-emploi','AIDE A L\'EMPLOI','AIDE A L\'EMPLOI',NULL,'default','AIDE A L\'EMPLOI',NULL,'snthdk',1,0,1,'fr'),(5009,'tags/travail','TRAVAIL','TRAVAIL',NULL,'default','TRAVAIL',NULL,'snthdk',1,0,1,'fr'),(5010,'tags/protection-sociale','PROTECTION SOCIALE','PROTECTION SOCIALE',NULL,'default','PROTECTION SOCIALE',NULL,'snthdk',1,0,1,'fr'),(5011,'tags/droit-du-travail','DROIT DU TRAVAIL','DROIT DU TRAVAIL',NULL,'default','DROIT DU TRAVAIL',NULL,'snthdk',1,0,1,'fr'),(5012,'tags/droit-des-particuliers','DROIT DES PARTICULIERS','DROIT DES PARTICULIERS',NULL,'default','DROIT DES PARTICULIERS',NULL,'snthdk',1,0,1,'fr'),(5204,'rubriques/agenda/201109/25-septembre-2011','25 septembre 2011','25 septembre 2011',NULL,'default','25 septembre 2011',NULL,'snthdk',1,0,1,'fr'),(5205,'rubriques/agenda/201109/30-septembre-2011','30 septembre 2011','30 septembre 2011',NULL,'default','30 septembre 2011',NULL,'snthdk',1,0,1,'fr'),(5206,'rubriques/agenda/201110/5-octobre-2011','5 octobre 2011','5 octobre 2011',NULL,'default','5 octobre 2011',NULL,'snthdk',1,0,1,'fr'),(5207,'rubriques/agenda/201110/8-octobre-2011','8 octobre 2011','8 octobre 2011',NULL,'default','8 octobre 2011',NULL,'snthdk',1,0,1,'fr'),(5208,'rubriques/agenda/201110/12-octobre-2011','12 octobre 2011','12 octobre 2011',NULL,'default','12 octobre 2011',NULL,'snthdk',1,0,1,'fr'),(5209,'rubriques/agenda/201110/15-octobre-2011','15 octobre 2011','15 octobre 2011',NULL,'default','15 octobre 2011',NULL,'snthdk',1,0,1,'fr'),(5210,'rubriques/agenda/201110/20-octobre-2011','20 octobre 2011','20 octobre 2011',NULL,'default','20 octobre 2011',NULL,'snthdk',1,0,1,'fr'),(5211,'rubriques/agenda/201110/25-octobre-2011','25 octobre 2011','25 octobre 2011',NULL,'default','25 octobre 2011',NULL,'snthdk',1,0,1,'fr'),(5212,'rubriques/agenda/201110/31-octobre-2011','31 octobre 2011','31 octobre 2011',NULL,'default','31 octobre 2011',NULL,'snthdk',1,0,1,'fr'),(5213,'rubriques/bourse/actualites/un-diagnostic-mitige-pour-le-secteur-de-la-sante','Un Diagnostic mitigé pour le secteur de la santé','Un Diagnostic mitigé pour le secteur de la santé',NULL,'default','Un Diagnostic mitigé pour le secteur de la santé',NULL,'snthdk',1,0,1,'fr'),(5214,'rubriques/bourse/actualites/btp-materiaux-la-construction-a-nouveau-sur-la-bonne-voie','BTP-matériaux : la construction à nouveau sur la bonne voie','BTP-matériaux : la construction à nouveau sur la bonne voie',NULL,'default','BTP-matériaux : la construction à nouveau sur la bonne voie',NULL,'snthdk',1,0,1,'fr'),(5215,'rubriques/bourse/dossiers/les-fonds-socialement-responsables','Les fonds socialement responsables','Les fonds socialement responsables',NULL,'default','Les fonds socialement responsables',NULL,'snthdk',1,0,1,'fr'),(5216,'rubriques/bourse/dossiers/l-emergence-des-fonds-socialement-responsables','L\'émergence des fonds socialement responsables','L\'émergence des fonds socialement responsables',NULL,'default','L\'émergence des fonds socialement responsables',NULL,'snthdk',1,0,1,'fr'),(5217,'rubriques/bourse/dossiers/les-criteres-permettant-d-identifier-les-entreprises-eligibles-a-un-fonds-socialement-responsable','Les critères permettant d\'identifier les entreprises éligibles à un fonds socialement responsable','Les critères permettant d\'identifier les entreprises éligibles à un fonds social',NULL,'default','Les critères permettant d\'identifier les entreprises éligibles à un fonds socialement responsable',NULL,'snthdk',1,0,1,'fr'),(5218,'rubriques/bourse/dossiers/les-differentes-approches-utilisees-pour-selectionner-les-valeurs','Les différentes approches utilisées pour sélectionner les valeurs','Les différentes approches utilisées pour sélectionner les valeurs',NULL,'default','Les différentes approches utilisées pour sélectionner les valeurs',NULL,'snthdk',1,0,1,'fr'),(5219,'rubriques/bourse/dossiers/un-environnement-en-pleine-mutation','Un environnement en pleine mutation','Un environnement en pleine mutation',NULL,'default','Un environnement en pleine mutation',NULL,'snthdk',1,0,1,'fr'),(5220,'rubriques/bourse/questions-reponses/service-de-reglement-differe','Service de règlement différé','Service de règlement différé',NULL,'default','Service de règlement différé',NULL,'snthdk',1,0,1,'fr'),(5221,'rubriques/famille/actualites/assouplissement-du-dispositif-d-exoneration-des-dons-de-sommes-d-argent','Assouplissement du dispositif d\'exonération des dons de sommes d\'argent','Assouplissement du dispositif d\'exonération des dons de sommes d\'argent',NULL,'default','Assouplissement du dispositif d\'exonération des dons de sommes d\'argent',NULL,'snthdk',1,0,1,'fr'),(5222,'rubriques/famille/actualites/don-manuel-repoussez-le-paiement-de-vos-droits-de-donation','Don manuel : repoussez le paiement de vos droits de donation !','Don manuel : repoussez le paiement de vos droits de donation !',NULL,'default','Don manuel : repoussez le paiement de vos droits de donation !',NULL,'snthdk',1,0,1,'fr'),(5223,'rubriques/famille/actualites/solidarite-des-epoux-pour-un-emprunt','Solidarité des époux pour un emprunt','Solidarité des époux pour un emprunt',NULL,'default','Solidarité des époux pour un emprunt',NULL,'snthdk',1,0,1,'fr'),(5224,'rubriques/famille/actualites/abattement-successoral-l-administration-fiscale-durcit-le-ton','Abattement successoral : l\'administration fiscale durcit le ton','Abattement successoral : l\'administration fiscale durcit le ton',NULL,'default','Abattement successoral : l\'administration fiscale durcit le ton',NULL,'snthdk',1,0,1,'fr'),(5225,'rubriques/famille/actualites/le-sort-des-indemnites-de-licenciement-lors-d-un-divorce','Le sort des indemnités de licenciement lors d\'un divorce','Le sort des indemnités de licenciement lors d\'un divorce',NULL,'default','Le sort des indemnités de licenciement lors d\'un divorce',NULL,'snthdk',1,0,1,'fr'),(5226,'rubriques/famille/actualites/reforme-de-la-fiscalite-du-patrimoine-l-assurance-vie-mise-a-contribution','Réforme de la fiscalité du patrimoine : l\'assurance-vie mise à contribution','Réforme de la fiscalité du patrimoine : l\'assurance-vie mise à contribution',NULL,'default','Réforme de la fiscalité du patrimoine : l\'assurance-vie mise à contribution',NULL,'snthdk',1,0,1,'fr'),(5227,'rubriques/famille/actualites/liquidation-judiciaire-le-logement-de-l-entrepreneur-declare-insaisissable-est-a-l-abri','Liquidation judiciaire : le logement de l\'entrepreneur déclaré insaisissable est à l\'abri !','Liquidation judiciaire : le logement de l\'entrepreneur déclaré insaisissable est',NULL,'default','Liquidation judiciaire : le logement de l\'entrepreneur déclaré insaisissable est à l\'abri !',NULL,'snthdk',1,0,1,'fr'),(5228,'rubriques/famille/questions-reponses/construction-d-une-maison','Construction d\'une maison','Construction d\'une maison',NULL,'default','Construction d\'une maison',NULL,'snthdk',1,0,1,'fr'),(5229,'rubriques/fiscal/actualites/assouplissement-du-dispositif-d-exoneration-des-dons-de-sommes-d-argent','Assouplissement du dispositif d\'exonération des dons de sommes d\'argent','Assouplissement du dispositif d\'exonération des dons de sommes d\'argent',NULL,'default','Assouplissement du dispositif d\'exonération des dons de sommes d\'argent',NULL,'snthdk',1,0,1,'fr'),(5230,'rubriques/fiscal/actualites/le-dispositif-de-reduction-d-isf-pour-investissement-dans-une-pme-assoupli','Le dispositif de réduction d\'ISF pour investissement dans une PME assoupli !','Le dispositif de réduction d\'ISF pour investissement dans une PME assoupli !',NULL,'default','Le dispositif de réduction d\'ISF pour investissement dans une PME assoupli !',NULL,'snthdk',1,0,1,'fr'),(5231,'rubriques/fiscal/actualites/pacte-d-associes-et-isf','Pacte d\'associés et ISF','Pacte d\'associés et ISF',NULL,'default','Pacte d\'associés et ISF',NULL,'snthdk',1,0,1,'fr'),(5232,'rubriques/fiscal/actualites/reduction-d-impot-scellier-amenagements-dans-certains-territoires-d-outre-mer','Réduction d\'impôt Scellier : aménagements dans certains territoires d\'outre-mer','Réduction d\'impôt Scellier : aménagements dans certains territoires d\'outre-mer',NULL,'default','Réduction d\'impôt Scellier : aménagements dans certains territoires d\'outre-mer',NULL,'snthdk',1,0,1,'fr'),(5233,'rubriques/fiscal/actualites/reduction-d-impot-et-augmentation-de-capital-d-une-pme','Réduction d\'impôt et augmentation de capital d\'une PME','Réduction d\'impôt et augmentation de capital d\'une PME',NULL,'default','Réduction d\'impôt et augmentation de capital d\'une PME',NULL,'snthdk',1,0,1,'fr'),(5234,'rubriques/fiscal/actualites/repartition-du-patrimoine-des-menages-les-francais-recentrent-leurs-placements','Répartition du patrimoine des ménages : les Français recentrent leurs placements','Répartition du patrimoine des ménages : les Français recentrent leurs placements',NULL,'default','Répartition du patrimoine des ménages : les Français recentrent leurs placements',NULL,'snthdk',1,0,1,'fr'),(5235,'rubriques/fiscal/actualites/loi-de-finances-pour-2011-les-mesures-concernant-les-particuliers','Loi de finances pour 2011 : les mesures concernant les particuliers','Loi de finances pour 2011 : les mesures concernant les particuliers',NULL,'default','Loi de finances pour 2011 : les mesures concernant les particuliers',NULL,'snthdk',1,0,1,'fr'),(5236,'rubriques/fiscal/actualites/adoption-definitive-de-la-loi-de-finances-rectificative-pour-2010','Adoption définitive de la loi de finances rectificative pour 2010','Adoption définitive de la loi de finances rectificative pour 2010',NULL,'default','Adoption définitive de la loi de finances rectificative pour 2010',NULL,'snthdk',1,0,1,'fr'),(5237,'rubriques/fiscal/actualites/annonces-immobilieres-n-oubliez-pas-l-etiquette-energie','Annonces immobilières : n\'oubliez pas «l\'étiquette énergie» !','Annonces immobilières : n\'oubliez pas «l\'étiquette énergie» !',NULL,'default','Annonces immobilières : n\'oubliez pas «l\'étiquette énergie» !',NULL,'snthdk',1,0,1,'fr'),(5238,'rubriques/fiscal/actualites/petits-enfants-succedant-a-leurs-grands-parents-quelle-fiscalite','Petits-enfants succédant à leurs grands-parents : quelle fiscalité ?','Petits-enfants succédant à leurs grands-parents : quelle fiscalité ?',NULL,'default','Petits-enfants succédant à leurs grands-parents : quelle fiscalité ?',NULL,'snthdk',1,0,1,'fr'),(5239,'rubriques/fiscal/actualites/les-nouveaux-plafonds-de-loyers-des-investissements-immobiliers-defiscalises','Les nouveaux plafonds de loyers des investissements immobiliers défiscalisés','Les nouveaux plafonds de loyers des investissements immobiliers défiscalisés',NULL,'default','Les nouveaux plafonds de loyers des investissements immobiliers défiscalisés',NULL,'snthdk',1,0,1,'fr'),(5240,'rubriques/fiscal/actualites/les-equipementiers-automobiles-font-la-course-en-tete','Les équipementiers automobiles font la course en tête !','Les équipementiers automobiles font la course en tête !',NULL,'default','Les équipementiers automobiles font la course en tête !',NULL,'snthdk',1,0,1,'fr'),(5241,'rubriques/fiscal/actualites/la-reforme-des-retraites-et-ses-consequences-patrimoniales','La réforme des retraites et ses conséquences patrimoniales','La réforme des retraites et ses conséquences patrimoniales',NULL,'default','La réforme des retraites et ses conséquences patrimoniales',NULL,'snthdk',1,0,1,'fr'),(5242,'rubriques/fiscal/actualites/simulez-votre-pret-a-taux-zero-renforce','Simulez votre prêt à taux zéro renforcé !','Simulez votre prêt à taux zéro renforcé !',NULL,'default','Simulez votre prêt à taux zéro renforcé !',NULL,'snthdk',1,0,1,'fr'),(5243,'rubriques/fiscal/actualites/cession-de-droits-sociaux-au-sein-de-sa-famille','Cession de droits sociaux au sein de sa famille','Cession de droits sociaux au sein de sa famille',NULL,'default','Cession de droits sociaux au sein de sa famille',NULL,'snthdk',1,0,1,'fr'),(5244,'rubriques/fiscal/actualites/les-amenagements-apportes-au-credit-d-impot-pour-l-isolation-des-logements','Les aménagements apportés au crédit d\'impôt pour l\'isolation des logements','Les aménagements apportés au crédit d\'impôt pour l\'isolation des logements',NULL,'default','Les aménagements apportés au crédit d\'impôt pour l\'isolation des logements',NULL,'snthdk',1,0,1,'fr'),(5245,'rubriques/fiscal/actualites/paiement-de-l-impot-sur-le-revenu-attention-a-l-echeance','Paiement de l\'impôt sur le revenu : attention à l\'échéance !','Paiement de l\'impôt sur le revenu : attention à l\'échéance !',NULL,'default','Paiement de l\'impôt sur le revenu : attention à l\'échéance !',NULL,'snthdk',1,0,1,'fr'),(5246,'rubriques/fiscal/actualites/exoneration-limitee-des-dividendes-dans-un-pea','Exonération limitée des dividendes dans un PEA','Exonération limitée des dividendes dans un PEA',NULL,'default','Exonération limitée des dividendes dans un PEA',NULL,'snthdk',1,0,1,'fr'),(5247,'rubriques/fiscal/actualites/les-locations-de-locaux-d-hebergement-de-gardiens-peuvent-etre-soumises-a-la-tva','Les locations de locaux d\'hébergement de gardiens peuvent être soumises à la TVA','Les locations de locaux d\'hébergement de gardiens peuvent être soumises à la TVA',NULL,'default','Les locations de locaux d\'hébergement de gardiens peuvent être soumises à la TVA',NULL,'snthdk',1,0,1,'fr'),(5248,'rubriques/fiscal/actualites/louez-une-partie-de-votre-habitation-principale-en-franchise-d-impot','Louez une partie de votre habitation principale en franchise d\'impôt !','Louez une partie de votre habitation principale en franchise d\'impôt !',NULL,'default','Louez une partie de votre habitation principale en franchise d\'impôt !',NULL,'snthdk',1,0,1,'fr'),(5249,'rubriques/fiscal/actualites/fonds-en-euros-les-societes-d-assurances-anticipent-la-baisse-des-rendements','Fonds en euros : les sociétés d\'assurances anticipent la baisse des rendements','Fonds en euros : les sociétés d\'assurances anticipent la baisse des rendements',NULL,'default','Fonds en euros : les sociétés d\'assurances anticipent la baisse des rendements',NULL,'snthdk',1,0,1,'fr'),(5250,'rubriques/fiscal/actualites/apport-en-usufruit-et-abus-de-droit','Apport en usufruit et abus de droit','Apport en usufruit et abus de droit',NULL,'default','Apport en usufruit et abus de droit',NULL,'snthdk',1,0,1,'fr'),(5251,'rubriques/fiscal/actualites/contrats-de-capitalisation-pour-les-personnes-morales-acces-limite','Contrats de capitalisation pour les personnes morales : accès limité !','Contrats de capitalisation pour les personnes morales : accès limité !',NULL,'default','Contrats de capitalisation pour les personnes morales : accès limité !',NULL,'snthdk',1,0,1,'fr'),(5252,'rubriques/fiscal/actualites/investissement-locatif-les-modalites-d-agrement-en-zone-c','Investissement locatif : les modalités d\'agrément en zone C','Investissement locatif : les modalités d\'agrément en zone C',NULL,'default','Investissement locatif : les modalités d\'agrément en zone C',NULL,'snthdk',1,0,1,'fr'),(5253,'rubriques/fiscal/actualites/reforme-de-la-fiscalite-du-patrimoine-les-differentes-hypotheses','Réforme de la fiscalité du patrimoine : les différentes hypothèses','Réforme de la fiscalité du patrimoine : les différentes hypothèses',NULL,'default','Réforme de la fiscalité du patrimoine : les différentes hypothèses',NULL,'snthdk',1,0,1,'fr'),(5254,'rubriques/fiscal/actualites/baremes-des-frais-kilometriques-2010','Barèmes des frais kilométriques 2010','Barèmes des frais kilométriques 2010',NULL,'default','Barèmes des frais kilométriques 2010',NULL,'snthdk',1,0,1,'fr'),(5255,'rubriques/fiscal/actualites/isf-delai-supplementaire-accorde-pour-transmettre-des-justificatifs','ISF : délai supplémentaire accordé pour transmettre des justificatifs','ISF : délai supplémentaire accordé pour transmettre des justificatifs',NULL,'default','ISF : délai supplémentaire accordé pour transmettre des justificatifs',NULL,'snthdk',1,0,1,'fr'),(5256,'rubriques/fiscal/actualites/une-transaction-avec-l-administration-fiscale-ne-vous-preserve-pas-de-tout-redressement','Une transaction avec l\'administration fiscale ne vous préserve pas de tout redressement','Une transaction avec l\'administration fiscale ne vous préserve pas de tout redre',NULL,'default','Une transaction avec l\'administration fiscale ne vous préserve pas de tout redressement',NULL,'snthdk',1,0,1,'fr'),(5257,'rubriques/fiscal/actualites/le-secteur-de-l-agroalimentaire-sante-retrouvee-pour-les-champagnes-et-spiritueux','Le secteur de l\'agroalimentaire : santé retrouvée pour les champagnes et spiritueux !','Le secteur de l\'agroalimentaire : santé retrouvée pour les champagnes et spiritu',NULL,'default','Le secteur de l\'agroalimentaire : santé retrouvée pour les champagnes et spiritueux !',NULL,'snthdk',1,0,1,'fr'),(5258,'rubriques/fiscal/actualites/le-credit-d-impot-sur-les-interets-d-emprunt-n-a-pas-totalement-disparu','Le crédit d\'impôt sur les intérêts d\'emprunt n\'a pas totalement disparu !','Le crédit d\'impôt sur les intérêts d\'emprunt n\'a pas totalement disparu !',NULL,'default','Le crédit d\'impôt sur les intérêts d\'emprunt n\'a pas totalement disparu !',NULL,'snthdk',1,0,1,'fr'),(5259,'rubriques/fiscal/actualites/investissement-locatif-le-dispositif-girardin-reactualise','Investissement locatif : le dispositif Girardin réactualisé !','Investissement locatif : le dispositif Girardin réactualisé !',NULL,'default','Investissement locatif : le dispositif Girardin réactualisé !',NULL,'snthdk',1,0,1,'fr'),(5260,'rubriques/fiscal/actualites/quel-sera-le-montant-de-votre-impot-en-2011','Quel sera le montant de votre impôt en 2011 ?','Quel sera le montant de votre impôt en 2011 ?',NULL,'default','Quel sera le montant de votre impôt en 2011 ?',NULL,'snthdk',1,0,1,'fr'),(5261,'rubriques/fiscal/actualites/contrat-d-assurance-vie-apporte-en-garantie-d-un-credit','Contrat d\'assurance-vie apporté en garantie d\'un crédit','Contrat d\'assurance-vie apporté en garantie d\'un crédit',NULL,'default','Contrat d\'assurance-vie apporté en garantie d\'un crédit',NULL,'snthdk',1,0,1,'fr'),(5262,'rubriques/fiscal/actualites/recouvrement-de-l-impot-frais-de-poursuite','Recouvrement de l\'impôt : frais de poursuite','Recouvrement de l\'impôt : frais de poursuite',NULL,'default','Recouvrement de l\'impôt : frais de poursuite',NULL,'snthdk',1,0,1,'fr'),(5263,'rubriques/fiscal/actualites/une-possibilite-de-reduire-l-impot-sur-les-dividendes','Une possibilité de réduire l\'impôt sur les dividendes','Une possibilité de réduire l\'impôt sur les dividendes',NULL,'default','Une possibilité de réduire l\'impôt sur les dividendes',NULL,'snthdk',1,0,1,'fr'),(5264,'rubriques/fiscal/actualites/les-nouveaux-plafonds-des-investissements-locatifs','Les nouveaux plafonds des investissements locatifs','Les nouveaux plafonds des investissements locatifs',NULL,'default','Les nouveaux plafonds des investissements locatifs',NULL,'snthdk',1,0,1,'fr'),(5265,'rubriques/fiscal/actualites/les-nouveaux-plafonds-de-l-investissement-scellier','Les nouveaux plafonds de l\'investissement Scellier','Les nouveaux plafonds de l\'investissement Scellier',NULL,'default','Les nouveaux plafonds de l\'investissement Scellier',NULL,'snthdk',1,0,1,'fr'),(5266,'rubriques/fiscal/actualites/quelles-perspectives-pour-le-patrimoine-des-francais','Quelles perspectives pour le patrimoine des Français ?','Quelles perspectives pour le patrimoine des Français ?',NULL,'default','Quelles perspectives pour le patrimoine des Français ?',NULL,'snthdk',1,0,1,'fr'),(5267,'rubriques/fiscal/actualites/lutte-contre-la-fraude-fiscale-au-sein-de-l-union-europeenne','Lutte contre la fraude fiscale au sein de l\'Union européenne','Lutte contre la fraude fiscale au sein de l\'Union européenne',NULL,'default','Lutte contre la fraude fiscale au sein de l\'Union européenne',NULL,'snthdk',1,0,1,'fr'),(5268,'rubriques/fiscal/actualites/reactualisation-des-baremes-des-frais-kilometriques-2010','Réactualisation des barèmes des frais kilométriques 2010','Réactualisation des barèmes des frais kilométriques 2010',NULL,'default','Réactualisation des barèmes des frais kilométriques 2010',NULL,'snthdk',1,0,1,'fr'),(5269,'rubriques/fiscal/actualites/restitution-de-droits-de-succession-en-cas-de-surevaluation-d-un-bien-immobilier','Restitution de droits de succession en cas de surévaluation d\'un bien immobilier','Restitution de droits de succession en cas de surévaluation d\'un bien immobilier',NULL,'default','Restitution de droits de succession en cas de surévaluation d\'un bien immobilier',NULL,'snthdk',1,0,1,'fr'),(5270,'rubriques/fiscal/actualites/depot-des-declarations-fiscales-des-entreprises-n-oubliez-pas-la-date-limite-du-3-mai-2011','Dépôt des déclarations fiscales des entreprises : n\'oubliez pas la date limite du 3 mai 2011 !','Dépôt des déclarations fiscales des entreprises : n\'oubliez pas la date limite d',NULL,'default','Dépôt des déclarations fiscales des entreprises : n\'oubliez pas la date limite du 3 mai 2011 !',NULL,'snthdk',1,0,1,'fr'),(5271,'rubriques/fiscal/actualites/les-taux-de-la-reduction-d-impot-scellier-pour-2012-deja-annonces','Les taux de la réduction d\'impôt Scellier pour 2012 déjà annoncés !','Les taux de la réduction d\'impôt Scellier pour 2012 déjà annoncés !',NULL,'default','Les taux de la réduction d\'impôt Scellier pour 2012 déjà annoncés !',NULL,'snthdk',1,0,1,'fr'),(5272,'rubriques/fiscal/actualites/soutenir-la-creation-d-entreprise-peut-vous-permettre-de-reduire-votre-isf','Soutenir la création d\'entreprise peut vous permettre de réduire votre ISF !','Soutenir la création d\'entreprise peut vous permettre de réduire votre ISF !',NULL,'default','Soutenir la création d\'entreprise peut vous permettre de réduire votre ISF !',NULL,'snthdk',1,0,1,'fr'),(5273,'rubriques/fiscal/actualites/exoneration-d-isf-des-dirigeants-de-societes','Exonération d\'ISF des dirigeants de sociétés','Exonération d\'ISF des dirigeants de sociétés',NULL,'default','Exonération d\'ISF des dirigeants de sociétés',NULL,'snthdk',1,0,1,'fr'),(5274,'rubriques/fiscal/actualites/investir-pour-reduire-son-isf','Investir pour réduire son ISF','Investir pour réduire son ISF',NULL,'default','Investir pour réduire son ISF',NULL,'snthdk',1,0,1,'fr'),(5275,'rubriques/fiscal/actualites/la-liste-2011-des-etats-et-territoires-non-cooperatifs-est-connue','La liste 2011 des États et territoires non coopératifs est connue !','La liste 2011 des États et territoires non coopératifs est connue !',NULL,'default','La liste 2011 des États et territoires non coopératifs est connue !',NULL,'snthdk',1,0,1,'fr'),(5276,'rubriques/fiscal/actualites/reforme-de-la-fiscalite-du-patrimoine-les-incidences-sur-votre-patrimoine-personnel','Réforme de la fiscalité du patrimoine : les incidences sur votre patrimoine personnel','Réforme de la fiscalité du patrimoine : les incidences sur votre patrimoine pers',NULL,'default','Réforme de la fiscalité du patrimoine : les incidences sur votre patrimoine personnel',NULL,'snthdk',1,0,1,'fr'),(5277,'rubriques/fiscal/actualites/reforme-de-la-fiscalite-du-patrimoine-l-assouplissement-du-pacte-dutreil','Réforme de la fiscalité du patrimoine : l\'assouplissement du pacte Dutreil','Réforme de la fiscalité du patrimoine : l\'assouplissement du pacte Dutreil',NULL,'default','Réforme de la fiscalité du patrimoine : l\'assouplissement du pacte Dutreil',NULL,'snthdk',1,0,1,'fr'),(5278,'rubriques/fiscal/actualites/le-nouveau-plafond-de-versement-a-certaines-uvres-vient-d-etre-publie','Le nouveau plafond de versement à certaines Œuvres vient d\'être publié','Le nouveau plafond de versement à certaines Œuvres vient d\'être publié',NULL,'default','Le nouveau plafond de versement à certaines Œuvres vient d\'être publié',NULL,'snthdk',1,0,1,'fr'),(5279,'rubriques/fiscal/actualites/la-date-limite-de-declaration-et-de-paiement-de-l-isf-reportee','La date limite de déclaration et de paiement de l\'ISF reportée','La date limite de déclaration et de paiement de l\'ISF reportée',NULL,'default','La date limite de déclaration et de paiement de l\'ISF reportée',NULL,'snthdk',1,0,1,'fr'),(5280,'rubriques/fiscal/actualites/donnees-bancaires-du-contribuable-un-acces-facilite-pour-l-administration-fiscale','Données bancaires du contribuable : un accès facilité pour l\'administration fiscale','Données bancaires du contribuable : un accès facilité pour l\'administration fisc',NULL,'default','Données bancaires du contribuable : un accès facilité pour l\'administration fiscale',NULL,'snthdk',1,0,1,'fr'),(5281,'rubriques/fiscal/actualites/reforme-de-la-fiscalite-du-patrimoine-les-amenagements-concernant-les-biens-professionnels','Réforme de la fiscalité du patrimoine : les aménagements concernant les biens professionnels','Réforme de la fiscalité du patrimoine : les aménagements concernant les biens pr',NULL,'default','Réforme de la fiscalité du patrimoine : les aménagements concernant les biens professionnels',NULL,'snthdk',1,0,1,'fr'),(5282,'rubriques/fiscal/actualites/un-bien-immobilier-recu-par-donation-peut-il-beneficier-du-dispositif-scellier','Un bien immobilier reçu par donation peut-il bénéficier du dispositif Scellier ?','Un bien immobilier reçu par donation peut-il bénéficier du dispositif Scellier ?',NULL,'default','Un bien immobilier reçu par donation peut-il bénéficier du dispositif Scellier ?',NULL,'snthdk',1,0,1,'fr'),(5283,'rubriques/fiscal/actualites/rentes-et-indemnites-percues-en-reparation-de-dommages-corporels-au-regard-de-l-isf','Rentes et indemnités perçues en réparation de dommages corporels au regard de l\'ISF','Rentes et indemnités perçues en réparation de dommages corporels au regard de l\'',NULL,'default','Rentes et indemnités perçues en réparation de dommages corporels au regard de l\'ISF',NULL,'snthdk',1,0,1,'fr'),(5284,'rubriques/fiscal/actualites/un-diagnostic-mitige-pour-le-secteur-de-la-sante','Un Diagnostic mitigé pour le secteur de la santé','Un Diagnostic mitigé pour le secteur de la santé',NULL,'default','Un Diagnostic mitigé pour le secteur de la santé',NULL,'snthdk',1,0,1,'fr'),(5285,'rubriques/fiscal/actualites/les-impots-supplementaires-et-les-penalites-fiscales-influent-ils-sur-le-calcul-du-bouclier-fiscal','Les impôts supplémentaires et les pénalités fiscales influent-ils sur le calcul du bouclier fiscal ?','Les impôts supplémentaires et les pénalités fiscales influent-ils sur le calcul ',NULL,'default','Les impôts supplémentaires et les pénalités fiscales influent-ils sur le calcul du bouclier fiscal ?',NULL,'snthdk',1,0,1,'fr'),(5286,'rubriques/fiscal/actualites/redressement-fiscal-soyez-vigilant-sur-l-adresse-d-envoi-de-votre-reponse','Redressement fiscal : soyez vigilant sur l\'adresse d\'envoi de votre réponse !','Redressement fiscal : soyez vigilant sur l\'adresse d\'envoi de votre réponse !',NULL,'default','Redressement fiscal : soyez vigilant sur l\'adresse d\'envoi de votre réponse !',NULL,'snthdk',1,0,1,'fr'),(5287,'rubriques/fiscal/actualites/imposition-separee-des-epoux-et-controle-fiscal','Imposition séparée des époux et contrôle fiscal','Imposition séparée des époux et contrôle fiscal',NULL,'default','Imposition séparée des époux et contrôle fiscal',NULL,'snthdk',1,0,1,'fr'),(5288,'rubriques/fiscal/actualites/controle-fiscal-l-administration-fiscale-peut-demander-vos-releves-de-comptes','Contrôle fiscal : l\'administration fiscale peut demander vos relevés de comptes !','Contrôle fiscal : l\'administration fiscale peut demander vos relevés de comptes ',NULL,'default','Contrôle fiscal : l\'administration fiscale peut demander vos relevés de comptes !',NULL,'snthdk',1,0,1,'fr'),(5289,'rubriques/fiscal/actualites/dons-deductibles-de-l-isf-le-resultat-par-region-publie','Dons déductibles de l\'ISF : le résultat par région publié','Dons déductibles de l\'ISF : le résultat par région publié',NULL,'default','Dons déductibles de l\'ISF : le résultat par région publié',NULL,'snthdk',1,0,1,'fr'),(5290,'rubriques/fiscal/actualites/comment-sera-impose-le-remboursement-des-rachats-de-vos-cotisations-retraite','Comment sera imposé le remboursement des rachats de vos cotisations retraite ?','Comment sera imposé le remboursement des rachats de vos cotisations retraite ?',NULL,'default','Comment sera imposé le remboursement des rachats de vos cotisations retraite ?',NULL,'snthdk',1,0,1,'fr'),(5291,'rubriques/fiscal/actualites/lutte-contre-la-fraude-fiscale-bilan-2010','Lutte contre la fraude fiscale : bilan 2010','Lutte contre la fraude fiscale : bilan 2010',NULL,'default','Lutte contre la fraude fiscale : bilan 2010',NULL,'snthdk',1,0,1,'fr'),(5292,'rubriques/fiscal/actualites/controle-fiscal-et-documents-deposes-au-greffe','Contrôle fiscal et documents déposés au greffe','Contrôle fiscal et documents déposés au greffe',NULL,'default','Contrôle fiscal et documents déposés au greffe',NULL,'snthdk',1,0,1,'fr'),(5293,'rubriques/fiscal/actualites/la-reforme-de-la-fiscalite-du-patrimoine-enfin-adoptee','La réforme de la fiscalité du patrimoine enfin adoptée !','La réforme de la fiscalité du patrimoine enfin adoptée !',NULL,'default','La réforme de la fiscalité du patrimoine enfin adoptée !',NULL,'snthdk',1,0,1,'fr'),(5294,'rubriques/fiscal/actualites/abattement-successoral-l-administration-fiscale-durcit-le-ton','Abattement successoral : l\'administration fiscale durcit le ton','Abattement successoral : l\'administration fiscale durcit le ton',NULL,'default','Abattement successoral : l\'administration fiscale durcit le ton',NULL,'snthdk',1,0,1,'fr'),(5295,'rubriques/fiscal/actualites/btp-materiaux-la-construction-a-nouveau-sur-la-bonne-voie','BTP-matériaux : la construction à nouveau sur la bonne voie','BTP-matériaux : la construction à nouveau sur la bonne voie',NULL,'default','BTP-matériaux : la construction à nouveau sur la bonne voie',NULL,'snthdk',1,0,1,'fr'),(5296,'rubriques/fiscal/actualites/reforme-de-la-fiscalite-du-patrimoine-l-assurance-vie-mise-a-contribution','Réforme de la fiscalité du patrimoine : l\'assurance-vie mise à contribution','Réforme de la fiscalité du patrimoine : l\'assurance-vie mise à contribution',NULL,'default','Réforme de la fiscalité du patrimoine : l\'assurance-vie mise à contribution',NULL,'snthdk',1,0,1,'fr'),(5297,'rubriques/fiscal/actualites/sci-et-si-vous-optiez-a-l-impot-sur-les-societes','SCI : et si vous optiez à l\'impôt sur les sociétés ?','SCI : et si vous optiez à l\'impôt sur les sociétés ?',NULL,'default','SCI : et si vous optiez à l\'impôt sur les sociétés ?',NULL,'snthdk',1,0,1,'fr'),(5298,'rubriques/fiscal/actualites/plan-d-austerite-du-gouvernement-quelles-consequences-sur-votre-patrimoine','Plan d\'austérité du gouvernement : quelles conséquences sur votre patrimoine ?','Plan d\'austérité du gouvernement : quelles conséquences sur votre patrimoine ?',NULL,'default','Plan d\'austérité du gouvernement : quelles conséquences sur votre patrimoine ?',NULL,'snthdk',1,0,1,'fr'),(5299,'rubriques/fiscal/actualites/isf-a-vos-declarations','ISF : à vos déclarations !','ISF : à vos déclarations !',NULL,'default','ISF : à vos déclarations !',NULL,'snthdk',1,0,1,'fr'),(5300,'rubriques/fiscal/dossiers/reforme-de-la-fiscalite-du-patrimoine','Réforme de la fiscalité du patrimoine','Réforme de la fiscalité du patrimoine',NULL,'default','Réforme de la fiscalité du patrimoine',NULL,'snthdk',1,0,1,'fr'),(5301,'rubriques/fiscal/questions-reponses/plan-d-epargne-logement','Plan d\'épargne logement','Plan d\'épargne logement',NULL,'default','Plan d\'épargne logement',NULL,'snthdk',1,0,1,'fr'),(5302,'rubriques/fiscal/questions-reponses/exoneration-de-tva-relative-aux-livraisons-intracommunautaires','Exonération de TVA relative aux livraisons intracommunautaires','Exonération de TVA relative aux livraisons intracommunautaires',NULL,'default','Exonération de TVA relative aux livraisons intracommunautaires',NULL,'snthdk',1,0,1,'fr'),(5303,'rubriques/fiscal/questions-reponses/deductibilite-du-resultat-des-depenses-de-cadeaux-d-affaires','Déductibilité du résultat des dépenses de cadeaux d\'affaires','Déductibilité du résultat des dépenses de cadeaux d\'affaires',NULL,'default','Déductibilité du résultat des dépenses de cadeaux d\'affaires',NULL,'snthdk',1,0,1,'fr'),(5304,'rubriques/immobilier/actualites/gare-aux-notifications-par-lettre-recommandee-avec-accuse-de-reception','Gare aux notifications par lettre recommandée avec accusé de réception !','Gare aux notifications par lettre recommandée avec accusé de réception !',NULL,'default','Gare aux notifications par lettre recommandée avec accusé de réception !',NULL,'snthdk',1,0,1,'fr'),(5305,'rubriques/immobilier/actualites/le-diagnostic-de-performance-energetique-subit-un-nouveau-lifting','Le diagnostic de performance énergétique subit un nouveau lifting !','Le diagnostic de performance énergétique subit un nouveau lifting !',NULL,'default','Le diagnostic de performance énergétique subit un nouveau lifting !',NULL,'snthdk',1,0,1,'fr'),(5306,'rubriques/immobilier/actualites/transaction-immobiliere-attention-au-prix-derisoire','Transaction immobilière : attention au prix dérisoire !','Transaction immobilière : attention au prix dérisoire !',NULL,'default','Transaction immobilière : attention au prix dérisoire !',NULL,'snthdk',1,0,1,'fr'),(5307,'rubriques/immobilier/actualites/comment-reprendre-un-logement-abandonne-par-son-locataire','Comment reprendre un logement abandonné par son locataire ?','Comment reprendre un logement abandonné par son locataire ?',NULL,'default','Comment reprendre un logement abandonné par son locataire ?',NULL,'snthdk',1,0,1,'fr'),(5308,'rubriques/immobilier/questions-reponses/bail-d-habitation-et-garantie-des-loyers-impayes','Bail d\'habitation et garantie des loyers impayés','Bail d\'habitation et garantie des loyers impayés',NULL,'default','Bail d\'habitation et garantie des loyers impayés',NULL,'snthdk',1,0,1,'fr'),(5309,'rubriques/placement/actualites/le-dispositif-de-reduction-d-isf-pour-investissement-dans-une-pme-assoupli','Le dispositif de réduction d\'ISF pour investissement dans une PME assoupli !','Le dispositif de réduction d\'ISF pour investissement dans une PME assoupli !',NULL,'default','Le dispositif de réduction d\'ISF pour investissement dans une PME assoupli !',NULL,'snthdk',1,0,1,'fr'),(5310,'rubriques/placement/actualites/le-livret-a-suit-le-rythme-de-l-inflation','Le livret A suit le rythme de l\'inflation','Le livret A suit le rythme de l\'inflation',NULL,'default','Le livret A suit le rythme de l\'inflation',NULL,'snthdk',1,0,1,'fr'),(5311,'rubriques/placement/actualites/reforme-de-la-fiscalite-du-patrimoine-l-assurance-vie-mise-a-contribution','Réforme de la fiscalité du patrimoine : l\'assurance-vie mise à contribution','Réforme de la fiscalité du patrimoine : l\'assurance-vie mise à contribution',NULL,'default','Réforme de la fiscalité du patrimoine : l\'assurance-vie mise à contribution',NULL,'snthdk',1,0,1,'fr'),(5312,'rubriques/placement/dossiers/la-ruee-vers-les-placements-or','La ruée vers les placements or','La ruée vers les placements or',NULL,'default','La ruée vers les placements or',NULL,'snthdk',1,0,1,'fr'),(5313,'rubriques/placement/dossiers/le-contrat-de-capitalisation','Le contrat de capitalisation','Le contrat de capitalisation',NULL,'default','Le contrat de capitalisation',NULL,'snthdk',1,0,1,'fr'),(5314,'rubriques/chiffres/compta-finances/indice-des-loyers-commerciaux','Indice des loyers commerciaux','Indice des loyers commerciaux',NULL,'default','Indice des loyers commerciaux',NULL,'snthdk',1,0,1,'fr'),(5315,'rubriques/chiffres/compta-finances/taux-de-base-bancaire','Taux de base bancaire','Taux de base bancaire',NULL,'default','Taux de base bancaire',NULL,'snthdk',1,0,1,'fr'),(5316,'rubriques/chiffres/compta-finances/taux-eonia-ex-taux-du-marche-monetaire','Taux EONIA (ex-Taux du marché monétaire)','Taux EONIA (ex-Taux du marché monétaire)',NULL,'default','Taux EONIA (ex-Taux du marché monétaire)',NULL,'snthdk',1,0,1,'fr'),(5317,'rubriques/chiffres/compta-finances/remuneration-de-l-epargne-reglementee','Rémunération de l\'épargne réglementée','Rémunération de l\'épargne réglementée',NULL,'default','Rémunération de l\'épargne réglementée',NULL,'snthdk',1,0,1,'fr'),(5318,'rubriques/chiffres/compta-finances/taux-d-interet-legal','Taux d\'intérêt légal','Taux d\'intérêt légal',NULL,'default','Taux d\'intérêt légal',NULL,'snthdk',1,0,1,'fr'),(5319,'rubriques/chiffres/compta-finances/taux-de-refinancement-taux-refi-ou-repo','Taux de refinancement (taux \" refi \" ou \" repo \")','Taux de refinancement (taux \" refi \" ou \" repo \")',NULL,'default','Taux de refinancement (taux \" refi \" ou \" repo \")',NULL,'snthdk',1,0,1,'fr'),(5320,'rubriques/chiffres/compta-finances/taux-de-l-usure-en','Taux de l\'usure en %','Taux de l\'usure en %',NULL,'default','Taux de l\'usure en %',NULL,'snthdk',1,0,1,'fr'),(5321,'rubriques/chiffres/compta-finances/taux-effectif-global-moyen-en','Taux Effectif Global moyen en %','Taux Effectif Global moyen en %',NULL,'default','Taux Effectif Global moyen en %',NULL,'snthdk',1,0,1,'fr'),(5322,'rubriques/chiffres/compta-finances/taux-de-conversion-de-l-euro','Taux de conversion de l\'Euro','Taux de conversion de l\'Euro',NULL,'default','Taux de conversion de l\'Euro',NULL,'snthdk',1,0,1,'fr'),(5323,'rubriques/chiffres/compta-finances/indices-mensuels-des-prix-a-la-consommation','Indices mensuels des prix à la consommation','Indices mensuels des prix à la consommation',NULL,'default','Indices mensuels des prix à la consommation',NULL,'snthdk',1,0,1,'fr'),(5324,'rubriques/chiffres/compta-finances/indice-trimestriel-du-cout-de-la-construction','Indice trimestriel du coût de la construction','Indice trimestriel du coût de la construction',NULL,'default','Indice trimestriel du coût de la construction',NULL,'snthdk',1,0,1,'fr'),(5325,'rubriques/chiffres/compta-finances/indice-de-reference-des-loyers','Indice de référence des loyers','Indice de référence des loyers',NULL,'default','Indice de référence des loyers',NULL,'snthdk',1,0,1,'fr'),(5326,'rubriques/chiffres/compta-finances/indice-national-du-batiment-bt01','Indice National du Bâtiment BT01','Indice National du Bâtiment BT01',NULL,'default','Indice National du Bâtiment BT01',NULL,'snthdk',1,0,1,'fr'),(5327,'rubriques/chiffres/compta-finances/credit-gratuit-prix-maximum-pour-paiement-comptant','Crédit gratuit : prix maximum pour paiement comptant','Crédit gratuit : prix maximum pour paiement comptant',NULL,'default','Crédit gratuit : prix maximum pour paiement comptant',NULL,'snthdk',1,0,1,'fr'),(5328,'rubriques/chiffres/compta-finances/competence-des-tribunaux-de-commerce-en-dernier-ressort','Compétence des tribunaux de commerce en dernier ressort','Compétence des tribunaux de commerce en dernier ressort',NULL,'default','Compétence des tribunaux de commerce en dernier ressort',NULL,'snthdk',1,0,1,'fr'),(5329,'rubriques/chiffres/fiscal/tarifs-de-la-tascom','Tarifs de la TASCOM','Tarifs de la TASCOM',NULL,'default','Tarifs de la TASCOM',NULL,'snthdk',1,0,1,'fr'),(5330,'rubriques/chiffres/fiscal/cession-de-fonds-de-commerce-et-biens-assimiles','Cession de fonds de commerce et biens assimilés','Cession de fonds de commerce et biens assimilés',NULL,'default','Cession de fonds de commerce et biens assimilés',NULL,'snthdk',1,0,1,'fr'),(5331,'rubriques/chiffres/fiscal/taxe-sur-les-salaires-2011','Taxe sur les salaires 2011','Taxe sur les salaires 2011',NULL,'default','Taxe sur les salaires 2011',NULL,'snthdk',1,0,1,'fr'),(5332,'rubriques/chiffres/fiscal/bareme-de-l-impot-sur-les-revenus-2010-pour-une-part','Barème de l\'impôt sur les revenus 2010 pour une part','Barème de l\'impôt sur les revenus 2010 pour une part',NULL,'default','Barème de l\'impôt sur les revenus 2010 pour une part',NULL,'snthdk',1,0,1,'fr'),(5333,'rubriques/chiffres/fiscal/plus-values-immobilieres-des-particuliers','Plus-values immobilières des particuliers','Plus-values immobilières des particuliers',NULL,'default','Plus-values immobilières des particuliers',NULL,'snthdk',1,0,1,'fr'),(5334,'rubriques/chiffres/fiscal/prelevements-liberatoires','Prélèvements libératoires','Prélèvements libératoires',NULL,'default','Prélèvements libératoires',NULL,'snthdk',1,0,1,'fr'),(5335,'rubriques/chiffres/fiscal/bareme-de-l-i-s-f-au-01-01-2011','Barème de l\'I.S.F. au 01/01/2011','Barème de l\'I.S.F. au 01/01/2011',NULL,'default','Barème de l\'I.S.F. au 01/01/2011',NULL,'snthdk',1,0,1,'fr'),(5336,'rubriques/chiffres/fiscal/interets-des-comptes-courants-d-associes','Intérêts des comptes courants d\'associés','Intérêts des comptes courants d\'associés',NULL,'default','Intérêts des comptes courants d\'associés',NULL,'snthdk',1,0,1,'fr'),(5337,'rubriques/chiffres/fiscal/taxe-sur-les-vehicules-des-societes-sur-la-periode-du-1er-octobre-2010-au-30-septembre-2011-liquidee-au-plus-tard-le-30-novembre-2011','Taxe sur les véhicules des sociétés sur la période du 1er octobre 2010 au 30 septembre 2011 (liquidée au plus tard le 30 novembre 2011)','Taxe sur les véhicules des sociétés sur la période du 1er octobre 2010 au 30 sep',NULL,'default','Taxe sur les véhicules des sociétés sur la période du 1er octobre 2010 au 30 septembre 2011 (liquidée au plus tard le 30 novembre 2011)',NULL,'snthdk',1,0,1,'fr'),(5338,'rubriques/chiffres/fiscal/bareme-de-l-imposition-forfaitaire-annuelle-des-societes','Barème de l\'Imposition Forfaitaire Annuelle des sociétés','Barème de l\'Imposition Forfaitaire Annuelle des sociétés',NULL,'default','Barème de l\'Imposition Forfaitaire Annuelle des sociétés',NULL,'snthdk',1,0,1,'fr'),(5339,'rubriques/chiffres/fiscal/tva-intracommunautaire-taux-de-change-mensuels','TVA intracommunautaire : taux de change mensuels','TVA intracommunautaire : taux de change mensuels',NULL,'default','TVA intracommunautaire : taux de change mensuels',NULL,'snthdk',1,0,1,'fr'),(5340,'rubriques/chiffres/fiscal/tarif-des-droits-de-donation-et-de-succession','Tarif des droits de donation et de succession','Tarif des droits de donation et de succession',NULL,'default','Tarif des droits de donation et de succession',NULL,'snthdk',1,0,1,'fr'),(5341,'rubriques/chiffres/social/contribution-sociale-generalisee-c-s-g','Contribution Sociale Généralisée (C.S.G.)','Contribution Sociale Généralisée (C.S.G.)',NULL,'default','Contribution Sociale Généralisée (C.S.G.)',NULL,'snthdk',1,0,1,'fr'),(5342,'rubriques/chiffres/social/contribution-au-remboursement-de-la-dette-sociale-c-r-d-s','Contribution au Remboursement de la Dette Sociale (C.R.D.S.)','Contribution au Remboursement de la Dette Sociale (C.R.D.S.)',NULL,'default','Contribution au Remboursement de la Dette Sociale (C.R.D.S.)',NULL,'snthdk',1,0,1,'fr'),(5343,'rubriques/chiffres/social/cotisations-de-securite-sociale','Cotisations de Sécurité Sociale','Cotisations de Sécurité Sociale',NULL,'default','Cotisations de Sécurité Sociale',NULL,'snthdk',1,0,1,'fr'),(5344,'rubriques/chiffres/social/contribution-de-solidarite-pour-l-autonomie','Contribution de solidarité pour l\'autonomie','Contribution de solidarité pour l\'autonomie',NULL,'default','Contribution de solidarité pour l\'autonomie',NULL,'snthdk',1,0,1,'fr'),(5345,'rubriques/chiffres/social/cotisations-logement','Cotisations logement','Cotisations logement',NULL,'default','Cotisations logement',NULL,'snthdk',1,0,1,'fr'),(5346,'rubriques/chiffres/social/assurance-chomage-et-fngs','Assurance chômage et FNGS','Assurance chômage et FNGS',NULL,'default','Assurance chômage et FNGS',NULL,'snthdk',1,0,1,'fr'),(5347,'rubriques/chiffres/social/association-pour-l-emploi-des-cadres','Association Pour l\'Emploi des Cadres','Association Pour l\'Emploi des Cadres',NULL,'default','Association Pour l\'Emploi des Cadres',NULL,'snthdk',1,0,1,'fr'),(5348,'rubriques/chiffres/social/prevoyance-cadres-assurance-deces','Prévoyance cadres (assurance décès)','Prévoyance cadres (assurance décès)',NULL,'default','Prévoyance cadres (assurance décès)',NULL,'snthdk',1,0,1,'fr'),(5349,'rubriques/chiffres/social/smic-horaire-et-mensuel','SMIC horaire et mensuel','SMIC horaire et mensuel',NULL,'default','SMIC horaire et mensuel',NULL,'snthdk',1,0,1,'fr'),(5350,'rubriques/chiffres/social/reduction-fillon','Réduction Fillon','Réduction Fillon',NULL,'default','Réduction Fillon',NULL,'snthdk',1,0,1,'fr'),(5351,'rubriques/chiffres/social/smic-contrats-en-alternance','SMIC contrats en alternance','SMIC contrats en alternance',NULL,'default','SMIC contrats en alternance',NULL,'snthdk',1,0,1,'fr'),(5352,'rubriques/chiffres/social/plafond-de-la-securite-sociale-en-fonction-de-la-periodicite-de-la-paie','Plafond de la Sécurité Sociale en fonction de la périodicité de la paie','Plafond de la Sécurité Sociale en fonction de la périodicité de la paie',NULL,'default','Plafond de la Sécurité Sociale en fonction de la périodicité de la paie',NULL,'snthdk',1,0,1,'fr'),(5353,'rubriques/chiffres/social/principaux-taux-des-cotisations-d-accidents-du-travail-au-1er-janvier-2011','Principaux taux des cotisations d\'accidents du travail au 1er janvier 2011','Principaux taux des cotisations d\'accidents du travail au 1er janvier 2011',NULL,'default','Principaux taux des cotisations d\'accidents du travail au 1er janvier 2011',NULL,'snthdk',1,0,1,'fr'),(5354,'rubriques/chiffres/social/remboursement-forfaitaire-des-frais-de-deplacement','Remboursement forfaitaire des frais de déplacement','Remboursement forfaitaire des frais de déplacement',NULL,'default','Remboursement forfaitaire des frais de déplacement',NULL,'snthdk',1,0,1,'fr'),(5355,'rubriques/chiffres/social/evaluation-des-avantages-en-nature','Évaluation des avantages en nature','Évaluation des avantages en nature',NULL,'default','Évaluation des avantages en nature',NULL,'snthdk',1,0,1,'fr'),(5356,'rubriques/chiffres/social/hotels-cafes-restaurants-reduction-des-cotisations-patronales-sur-l-avantage-en-nature-nourriture','Hôtels-cafés-restaurants : réduction des cotisations patronales sur l\'avantage en nature nourriture','Hôtels-cafés-restaurants : réduction des cotisations patronales sur l\'avantage e',NULL,'default','Hôtels-cafés-restaurants : réduction des cotisations patronales sur l\'avantage en nature nourriture',NULL,'snthdk',1,0,1,'fr'),(5357,'rubriques/chiffres/social/assurance-chomage-des-dirigeants','Assurance chômage des dirigeants','Assurance chômage des dirigeants',NULL,'default','Assurance chômage des dirigeants',NULL,'snthdk',1,0,1,'fr'),(5358,'rubriques/chiffres/social/apprentis-charges-sociales','Apprentis : charges sociales','Apprentis : charges sociales',NULL,'default','Apprentis : charges sociales',NULL,'snthdk',1,0,1,'fr'),(5359,'rubriques/chiffres/social/eleves-ou-etudiants-stagiaires-en-entreprise-franchise-de-cotisations','Élèves ou étudiants stagiaires en entreprise : franchise de cotisations','Élèves ou étudiants stagiaires en entreprise : franchise de cotisations',NULL,'default','Élèves ou étudiants stagiaires en entreprise : franchise de cotisations',NULL,'snthdk',1,0,1,'fr'),(5360,'rubriques/chiffres/social/formateurs-occasionnels-assiette-forfaitaire-des-cotisations-de-securite-sociale','Formateurs occasionnels : assiette forfaitaire des cotisations de Sécurité Sociale','Formateurs occasionnels : assiette forfaitaire des cotisations de Sécurité Socia',NULL,'default','Formateurs occasionnels : assiette forfaitaire des cotisations de Sécurité Sociale',NULL,'snthdk',1,0,1,'fr'),(5361,'rubriques/chiffres/social/fractions-saisissables-des-remunerations','Fractions saisissables des rémunérations','Fractions saisissables des rémunérations',NULL,'default','Fractions saisissables des rémunérations',NULL,'snthdk',1,0,1,'fr'),(5362,'rubriques/chiffres/social/competence-des-prud-hommes-en-dernier-ressort','Compétence des prud\'hommes en dernier ressort','Compétence des prud\'hommes en dernier ressort',NULL,'default','Compétence des prud\'hommes en dernier ressort',NULL,'snthdk',1,0,1,'fr'),(5363,'rubriques/chiffres/social/competence-du-tribunal-des-affaires-de-securite-sociale-en-dernier-ressort','Compétence du tribunal des affaires de Sécurité Sociale en dernier ressort','Compétence du tribunal des affaires de Sécurité Sociale en dernier ressort',NULL,'default','Compétence du tribunal des affaires de Sécurité Sociale en dernier ressort',NULL,'snthdk',1,0,1,'fr'),(5364,'rubriques/chiffres/social/cotisations-des-professions-liberales','Cotisations des professions libérales','Cotisations des professions libérales',NULL,'default','Cotisations des professions libérales',NULL,'snthdk',1,0,1,'fr'),(5365,'rubriques/chiffres/social/retraites-complementaires-et-cotisation-agff','Retraites complémentaires et cotisation AGFF','Retraites complémentaires et cotisation AGFF',NULL,'default','Retraites complémentaires et cotisation AGFF',NULL,'snthdk',1,0,1,'fr'),(5366,'rubriques/chiffres/social/versement-transport','Versement transport','Versement transport',NULL,'default','Versement transport',NULL,'snthdk',1,0,1,'fr'),(5367,'eco','Eco','Eco',NULL,'default',NULL,NULL,'snthdk',1,0,1,'fr'),(5400,'le-cabinet/recrutements','Recrutements','Recrutements','','default','Recrutements','','snthdk',1,0,1,'fr'),(5401,'recrutements/collaborateur-paie-comptabilite-en-cdi','Collaborateur Paie Comptabilité, en CDI','Collaborateur Paie Comptabilité, en CDI','','default','<h5>\n	<u>Le poste:<br />\n	</u></h5>\n<p>\n	<br />\n	Dans le cadre d’un accroissement de notre activité Paie et Gestion sociale, nous recherchons ','','snthk',1,0,1,'fr'),(5402,'le-cabinet/recrutements/collaborateur-comptable-en-cdd','Collaborateur comptable, en CDD','Collaborateur comptable, en CDD','','default','<h5>\n	<u>Le poste :</u></h5>\n<p>\n	<br />\n	Dans le cadre d’un remplacement d’une personne en congé maternité, nous recherchons un c','','nthk',1,0,1,'fr'),(5404,'le-cabinet/nos-prestations','NOS PRESTATIONS','NOS PRESTATIONS',NULL,'default','<div>\r\n	T&eacute;nor, le site con&ccedil;u par EXPERT INFOS pour les gestionnaires de patrimoine, vous permet d&#39;ajouter des pages pour sp&eacute;cifier vos ',NULL,'snthdk',1,0,1,'fr'),(5405,'le-cabinet/nos-prestations-5405','NOS PRESTATIONS','NOS PRESTATIONS',NULL,'default','<div>\r\n	T&eacute;nor, le site con&ccedil;u par EXPERT INFOS pour les gestionnaires de patrimoine, vous permet d&#39;ajouter des pages pour sp&eacute;cifier vos ',NULL,'snthdk',0,0,1,'fr');
/*!40000 ALTER TABLE `dm_page_translation` ENABLE KEYS */;
UNLOCK TABLES;

--
-- Dumping data for table `dm_page_view`
--

LOCK TABLES `dm_page_view` WRITE;
/*!40000 ALTER TABLE `dm_page_view` DISABLE KEYS */;
INSERT INTO `dm_page_view` (`id`, `module`, `action`, `dm_layout_id`) VALUES (1,'main','root',1),(2,'main','error404',1),(3,'main','signin',1),(4,'dmTag','list',1),(5,'rubrique','list',1),(9,'rubrique','show',1),(10,'section','show',1),(11,'article','show',1),(12,'main','contact',1),(13,'main','leCabinet',1),(14,'main','presentation',1),(15,'main','lEquipe',1),(16,'main','planDAcces',1),(17,'main','nosMissions',1),(18,'main','toutesNosMissions',1),(19,'main','nosMissionsComptables',1),(20,'main','nosMissionsJuridiquesEtFiscales',1),(21,'main','nosMissionsDeConseilEtDeGestion',1),(22,'main','nosMissionsSociales',1),(23,'main','nosMissionsInformatiques',1),(24,'main','nosMissionsDOrganisation',1),(25,'main','nosMissionsAupresDesCollectivitesLocales',1),(30,'main','recrutement',1),(32,'dmTag','show',1),(33,'renseignements','list',1),(34,'renseignements','show',1),(35,'main','search',1),(36,'presentation','list',1),(37,'equipe','list',1),(38,'mission','list',1),(39,'recrutement','list',1),(40,'accueil','list',1),(41,'accueil','show',1),(42,'presentation','show',1),(43,'equipe','show',1),(44,'mission','show',1),(45,'recrutement','show',1),(46,'main','actualiteDeLaSemaine',1),(47,'mission','essai',1),(48,'pageCabinet','list',1),(49,'pageCabinet','show',1),(50,'main','test',1),(51,'pageCabinet','recrutement',1),(52,'pageCabinet','equipe',1),(53,'main','rubrique',1),(54,'constantes','list',1),(58,'indexSitesUtiles','list',1),(59,'groupeSitesUtiles','list',1),(61,'constantes','show',1),(63,'sidActuRubrique','list',1),(64,'pageCabinet','treee',1),(66,'sidActuRubrique','show',1),(67,'sidActuArticle','show',1),(68,'pageCabinet','actualitesDuCabinet',1),(70,'bandeau','show',1),(71,'pageCabinet','planDAcces',1),(72,'indexSitesUtiles','show',1),(73,'groupeSitesUtiles','show',1),(74,'sitesUtiles','show',1),(75,'main','sitesUtiles',1),(76,'main','eco',1),(77,'rubrique','thematiquePlacement',1),(78,'pageCabinet','recrutements',1),(79,'groupeBandeau','list',1);
/*!40000 ALTER TABLE `dm_page_view` ENABLE KEYS */;
UNLOCK TABLES;

--
-- Dumping data for table `dm_area`
--

LOCK TABLES `dm_area` WRITE;
/*!40000 ALTER TABLE `dm_area` DISABLE KEYS */;
INSERT INTO `dm_area` (`id`, `dm_layout_id`, `dm_page_view_id`, `type`) VALUES (1,NULL,2,'1'),(2,NULL,3,'1'),(3,1,NULL,'top'),(4,1,NULL,'left'),(5,NULL,1,'content'),(6,1,NULL,'bottom'),(7,NULL,12,'content'),(8,NULL,13,'content'),(9,NULL,5,'content'),(10,NULL,9,'content'),(11,NULL,10,'content'),(12,NULL,11,'content'),(13,NULL,14,'content'),(14,NULL,15,'content'),(15,NULL,16,'content'),(16,NULL,17,'content'),(17,NULL,18,'content'),(18,NULL,19,'content'),(19,NULL,20,'content'),(20,NULL,21,'content'),(21,NULL,22,'content'),(22,NULL,23,'content'),(23,NULL,24,'content'),(24,NULL,25,'content'),(28,NULL,30,'content'),(29,NULL,2,'content'),(30,NULL,32,'content'),(31,NULL,3,'content'),(32,NULL,35,'1'),(33,NULL,35,'content'),(34,NULL,44,'content'),(35,NULL,46,'content'),(36,NULL,38,'content'),(38,NULL,33,'content'),(39,NULL,42,'content'),(40,NULL,36,'content'),(41,NULL,47,'content'),(42,NULL,49,'content'),(43,NULL,48,'content'),(44,NULL,39,'content'),(45,NULL,50,'content'),(46,NULL,37,'content'),(48,NULL,43,'content'),(49,NULL,51,'content'),(50,NULL,52,'content'),(51,NULL,53,'content'),(52,NULL,34,'content'),(55,NULL,64,'content'),(56,NULL,66,'content'),(57,NULL,63,'content'),(58,NULL,68,'content'),(59,NULL,67,'content'),(60,NULL,71,'content'),(62,NULL,58,'content'),(63,NULL,45,'content'),(64,NULL,74,'content'),(65,1,NULL,'right'),(66,NULL,73,'content'),(67,NULL,59,'content'),(68,1,NULL,'centerTop'),(69,1,NULL,'centerBottom'),(70,NULL,75,'content'),(71,NULL,72,'content'),(72,NULL,76,'content'),(73,NULL,77,'content'),(76,NULL,70,'content'),(78,NULL,78,'content'),(79,NULL,79,'content'),(80,NULL,40,'content'),(81,NULL,54,'content');
/*!40000 ALTER TABLE `dm_area` ENABLE KEYS */;
UNLOCK TABLES;

--
-- Dumping data for table `dm_zone`
--

LOCK TABLES `dm_zone` WRITE;
/*!40000 ALTER TABLE `dm_zone` DISABLE KEYS */;
INSERT INTO `dm_zone` (`id`, `dm_area_id`, `css_class`, `width`, `position`) VALUES (1,1,NULL,NULL,-1),(2,2,NULL,NULL,-2),(5,5,NULL,NULL,1),(6,6,NULL,NULL,-6),(7,7,NULL,NULL,-7),(8,8,NULL,NULL,-8),(9,9,NULL,NULL,-9),(10,10,NULL,NULL,-10),(11,11,NULL,NULL,-11),(12,12,NULL,NULL,-12),(18,3,NULL,NULL,4),(19,13,NULL,NULL,-13),(20,14,NULL,NULL,-14),(21,15,NULL,NULL,-15),(22,16,NULL,NULL,-16),(23,17,NULL,NULL,-17),(24,18,NULL,NULL,-18),(25,19,NULL,NULL,-19),(26,20,NULL,NULL,-20),(27,21,NULL,NULL,-21),(28,22,NULL,NULL,-22),(29,23,NULL,NULL,-23),(30,24,NULL,NULL,-24),(34,28,NULL,NULL,-28),(35,29,NULL,NULL,-29),(37,30,NULL,NULL,-30),(39,31,NULL,NULL,-31),(40,4,'derniers_articles_colonne','',2),(41,32,NULL,NULL,-32),(42,33,NULL,NULL,-33),(45,34,NULL,NULL,-34),(46,35,NULL,NULL,-35),(47,36,NULL,NULL,-36),(49,38,NULL,NULL,-38),(50,39,NULL,NULL,-39),(51,40,NULL,NULL,-40),(52,41,NULL,NULL,-41),(53,42,NULL,NULL,-42),(54,43,NULL,NULL,-43),(55,44,NULL,NULL,-44),(56,45,NULL,NULL,-45),(57,46,NULL,NULL,-46),(59,48,NULL,NULL,-48),(60,49,NULL,NULL,-49),(61,50,NULL,NULL,-50),(62,51,NULL,NULL,-51),(63,52,NULL,NULL,-52),(65,5,NULL,NULL,2),(67,55,NULL,NULL,-55),(68,56,NULL,NULL,-56),(69,57,NULL,NULL,-57),(70,58,NULL,NULL,-58),(71,59,NULL,NULL,-59),(72,60,NULL,NULL,-60),(74,62,NULL,NULL,-62),(75,63,NULL,NULL,-63),(76,64,NULL,NULL,-64),(77,65,NULL,NULL,1),(78,66,NULL,NULL,-65),(79,67,NULL,NULL,-66),(80,68,NULL,NULL,-67),(81,69,NULL,NULL,-68),(82,70,NULL,NULL,-69),(83,71,NULL,NULL,-70),(84,72,NULL,NULL,-71),(85,73,NULL,NULL,-72),(88,76,NULL,NULL,-75),(90,78,NULL,NULL,-76),(91,79,NULL,NULL,-77),(92,80,NULL,NULL,-78),(93,81,NULL,NULL,-79);
/*!40000 ALTER TABLE `dm_zone` ENABLE KEYS */;
UNLOCK TABLES;

--
-- Dumping data for table `dm_widget`
--

LOCK TABLES `dm_widget` WRITE;
/*!40000 ALTER TABLE `dm_widget` DISABLE KEYS */;
INSERT INTO `dm_widget` (`id`, `dm_zone_id`, `module`, `action`, `css_class`, `position`, `updated_at`) VALUES (1,1,'dmWidgetContent','title',NULL,-1,'2011-08-05 12:20:30'),(2,2,'dmUser','signin',NULL,-2,'2011-08-05 12:20:30'),(5,80,'dmWidgetNavigation','breadCrumb','',1,'2011-09-22 21:01:39'),(7,7,'dmContactMe','form','',1,'2011-08-05 12:41:35'),(8,18,'dmWidgetNavigation','menu','',3,'2011-09-14 09:50:00'),(11,11,'article','listBySection','',3,'2011-09-26 18:43:30'),(12,12,'article','show','',2,'2011-09-23 21:27:52'),(17,18,'main','header','',2,'2011-09-14 09:50:00'),(35,23,'dmWidgetContent','ckEditor','',1,'2011-08-05 17:29:03'),(39,24,'dmWidgetContent','ckEditor','',1,'2011-08-05 17:53:28'),(40,25,'dmWidgetContent','ckEditor','',1,'2011-08-05 18:33:21'),(41,26,'dmWidgetContent','ckEditor','',1,'2011-08-05 18:44:22'),(42,27,'dmWidgetContent','ckEditor','',1,'2011-08-05 18:47:49'),(43,28,'dmWidgetContent','ckEditor','',1,'2011-08-05 18:56:49'),(44,29,'dmWidgetContent','ckEditor','',1,'2011-08-05 18:59:56'),(45,30,'dmWidgetContent','ckEditor','',1,'2011-08-05 19:02:20'),(49,23,'dmWidgetNavigation','menu','navigation_menu',2,'2011-08-08 13:57:48'),(51,24,'dmWidgetNavigation','menu','',2,'2011-08-08 14:04:29'),(52,25,'dmWidgetNavigation','menu','',2,'2011-08-08 14:05:38'),(53,26,'dmWidgetNavigation','menu','',2,'2011-08-08 14:06:11'),(54,27,'dmWidgetNavigation','menu','',2,'2011-08-08 14:06:45'),(55,28,'dmWidgetNavigation','menu','',2,'2011-08-08 14:07:16'),(56,29,'dmWidgetNavigation','menu','',2,'2011-08-08 14:07:53'),(57,30,'dmWidgetNavigation','menu','',2,'2011-08-08 14:08:25'),(60,22,'dmWidgetNavigation','menu','',3,'2011-08-11 23:13:46'),(62,19,'dmWidgetNavigation','menu','',3,'2011-08-17 21:21:11'),(63,20,'dmWidgetNavigation','menu','',2,'2011-08-11 21:20:14'),(64,21,'dmWidgetNavigation','menu','',3,'2011-08-12 21:44:52'),(67,34,'dmWidgetNavigation','menu','',3,'2011-08-12 21:30:08'),(68,21,'dmWidgetGoogleMap','show','',2,'2011-08-12 21:44:52'),(77,40,'renseignements','show','',3,'2011-09-26 18:57:28'),(91,9,'article','list','',1,'2011-08-09 21:50:26'),(92,41,'dmWidgetSearch','results',NULL,-3,'2011-08-10 14:33:05'),(93,18,'dmWidgetSearch','form','search',1,'2011-09-14 09:50:00'),(95,42,'dmWidgetSearch','results','',1,'2011-08-10 14:53:46'),(102,19,'presentation','show','',2,'2011-08-17 21:21:11'),(105,20,'equipe','show','',-4,'2011-08-12 21:34:21'),(106,22,'mission','list','',2,'2011-08-11 23:13:55'),(107,45,'mission','show','',2,'2011-09-15 11:55:06'),(108,22,'mission','show','',1,'2011-08-11 23:37:21'),(120,47,'mission','show','',2,'2011-09-14 16:48:22'),(121,34,'recrutement','show','',2,'2011-08-12 21:30:26'),(122,21,'dmWidgetContent','text','couleur',1,'2011-08-12 21:45:30'),(127,47,'mission','list','',3,'2011-09-14 16:48:22'),(128,45,'mission','list','',3,'2011-09-15 11:55:06'),(131,19,'pageCabinet','list','',1,'2011-08-17 21:21:35'),(132,19,'pageCabinet','show',NULL,-5,'2011-08-17 21:27:36'),(137,8,'pageCabinet','show','',1,'2011-08-17 23:58:07'),(138,8,'pageCabinet','list','',2,'2011-08-17 23:58:19'),(150,54,'pageCabinet','show','',2,'2011-09-14 18:24:27'),(151,54,'pageCabinet','list',NULL,3,'2011-09-14 18:24:27'),(152,59,'equipe','show','',1,'2011-08-18 20:31:16'),(155,53,'pageCabinet','list','',4,'2011-09-14 18:34:37'),(156,61,'pageCabinet','list','',4,'2011-09-19 15:41:03'),(157,60,'pageCabinet','list','',3,'2011-09-14 17:10:41'),(168,62,'rubrique','list','',1,'2011-08-24 05:47:28'),(170,37,'article','listeParTags','',1,'2011-09-13 04:06:57'),(173,46,'article','list','',2,'2011-09-26 18:58:14'),(180,65,'accueil','showPresentation','',1,'2011-09-19 17:17:53'),(193,67,'sidActuArticle','list','',1,'2011-09-07 05:13:07'),(200,70,'sidActuArticle','list','',2,'2011-09-14 19:12:32'),(201,71,'sidActuArticle','show','',2,'2011-09-14 19:36:53'),(207,72,'dmWidgetGoogleMap','show','',2,'2011-09-14 17:54:01'),(208,53,'pageCabinet','show','',3,'2011-09-14 18:34:37'),(219,60,'recrutement','list','',2,'2011-09-14 17:10:41'),(220,12,'article','listArticlesAvecMemeTag','',4,'2011-09-15 11:57:43'),(221,12,'article','listMissionsAvecMemeTag','',5,'2011-09-15 11:57:43'),(222,12,'article','listMembresEquipeAvecMemeTag','',7,'2011-09-15 11:57:43'),(224,61,'equipe','list','',3,'2011-09-19 15:41:03'),(225,72,'pageCabinet','list','',3,'2011-09-14 17:54:01'),(226,70,'pageCabinet','list','',3,'2011-09-14 19:12:32'),(233,12,'article','listActusCabinetAvecMemeTag','',6,'2011-09-15 11:57:43'),(235,45,'mission','listArticlesAvecMemeTag','',4,'2011-09-15 11:55:06'),(236,45,'mission','listMembresEquipeAvecMemeTag','',5,'2011-09-15 11:55:06'),(237,45,'mission','listActusCabinetAvecMemeTag','',6,'2011-09-15 11:55:06'),(238,71,'sidActuArticle','listArticlesAvecMemeTag','',3,'2011-09-14 19:36:53'),(239,71,'sidActuArticle','listMissionsAvecMemeTag','',4,'2011-09-14 19:36:53'),(240,71,'sidActuArticle','listMembresEquipeAvecMemeTag','',5,'2011-09-14 19:36:53'),(243,37,'mission','listParTags','',3,'2011-09-14 04:24:54'),(244,37,'equipe','listParTags','',4,'2011-09-14 04:25:19'),(245,37,'sidActuArticle','listParTags','',2,'2011-09-14 04:30:37'),(246,12,'article','listSitesUtilesAvecMemeTag','',8,'2011-09-15 11:57:43'),(247,45,'mission','listSitesUtilesAvecMemeTag','',7,'2011-09-15 11:55:06'),(248,71,'sidActuArticle','listSitesUtilesAvecMemeTag','',6,'2011-09-14 19:36:53'),(249,39,'dmUser','signin','',1,'2011-09-14 09:27:15'),(251,55,'recrutement','list','',2,'2011-09-14 16:53:46'),(256,55,'pageCabinet','list','',3,'2011-09-14 16:53:46'),(267,5,'bandeau','smartBandeau',NULL,-6,'2011-09-14 18:09:48'),(268,54,'bandeau','smartBandeau',NULL,1,'2011-09-14 18:24:27'),(269,60,'bandeau','smartBandeau',NULL,1,'2011-09-14 18:25:21'),(270,53,'bandeau','smartBandeau',NULL,1,'2011-09-14 18:34:37'),(271,61,'bandeau','smartBandeau',NULL,1,'2011-09-14 19:10:04'),(272,72,'bandeau','smartBandeau',NULL,1,'2011-09-14 19:11:02'),(273,70,'bandeau','smartBandeau',NULL,1,'2011-09-14 19:12:32'),(274,71,'bandeau','smartBandeau',NULL,1,'2011-09-14 19:36:53'),(275,47,'bandeau','smartBandeau','',1,'2011-09-14 19:42:50'),(276,45,'bandeau','smartBandeau',NULL,1,'2011-09-15 11:55:06'),(277,11,'bandeau','smartBandeau',NULL,1,'2011-09-15 11:57:05'),(278,12,'bandeau','smartBandeau',NULL,1,'2011-09-15 11:57:43'),(281,77,'equipe','blocPhotosEquipe','',3,'2011-09-28 21:32:03'),(289,77,'dmWidgetContent','flowPlayer','',2,'2011-09-28 21:32:03'),(293,6,'dmWidgetContent','text','',4,'2011-09-19 17:02:37'),(294,6,'dmWidgetContent','link','',3,'2011-09-19 17:02:37'),(295,6,'dmWidgetContent','link','',2,'2011-09-19 17:04:31'),(296,74,'indexSitesUtiles','show','',1,'2011-09-19 16:26:40'),(297,74,'groupeSitesUtiles','list','',3,'2011-09-19 17:58:50'),(299,78,'sitesUtiles','listByGroupeSitesUtiles','',1,'2011-09-19 17:28:30'),(300,79,'groupeSitesUtiles','list','',3,'2011-09-27 00:50:17'),(303,74,'dmWidgetContent','title','',2,'2011-09-19 18:00:46'),(304,79,'dmWidgetContent','title','',2,'2011-09-27 00:52:39'),(311,52,'handWidgets','listArticlesByRubrique',NULL,1,'2011-09-20 14:14:38'),(321,65,'handWidgets','listArticlesBySection','',2,'2011-09-28 19:34:54'),(323,77,'handWidgets','listArticlesBySection','',4,'2011-09-28 21:31:55'),(334,40,'dmWidgetNavigation','menu','',2,'2011-09-28 04:15:47'),(339,82,'indexSitesUtiles','show','',1,'2011-09-27 00:28:10'),(341,82,'groupeSitesUtiles','list','',2,'2011-09-27 00:29:11'),(342,79,'indexSitesUtiles','show','',1,'2011-09-27 00:52:39'),(346,10,'handWidgets','listSousHomeByRubrique','',3,'2011-09-27 02:08:27'),(347,77,'sidActuArticle','miseEnAvantActuArticle','',1,'2011-09-28 21:31:55'),(352,69,'sidActuRubrique','list','',1,'2011-09-28 00:19:04'),(353,68,'sidActuArticle','listParRubrique','',1,'2011-09-28 00:23:46'),(354,84,'dmWidgetFeedReader','show','',1,'2011-09-28 01:47:44'),(355,85,'handWidgets','listSousHomeByRubrique','',1,'2011-09-28 12:11:42'),(357,55,'bandeau','smartBandeau','',1,'2011-09-28 18:12:22'),(358,75,'recrutement','show','',1,'2011-09-28 18:24:57'),(359,90,'recrutement','list','',1,'2011-09-28 19:22:26'),(360,90,'pageCabinet','list','',2,'2011-09-28 19:22:53'),(361,65,'recrutement','annonceRecrutement','',3,'2011-09-28 19:35:00');
/*!40000 ALTER TABLE `dm_widget` ENABLE KEYS */;
UNLOCK TABLES;

--
-- Dumping data for table `dm_widget_translation`
--

LOCK TABLES `dm_widget_translation` WRITE;
/*!40000 ALTER TABLE `dm_widget_translation` DISABLE KEYS */;
INSERT INTO `dm_widget_translation` (`id`, `value`, `lang`) VALUES (1,'{\"text\":\"Page introuvable\",\"tag\":\"h1\"}','fr'),(2,'[]','fr'),(5,'{\"separator\":\">\",\"includeCurrent\":true}','fr'),(7,'[]','fr'),(8,'{\"ulClass\":\"\",\"liClass\":\"\",\"menuClass\":\"\",\"items\":[{\"link\":\"page:1\",\"text\":\"Accueil\",\"secure\":0,\"nofollow\":0,\"depth\":\"0\"},{\"link\":\"page:1658\",\"text\":\"Le Cabinet\",\"secure\":0,\"nofollow\":0,\"depth\":\"1\"},{\"link\":\"page:1595\",\"text\":\"Nos Services\",\"secure\":0,\"nofollow\":0,\"depth\":\"2\"},{\"link\":\"page:1548\",\"text\":\"Contact\",\"secure\":0,\"nofollow\":0,\"depth\":\"0\"}]}','fr'),(11,'{\"orderField\":\"position\",\"orderType\":\"desc\",\"maxPerPage\":20,\"sectionFilter\":null,\"navTop\":false,\"navBottom\":false}','fr'),(12,'{\"recordId\":null}','fr'),(17,'[]','fr'),(35,'{\"html\":\"<h2>\\n\\t<span style=\\\"color: rgb(255, 140, 0);\\\">Toutes nos missions<\\/span><\\/h2>\\n<div id=\\\"content-area\\\">\\n\\t<p>\\n\\t\\tL&#39;expert-comptable, <b>sp&eacute;cialiste pluridisciplinaire<\\/b>, dispose de comp&eacute;tences &eacute;tendues pour vous suivre et vous conseiller durant toute la vie de votre entreprise.<\\/p>\\n\\t<p>\\n\\t\\tNotre cabinet met &agrave; votre disposition un <b>savoir-faire<\\/b> reconnu en mati&egrave;re <b>financi&egrave;re, fiscale, sociale, juridique, informatique et de gestion<\\/b>.<br \\/>\\n\\t\\tEn relation constante avec les organes d&eacute;cisionnels de votre entreprise, il vous assure une prestation fiable et rapide ainsi qu&#39;un conseil permanent dans les domaines cruciaux de la vie de votre entreprise. Nous nous impliquons directement dans votre strat&eacute;gie de r&eacute;ussite et nous nous engageons &agrave; vos c&ocirc;t&eacute;s afin de contribuer &agrave; faire de votre structure une entreprise dynamique et adapt&eacute;e aux besoins de votre client&egrave;le.<\\/p>\\n<\\/div>\\n\"}','fr'),(39,'{\"html\":\"<h2>\\n\\t<span class=\\\"nodeLabelBox repTarget \\\" role=\\\"treeitem\\\"><span class=\\\"nodeText editable \\\"><span>Nos missions comptables<\\/span><\\/span><\\/span><\\/h2>\\n<h4>\\n\\t<span style=\\\"color: rgb(255, 140, 0);\\\">Participation &agrave; l&#39;&eacute;tablissement des comptes :<\\/span><\\/h4>\\n<ul>\\n\\t<li>\\n\\t\\tMise en place du Plan comptable adapt&eacute; &agrave; l&#39;entreprise&nbsp;;<\\/li>\\n\\t<li>\\n\\t\\tSurveillance, tenue de comptabilit&eacute;s&nbsp;;<\\/li>\\n\\t<li>\\n\\t\\tContr&ocirc;le des services comptables&nbsp;;<\\/li>\\n\\t<li>\\n\\t\\tMise en place et suivi de la comptabilit&eacute; analytique d&#39;exploitation&nbsp;;<\\/li>\\n\\t<li>\\n\\t\\tAssistance comptable de toute nature&nbsp;;<\\/li>\\n\\t<li>\\n\\t\\tEtablissement des situations p&eacute;riodiques, des bilans et comptes de r&eacute;sultat&nbsp;;<\\/li>\\n\\t<li>\\n\\t\\tD&eacute;livrance du visa aux adh&eacute;rents des centres de gestion agr&eacute;&eacute;s&nbsp;;<\\/li>\\n\\t<li>\\n\\t\\tEtablissement de situations pr&eacute;visionnelles&nbsp;;<\\/li>\\n\\t<li>\\n\\t\\tEtablissement des comptes de groupes, consolidation des bilans et des comptes&nbsp;;<\\/li>\\n\\t<li>\\n\\t\\t&Eacute;tablissement du tableau de financement&nbsp;;<\\/li>\\n\\t<li>\\n\\t\\tAssistance du comit&eacute; d&#39;entreprise.<\\/li>\\n<\\/ul>\\n<p>\\n\\t&nbsp;<\\/p>\\n<h4>\\n\\t<span style=\\\"color: rgb(255, 140, 0);\\\">R&eacute;vision, certification :<\\/span><\\/h4>\\n<ul>\\n\\t<li>\\n\\t\\tR&eacute;vision contractuelle des comptes&nbsp;;<\\/li>\\n\\t<li>\\n\\t\\tR&eacute;vision des proc&eacute;dures de contr&ocirc;le interne&nbsp;;<\\/li>\\n\\t<li>\\n\\t\\tR&eacute;vision l&eacute;gale des comptes (commissariat aux comptes)&nbsp;;<\\/li>\\n\\t<li>\\n\\t\\tR&eacute;vision avant prise de participation&nbsp;;<\\/li>\\n\\t<li>\\n\\t\\tR&eacute;vision pr&eacute;alable &agrave; l&#39;introduction en Bourse des titres d&#39;une soci&eacute;t&eacute;&nbsp;;<\\/li>\\n\\t<li>\\n\\t\\tCommissariat aux apports.<\\/li>\\n<\\/ul>\\n<p>\\n\\t&nbsp;<\\/p>\\n<h4>\\n\\t<span style=\\\"color: rgb(255, 140, 0);\\\"><span class=\\\"nodeLabelBox repTarget \\\" role=\\\"treeitem\\\"><span class=\\\"nodeText editable \\\"><span>Expertise :<\\/span><\\/span><\\/span><\\/span><\\/h4>\\n<ul class=\\\"default\\\">\\n\\t<li>\\n\\t\\tExpertise amiable&nbsp;;<\\/li>\\n\\t<li>\\n\\t\\tExpertise judiciaire&nbsp;;<\\/li>\\n\\t<li>\\n\\t\\tArbitrage&nbsp;;<\\/li>\\n\\t<li>\\n\\t\\t&Eacute;valuation d&#39;entreprises et de titres de soci&eacute;t&eacute;s (notamment en vue des ventes, cessions, apports, successions, partages, donations ou &agrave; la demande d&#39;organismes divers)&nbsp;;<\\/li>\\n\\t<li>\\n\\t\\tExpertise de gestion.<\\/li>\\n<\\/ul>\\n\"}','fr'),(40,'{\"html\":\"<h2>\\n\\tNos missions juridiques et fiscales<\\/h2>\\n<h4>\\n\\t<span style=\\\"color: rgb(255, 140, 0);\\\">Droit des affaires :<\\/span><\\/h4>\\n<ul>\\n\\t<li>\\n\\t\\tContrats et baux&nbsp;;<\\/li>\\n\\t<li>\\n\\t\\tL&eacute;gislation des ententes&nbsp;;<\\/li>\\n\\t<li>\\n\\t\\tL&eacute;gislation des prix&nbsp;;<\\/li>\\n\\t<li>\\n\\t\\tDroit p&eacute;nal des affaires.<\\/li>\\n<\\/ul>\\n<h4>\\n\\t<span style=\\\"color: rgb(255, 140, 0);\\\">Droit des soci&eacute;t&eacute;s :<\\/span><\\/h4>\\n<ul>\\n\\t<li>\\n\\t\\tChoix de la forme sociale&nbsp;;<\\/li>\\n\\t<li>\\n\\t\\tR&eacute;alisation de toutes op&eacute;rations (constitution, augmentation de capital, cession de parts, fusion, transformation, scission, dissolution, liquidation)&nbsp;;<\\/li>\\n\\t<li>\\n\\t\\tSecr&eacute;tariat de soci&eacute;t&eacute;s : comptes-rendus de conseils d&#39;administration et d&#39;assembl&eacute;es g&eacute;n&eacute;rales et formalit&eacute;s aff&eacute;rentes.<\\/li>\\n<\\/ul>\\n<h4>\\n\\t<span style=\\\"color: rgb(255, 140, 0);\\\"><span class=\\\"nodeLabelBox repTarget \\\" role=\\\"treeitem\\\"><span class=\\\"nodeText editable \\\"><span>Droit de l&#39;entreprise individuelle :<\\/span><\\/span><\\/span><\\/span><\\/h4>\\n<ul>\\n\\t<li>\\n\\t\\tDroit patrimonial&nbsp;;<\\/li>\\n\\t<li>\\n\\t\\tPr&eacute;voyance sociale du chef d&#39;entreprise&nbsp;;<\\/li>\\n\\t<li>\\n\\t\\tTransmission.<\\/li>\\n<\\/ul>\\n<h4>\\n\\t<span style=\\\"color: rgb(255, 140, 0);\\\"><span class=\\\"nodeLabelBox repTarget \\\" role=\\\"treeitem\\\"><span class=\\\"nodeText editable \\\"><span>Droit fiscal :<\\/span><\\/span><\\/span><\\/span><\\/h4>\\n<ul>\\n\\t<li>\\n\\t\\t&Eacute;tudes et consultations sur les probl&egrave;mes d&#39;ordre fiscal&nbsp;;<\\/li>\\n\\t<li>\\n\\t\\tParticipation &agrave; l&#39;&eacute;tablissement des d&eacute;clarations fiscales :\\n\\t\\t<ul>\\n\\t\\t\\t<li>\\n\\t\\t\\t\\tImp&ocirc;ts directs&nbsp;;<\\/li>\\n\\t\\t\\t<li>\\n\\t\\t\\t\\tTVA et taxes assimil&eacute;es&nbsp;;<\\/li>\\n\\t\\t\\t<li>\\n\\t\\t\\t\\tFiscalit&eacute; immobili&egrave;re&nbsp;;<\\/li>\\n\\t\\t\\t<li>\\n\\t\\t\\t\\tDroits d&#39;enregistrement et droits de mutation&nbsp;;<\\/li>\\n\\t\\t\\t<li>\\n\\t\\t\\t\\tDouanes&nbsp;;<\\/li>\\n\\t\\t\\t<li>\\n\\t\\t\\t\\tAutres imp&ocirc;ts et taxes&nbsp;;<\\/li>\\n\\t\\t<\\/ul>\\n\\t<\\/li>\\n\\t<li>\\n\\t\\tAssistance du contribuable &agrave; l&#39;occasion de v&eacute;rifications.<\\/li>\\n<\\/ul>\\n\"}','fr'),(41,'{\"html\":\"<h2>\\n\\tNos missions de conseil et de gestion<\\/h2>\\n<h4>\\n\\t<span style=\\\"color: rgb(255, 140, 0);\\\"><span class=\\\"nodeLabelBox repTarget \\\" role=\\\"treeitem\\\"><span class=\\\"nodeText editable \\\"><span>Conseil en gestion g&eacute;n&eacute;rale :<\\/span><\\/span><\\/span><\\/span><\\/h4>\\n<ul>\\n\\t<li>\\n\\t\\tGestion pr&eacute;visionnelle&nbsp;;<\\/li>\\n\\t<li>\\n\\t\\tAnalyse de co&ucirc;ts, de marges, de rentabilit&eacute;&nbsp;;<\\/li>\\n\\t<li>\\n\\t\\tProjets d&#39;investissement : co&ucirc;t et rentabilit&eacute;&nbsp;;<\\/li>\\n\\t<li>\\n\\t\\tTableaux de bord, contr&ocirc;le budg&eacute;taire&nbsp;;<\\/li>\\n\\t<li>\\n\\t\\tContribution &agrave; la protection du patrimoine de l&#39;entreprise&nbsp;;<\\/li>\\n\\t<li>\\n\\t\\tEtude d&#39;optimisation du profil&nbsp;;<\\/li>\\n\\t<li>\\n\\t\\tRatios de gestion&nbsp;;<\\/li>\\n\\t<li>\\n\\t\\tAssistance dans la pr&eacute;vention et le traitement des difficult&eacute;s de l&#39;entreprise.<\\/li>\\n<\\/ul>\\n<h4>\\n\\t<span style=\\\"color: rgb(255, 140, 0);\\\">Conseil en gestion financi&egrave;re :<\\/span><\\/h4>\\n<ul>\\n\\t<li>\\n\\t\\tAnalyse de gestion financi&egrave;re et de rentabilit&eacute; des capitaux investis&nbsp;;<\\/li>\\n\\t<li>\\n\\t\\tRatios financiers&nbsp;;<\\/li>\\n\\t<li>\\n\\t\\tTechniques d&#39;analyse et de gestion du fonds de roulement&nbsp;;<\\/li>\\n\\t<li>\\n\\t\\tSyst&egrave;mes de cr&eacute;dit, cr&eacute;dit-bail, affacturage&nbsp;;<\\/li>\\n\\t<li>\\n\\t\\tPrises de participation (&eacute;tude, assistance, r&eacute;alisation pratique)&nbsp;;<\\/li>\\n\\t<li>\\n\\t\\tConstitution de dossiers de subventions, de r&eacute;duction de droits de mutation, d&#39;exon&eacute;ration de taxe professionnelle.<\\/li>\\n<\\/ul>\\n<h4>\\n\\t<span style=\\\"color: rgb(255, 140, 0);\\\">Relations avec les organismes bancaires et financiers :<\\/span><\\/h4>\\n<ul>\\n\\t<li>\\n\\t\\tConstitution de dossiers dans le cadre de cr&eacute;ations et d&#39;implantations d&#39;entreprise&nbsp;;<\\/li>\\n\\t<li>\\n\\t\\tAnalyse de structure financi&egrave;re&nbsp;;<\\/li>\\n\\t<li>\\n\\t\\t&Eacute;tablissement de plans de tr&eacute;sorerie&nbsp;;<\\/li>\\n\\t<li>\\n\\t\\tConstruction de plans de financement &agrave; moyen et long terme&nbsp;;<\\/li>\\n\\t<li>\\n\\t\\tChoix des modes de financement et &eacute;tablissement de dossiers de cr&eacute;dit&nbsp;;<\\/li>\\n\\t<li>\\n\\t\\tTableau d&#39;emplois et de ressources (historique et pr&eacute;visionnel)&nbsp;;<\\/li>\\n\\t<li>\\n\\t\\tCentrale des bilans.<\\/li>\\n<\\/ul>\\n\"}','fr'),(42,'{\"html\":\"<h2>\\n\\tNos missions sociales<\\/h2>\\n<h4>\\n\\t<span style=\\\"color: rgb(255, 140, 0);\\\"><span class=\\\"nodeLabelBox repTarget \\\" role=\\\"treeitem\\\"><span class=\\\"nodeText editable \\\"><span>Droit du travail :<\\/span><\\/span><\\/span><\\/span><\\/h4>\\n<ul>\\n\\t<li>\\n\\t\\tApplication de la l&eacute;gislation et de la r&eacute;glementation du travail&nbsp;;<\\/li>\\n\\t<li>\\n\\t\\tConsultations sur les probl&egrave;mes sp&eacute;cifiques au droit du travail&nbsp;;<\\/li>\\n\\t<li>\\n\\t\\t&Eacute;tude et r&eacute;daction de contrats de travail&nbsp;;<\\/li>\\n\\t<li>\\n\\t\\tProbl&egrave;mes de licenciement&nbsp;;<\\/li>\\n\\t<li>\\n\\t\\tProbl&egrave;mes relatifs &agrave; la repr&eacute;sentation dans l&#39;entreprise, d&eacute;l&eacute;gu&eacute;s du personnel, comit&eacute; d&#39;entreprise, droit syndical&nbsp;;<\\/li>\\n\\t<li>\\n\\t\\t&Eacute;tude et application des textes relatifs &agrave; la participation des travailleurs aux fruits de l&#39;expansion&nbsp;;<\\/li>\\n\\t<li>\\n\\t\\tSyst&egrave;me d&#39;int&eacute;ressement (mise en &oelig;uvre, contr&ocirc;le)&nbsp;;<\\/li>\\n\\t<li>\\n\\t\\tFormation professionnelle continue.<\\/li>\\n<\\/ul>\\n<h4>\\n\\t<span style=\\\"color: rgb(255, 140, 0);\\\"><span class=\\\"nodeLabelBox repTarget \\\" role=\\\"treeitem\\\"><span class=\\\"nodeText editable \\\"><span>Pr&eacute;voyance sociale :<\\/span><\\/span><\\/span><\\/span><\\/h4>\\n<ul>\\n\\t<li>\\n\\t\\tConsultation sur les probl&egrave;mes sp&eacute;cifiques &agrave; la s&eacute;curit&eacute; sociale et &agrave; la pr&eacute;voyance sociale (notamment les r&eacute;gimes de retraite)&nbsp;;<\\/li>\\n\\t<li>\\n\\t\\t&Eacute;tablissement des bulletins de paie et de la comptabilit&eacute; des salaires&nbsp;;<\\/li>\\n\\t<li>\\n\\t\\t&Eacute;tablissement des d&eacute;clarations de cotisations sociales&nbsp;;<\\/li>\\n\\t<li>\\n\\t\\tAssistance &agrave; l&#39;occasion de r&eacute;clamation et de v&eacute;rification des administrations sociales.<\\/li>\\n<\\/ul>\\n<h4>\\n\\t<span style=\\\"color: rgb(255, 140, 0);\\\"><span class=\\\"nodeLabelBox repTarget \\\" role=\\\"treeitem\\\"><span class=\\\"nodeText editable \\\"><span>Bilan social :<\\/span><\\/span><\\/span><\\/span><\\/h4>\\n<ul>\\n\\t<li>\\n\\t\\t&Eacute;tude et mise en place&nbsp;;<\\/li>\\n\\t<li>\\n\\t\\tContr&ocirc;le.<\\/li>\\n<\\/ul>\\n\"}','fr'),(43,'{\"html\":\"<h2>\\n\\tNos missions informatiques<\\/h2>\\n<h4>\\n\\t<span style=\\\"color: rgb(255, 140, 0);\\\">Organisation d&#39;un syst&egrave;me comptable classique :<\\/span><\\/h4>\\n<ul class=\\\"default\\\">\\n\\t<li>\\n\\t\\tMode de saisie des informations&nbsp;;<\\/li>\\n\\t<li>\\n\\t\\tChoix du support de saisie.<\\/li>\\n<\\/ul>\\n<h4>\\n\\t<span style=\\\"color: rgb(255, 140, 0);\\\">Mise en place d&#39;un syst&egrave;me informatique r&eacute;parti ou autonome destin&eacute; &agrave; offrir &agrave; l&#39;entreprise des prestations tr&egrave;s &eacute;labor&eacute;es en mati&egrave;re de gestion comptable, de gestion commerciale et de production :<\\/span><\\/h4>\\n<ul>\\n\\t<li>\\n\\t\\t&Eacute;tude d&#39;opportunit&eacute;&nbsp;;<\\/li>\\n\\t<li>\\n\\t\\tR&eacute;daction d&#39;un plan-type de cahier des charges de consultation&nbsp;;<\\/li>\\n\\t<li>\\n\\t\\tD&eacute;pouillement des offres&nbsp;;<\\/li>\\n\\t<li>\\n\\t\\tParticipation &agrave; l&#39;&eacute;quipe informatique.<\\/li>\\n<\\/ul>\\n<h4>\\n\\t<span style=\\\"color: rgb(255, 140, 0);\\\">R&eacute;vision des comptabilit&eacute;s sur ordinateur<\\/span><\\/h4>\\n\"}','fr'),(44,'{\"html\":\"<h2>\\n\\tNos missions d&#39;organisation<\\/h2>\\n<h4>\\n\\t<span style=\\\"color: rgb(255, 140, 0);\\\">Conseil en organisation g&eacute;n&eacute;rale :<\\/span><\\/h4>\\n<ul>\\n\\t<li>\\n\\t\\tAide &agrave; la d&eacute;finition de la politique g&eacute;n&eacute;rale&nbsp;;<\\/li>\\n\\t<li>\\n\\t\\tOrganigramme, structure, d&eacute;finition de fonctions&nbsp;;<\\/li>\\n\\t<li>\\n\\t\\tD&eacute;centralisation, implantation, regroupements, diversification.<\\/li>\\n<\\/ul>\\n<h4>\\n\\t<span style=\\\"color: rgb(255, 140, 0);\\\">Conseil en organisation administrative :<\\/span><\\/h4>\\n<ul>\\n\\t<li>\\n\\t\\tLiaisons inter-services, circuit des documents et de l&#39;information&nbsp;;<\\/li>\\n\\t<li>\\n\\t\\tM&eacute;canisation des op&eacute;rations, choix du mat&eacute;riel&nbsp;;<\\/li>\\n\\t<li>\\n\\t\\tAssistance au recrutement&nbsp;;<\\/li>\\n\\t<li>\\n\\t\\tInformatisation&nbsp;;<\\/li>\\n\\t<li>\\n\\t\\tAnalyse et organisation de circuits.<\\/li>\\n<\\/ul>\\n<h4>\\n\\t<span style=\\\"color: rgb(255, 140, 0);\\\">Conseil en organisation commerciale :<\\/span><\\/h4>\\n<ul>\\n\\t<li>\\n\\t\\tAide &agrave; la d&eacute;finition de la politique et de l&#39;organisation commerciales&nbsp;;<\\/li>\\n\\t<li>\\n\\t\\t&Eacute;tude de prix&nbsp;;<\\/li>\\n\\t<li>\\n\\t\\tExportation, statistiques commerciales.<\\/li>\\n<\\/ul>\\n\"}','fr'),(45,'{\"html\":\"<h2>\\n\\tNos missions aupr&egrave;s des collectivit&eacute;s locales<\\/h2>\\n<ul>\\n\\t<li>\\n\\t\\tDiagnostic financier d&#39;une collectivit&eacute; territoriale et de ses satellites&nbsp;;<\\/li>\\n\\t<li>\\n\\t\\tAide &agrave; la conception et au suivi des proc&eacute;dures de contr&ocirc;le interne&nbsp;;<\\/li>\\n\\t<li>\\n\\t\\t&Eacute;laboration d&#39;un plan pluriannuel d&#39;investissement&nbsp;;<\\/li>\\n\\t<li>\\n\\t\\tMise en place de proc&eacute;dures de recensement, de valorisation et de suivi du patrimoine&nbsp;;<\\/li>\\n\\t<li>\\n\\t\\tAssistance lors du choix des formes de coop&eacute;rations intercommunales&nbsp;;<\\/li>\\n\\t<li>\\n\\t\\tAssistance lors de la validation du rapport annuel du d&eacute;l&eacute;gataire&nbsp;;<\\/li>\\n\\t<li>\\n\\t\\tAudit et analyse de contrat de d&eacute;l&eacute;gation de service public&nbsp;;<\\/li>\\n\\t<li>\\n\\t\\tMise en place des proc&eacute;dures d&#39;attribution, de contr&ocirc;le et de suivi des subventions vers&eacute;es&nbsp;;<\\/li>\\n\\t<li>\\n\\t\\t&Eacute;valuation des politiques publiques locales&nbsp;;<\\/li>\\n\\t<li>\\n\\t\\tAssistance lors d&#39;interventions &eacute;conomiques de la collectivit&eacute; locale.<\\/li>\\n<\\/ul>\\n\"}','fr'),(49,'{\"ulClass\":\"\",\"liClass\":\"\",\"menuClass\":\"\",\"items\":[{\"link\":\"page:1554\",\"text\":\"Nos missions\",\"secure\":0,\"nofollow\":0,\"depth\":\"2\"}]}','fr'),(51,'{\"ulClass\":\"\",\"liClass\":\"\",\"menuClass\":\"\",\"items\":[{\"link\":\"page:1554\",\"text\":\"Nos missions\",\"secure\":0,\"nofollow\":0,\"depth\":\"2\"}]}','fr'),(52,'{\"ulClass\":\"\",\"liClass\":\"\",\"menuClass\":\"\",\"items\":[{\"link\":\"page:1554\",\"text\":\"Nos missions\",\"secure\":0,\"nofollow\":0,\"depth\":\"2\"}]}','fr'),(53,'{\"ulClass\":\"\",\"liClass\":\"\",\"menuClass\":\"\",\"items\":[{\"link\":\"page:1554\",\"text\":\"Nos missions\",\"secure\":0,\"nofollow\":0,\"depth\":\"2\"}]}','fr'),(54,'{\"ulClass\":\"\",\"liClass\":\"\",\"menuClass\":\"\",\"items\":[{\"link\":\"page:1554\",\"text\":\"Nos missions\",\"secure\":0,\"nofollow\":0,\"depth\":\"2\"}]}','fr'),(55,'{\"ulClass\":\"\",\"liClass\":\"\",\"menuClass\":\"\",\"items\":[{\"link\":\"page:1554\",\"text\":\"Nos missions\",\"secure\":0,\"nofollow\":0,\"depth\":\"2\"}]}','fr'),(56,'{\"ulClass\":\"\",\"liClass\":\"\",\"menuClass\":\"\",\"items\":[{\"link\":\"page:1554\",\"text\":\"Nos missions\",\"secure\":0,\"nofollow\":0,\"depth\":\"2\"}]}','fr'),(57,'{\"ulClass\":\"\",\"liClass\":\"\",\"menuClass\":\"\",\"items\":[{\"link\":\"page:1554\",\"text\":\"Nos missions\",\"secure\":0,\"nofollow\":0,\"depth\":\"2\"}]}','fr'),(60,'{\"ulClass\":\"\",\"liClass\":\"\",\"menuClass\":\"\",\"items\":[{\"link\":\"page:1554\",\"text\":\"Nos missions\",\"secure\":0,\"nofollow\":0,\"depth\":\"2\"}]}','fr'),(62,'{\"ulClass\":\"\",\"liClass\":\"\",\"menuClass\":\"\",\"items\":[{\"link\":\"page:1549\",\"text\":\"Le cabinet\",\"secure\":0,\"nofollow\":0,\"depth\":\"2\"}]}','fr'),(63,'{\"ulClass\":\"\",\"liClass\":\"\",\"menuClass\":\"\",\"items\":[{\"link\":\"page:1549\",\"text\":\"Le cabinet\",\"secure\":0,\"nofollow\":0,\"depth\":\"2\"}]}','fr'),(64,'{\"ulClass\":\"\",\"liClass\":\"\",\"menuClass\":\"\",\"items\":[{\"link\":\"page:1549\",\"text\":\"Le cabinet\",\"secure\":0,\"nofollow\":0,\"depth\":\"2\"}]}','fr'),(67,'{\"ulClass\":\"\",\"liClass\":\"\",\"menuClass\":\"\",\"items\":[{\"link\":\"page:1549\",\"text\":\"Le cabinet\",\"secure\":0,\"nofollow\":0,\"depth\":\"2\"}]}','fr'),(68,'{\"address\":\"15, rue de la Demi-Lune - 86000 Poitiers \",\"mapTypeId\":\"roadmap\",\"zoom\":\"14\",\"width\":\"100%\",\"height\":\"500px\",\"splash\":\"\",\"navigationControl\":false,\"mapTypeControl\":false,\"scaleControl\":false}','fr'),(77,'{\"recordId\":\"2\"}','fr'),(91,'{\"orderField\":\"id\",\"orderType\":\"desc\",\"maxPerPage\":40,\"navTop\":false,\"navBottom\":false}','fr'),(92,'[]','fr'),(93,'[]','fr'),(95,'{\"maxPerPage\":10,\"navTop\":false,\"navBottom\":false}','fr'),(102,'{\"recordId\":\"1\"}','fr'),(105,'{\"recordId\":\"2\"}','fr'),(106,'{\"orderField\":\"position\",\"orderType\":\"asc\",\"maxPerPage\":10,\"navTop\":false,\"navBottom\":false}','fr'),(107,'{\"recordId\":null}','fr'),(108,'{\"recordId\":\"1\"}','fr'),(120,'{\"recordId\":\"1\"}','fr'),(121,'{\"recordId\":\"1\"}','fr'),(122,'{\"title\":\"\",\"text\":\"## Plan d\'acc\\u00e8s\\n\",\"mediaId\":null,\"titleLink\":\"\",\"mediaLink\":\"\",\"titlePosition\":\"outside\",\"width\":\"\",\"height\":\"\",\"legend\":\"\",\"method\":\"center\",\"background\":\"FFFFFF\",\"quality\":null}','fr'),(127,'{\"orderField\":\"position\",\"orderType\":\"asc\",\"maxPerPage\":10,\"navTop\":false,\"navBottom\":false}','fr'),(128,'{\"orderField\":\"position\",\"orderType\":\"asc\",\"maxPerPage\":10,\"navTop\":false,\"navBottom\":false}','fr'),(131,'{\"orderField\":\"position\",\"orderType\":\"asc\",\"maxPerPage\":5,\"navTop\":false,\"navBottom\":false}','fr'),(132,'{\"recordId\":1,\"cssClass\":null}','fr'),(137,'{\"recordId\":\"1\"}','fr'),(138,'{\"orderField\":\"position\",\"orderType\":\"asc\",\"maxPerPage\":10,\"navTop\":false,\"navBottom\":false}','fr'),(150,'{\"recordId\":\"1\"}','fr'),(151,'{\"orderType\":\"asc\",\"maxPerPage\":10,\"orderField\":\"position\",\"navTop\":false,\"navBottom\":false,\"view\":null,\"cssClass\":null}','fr'),(152,'{\"recordId\":\"1\"}','fr'),(155,'{\"orderField\":\"position\",\"orderType\":\"asc\",\"maxPerPage\":10,\"navTop\":false,\"navBottom\":false}','fr'),(156,'{\"orderField\":\"position\",\"orderType\":\"asc\",\"maxPerPage\":10,\"navTop\":false,\"navBottom\":false}','fr'),(157,'{\"orderField\":\"position\",\"orderType\":\"asc\",\"maxPerPage\":10,\"navTop\":false,\"navBottom\":false}','fr'),(168,'{\"orderField\":\"position\",\"orderType\":\"asc\",\"maxPerPage\":5,\"navTop\":false,\"navBottom\":false}','fr'),(170,'{\"orderField\":\"position\",\"orderType\":\"asc\",\"maxPerPage\":40,\"navTop\":true,\"navBottom\":true,\"dmTagFilter\":null}','fr'),(173,'{\"orderField\":\"id\",\"orderType\":\"desc\",\"maxPerPage\":20,\"navTop\":false,\"navBottom\":false}','fr'),(180,'{\"recordId\":\"1\"}','fr'),(193,'{\"orderField\":\"position\",\"orderType\":\"asc\",\"maxPerPage\":5,\"navTop\":false,\"navBottom\":false}','fr'),(200,'{\"orderField\":\"position\",\"orderType\":\"asc\",\"maxPerPage\":10,\"navTop\":false,\"navBottom\":false}','fr'),(201,'{\"recordId\":null}','fr'),(207,'{\"address\":\"{{adressecabinet}}\",\"mapTypeId\":\"roadmap\",\"zoom\":\"14\",\"width\":\"100%\",\"height\":\"500px\",\"splash\":\"\",\"navigationControl\":false,\"mapTypeControl\":false,\"scaleControl\":false}','fr'),(208,'{\"recordId\":null}','fr'),(219,'{\"orderField\":\"position\",\"orderType\":\"asc\",\"maxPerPage\":5,\"navTop\":false,\"navBottom\":false}','fr'),(220,'{\"orderField\":\"position\",\"orderType\":\"asc\",\"maxPerPage\":5,\"navTop\":false,\"navBottom\":false}','fr'),(221,'{\"orderField\":\"position\",\"orderType\":\"asc\",\"maxPerPage\":5,\"navTop\":false,\"navBottom\":false}','fr'),(222,'{\"orderField\":\"position\",\"orderType\":\"asc\",\"maxPerPage\":5,\"navTop\":false,\"navBottom\":false}','fr'),(224,'{\"orderField\":\"position\",\"orderType\":\"asc\",\"maxPerPage\":5,\"navTop\":false,\"navBottom\":false}','fr'),(225,'{\"orderField\":\"position\",\"orderType\":\"asc\",\"maxPerPage\":10,\"navTop\":false,\"navBottom\":false}','fr'),(226,'{\"orderField\":\"position\",\"orderType\":\"asc\",\"maxPerPage\":10,\"navTop\":false,\"navBottom\":false}','fr'),(233,'{\"orderField\":\"position\",\"orderType\":\"asc\",\"maxPerPage\":5,\"navTop\":false,\"navBottom\":false}','fr'),(235,'{\"orderField\":\"position\",\"orderType\":\"asc\",\"maxPerPage\":5,\"navTop\":false,\"navBottom\":false}','fr'),(236,'{\"orderField\":\"position\",\"orderType\":\"asc\",\"maxPerPage\":5,\"navTop\":false,\"navBottom\":false}','fr'),(237,'{\"orderField\":\"position\",\"orderType\":\"asc\",\"maxPerPage\":5,\"navTop\":false,\"navBottom\":false}','fr'),(238,'{\"orderField\":\"position\",\"orderType\":\"asc\",\"maxPerPage\":5,\"navTop\":false,\"navBottom\":false}','fr'),(239,'{\"orderField\":\"position\",\"orderType\":\"asc\",\"maxPerPage\":5,\"navTop\":false,\"navBottom\":false}','fr'),(240,'{\"orderField\":\"position\",\"orderType\":\"asc\",\"maxPerPage\":5,\"navTop\":false,\"navBottom\":false}','fr'),(243,'{\"orderField\":\"position\",\"orderType\":\"asc\",\"maxPerPage\":5,\"dmTagFilter\":null,\"navTop\":false,\"navBottom\":false}','fr'),(244,'{\"orderField\":\"position\",\"orderType\":\"asc\",\"maxPerPage\":5,\"dmTagFilter\":null,\"navTop\":false,\"navBottom\":false}','fr'),(245,'{\"orderField\":\"position\",\"orderType\":\"asc\",\"maxPerPage\":5,\"dmTagFilter\":null,\"navTop\":false,\"navBottom\":false}','fr'),(246,'{\"orderField\":\"position\",\"orderType\":\"asc\",\"maxPerPage\":5,\"navTop\":false,\"navBottom\":false}','fr'),(247,'{\"orderField\":\"position\",\"orderType\":\"asc\",\"maxPerPage\":5,\"navTop\":false,\"navBottom\":false}','fr'),(248,'{\"orderField\":\"position\",\"orderType\":\"asc\",\"maxPerPage\":5,\"navTop\":false,\"navBottom\":false}','fr'),(249,'[]','fr'),(251,'{\"orderField\":\"position\",\"orderType\":\"asc\",\"maxPerPage\":5,\"navTop\":false,\"navBottom\":false}','fr'),(256,'{\"orderField\":\"position\",\"orderType\":\"asc\",\"maxPerPage\":10,\"navTop\":false,\"navBottom\":false}','fr'),(267,'{\"cssClass\":null}','fr'),(268,'{\"cssClass\":null}','fr'),(269,'{\"cssClass\":null}','fr'),(270,'{\"cssClass\":null}','fr'),(271,'{\"cssClass\":null}','fr'),(272,'{\"cssClass\":null}','fr'),(273,'{\"cssClass\":null}','fr'),(274,'{\"cssClass\":null}','fr'),(275,'[]','fr'),(276,'{\"cssClass\":null}','fr'),(277,'{\"cssClass\":null}','fr'),(278,'{\"cssClass\":null}','fr'),(281,'[]','fr'),(289,'{\"mediaId\":\"103\",\"width\":\"250\",\"height\":\"250\",\"flashConfig\":\"\",\"flashVars\":\"\",\"autoplay\":false,\"control\":false,\"controlUrl\":null,\"externalUrl\":\"\",\"method\":\"scale\",\"splashMediaId\":null,\"splashAlt\":\"\"}','fr'),(293,'{\"title\":\"\",\"text\":\"2011 - SID Presse - mentions l\\u00e9gales\\n\",\"mediaId\":null,\"titleLink\":\"\",\"mediaLink\":\"\",\"titlePosition\":\"outside\",\"width\":\"\",\"height\":\"\",\"legend\":\"\",\"method\":\"center\",\"background\":\"FFFFFF\",\"quality\":null}','fr'),(294,'{\"href\":\"page:1548 Contact\",\"text\":\"\",\"title\":\"\"}','fr'),(295,'{\"href\":\"http:\\/\\/cgp-tenor.expert-infos.com\\/admin.php\",\"text\":\"Administration\",\"title\":\"Administration\"}','fr'),(296,'{\"recordId\":\"1\"}','fr'),(297,'{\"orderField\":\"position\",\"orderType\":\"asc\",\"maxPerPage\":50,\"navTop\":false,\"navBottom\":false}','fr'),(299,'{\"orderField\":\"position\",\"orderType\":\"asc\",\"maxPerPage\":10,\"navBottom\":true,\"groupeSitesUtilesFilter\":null,\"navTop\":false}','fr'),(300,'{\"orderField\":\"position\",\"orderType\":\"asc\",\"maxPerPage\":50,\"navTop\":false,\"navBottom\":false}','fr'),(303,'{\"text\":\"Les diff\\u00e9rents groupes de sites\",\"tag\":\"h3\",\"href\":\"page:3216 Les groupes de sites utiles\"}','fr'),(304,'{\"text\":\"Les diff\\u00e9rents groupes de sites utiles\",\"tag\":\"h2\",\"href\":\"\"}','fr'),(311,'{\"cssClass\":null}','fr'),(321,'{\"section\":\"128\",\"nbArticles\":1,\"title\":\"\",\"photo\":true,\"titreBloc\":true}','fr'),(323,'{\"section\":\"122\",\"nbArticles\":1,\"title\":\"Questions\\/R\\u00e9ponses\",\"titreBloc\":true,\"photo\":false}','fr'),(334,'{\"ulClass\":\"\",\"liClass\":\"\",\"menuClass\":\"\",\"items\":[{\"link\":\"page:4908\",\"text\":\"Placement\",\"secure\":0,\"nofollow\":0,\"depth\":\"1\"},{\"link\":\"page:4905\",\"text\":\"Famille\",\"secure\":0,\"nofollow\":0,\"depth\":\"1\"},{\"link\":\"page:4904\",\"text\":\"Bourse\",\"secure\":0,\"nofollow\":0,\"depth\":\"1\"},{\"link\":\"page:4906\",\"text\":\"Fiscalit\\u00e9\",\"secure\":0,\"nofollow\":0,\"depth\":\"1\"},{\"link\":\"page:4907\",\"text\":\"Immobilier\",\"secure\":0,\"nofollow\":0,\"depth\":\"1\"},{\"link\":\"page:4909\",\"text\":\"Chiffres utiles\",\"secure\":0,\"nofollow\":0,\"depth\":\"1\"},{\"link\":\"page:3216\",\"text\":\"Sites utiles\",\"secure\":0,\"nofollow\":0,\"depth\":\"1\"},{\"link\":\"page:5367\",\"text\":\"Economie\",\"secure\":0,\"nofollow\":0,\"depth\":\"0\"}]}','fr'),(339,'{\"recordId\":\"1\"}','fr'),(341,'{\"orderField\":\"position\",\"orderType\":\"asc\",\"maxPerPage\":50,\"navTop\":false,\"navBottom\":false}','fr'),(342,'{\"recordId\":\"1\"}','fr'),(346,'{\"photo\":true,\"titreBloc\":false}','fr'),(347,'[]','fr'),(352,'{\"orderField\":\"position\",\"orderType\":\"asc\",\"maxPerPage\":10,\"navTop\":false,\"navBottom\":false}','fr'),(353,'{\"orderField\":\"position\",\"orderType\":\"asc\",\"maxPerPage\":5,\"sidActuRubriqueFilter\":null,\"navTop\":false,\"navBottom\":false}','fr'),(354,'{\"url\":\"http:\\/\\/www.lesechos.fr\\/rss\\/rss_articles_gratuit.xml\",\"nb_items\":10,\"life_time\":86400,\"title\":\"L\'actualit\\u00e9 \\u00e9conomique des Echos\"}','fr'),(355,'{\"photo\":true,\"titreBloc\":true}','fr'),(357,'[]','fr'),(358,'{\"recordId\":null}','fr'),(359,'{\"orderField\":\"position\",\"orderType\":\"asc\",\"maxPerPage\":5,\"navTop\":false,\"navBottom\":false}','fr'),(360,'{\"orderField\":\"position\",\"orderType\":\"asc\",\"maxPerPage\":10,\"navTop\":false,\"navBottom\":false}','fr'),(361,'[]','fr');
/*!40000 ALTER TABLE `dm_widget_translation` ENABLE KEYS */;
UNLOCK TABLES;

--
-- Dumping data for table `dm_tag`
--

LOCK TABLES `dm_tag` WRITE;
/*!40000 ALTER TABLE `dm_tag` DISABLE KEYS */;
INSERT INTO `dm_tag` (`id`, `name`) VALUES (83,'AIDE A L\'EMPLOI'),(62,'AVANTAGES FISCAUX'),(74,'BAIL D\'HABITATION'),(78,'COMMUNICATION'),(56,'CONJONCTURE ECONOMIQUE'),(81,'CONTRATS'),(60,'DEFAILLANCE D\'ENTREPRISE'),(59,'DROIT'),(73,'DROIT D\'ENREGISTREMENT'),(87,'DROIT DES PARTICULIERS'),(82,'DROIT DES SOCIETES'),(86,'DROIT DU TRAVAIL'),(61,'FISCALITE'),(63,'FISCALITE PERSONNELLE'),(65,'FISCALITE PROFESSIONNELLE'),(76,'GESTION DE L\'ENTREPRISE'),(77,'IMMOBILIER'),(71,'IMPOTS SUR LE REVENU'),(66,'IMPOTS SUR LES BENEFICES'),(64,'ISF'),(79,'MARKETING'),(58,'PLACEMENT'),(67,'PROCEDURE FISCALE'),(85,'PROTECTION SOCIALE'),(72,'REVENUS DU PATRIMOINE'),(68,'TAXES LOCALES/IMPOTS LOCAUX'),(57,'TENDANCES'),(70,'TRANSMISSIONS D\'ENTREPRISES/CESSION D\'ENTREPRISE'),(84,'TRAVAIL'),(75,'TRESORERIE/DELAIS DE PAIEMENT'),(69,'TVA'),(80,'VIE DE L\'ENTREPRISE');
/*!40000 ALTER TABLE `dm_tag` ENABLE KEYS */;
UNLOCK TABLES;

--
-- Dumping data for table `sid_rubrique`
--

LOCK TABLES `sid_rubrique` WRITE;
/*!40000 ALTER TABLE `sid_rubrique` DISABLE KEYS */;
INSERT INTO `sid_rubrique` (`id`, `is_active`, `created_at`, `updated_at`, `position`) VALUES (23,1,'2011-09-23 20:14:09','2011-09-23 20:14:09',-2),(24,1,'2011-09-23 20:14:09','2011-09-23 20:14:09',-3),(25,1,'2011-09-23 20:14:09','2011-09-23 20:14:09',-4),(26,1,'2011-09-23 20:14:09','2011-09-23 20:14:09',-5),(27,1,'2011-09-23 20:14:09','2011-09-23 20:14:09',-6),(28,1,'2011-09-23 20:14:09','2011-09-23 20:14:09',-7),(29,1,'2011-09-23 20:14:09','2011-09-23 20:14:09',-8);
/*!40000 ALTER TABLE `sid_rubrique` ENABLE KEYS */;
UNLOCK TABLES;

--
-- Dumping data for table `sid_rubrique_translation`
--

LOCK TABLES `sid_rubrique_translation` WRITE;
/*!40000 ALTER TABLE `sid_rubrique_translation` DISABLE KEYS */;
INSERT INTO `sid_rubrique_translation` (`id`, `title`, `lang`) VALUES (23,'agenda','fr'),(24,'cgp_bourse','fr'),(25,'cgp_famille','fr'),(26,'cgp_fiscal','fr'),(27,'cgp_immobilier','fr'),(28,'cgp_placement','fr'),(29,'chiffres','fr');
/*!40000 ALTER TABLE `sid_rubrique_translation` ENABLE KEYS */;
UNLOCK TABLES;

--
-- Dumping data for table `sid_section`
--

LOCK TABLES `sid_section` WRITE;
/*!40000 ALTER TABLE `sid_section` DISABLE KEYS */;
INSERT INTO `sid_section` (`id`, `rubrique_id`, `is_active`, `created_at`, `updated_at`, `position`) VALUES (116,23,1,'2011-09-23 20:14:09','2011-09-26 20:38:38',17),(117,23,1,'2011-09-23 20:14:09','2011-09-26 20:38:38',16),(118,24,1,'2011-09-23 20:14:09','2011-09-26 20:38:38',13),(119,24,1,'2011-09-23 20:14:09','2011-09-26 20:38:38',14),(120,24,1,'2011-09-23 20:14:09','2011-09-26 20:38:38',15),(121,25,1,'2011-09-23 20:14:09','2011-09-26 20:38:38',11),(122,25,1,'2011-09-23 20:14:09','2011-09-26 20:38:38',12),(123,26,1,'2011-09-23 20:14:09','2011-09-26 20:38:38',8),(124,26,1,'2011-09-23 20:14:09','2011-09-26 20:38:38',9),(125,26,1,'2011-09-23 20:14:09','2011-09-26 20:38:38',10),(126,27,1,'2011-09-23 20:14:09','2011-09-26 20:38:38',6),(127,27,1,'2011-09-23 20:14:09','2011-09-26 20:38:38',7),(128,28,1,'2011-09-23 20:14:09','2011-09-26 20:38:38',4),(129,28,1,'2011-09-23 20:14:09','2011-09-26 20:38:38',5),(130,29,1,'2011-09-23 20:14:09','2011-09-26 20:38:38',3),(131,29,1,'2011-09-23 20:14:09','2011-09-26 20:38:38',2),(132,29,1,'2011-09-23 20:14:09','2011-09-26 20:38:38',1);
/*!40000 ALTER TABLE `sid_section` ENABLE KEYS */;
UNLOCK TABLES;

--
-- Dumping data for table `sid_section_translation`
--

LOCK TABLES `sid_section_translation` WRITE;
/*!40000 ALTER TABLE `sid_section_translation` DISABLE KEYS */;
INSERT INTO `sid_section_translation` (`id`, `title`, `lang`) VALUES (116,'201109','fr'),(117,'201110','fr'),(118,'cgp_actualites','fr'),(119,'cgp_dossiers','fr'),(120,'cgp_faq','fr'),(121,'cgp_actualites','fr'),(122,'cgp_faq','fr'),(123,'cgp_actualites','fr'),(124,'cgp_dossiers','fr'),(125,'cgp_faq','fr'),(126,'cgp_actualites','fr'),(127,'cgp_faq','fr'),(128,'cgp_actualites','fr'),(129,'cgp_dossiers','fr'),(130,'compta-finances','fr'),(131,'fiscal','fr'),(132,'social','fr');
/*!40000 ALTER TABLE `sid_section_translation` ENABLE KEYS */;
UNLOCK TABLES;

--
-- Dumping data for table `sid_article`
--

LOCK TABLES `sid_article` WRITE;
/*!40000 ALTER TABLE `sid_article` DISABLE KEYS */;
INSERT INTO `sid_article` (`id`, `filename`, `section_id`, `is_active`, `created_at`, `updated_at`, `position`) VALUES (1597,'114323',116,1,'2011-07-08 10:06:00','2011-07-08 10:07:00',-1),(1598,'114324',116,1,'2011-07-08 10:07:00','2011-07-08 10:11:40',-2),(1599,'114940',117,1,'2011-08-31 10:18:00','2011-08-31 10:20:00',-3),(1600,'114941',117,1,'2011-08-31 10:19:00','2011-08-31 10:19:35',-4),(1601,'114943',117,1,'2011-08-31 10:20:00','2011-08-31 10:21:02',-5),(1602,'114944',117,1,'2011-08-31 10:22:00','2011-08-31 10:23:12',-6),(1603,'114945',117,1,'2011-08-31 10:23:00','2011-08-31 10:24:21',-7),(1604,'114946',117,1,'2011-08-31 10:25:00','2011-08-31 10:25:46',-8),(1605,'114947',117,1,'2011-08-31 10:26:00','2011-08-31 10:26:45',-9),(1606,'113772',118,1,'2011-06-10 14:48:00','2011-06-16 10:03:32',-10),(1607,'114765',118,1,'2011-08-10 14:00:00','2011-08-10 14:00:01',-11),(1608,'114433',119,1,'2011-07-25 12:00:00','2011-09-22 12:17:24',-12),(1609,'114434',119,1,'2011-07-25 12:00:00','2011-07-25 14:53:58',-13),(1610,'114435',119,1,'2011-07-25 10:00:00','2011-07-25 14:53:58',-14),(1611,'114436',119,1,'2011-07-25 12:00:00','2011-07-25 14:53:58',-15),(1612,'114438',119,1,'2011-07-25 12:00:00','2011-07-25 14:53:58',-16),(1613,'10014051',120,1,'2011-09-22 14:34:00','2011-09-26 10:09:26',-17),(1614,'10013870',121,1,'2011-09-15 09:27:00','2011-09-16 12:32:01',-18),(1615,'10014087',121,1,'2011-09-23 10:34:00','2011-09-23 15:35:05',-19),(1616,'114291',121,1,'2011-07-07 14:22:00','2011-07-08 14:25:00',-20),(1617,'114719',121,1,'2011-08-04 10:49:00','2011-08-09 10:24:17',-21),(1618,'114756',121,1,'2011-08-08 11:10:00','2011-08-08 16:06:09',-22),(1619,'114794',121,1,'2011-08-19 13:00:00','2011-09-05 10:11:43',-23),(1620,'114889',121,1,'2011-08-26 09:57:00','2011-08-26 13:55:09',-24),(1621,'10014050',122,1,'2011-09-22 14:29:00','2011-09-26 10:10:45',-25),(1622,'10013870',123,1,'2011-09-15 09:27:00','2011-09-16 12:32:01',-26),(1623,'10013883',123,1,'2011-09-16 10:00:00','2011-09-16 12:14:18',-27),(1624,'110193',123,1,'2010-12-16 10:23:00','2010-12-17 15:20:43',-28),(1625,'110308',123,1,'2010-12-22 14:03:00','2010-12-22 18:30:22',-29),(1626,'110367',123,1,'2010-12-23 16:44:00','2010-12-24 10:00:02',-30),(1627,'110420',123,1,'2010-12-28 17:32:00','2010-12-30 17:06:38',-31),(1628,'110499',123,1,'2011-01-03 14:09:00','2011-01-07 15:38:04',-32),(1629,'110598',123,1,'2011-01-07 10:00:00','2011-01-07 15:38:39',-33),(1630,'110725',123,1,'2011-01-13 12:31:00','2011-01-14 17:09:30',-34),(1631,'110825',123,1,'2011-01-19 14:00:00','2011-01-21 14:11:07',-35),(1632,'110847',123,1,'2011-01-20 14:00:00','2011-04-08 15:37:12',-36),(1633,'110860',123,1,'2011-01-20 17:42:00','2011-01-26 15:05:00',-37),(1634,'110861',123,1,'2011-01-20 17:46:00','2011-01-28 16:17:24',-38),(1635,'110949',123,1,'2011-01-27 14:00:00','2011-03-01 09:59:16',-39),(1636,'111094',123,1,'2011-02-02 09:53:00','2011-02-03 17:51:09',-40),(1637,'111117',123,1,'2011-02-03 09:03:00','2011-02-04 15:42:44',-41),(1638,'111206',123,1,'2011-02-08 13:57:00','2011-02-11 15:50:37',-42),(1639,'111248',123,1,'2011-02-10 14:12:00','2011-02-18 12:00:27',-43),(1640,'111332',123,1,'2011-02-16 10:00:00','2011-02-18 11:56:03',-44),(1641,'111366',123,1,'2011-02-17 09:00:00','2011-02-18 11:52:51',-45),(1642,'111476',123,1,'2011-02-23 12:08:00','2011-02-25 11:28:00',-46),(1643,'111518',123,1,'2011-02-24 14:04:00','2011-02-25 12:04:01',-47),(1644,'111579',123,1,'2011-02-28 10:47:00','2011-03-04 15:12:03',-48),(1645,'111645',123,1,'2011-03-03 14:00:00','2011-03-04 15:09:20',-49),(1646,'111728',123,1,'2011-03-08 12:34:00','2011-03-11 22:24:37',-50),(1647,'111729',123,1,'2011-03-08 16:00:00','2011-03-11 11:21:13',-51),(1648,'111916',123,1,'2011-03-16 09:35:00','2011-03-18 11:29:09',-52),(1649,'111953',123,1,'2011-03-18 12:00:00','2011-03-18 12:08:15',-53),(1650,'112014',123,1,'2011-03-21 14:26:00','2011-03-25 12:54:33',-54),(1651,'112102',123,1,'2011-03-24 10:06:00','2011-03-29 11:55:10',-55),(1652,'112186',123,1,'2011-03-29 11:42:00','2011-04-01 16:15:18',-56),(1653,'112236',123,1,'2011-03-31 14:00:00','2011-04-08 11:12:00',-57),(1654,'112347',123,1,'2011-04-05 11:21:00','2011-04-29 14:51:19',-58),(1655,'112371',123,1,'2011-04-06 14:00:00','2011-04-08 14:39:09',-59),(1656,'112390',123,1,'2011-04-08 10:00:00','2011-04-08 14:41:26',-60),(1657,'112398',123,1,'2011-04-07 12:00:00','2011-04-07 13:41:55',-61),(1658,'112442',123,1,'2011-04-08 11:59:00','2011-04-08 12:04:51',-62),(1659,'112513',123,1,'2011-04-12 14:00:00','2011-05-24 13:17:27',-63),(1660,'112579',123,1,'2011-04-15 10:00:00','2011-04-15 14:42:49',-64),(1661,'112602',123,1,'2011-04-15 13:11:00','2011-04-19 11:48:28',-65),(1662,'112673',123,1,'2011-04-19 12:00:00','2011-04-29 14:54:20',-66),(1663,'112736',123,1,'2011-04-22 10:00:00','2011-04-22 11:20:50',-67),(1664,'112837',123,1,'2011-04-28 09:08:00','2011-05-06 14:38:43',-68),(1665,'112910',123,1,'2011-05-03 09:44:00','2011-05-03 12:23:01',-69),(1666,'112964',123,1,'2011-05-05 12:00:00','2011-05-05 19:18:33',-70),(1667,'113055',123,1,'2011-05-11 10:00:00','2011-05-13 13:58:59',-71),(1668,'113074',123,1,'2011-05-12 12:00:00','2011-05-12 12:00:02',-72),(1669,'113103',123,1,'2011-05-13 09:04:00','2011-05-24 13:17:46',-73),(1670,'113188',123,1,'2011-05-17 12:14:00','2011-05-17 14:35:11',-74),(1671,'113240',123,1,'2011-05-20 09:35:00','2011-05-20 10:21:45',-75),(1672,'113286',123,1,'2011-05-23 09:12:00','2011-06-22 10:53:40',-76),(1673,'113348',123,1,'2011-05-24 14:00:00','2011-06-22 10:55:13',-77),(1674,'113409',123,1,'2011-05-26 09:28:00','2011-05-26 16:52:08',-78),(1675,'113546',123,1,'2011-05-31 09:18:00','2011-06-01 16:36:01',-79),(1676,'113659',123,1,'2011-06-07 12:08:00','2011-06-10 11:58:26',-80),(1677,'113772',123,1,'2011-06-10 14:48:00','2011-06-16 10:03:32',-81),(1678,'113830',123,1,'2011-06-16 09:25:00','2011-06-16 10:06:05',-82),(1679,'113895',123,1,'2011-06-21 14:00:00','2011-08-02 16:51:31',-83),(1680,'114271',123,1,'2011-07-06 09:26:00','2011-07-08 11:18:42',-84),(1681,'114286',123,1,'2011-07-07 14:00:00','2011-07-13 14:34:17',-85),(1682,'114313',123,1,'2011-07-07 17:44:00','2011-08-02 16:50:00',-86),(1683,'114430',123,1,'2011-07-12 14:00:00','2011-07-12 17:36:53',-87),(1684,'114590',123,1,'2011-08-09 14:00:00','2011-08-09 15:29:08',-88),(1685,'114593',123,1,'2011-08-11 14:00:00','2011-08-11 14:00:03',-89),(1686,'114669',123,1,'2011-08-01 11:07:00','2011-08-19 14:00:51',-90),(1687,'114719',123,1,'2011-08-04 10:49:00','2011-08-09 10:24:17',-91),(1688,'114765',123,1,'2011-08-10 14:00:00','2011-08-10 14:00:01',-92),(1689,'114794',123,1,'2011-08-19 13:00:00','2011-09-05 10:11:43',-93),(1690,'114880',123,1,'2011-08-25 14:00:00','2011-08-26 13:55:58',-94),(1691,'114952',123,1,'2011-08-31 14:06:00','2011-09-02 11:25:31',-95),(1692,'114994',123,1,'2011-09-05 09:57:00','2011-09-09 12:12:09',-96),(1693,'10014071',124,1,'2011-09-22 15:39:00','2011-09-22 15:45:03',-97),(1694,'10013976',125,1,'2011-09-20 13:44:00','2011-09-26 10:12:05',-98),(1695,'10014056',125,1,'2011-09-22 14:46:00','2011-09-26 10:01:42',-99),(1696,'10014057',125,1,'2011-09-22 14:50:00','2011-09-26 09:58:59',-100),(1697,'10013855',126,1,'2011-09-14 14:00:00','2011-09-16 11:48:14',-101),(1698,'10013926',126,1,'2011-09-19 11:41:00','2011-09-23 15:34:04',-102),(1699,'114041',126,1,'2011-06-28 09:15:00','2011-06-28 12:00:02',-103),(1700,'115158',126,1,'2011-09-07 12:35:00','2011-09-09 12:03:43',-104),(1701,'10014059',127,1,'2011-09-22 14:55:00','2011-09-26 10:00:24',-105),(1702,'10013883',128,1,'2011-09-16 10:00:00','2011-09-16 12:14:18',-106),(1703,'114606',128,1,'2011-07-26 14:00:00','2011-08-19 14:02:35',-107),(1704,'114794',128,1,'2011-08-19 13:00:00','2011-09-05 10:11:43',-108),(1705,'10014065',129,1,'2011-09-22 15:21:45','2011-09-22 15:22:43',-109),(1706,'10014068',129,1,'2011-09-22 15:29:00','2011-09-22 15:31:39',-110),(1707,'2291',130,1,'2009-10-09 11:42:00','2011-09-07 17:44:21',-111),(1708,'770',130,1,'2010-01-04 11:00:00','2011-09-22 16:34:17',-112),(1709,'773',130,1,'2009-12-01 00:00:00','2011-09-01 11:26:35',-113),(1710,'776',130,1,'2009-07-16 00:00:00','2011-07-12 09:36:59',-114),(1711,'777',130,1,'2008-02-26 00:00:00','2011-02-03 14:01:17',-115),(1712,'778',130,1,'2009-03-09 00:00:00','2011-07-11 15:30:56',-116),(1713,'779',130,1,'2009-09-28 10:00:00','2011-06-27 17:03:42',-117),(1714,'780',130,1,'2009-09-28 11:00:00','2011-06-27 17:07:50',-118),(1715,'781',130,1,'2005-03-10 00:00:00','2008-10-27 11:58:10',-119),(1716,'782',130,1,'2010-04-13 10:30:00','2011-09-13 09:57:22',-120),(1717,'787',130,1,'2009-10-09 12:00:00','2011-07-08 17:11:30',-121),(1718,'790',130,1,'2009-07-17 10:00:00','2011-07-13 09:25:45',-122),(1719,'791',130,1,'2009-11-30 09:00:00','2011-08-31 08:41:17',-123),(1720,'794',130,1,'2010-01-07 00:00:00','2010-07-05 08:32:26',-124),(1721,'797',130,1,'2005-03-10 00:00:00','2008-10-27 11:58:11',-125),(1722,'15242',131,1,'2010-06-01 17:19:00','2011-01-28 15:26:22',-126),(1723,'713',131,1,'2008-08-06 00:00:00','2011-02-02 15:38:13',-127),(1724,'723',131,1,'2010-01-15 00:00:00','2011-01-08 15:46:17',-128),(1725,'726',131,1,'2009-01-13 00:00:00','2011-01-18 10:45:31',-129),(1726,'729',131,1,'2008-05-05 00:00:00','2011-01-07 11:50:03',-130),(1727,'732',131,1,'2008-05-05 00:00:00','2011-01-04 14:16:42',-131),(1728,'733',131,1,'2010-01-15 00:00:00','2011-08-31 11:23:54',-132),(1729,'736',131,1,'2010-04-01 00:00:00','2011-06-28 09:52:23',-133),(1730,'737',131,1,'2007-10-17 00:00:00','2011-02-02 15:36:23',-134),(1731,'740',131,1,'2009-01-13 00:00:00','2011-01-08 16:15:17',-135),(1732,'743',131,1,'2009-12-01 10:00:00','2011-09-01 01:00:02',-136),(1733,'744',131,1,'2010-01-15 00:00:00','2011-08-18 15:24:50',-137),(1734,'268',132,1,'2009-02-02 00:00:00','2010-12-29 12:07:31',-138),(1735,'269',132,1,'2009-02-02 00:00:00','2010-12-29 12:10:00',-139),(1736,'270',132,1,'2009-12-01 00:00:00','2011-01-13 23:49:25',-140),(1737,'271',132,1,'2009-02-02 00:00:00','2011-01-13 23:48:53',-141),(1738,'272',132,1,'2009-02-02 00:00:00','2010-12-29 12:01:44',-142),(1739,'273',132,1,'2011-04-01 09:00:00','2011-04-01 12:22:15',-143),(1740,'274',132,1,'2009-12-01 00:00:00','2011-01-13 23:44:53',-144),(1741,'275',132,1,'2009-02-02 00:00:00','2011-01-13 23:50:21',-145),(1742,'621',132,1,'2009-11-25 14:31:00','2011-09-22 16:30:33',-146),(1743,'628',132,1,'2011-02-01 00:00:00','2011-03-01 08:53:45',-147),(1744,'631',132,1,'2005-03-10 00:00:00','2008-12-29 17:08:17',-148),(1745,'634',132,1,'2008-11-28 00:00:00','2011-02-22 09:55:07',-149),(1746,'637',132,1,'2010-01-05 00:00:00','2011-01-13 14:51:10',-150),(1747,'640',132,1,'2011-04-21 00:00:00','2011-04-21 12:32:07',-151),(1748,'646',132,1,'2009-01-08 17:00:00','2011-07-25 15:41:59',-152),(1749,'651',132,1,'2008-04-29 00:00:00','2008-12-29 17:08:16',-153),(1750,'652',132,1,'2010-03-29 00:00:00','2011-01-13 15:27:22',-154),(1751,'658',132,1,'2011-04-01 09:00:00','2011-09-22 10:40:44',-155),(1752,'662',132,1,'2010-01-05 00:00:00','2011-01-13 23:56:40',-156),(1753,'663',132,1,'2010-01-05 00:00:00','2011-01-13 23:55:09',-157),(1754,'666',132,1,'2008-12-12 00:00:00','2011-01-25 22:00:23',-158),(1755,'672',132,1,'2005-09-26 00:00:00','2008-12-29 17:08:17',-159),(1756,'673',132,1,'2006-03-27 00:00:00','2008-12-29 17:08:17',-160),(1757,'674',132,1,'2010-11-19 00:00:00','2011-07-29 15:17:15',-161),(1758,'679',132,1,'2011-04-15 00:00:00','2011-07-27 16:42:00',-162),(1759,'683',132,1,'2009-02-02 00:00:00','2010-12-28 11:37:23',-163);
/*!40000 ALTER TABLE `sid_article` ENABLE KEYS */;
UNLOCK TABLES;

--
-- Dumping data for table `sid_article_dm_tag`
--

LOCK TABLES `sid_article_dm_tag` WRITE;
/*!40000 ALTER TABLE `sid_article_dm_tag` DISABLE KEYS */;
INSERT INTO `sid_article_dm_tag` (`id`, `dm_tag_id`) VALUES (1607,56),(1688,56),(1708,56),(1709,56),(1710,56),(1711,56),(1712,56),(1713,56),(1714,56),(1715,56),(1716,56),(1717,56),(1718,56),(1719,56),(1720,56),(1607,57),(1688,57),(1608,58),(1620,59),(1697,59),(1721,59),(1729,59),(1755,59),(1756,59),(1620,60),(1721,60),(1623,61),(1629,61),(1636,61),(1640,61),(1647,61),(1649,61),(1655,61),(1656,61),(1660,61),(1661,61),(1663,61),(1666,61),(1667,61),(1668,61),(1673,61),(1679,61),(1681,61),(1683,61),(1684,61),(1685,61),(1690,61),(1702,61),(1710,61),(1725,61),(1726,61),(1727,61),(1728,61),(1729,61),(1623,62),(1656,62),(1666,62),(1667,62),(1702,62),(1623,63),(1636,63),(1640,63),(1647,63),(1649,63),(1655,63),(1656,63),(1660,63),(1661,63),(1663,63),(1666,63),(1667,63),(1668,63),(1673,63),(1679,63),(1681,63),(1683,63),(1684,63),(1685,63),(1690,63),(1702,63),(1623,64),(1649,64),(1666,64),(1667,64),(1702,64),(1728,64),(1629,65),(1647,65),(1649,65),(1655,65),(1660,65),(1661,65),(1663,65),(1668,65),(1673,65),(1679,65),(1683,65),(1684,65),(1685,65),(1629,66),(1647,66),(1655,66),(1660,66),(1663,66),(1690,66),(1629,67),(1649,67),(1660,67),(1673,67),(1679,67),(1681,67),(1684,67),(1685,67),(1629,68),(1655,68),(1663,68),(1629,69),(1640,69),(1655,69),(1663,69),(1636,70),(1723,70),(1636,71),(1647,71),(1649,71),(1655,71),(1656,71),(1660,71),(1663,71),(1681,71),(1683,71),(1690,71),(1725,71),(1729,71),(1640,72),(1656,72),(1663,72),(1690,72),(1710,72),(1726,72),(1727,72),(1655,73),(1697,74),(1712,75),(1712,76),(1717,77),(1718,77),(1719,77),(1726,77),(1720,78),(1720,79),(1721,80),(1723,80),(1721,81),(1729,82),(1743,83),(1749,83),(1751,83),(1752,83),(1743,84),(1749,84),(1751,84),(1752,84),(1746,85),(1750,85),(1757,85),(1755,86),(1756,86),(1756,87);
/*!40000 ALTER TABLE `sid_article_dm_tag` ENABLE KEYS */;
UNLOCK TABLES;

--
-- Dumping data for table `sid_article_translation`
--

LOCK TABLES `sid_article_translation` WRITE;
/*!40000 ALTER TABLE `sid_article_translation` DISABLE KEYS */;
INSERT INTO `sid_article_translation` (`id`, `title`, `chapeau`, `lang`) VALUES (1597,'25 septembre 2011','\nEmployeurs occupant au moins 50 salariés : déclaration et paiement des charges sociales sur les salaires d\'août 2011 payés entre le 11 et le 20 septembre 2011.\n\n','fr'),(1598,'30 septembre 2011','\nSociétés soumises à l’impôt sur les sociétés ayant clos leur exercice le 30 juin 2011 : dépôt de la déclaration annuelle des résultats et des documents annexes.\nContribuables ayant opté pour la mensualisation du paiement de leur cotisation foncière des entreprises (CFE) : dernière faculté de résiliation de l’option pour l’année en cours.\nEmployeurs occupant au moins 11 salariés : consultation du comité d’entreprise ou, à défaut, des délégués du personnel, sur l’exécution du plan de formation du personnel. \nDéclaration et paiement de l\'impôt de solidarité sur la fortune (ISF).\n\n','fr'),(1599,'5 octobre 2011','\nEmployeurs occupant au moins 50 salariés : déclaration et paiement des charges sociales sur les salaires de septembre 2011 payés au plus tard le 30 septembre 2011.\nArtisans, commerçants et industriels : paiement par prélèvement mensuel des cotisations d\'assurance maladie-maternité, d\'assurance vieillesse, d\'invalidité-décès, d\'allocations familiales, de la CSG et de la CRDS.\nProfessionnels libéraux : paiement par prélèvement mensuel des cotisations d\'assurance maladie-maternité, d\'allocations familiales, de la CSG et de la CRDS.\n\n','fr'),(1600,'8 octobre 2011','\nEmployeurs occupant au moins 50 salariés : relevé des contrats de travail conclus ou résiliés en septembre 2011 à transmettre à la Direction de l\'animation de la recherche, des études et des statistiques (DARES).\n\n','fr'),(1601,'12 octobre 2011','\nAssujettis à la TVA réalisant des opérations intracommunautaires : dépôt auprès des douanes de la déclaration d\'échanges de biens et de la déclaration européenne des services pour les opérations intervenues en septembre 2011.\n\n','fr'),(1602,'15 octobre 2011','\nEntreprises dont l\'effectif est supérieur à 9 et inférieur à 50 salariés, et entreprises de 9 salariés au plus ayant opté pour le paiement mensuel des charges sociales : déclaration et paiement des charges sociales sur les salaires de septembre 2011.\nEntreprises de 9 salariés au plus n\'ayant pas opté pour le paiement mensuel des charges sociales : déclaration et paiement des charges sociales sur les salaires du 3e trimestre 2011.\nSociétés soumises à l\'impôt sur les sociétés ayant clos leur exercice le 30 juin 2011 : paiement du solde de l\'impôt sur les sociétés et de la contribution sociale.\nEmployeurs assujettis à la taxe sur les salaires : versement de la taxe sur les salaires payés en septembre 2011 lorsque le total des sommes dues au titre de 2010 excédait 4 000 €, ou au cours du 3e trimestre 2011 lorsque le total des sommes dues au titre de 2010 était compris entre 1 000 et 4 000 €.\nEmployeurs occupant au moins 50 salariés : déclaration et paiement des charges sociales sur les salaires de septembre 2011 payés dans les 10 premiers jours d\'octobre 2011.\nTous contribuables : paiement des impôts locaux 2011 mis en recouvrement le 31 août 2011.\n\n','fr'),(1603,'20 octobre 2011','\nArtisans, commerçants et industriels : paiement par prélèvement mensuel des cotisations d\'assurance maladie-maternité, d\'assurance vieillesse, d\'invalidité-décès, d\'allocations familiales, de la CSG et de la CRDS (sur demande).\nProfessionnels libéraux : paiement par prélèvement mensuel des cotisations d\'assurance maladie-maternité, d\'allocations familiales, de la CSG et de la CRDS (sur demande).\n\n','fr'),(1604,'25 octobre 2011','\nEmployeurs occupant au moins 50 salariés : déclaration et paiement des charges sociales sur les salaires de septembre 2011 payés entre le 11 et le 20 octobre 2011.\n\n','fr'),(1605,'31 octobre 2011','\nSociétés soumises à l\'impôt sur les sociétés ayant clos leur exercice le 31 juillet 2011 : dépôt de la déclaration annuelle des résultats et des documents annexes.\n\n','fr'),(1606,'Un Diagnostic mitigé pour le secteur de la santé','Le secteur de la santé n\'a pas particulièrement brillé en Bourse en 2010, pénalisé par la piètre performance de son « poids lourd », Sanofi-Aventis, deuxième capitalisation du CAC 40, dont le titre a reculé de 13% l\'année dernière.','fr'),(1607,'BTP-matériaux : la construction à nouveau sur la bonne voie','Les sociétés du secteur de la construction et du BTP veulent s\'appuyer sur leurs bons résultats pour séduire les investisseurs malgré les mauvais chiffres macroéconomiques outre-atlantique et la réaction virulante des marchés financiers.','fr'),(1608,'Les fonds socialement responsables','La crise a mis en exergue les nombreux excès de la sphère financière et leurs conséquences néfastes sur la santé des entreprises. Le malaise lié aux \"subprimes\", à la faillite Lehman Brothers et aux différentes manipulations boursières a fait naître un plus grand besoin de transparence et d\'éthique. Pour y répondre, une forme de placement, appelée \"investissement socialement responsable\" (ISR), s\'est développée.','fr'),(1609,'L\'émergence des fonds socialement responsables','\nAujourd’hui, l’ISR représente 3 % de la gestion d’actifs en France, soit près de 50,7 milliards d’euros, selon l’Observatoire sur la responsabilité sociétale des entreprises (Orse). Malgré son développement et les intérêts que ce type d’investissement suscite, il n’existe toujours pas de référentiel standardisé qui permettrait de définir précisément ce qu’est un fonds socialement responsable. Toutefois, d’une manière plus générale, ces fonds doivent, pour bénéficier de cette appellation, prendre en compte trois critères : le premier est relatif aux efforts de l’entreprise dans le domaine de l’environnement, le second est lié au domaine social et le dernier concerne la gouvernance de l’entreprise.\nPrécisionPrécision : attention à ne pas confondre l’investissement socialement responsable et l’investissement solidaire. En effet, ce dernier est un placement dont une partie, entre 5 et 10 %, sert à financer des entreprises ou des projets d’économie solidaire (microcrédit, habitat social…).\n\n\nLe fait qu’un investissement soit socialement responsable ne signifie pas qu’il offre une rentabilité moindre ; bien au contraire les performances des fonds ISR sont le plus souvent comparables à celles des fonds « classiques ». Un des avantages qu’offrent les ISR réside dans le fait qu’ils ne peuvent compter parmi les valeurs qui les composent des entreprises présentes dans un secteur « à risques ». On peut, ainsi,  légitimement penser qu’à travers un fonds ISR un investisseur n’aurait pas pu subir la chute de l’action d’une société telle que BP, du fait du défaut de sécurité de certains forages offshore ayant causé, par la suite, une marée noire dans le golfe du Mexique.\n\nAinsi, le gérant d’un fonds ISR ne doit pas se contenter d’opérer une simple analyse financière de la société dans laquelle il souhaite investir. Il doit également réaliser une étude dite « extra-financière » permettant d’évaluer les risques et les enjeux par rapport aux problématiques de l’investissement responsable. \nPrécisionPrécision : l’analyse financière a pour objectif d’identifier les points forts et les points faibles d’une société à travers ses résultats comptables et financiers. Pour ce faire, il est également nécessaire d’évaluer la pertinence de sa stratégie de développement, le potentiel de valorisation de l’action de cette société ainsi que les perspectives du secteur d’activité concerné.\n\n','fr'),(1610,'Les critères permettant d\'identifier les entreprises éligibles à un fonds socialement responsable','\nLa dernière décennie a consacré trois critères pour déterminer si un acteur économique était ou non socialement responsable : l’environnement, le social et la gouvernance, plus connus sous l’appellation ESG.\n> La dimension environnementale vise les impacts (directs ou indirects) que peuvent avoir les activités d’une société sur l’environnement. Cela peut se traduire par une gestion efficace des ressources naturelles, par une faible émission de gaz à effet de serre ou un système de recyclage performant.\n\n> La dimension sociale (ou sociétale) évalue le comportement d’une entreprise vis-à-vis des règles en vigueur en matière de droit du travail et de droit de l’homme. En pratique, cette évaluation vise à identifier les entreprises qui ont recours au travail des enfants ou à la corruption.\n\n> La dimension de gouvernance porte sur la manière dont l’entreprise est dirigée et contrôlée. Le respect des droits des actionnaires ou l’indépendance du conseil d’administration sont autant de critères favorisant l’éligibilité d’une entreprise à un fonds socialement responsable.\n\nSi le plus grand nombre des institutionnels ou des agences de notation applique cette matrice, ils n’utilisent pas tous la même grille d’évaluation, c’est pourquoi les résultats sont parfois différents d’une société de gestion à une autre.  \n\nÀ noterÀ noter : dans leurs rapports, les structures chargées d’évaluer les critères ESG des entreprises vont baser leurs décisions sur de nombreux éléments, tels la gestion de l’emploi, les formations proposées, ou encore le mécénat.\n\n\nUne fois l’évaluation de l’entreprise réalisée, trois grandes approches ont été mises en place pour sélectionner celles qui pourraient être amenées à intégrer les fonds ISR.\n\n','fr'),(1611,'Les différentes approches utilisées pour sélectionner les valeurs','\nDe toutes celles évoquées par les professionnels, c’est sans nul doute l’approche « best in class » qui est la plus utilisée.\n\n> Les « best in class » sont les entreprises qui ont obtenu les meilleures notes des agences de notation. En utilisant cette approche, les gérants font le choix de sélectionner les meilleures entreprises dans chaque catégorie ou secteur d’activité.\n\n> L’approche « d’évitement » conduit, quant à elle, à exclure les sociétés dès lors qu’elles appartiennent à un secteur d’activité controversé (chimie lourde, armement, alcool…) ou que leurs pratiques sont jugées comme non responsables (tests sur les animaux, travail des enfants…).\n\n> Enfin l’approche « risques et opportunités » présente l’avantage de mettre en perspective l’ensemble des éléments que le gérant tient à sa disposition. Il lui appartiendra de faire le choix le plus adapté à la situation.\n\nLes sociétés respectant « ce cahier des charges » seront alors « sélectionnables » par le gérant pour éventuellement intégrer le fonds lorsque les conditions de marché et les résultats de l’entreprise lui paraîtront favorables.\n\nSous réserve que le fonds ait respecté les exigences du code de transparence établi par le Forum pour l’investissement responsable (FIR) en matière d’accessibilité à l’information, il pourra bénéficier de la dénomination ISR. Et les investisseurs pourront, dès lors, acquérir des parts de ces fonds à partir d’un certain nombre de supports financiers.\n\n','fr'),(1612,'Un environnement en pleine mutation','\nL\'épargne salariale comme moteur de l\'ISF\nLe plus souvent, les investisseurs particuliers vont acquérir des parts de Sicav ou de FCP ISR sur un compte titres et au travers de véhicules d\'investissement tels que le plan d\'épargne en actions ou l\'assurance-vie.\nÀ noterÀ noter : les contrats d\'assurance-vie ne proposent, à ce jour, que très peu de fonds socialement responsables sur lesquels il est possible d\'investir.\nPour autant, le champ d\'application de l\'investissement socialement responsable ne cesse de s\'étendre, comme en atteste la politique du Comité intersyndical de l\'épargne salariale (CIES), structure regroupant quatre centrales syndicales, qui a mis très tôt l\'accent sur l\'ISR pour les investissements dirigés vers l\'épargne salariale. Les plans d\'épargne d\'entreprise (PEE) et les plans d\'épargne pour la retraite collective (Perco) représentaient ainsi, en 2009, près de 3,9 milliards d\'euros selon l\'association française de la gestion financière.\nPrécisionPrécision : si les fonds en euros, en actions ou en obligations se sont largement développés ces dernières années, d\'autres placements sont également concernés. Des projets de développement de l\'investissement socialement responsable ont ainsi été lancés dans le secteur du capital-investissement ou de l\'immobilier.\n\nLes freins à l\'expansion des fonds socialement responsables\nDe nombreux paramètres rendent difficile le développement des fonds socialement responsables. Certaines sociétés de gestion considèrent que ce type de placement restreint de manière trop importante leurs choix et peut les amener à réduire leurs performances. Et ce d\'autant plus que l\'accès aux informations des entreprises concernant la gouvernance ou le respect des normes sociales est parfois difficile. Il convient également de souligner que la mise en place de ce type de fonds nécessite certains moyens financiers et humains que tous les institutionnels ne sont pas prêts à réunir.\nLe rôle des agences de notation extra-financière\nBien que les sociétés de gestion disposent de leurs propres équipes d\'analystes, elles n\'hésitent pas à faire appel à des agences de notation extra-financière pour compléter leurs bases d\'informations. Ces dernières sont chargées, d\'une part, de collecter des informations sur les entreprises en se basant, notamment, sur des rapports des ONG, des sociétés de courtage ou encore de la presse spécialisée et, d\'autre part, d\'évaluer l\'entreprise en lui attribuant une note dans les différents domaines relatifs aux critères ESG. De fait, les agences de notation ont développé leurs propres méthodologies afin d\'aider les investisseurs à sélectionner, de la manière la plus pertinente possible, les entreprises jugées comme les plus responsables.\nPrécisionPrécision : l\'Observatoire sur la responsabilité sociétale des entreprises (Orse) dresse une liste des principales agences de notation dans le monde : www.orse.org.\n\nLa légitimité des labels ISR\nLes fonds ISR sont également soumis à un contrôle de la part d\'organismes indépendants.\nAinsi, Novethic et le CIES ont chacun mis en place leur propre label afin d\'identifier les fonds qui répondent à une vraie démarche ISR.\n\nLe label créé en 2009 par Novethic a récompensé près de 142 organismes de placement collectif en valeurs mobilières (OPCVM) proposés sur le marché français.\nÀ noterÀ noter : pour bénéficier de ce label, quatre conditions doivent être remplies par le fonds : respecter les critères ESG, être conforme au code de transparence publié par le FIR, réaliser un reporting trimestriel contenant les informations extra-financières des entreprises, et enfin rendre publique la composition du portefeuille.\nQuant au label attribué par le CIES depuis 2002, il concerne uniquement les fonds proposés dans le cadre de l\'épargne salariale. Ce label est attribué à la société de gestion lorsque celle-ci remplit les huit critères nécessaires. Parmi ces conditions, il est indiqué que les frais de gestion doivent être réduits autant que possible et que les représentants des salariés devront disposer d\'une majorité de 2/3 dans les structures de gouvernance des fonds.\n\n','fr'),(1613,'Service de règlement différé','Je suis détenteur d\'un PEA. On me propose de réaliser l\'acquisition de titres de sociétés du CAC 40 avec un service de règlement différé (SRD). En quoi consiste ce service ?','fr'),(1614,'Assouplissement du dispositif d\'exonération des dons de sommes d\'argent','Si la loi portant réforme de la fiscalité du patrimoine alourdit les droits de donation et de succession, elle assouplit toutefois le dispositif permettant de faire un don d\'une somme d\'argent à certains membres du cercle familial.','fr'),(1615,'Don manuel : repoussez le paiement de vos droits de donation !','Pour les dons manuels supérieurs à 15 000 €, le donataire peut choisir de payer les droits de mutation dans le délai d\'un mois qui suit le décès du donateur.','fr'),(1616,'Solidarité des époux pour un emprunt','Les époux sont engagés solidairement par un emprunt souscrit par un seul d\'entre eux uniquement lorsqu\'il porte sur des sommes modestes nécessaires aux besoins de la vie courante.','fr'),(1617,'Abattement successoral : l\'administration fiscale durcit le ton','Les petits-enfants qui succèdent à leurs grands-parents après renonciation de leur père ou de leur mère, enfant unique, ne bénéficient plus désormais de l\'abattement fiscal applicable à leur parent.','fr'),(1618,'Le sort des indemnités de licenciement lors d\'un divorce','Le capital, global et forfaitaire, versé au titre des indemnités de carrière doit être considéré, dans un régime communautaire, comme un bien commun appartenant aux deux époux.','fr'),(1619,'Réforme de la fiscalité du patrimoine : l\'assurance-vie mise à contribution','La réforme de la fiscalité du patrimoine a alourdi la taxation des contrats d\'assurance-vie supérieurs à 902 838 € et modifié les règles régissant les clauses bénéficiaires ayant fait l\'objet d\'un démembrement de propriété.','fr'),(1620,'Liquidation judiciaire : le logement de l\'entrepreneur déclaré insaisissable est à l\'abri !','La résidence principale du chef d\'entreprise mis en liquidation judiciaire ne peut pas être vendue par le liquidateur lorsqu\'elle a fait l\'objet d\'une déclaration d\'insaisissabilité.','fr'),(1621,'Construction d\'une maison','Je suis marié sous le régime légal. Mon épouse et moi-même souhaiterions faire construire une maison sur un terrain dont j\'avais fait l\'acquisition avant mon mariage. Est-ce possible ?','fr'),(1622,'Assouplissement du dispositif d\'exonération des dons de sommes d\'argent','Si la loi portant réforme de la fiscalité du patrimoine alourdit les droits de donation et de succession, elle assouplit toutefois le dispositif permettant de faire un don d\'une somme d\'argent à certains membres du cercle familial.','fr'),(1623,'Le dispositif de réduction d\'ISF pour investissement dans une PME assoupli !','La société, au sein de laquelle le redevable de l\'ISF investit pour réduire son impôt, dispose de plus de temps pour employer des salariés.','fr'),(1624,'Pacte d\'associés et ISF','Pour bénéficier d\'une exonération d\'ISF en 2011, vous pouvez souscrire un « pacte Dutreil » avant le 31 décembre 2010.','fr'),(1625,'Réduction d\'impôt Scellier : aménagements dans certains territoires d\'outre-mer','Les conditions d\'application du dispositif Scellier pour les investissements réalisés dans certaines collectivités territoriales d\'outre-mer sont assouplies.','fr'),(1626,'Réduction d\'impôt et augmentation de capital d\'une PME','L\'administration fiscale a apporté des précisions quant à l\'éligibilité aux réductions d\'impôt d\'une augmentation de capital par compensation avec un compte courant d\'associé.','fr'),(1627,'Répartition du patrimoine des ménages : les Français recentrent leurs placements','Une étude récente de l\'Insee concernant la répartition du patrimoine des ménages souligne que les Français ont restreint leur univers de placement pour se concentrer sur l\'immobilier et l\'assurance-vie.','fr'),(1628,'Loi de finances pour 2011 : les mesures concernant les particuliers','La loi de finances pour 2011 contient de nombreuses dispositions intéressant la fiscalité des particuliers.','fr'),(1629,'Adoption définitive de la loi de finances rectificative pour 2010','La 4e loi de finances rectificative pour 2010 définitivement adoptée n\'affecte pas la fiscalité des entreprises autant qu\'il l\'était annoncé.','fr'),(1630,'Annonces immobilières : n\'oubliez pas «l\'étiquette énergie» !','L\'affichage de la « classe énergie » figurant dans le diagnostic de performance énergétique est obligatoire pour toutes les annonces immobilières de vente ou de location parues depuis le 1er janvier 2011.','fr'),(1631,'Petits-enfants succédant à leurs grands-parents : quelle fiscalité ?','Les petits-enfants succédant à l\'un de leurs grands-parents après renonciation ou décès de leur père ou de leur mère bénéficient de l\'abattement applicable aux successions en ligne directe.','fr'),(1632,'Les nouveaux plafonds de loyers des investissements immobiliers défiscalisés','Les nouveaux plafonds de loyers conditionnant la réduction d\'impôt Scellier pour les logements acquis à compter du 1er janvier 2011 ont été publiés.','fr'),(1633,'Les équipementiers automobiles font la course en tête !','Les valeurs du secteur automobile ont été à l\'honneur durant l\'année 2010 portées par la prime à la casse et par la croissance des pays émergents.','fr'),(1634,'La réforme des retraites et ses conséquences patrimoniales','Afin de favoriser la constitution d\'un complément de retraite, de nombreux aménagements ont été apportés.','fr'),(1635,'Simulez votre prêt à taux zéro renforcé !','Les particuliers ont désormais la possibilité de réaliser en ligne une simulation de leurs droits au nouveau prêt à taux zéro « renforcé » entré en vigueur le 1er janvier 2011.','fr'),(1636,'Cession de droits sociaux au sein de sa famille','Les plus-values de cession de titres de sociétés entre membres d\'une même famille ne peuvent plus être exonérées de prélèvements sociaux.','fr'),(1637,'Les aménagements apportés au crédit d\'impôt pour l\'isolation des logements','Isoler son logement peut, dans certains cas, ouvrir droit à un crédit d\'impôt.','fr'),(1638,'Paiement de l\'impôt sur le revenu : attention à l\'échéance !','N\'oubliez pas de régler votre premier tiers provisionnel de l\'impôt sur le revenu pour le 20 février prochain au plus tard.','fr'),(1639,'Exonération limitée des dividendes dans un PEA','Les produits des titres de sociétés non cotées, placés dans un PEA, sont exonérés d\'impôt sur le revenu dans la limite de 10 % de la valeur d\'inscription de ces titres.','fr'),(1640,'Les locations de locaux d\'hébergement de gardiens peuvent être soumises à la TVA','L\'administration fiscale autorise l\'extension de l\'option à la TVA sur les loyers relatifs aux locaux d\'habitation du personnel de gardiennage.','fr'),(1641,'Louez une partie de votre habitation principale en franchise d\'impôt !','Les loyers perçus au titre de la location en meublé d\'une partie de votre résidence principale peuvent être, sous certaines conditions, exonérés d\'impôt sur le revenu.','fr'),(1642,'Fonds en euros : les sociétés d\'assurances anticipent la baisse des rendements','La Fédération française des sociétés d\'assurances (FFSA) vient d\'annoncer que le taux moyen de rémunération des fonds en euros ne dépasserait pas 3,4 % pour l\'année 2010.','fr'),(1643,'Apport en usufruit et abus de droit','L\'apport en usufruit d\'un bien à une société réalisé dans le seul but d\'échapper à l\'ISF entre dans le cadre de l\'abus de droit.','fr'),(1644,'Contrats de capitalisation pour les personnes morales : accès limité !','La Fédération française des sociétés d\'assurances (FFSA) précise les conditions dans lesquelles les personnes morales peuvent souscrire à des contrats de capitalisation.','fr'),(1645,'Investissement locatif : les modalités d\'agrément en zone C','Les conditions dans lesquelles l\'agrément d\'une commune située en zone C est délivré par le ministre chargé du Logement viennent d\'être précisées.','fr'),(1646,'Réforme de la fiscalité du patrimoine : les différentes hypothèses','Le ministre du Budget a annoncé, jeudi 3 mars dernier, les pistes de réflexion étudiées par le gouvernement pour la réforme de la fiscalité du patrimoine','fr'),(1647,'Barèmes des frais kilométriques 2010','Les barèmes kilométriques pour les frais engagés en 2010 viennent d\'être publiés.','fr'),(1648,'ISF : délai supplémentaire accordé pour transmettre des justificatifs','Les redevables ont, en principe, jusqu\'au 15 septembre 2011 pour transmettre les justificatifs liés aux dons éligibles à la réduction d\'ISF.','fr'),(1649,'Une transaction avec l\'administration fiscale ne vous préserve pas de tout redressement','L\'administration fiscale peut utiliser des éléments ressortant d\'une transaction pour redresser des impôts non visés par celle-ci.','fr'),(1650,'Le secteur de l\'agroalimentaire : santé retrouvée pour les champagnes et spiritueux !','Les producteurs de champagne et de spiritueux ont réalisé en 2010 les meilleures performances boursières du compartiment alimentaire, après une année 2009 délicate. Une bonne raison de s\'y intéresser de près.','fr'),(1651,'Le crédit d\'impôt sur les intérêts d\'emprunt n\'a pas totalement disparu !','Les logements acquis en l\'état futur d\'achèvement (VEFA) avant le 1er janvier 2011 demeurent éligibles au crédit d\'impôt sur les intérêts d\'emprunt.','fr'),(1652,'Investissement locatif : le dispositif Girardin réactualisé !','L\'administration fiscale vient de réactualiser les plafonds d\'investissements ainsi que les plafonds de loyers et de ressources du locataire pour les investissements éligibles au dispositif Girardin.','fr'),(1653,'Quel sera le montant de votre impôt en 2011 ?','Le gouvernement vient de lancer la campagne déclarative des revenus perçus en 2010 et met à la disposition des contribuables un simulateur pour réaliser une estimation de leur impôt.','fr'),(1654,'Contrat d\'assurance-vie apporté en garantie d\'un crédit','La restriction à la faculté de rachat d\'un contrat d\'assurance-vie est sans incidence sur son caractère imposable à l\'ISF.','fr'),(1655,'Recouvrement de l\'impôt : frais de poursuite','Les frais mis à la charge d\'une entreprise, en cas de poursuites pour non-paiement de l\'impôt, viennent d\'être unifiés.','fr'),(1656,'Une possibilité de réduire l\'impôt sur les dividendes','L\'imposition du bénéficiaire de dividendes peut être atténuée grâce au système du quotient.','fr'),(1657,'Les nouveaux plafonds des investissements locatifs','L\'administration fiscale vient de réactualiser les plafonds d\'investissements ainsi que les plafonds de loyers et de ressources du locataire pour les investissements locatifs.','fr'),(1658,'Les nouveaux plafonds de l\'investissement Scellier','Les nouveaux plafonds de loyers conditionnant la réduction d\'impôt Scellier pour les logements acquis à compter du 1er janvier 2011 ont été publiés.','fr'),(1659,'Quelles perspectives pour le patrimoine des Français ?','Le BIPE, société d\'études économiques et de conseil en stratégie, a présenté ses prévisions sur les comportements financiers des Français en 2011 et 2012.','fr'),(1660,'Lutte contre la fraude fiscale au sein de l\'Union européenne','Des mesures facilitant les échanges d\'informations en matière fiscale entre les États membres viennent d\'être adoptées au niveau communautaire.','fr'),(1661,'Réactualisation des barèmes des frais kilométriques 2010','Les barèmes kilométriques pour les frais engagés en 2010 viennent d\'être réévalués.','fr'),(1662,'Restitution de droits de succession en cas de surévaluation d\'un bien immobilier','La vente d\'un bien immobilier pour un prix inférieur à l\'estimation faite dans la déclaration de succession peut ouvrir droit à une restitution des droits payés en trop.','fr'),(1663,'Dépôt des déclarations fiscales des entreprises : n\'oubliez pas la date limite du 3 mai 2011 !','Les entreprises doivent souscrire la plupart de leurs déclarations fiscales pour le 3 mai au plus tard.','fr'),(1664,'Les taux de la réduction d\'impôt Scellier pour 2012 déjà annoncés !','Une instruction fiscale fait le point sur les différents aménagements apportés au dispositif Scellier par la loi de finances pour 2011 et précise les taux applicables pour 2012.','fr'),(1665,'Soutenir la création d\'entreprise peut vous permettre de réduire votre ISF !','Un décret dresse la liste des associations de financement et d\'accompagnement de la création et de la reprise d\'entreprises suceptibles d\'ouvrir droit à une réduction d\'ISF en cas de don à leur profit.','fr'),(1666,'Exonération d\'ISF des dirigeants de sociétés','Pour être exonéré d\'impôt sur la fortune (ISF) sur la valeur des actions ou des parts de la société qu\'il dirige, un contribuable doit intervenir activement dans la gestion de la société.','fr'),(1667,'Investir pour réduire son ISF','Le bénéfice de la réduction d\'impôt sur la fortune pour souscription au capital d\'une PME est subordonné à une condition d\'effectif salarié de la société concernée.','fr'),(1668,'La liste 2011 des États et territoires non coopératifs est connue !','La liste des États et territoires non coopératifs (ETNC) ayant une incidence sur la fiscalité applicable à certains flux vient de faire l\'objet de sa mise à jour annuelle pour 2011.','fr'),(1669,'Réforme de la fiscalité du patrimoine : les incidences sur votre patrimoine personnel','Le projet de loi de finances rectificative vise principalement à l\'allègement de l\'ISF, à la suppression du bouclier fiscal et au durcissement des droits de mutation à titre gratuit.','fr'),(1670,'Réforme de la fiscalité du patrimoine : l\'assouplissement du pacte Dutreil','Le projet de loi présenté au conseil des ministres et visant à réformer la fiscalité du patrimoine prévoit l\'assouplissement du pacte Dutreil.','fr'),(1671,'Le nouveau plafond de versement à certaines Œuvres vient d\'être publié','Le seuil des versements ouvrant droit à une réduction d\'impôt au titre des dons aux œuvres versés par les particuliers vient d\'être réactualisé.','fr'),(1672,'La date limite de déclaration et de paiement de l\'ISF reportée','Comme l\'avait indiqué le gouvernement lors du conseil des ministres du 11 mai dernier, la date limite de déclaration et de paiement de l\'ISF est reportée au 30 septembre 2011.','fr'),(1673,'Données bancaires du contribuable : un accès facilité pour l\'administration fiscale','L\'administration fiscale peut désormais accéder plus facilement à certaines données bancaires relatives au contribuable.','fr'),(1674,'Réforme de la fiscalité du patrimoine : les aménagements concernant les biens professionnels','Le régime des biens professionnels devrait être aménagé par la loi portant réforme de la fiscalité du patrimoine.','fr'),(1675,'Un bien immobilier reçu par donation peut-il bénéficier du dispositif Scellier ?','Un local commercial reçu à titre gratuit puis transformé en logement ne peut pas ouvrir droit au dispositif Scellier.','fr'),(1676,'Rentes et indemnités perçues en réparation de dommages corporels au regard de l\'ISF','Le conjoint survivant peut désormais porter au passif de sa déclaration d\'ISF une fraction de la valeur capitalisée des rentes ou indemnités perçues par le défunt.','fr'),(1677,'Un Diagnostic mitigé pour le secteur de la santé','Le secteur de la santé n\'a pas particulièrement brillé en Bourse en 2010, pénalisé par la piètre performance de son « poids lourd », Sanofi-Aventis, deuxième capitalisation du CAC 40, dont le titre a reculé de 13% l\'année dernière.','fr'),(1678,'Les impôts supplémentaires et les pénalités fiscales influent-ils sur le calcul du bouclier fiscal ?','Les impositions supplémentaires et les pénalités résultant d\'un redressement fiscal ne sont pas à retenir pour la détermination du droit à restitution au titre du bouclier fiscal.','fr'),(1679,'Redressement fiscal : soyez vigilant sur l\'adresse d\'envoi de votre réponse !','S\'il n\'envoie pas ses observations en réponse à une proposition de rectification fiscale à la bonne adresse, un contribuable est censé avoir accepté les redressements fiscaux.','fr'),(1680,'Imposition séparée des époux et contrôle fiscal','Les époux séparés de biens et ne vivant pas sous le même toit doivent être imposés séparément.','fr'),(1681,'Contrôle fiscal : l\'administration fiscale peut demander vos relevés de comptes !','Dans le cadre d\'un contrôle fiscal, l\'administration fiscale peut demander au contribuable de produire les relevés de ses comptes courants d\'associés.','fr'),(1682,'Dons déductibles de l\'ISF : le résultat par région publié','Le bilan des dons effectués par les redevables de l\'ISF 2010 vient d\'être rendu public.','fr'),(1683,'Comment sera imposé le remboursement des rachats de vos cotisations retraite ?','Le remboursement des rachats de trimestres est un revenu imposable à l\'impôt sur le revenu au titre de l\'année de sa perception.','fr'),(1684,'Lutte contre la fraude fiscale : bilan 2010','Le Gouvernement a présenté le bilan 2010 de son action de lutte contre les fraudes, notamment en matière fiscale.','fr'),(1685,'Contrôle fiscal et documents déposés au greffe','L\'administration fiscale peut fonder un redressement à partir notamment de documents déposés au greffe sans informer le contribuable de l\'origine et de la teneur de ces informations.','fr'),(1686,'La réforme de la fiscalité du patrimoine enfin adoptée !','Après de longs débats, les parlementaires ont enfin adopté le projet de réforme de la fiscalité du patrimoine.','fr'),(1687,'Abattement successoral : l\'administration fiscale durcit le ton','Les petits-enfants qui succèdent à leurs grands-parents après renonciation de leur père ou de leur mère, enfant unique, ne bénéficient plus désormais de l\'abattement fiscal applicable à leur parent.','fr'),(1688,'BTP-matériaux : la construction à nouveau sur la bonne voie','Les sociétés du secteur de la construction et du BTP veulent s\'appuyer sur leurs bons résultats pour séduire les investisseurs malgré les mauvais chiffres macroéconomiques outre-atlantique et la réaction virulante des marchés financiers.','fr'),(1689,'Réforme de la fiscalité du patrimoine : l\'assurance-vie mise à contribution','La réforme de la fiscalité du patrimoine a alourdi la taxation des contrats d\'assurance-vie supérieurs à 902 838 € et modifié les règles régissant les clauses bénéficiaires ayant fait l\'objet d\'un démembrement de propriété.','fr'),(1690,'SCI : et si vous optiez à l\'impôt sur les sociétés ?','La condition de délai pour l\'exercice de l\'option à l\'impôt sur les sociétés des sociétés civiles immobilières vient d\'être simplifiée.','fr'),(1691,'Plan d\'austérité du gouvernement : quelles conséquences sur votre patrimoine ?','Le gouvernement prévoit notamment une hausse de 1,2 point des prélèvements sociaux sur les revenus du patrimoine et la suppression de l\'abattement sur les plus-values immobilières hors résidence principale.','fr'),(1692,'ISF : à vos déclarations !','Les redevables de l\'impôt de solidarité sur la fortune (ISF) ont jusqu\'au 30 septembre 2011 pour adresser leur déclaration au service des impôts.','fr'),(1693,'Réforme de la fiscalité du patrimoine','Les changements apportés','fr'),(1694,'Plan d\'épargne logement','Mon plan d\'épargne logement (PEL) est arrivé à terme, mais je n\'ai aucun projet immobilier en vue. C\'est pourquoi je souhaiterais faire bénéficier à mon petit-fils des droits à prêt issus de ce PEL. Suis-je tenu de lui verser les sommes placées sur mon PEL ?','fr'),(1695,'Exonération de TVA relative aux livraisons intracommunautaires','J\'ai procédé au profit d\'une société espagnole à des ventes de matériel auxquelles j\'ai appliqué l\'exonération de TVA relative aux livraisons intracommunautaires. Mais l\'administration fiscale a remis en cause cette exonération au motif que ces ventes participaient à une fraude à la TVA, mon client n\'ayant pas d\'activité en rapport avec le matériel livré. Selon elle, j\'aurais pu connaître l\'existence de cette fraude en vérifiant le numéro d\'identification à la TVA de mon client, lequel n\'était pas valide. L\'administration peut-elle me redresser pour ce seul défaut de vérification ?','fr'),(1696,'Déductibilité du résultat des dépenses de cadeaux d\'affaires','J\'ai offert un week-end touristique à l\'un de mes meilleurs clients. Puis-je déduire cette dépense de mon résultat imposable ?','fr'),(1697,'Gare aux notifications par lettre recommandée avec accusé de réception !','Lorsque le locataire ne retire pas la lettre recommandée avec accusé de réception envoyée par son propriétaire pour mettre fin au bail, le congé est irrégulier.','fr'),(1698,'Le diagnostic de performance énergétique subit un nouveau lifting !','Le ministère de l\'Écologie et du Développement durable a annoncé un certain nombre de mesures destinées à améliorer et fiabiliser le diagnostic de performance énergétique (DPE).','fr'),(1699,'Transaction immobilière : attention au prix dérisoire !','La vente d\'un bien immobilier conclue à un prix dérisoire doit être annulée.','fr'),(1700,'Comment reprendre un logement abandonné par son locataire ?','En cas d\'abandon du logement par le locataire, le bailleur dispose désormais d\'une procédure lui permettant de résilier le bail.','fr'),(1701,'Bail d\'habitation et garantie des loyers impayés','Je viens d\'acquérir un studio que j\'ai l\'intention de louer. Mais pour éviter d\'avoir à subir des loyers impayés, je souhaite cumuler mon assurance loyers impayés avec un cautionnement. Mais l\'un de mes amis m\'a averti qu\'il n\'était plus possible de cumuler ces deux dispositifs. Est-ce vrai ?','fr'),(1702,'Le dispositif de réduction d\'ISF pour investissement dans une PME assoupli !','La société, au sein de laquelle le redevable de l\'ISF investit pour réduire son impôt, dispose de plus de temps pour employer des salariés.','fr'),(1703,'Le livret A suit le rythme de l\'inflation','La rémunération du livret A est revalorisée à compter du 1er août 2011.','fr'),(1704,'Réforme de la fiscalité du patrimoine : l\'assurance-vie mise à contribution','La réforme de la fiscalité du patrimoine a alourdi la taxation des contrats d\'assurance-vie supérieurs à 902 838 € et modifié les règles régissant les clauses bénéficiaires ayant fait l\'objet d\'un démembrement de propriété.','fr'),(1705,'La ruée vers les placements or','Comment profiter de l\'envolée du cours du métal jaune ?','fr'),(1706,'Le contrat de capitalisation','Comment valoriser votre épargne sans pour autant augmenter votre patrimoine taxable à l\'ISF','fr'),(1707,'Indice des loyers commerciaux','Institué par la loi de modernisation de l\'économie du 4 août 2008, l\'indice des loyers commerciaux (ILC) peut être utilisé en lieu et place de l\'indice du coût de la construction (ICC) pour la révision du loyer d\'un bail commercial. Composé pour 50 % de l\'indice des prix à la consommation, pour 25 % de l\'indice du coût de la construction et pour 25 % de l\'indice du chiffre d\'affaires du commerce de détail en valeur, cet indice est censé varier de façon moins forte que l\'ICC.\nAttention, l\'indice des loyers commerciaux concerne uniquement les locataires commerçants immatriculés au registre du commerce et des sociétés (RCS) et artisans inscrits au répertoire des métiers. Il ne peut être utilisé pour les activités industrielles (fabriques, usines, ateliers...) et pour les activités exercées dans des immeubles à usage exclusif de bureaux ou dans des plates-formes logistiques (entrepôts...).','fr'),(1708,'Taux de base bancaire','Le taux de base bancaire est défini à partir des pratiques de la profession bancaire, chaque banque fixant elle-même librement son taux de base, c\'est-à-dire le taux minimum, qu\'elle entend retenir pour ses opérations. Il sert de référence à la tarification des crédits à court et moyen terme consentis aux entreprises.','fr'),(1709,'Taux EONIA (ex-Taux du marché monétaire)','EONIA (pour Euro Overnight Index Average) est le taux au jour le jour du marché monétaire européen. C\'est un taux moyen pondéré par les transactions déclarées par un échantillon représentatif d\'établissements de la zone euro.','fr'),(1710,'Rémunération de l\'épargne réglementée','L\'épargne réglementée consiste en un compte ouvert auprès d\'une banque et pour lequel tous les dépôts d\'argent sont rémunérés selon un taux fixé par l\'Etat (le terme de livret réglementé est utilisé dans ce cas).','fr'),(1711,'Taux d\'intérêt légal','Le taux de l\'intérêt légal, fixé pour la durée de l\'année civile, est égal à la moyenne arithmétique des douze dernières moyennes mensuelles des taux de rendement actuariel des adjudications de bons du Trésor à treize semaines.','fr'),(1712,'Taux de refinancement (taux \" refi \" ou \" repo \")','Le taux refi, fixé par la Banque Centrale Européenne (BCE) sert notamment à calculer les pénalités de retard sur les factures impayées. Le taux des pénalités de retard correspond au taux refi majoré de 10 points. Cependant, le fournisseur peut appliquer un taux différent pour les pénalités de retard, le taux choisi ne peut être inférieur à 3 fois le taux de l\'intérêt légal.','fr'),(1713,'Taux de l\'usure en %','Le taux de l\'usure correspond au taux maximum d\'intérêt qu\'un prêteur ne peut légalement dépasser. Ainsi, le taux effectif global d\'un prêt doit obligatoirement être inférieur au taux de l\'usure.','fr'),(1714,'Taux Effectif Global moyen en %','Le taux effectif global (TEG) correspond au taux d\'intérêt annuel, tout frais compris, payé effectivement pour un crédit. Il comprend, outre les intérêts proprement dits, les frais, commissions ou rémunérations liés à l\'octroi du crédit.','fr'),(1715,'Taux de conversion de l\'Euro','Le 1er janvier 1999, l\'euro devenait une monnaie légale et les monnaies nationales des 11 pays européens ayant adopté l\'euro des subdivisions de l\'euro. Pour chacune de ces monnaies, un taux de conversion fixe est arrêté.','fr'),(1716,'Indices mensuels des prix à la consommation','L\'indice des prix à la consommation est l\'instrument de mesure de l\'inflation. Il permet d\'estimer, entre deux périodes données, la variation moyenne des prix des produits consommés par les ménages.','fr'),(1717,'Indice trimestriel du coût de la construction','L\'indice du coût de la construction, calculé par l\'INSEE, traduit l\'évolution des prix dans le secteur immobilier. Il sert de référence pour l\'indexation des mensualités de certaines formules de prêts et pour la révision des loyers commerciaux.','fr'),(1718,'Indice de référence des loyers','Le 1er janvier 2006, l\'indice de référence des loyers s\'est substitué à la moyenne associée de l\'indice du coût de la construction comme référence pour la révision des loyers en cours de bail dans le parc locatif privé. Modifié par la loi n° 2008-111 du 8 février 2008, il correspond aujourd\'hui à la moyenne, sur les douze derniers mois, de l\'indice des prix à la consommation hors tabac et hors loyers.','fr'),(1719,'Indice National du Bâtiment BT01','Publié chaque mois par le ministre chargé de la Construction et de l\'Habitation, l\'Indice BT01 est la référence officielle de révision des prix de construction qui mesure l\'évolution du coût des facteurs de production dans le bâtiment.','fr'),(1720,'Crédit gratuit : prix maximum pour paiement comptant','En cas de paiement comptant d\'un article pour lequel un crédit gratuit est proposé, le vendeur est tenu de consentir une réduction de prix dont le montant est calculé selon un barème établi semestriellement et publié au Journal Officiel.','fr'),(1721,'Compétence des tribunaux de commerce en dernier ressort','Les tribunaux de commerce statuent en dernier ressort lorsque le montant du litige n\'excède pas 3 800 € pour les instances introduites devant eux depuis le 1er janvier 2003. Les décisions rendues en dernier ressort ne sont pas susceptibles d\'appel, seul un pourvoi en cassation est possible.','fr'),(1722,'Tarifs de la TASCOM','La taxe sur les surfaces commerciales (TASCOM) est due par les exploitants de surfaces commerciales de plus de 400 m² et dont le chiffre d\'affaires est supérieur à 460 000 €.','fr'),(1723,'Cession de fonds de commerce et biens assimilés','La cession d\'un fonds de commerce fait l\'objet d\'un paiement de droits de mutation auprès de l\'administration fiscale dont le montant varie par fraction de prix et peut bénéficier d\'un régime spécial dans certaines zones d\'aménagement.','fr'),(1724,'Taxe sur les salaires 2011','La taxe sur les salaires est due par les employeurs qui ne sont pas soumis à la TVA sur la totalité de leur chiffre d\'affaires. Elle est calculée sur les rémunérations versées au cours de l\'année par application d\'un barème progressif.','fr'),(1725,'Barème de l\'impôt sur les revenus 2010 pour une part','Chaque année, les limites des tranches du barème de l\'impôt sur les revenus sont relevées en fonction de la hausse prévisible des prix hors tabac constatée sur l\'année précédente.','fr'),(1726,'Plus-values immobilières des particuliers','Les plus-values immobilières réalisées depuis le 1er janvier 2011 sont taxées forfaitairement à 31,3 %, soit 19 % + 12,3 % de prélèvements sociaux, au moment du versement du prix.','fr'),(1727,'Prélèvements libératoires','Certains revenus financiers ne sont pas soumis au barème de l\'impôt sur le revenu mais à un taux forfaitaire d\'imposition.','fr'),(1728,'Barème de l\'I.S.F. au 01/01/2011','Seuls les contribuables détenant un patrimoine dont la valeur nette taxable est supérieure à 1 300 000 € sont redevables de l\'ISF.','fr'),(1729,'Intérêts des comptes courants d\'associés','Les intérêts des sommes mises en compte courant par un associé sont déductibles dans la limite de la moyenne annuelle des taux effectifs moyens pratiqués par les établissements de crédit pour des prêts à taux variable aux entreprises d\'une durée initiale supérieure à deux ans.','fr'),(1730,'Taxe sur les véhicules des sociétés sur la période du 1er octobre 2010 au 30 septembre 2011 (liquidée au plus tard le 30 novembre 2011)','Chaque année, les dirigeants doivent déclarer l\'ensemble des voitures particulières que possède leur société et s\'acquitter de la taxe sur les véhicules des sociétés (TVS). Deux barèmes coexistent. L\'un est fonction de la production de CO2 du véhicule. L\'autre, qui disparaîtra à l\'avenir, en fonction de la puissance du véhicule.','fr'),(1731,'Barème de l\'Imposition Forfaitaire Annuelle des sociétés','Le montant de l\'IFA varie en fonction du chiffre d\'affaires majoré des produits financiers réalisé par la personne morale. Les personnes morales dont le chiffre d\'affaires hors taxes, majoré des produits financiers, est inférieur à 15 000 000 € sont exonérées d\'IFA. En 2014, l\'IFA sera totalement supprimée.','fr'),(1732,'TVA intracommunautaire : taux de change mensuels','Les opérations intracommunautaires doivent faire l\'objet d\'une déclaration mensuelle aux douanes. Pour remplir cette déclaration, les entreprises doivent convertir les monnaies étrangères utilisées dans le cadre de ces opérations à l\'aide de cours de conversion en euros publiés chaque mois par l\'administration.','fr'),(1733,'Tarif des droits de donation et de succession','Les tranches des barèmes et des abattements applicables aux droits de mutation à titre gratuit sont revalorisés automatiquement chaque année en fonction de l\'inflation.','fr'),(1734,'Contribution Sociale Généralisée (C.S.G.)','La Contribution sociale généralisée, comme la Contribution au remboursement de la dette sociale, est un prélèvement de nature fiscale, destiné au financement de la Sécurité Sociale, et est due par tous les salariés.','fr'),(1735,'Contribution au Remboursement de la Dette Sociale (C.R.D.S.)','La Contribution au remboursement de la dette sociale, comme la Contribution sociale généralisée, est un prélèvement de nature fiscale, destiné au financement de la Sécurité Sociale, et est due par tous les salariés.','fr'),(1736,'Cotisations de Sécurité Sociale','Les taux des cotisations destinées au financement des prestations de maladie - vieillesse - allocations familiales - accident du travail comportent une part patronale et une part salariale. Selon les cas, ils peuvent s\'appliquer sur la totalité du salaire (base) ou sur un montant maximum.','fr'),(1737,'Contribution de solidarité pour l\'autonomie','La loi du 30 juin 2004 relative à la solidarité pour l\'autonomie des personnes âgées et handicapées a instauré depuis le 1er juillet 2004, une nouvelle contribution à la charge des employeurs, destinée à financer les ressources de la Caisse nationale de solidarité pour l\'autonomie.','fr'),(1738,'Cotisations logement','Tout employeur doit verser une cotisation au Fonds national d\'aide au logement (FNAL). Une cotisation supplémentaire est même due pour les entreprises dont l\'effectif dépasse 9 salariés. Les sommes perçues sont mises à la disposition des caisses d\'allocations familiales chargées du paiement de l\'APL et de l\'allocation logement.','fr'),(1739,'Assurance chômage et FNGS','Les cotisations versées aux Assedic sont de deux ordres : la cotisation assurance-chômage, qui sert à financer les prestations de chômage versées par les Assedic, et la cotisation FNGS (fonds national de garantie des salaires) qui permet de garantir les salaires en cas d\'ouverture d\'une procédure de sauvegarde, de redressement ou de liquidation judiciaire.','fr'),(1740,'Association Pour l\'Emploi des Cadres','Les cadres et leurs employeurs cotisent chaque mois à l\'Association pour l\'emploi des cadres (Apec).','fr'),(1741,'Prévoyance cadres (assurance décès)','La convention collective interprofessionnelle de retraite et de prévoyance des cadres de 1947 oblige les employeurs à verser une cotisation à un organisme de prévoyance pour chacun de leurs cadres. Et plus de la moitié de cette cotisation doit être consacrée à la couverture du risque décès.','fr'),(1742,'SMIC horaire et mensuel','Le SMIC, ou salaire minimum de croissance, augmente chaque année en fonction de l\'évolution de l\'économie et de la conjoncture, tout comme le minimum garanti, qui sert notamment de référence à l\'évaluation des avantages en nature consentis aux salariés.','fr'),(1743,'Réduction Fillon','La Réduction Fillon consiste en une réduction des cotisations patronales de Sécurité sociale assises sur les bas salaires. Applicable depuis le 1er juillet 2003 sur les salaires versés à compter de cette date, ce dispositif a remplacé deux mesures d\'allègement de charges qui existaient auparavant (la réduction unique dégressive sur les bas salaires et l\'allègement Aubry II versé dans le cadre de la réduction du temps de travail).','fr'),(1744,'SMIC contrats en alternance','La rémunération des salariés sous contrats en alternance, c\'est-à-dire qui alternent formation et travail en entreprise (les contrats apprentissage ou de professionnalisation), correspond à un pourcentage du Smic qui varie selon l\'âge du salarié, sa progression dans le cycle de formation et/ou son niveau de qualification.','fr'),(1745,'Plafond de la Sécurité Sociale en fonction de la périodicité de la paie','Le plafond de la Sécurité Sociale constitue la limite au-delà de laquelle les rémunérations ne sont plus prises en compte pour le calcul de certaines cotisations sociales plafonnées. Ce plafond, déterminé par rapport à la périodicité de la paie, est réévalué chaque année en fonction de l\'évolution du coût de la vie.','fr'),(1746,'Principaux taux des cotisations d\'accidents du travail au 1er janvier 2011','La cotisation accidents du travail est une charge sociale patronale versée à l\'URSSAF qui couvre les risques accidents du travail, accidents de trajet et maladies professionnelles. Son taux est déterminé en fonction de la nature de l\'activité de l\'entreprise, de son effectif et de son département d\'implantation.','fr'),(1747,'Remboursement forfaitaire des frais de déplacement','Les frais engagés par un salarié à l\'occasion de déplacements dans le cadre de son travail doivent lui être remboursés. Ces remboursements sont exonérés de cotisations sociales et d\'impôt sur le revenu s\'ils respectent certaines limites d\'exonération établies chaque année par l\'administration.','fr'),(1748,'Évaluation des avantages en nature','Les avantages en nature, c\'est-à-dire les prestations fournies gratuitement (ou moyennant une faible participation) par l\'employeur à son salarié, doivent s\'ajouter à son salaire pour le calcul des cotisations sociales et de l\'impôt sur le revenu. Certains de ces avantages (nourriture, logement, voiture de fonction, nouvelles technologies...) font l\'objet d\'évaluations forfaitaires minimales publiées chaque année par l\'administration.','fr'),(1749,'Hôtels-cafés-restaurants : réduction des cotisations patronales sur l\'avantage en nature nourriture','Les employeurs du secteur hôtels-cafés-restaurants bénéficient d\'une réduction de cotisations patronales d\'assurances sociales et d\'allocations familiales sur la partie de la rémunération correspondant à l\'avantage en nature nourriture.','fr'),(1750,'Assurance chômage des dirigeants','Les dirigeants de société sont exclus du régime d\'assurance-chômage de l\'Unedic, même s\'ils relèvent du régime général de la Sécurité sociale. Des régimes spécifiques ont toutefois été créés pour eux, notamment la GSC et l\'APPI, dont les cotisations et les indemnités annuelles sont fonction d\'un revenu forfaitaire et d\'un barème fixés chaque année.','fr'),(1751,'Apprentis : charges sociales','Les entreprises qui embauchent un apprenti peuvent notamment bénéficier d\'une exonération de certaines cotisations sociales (voire d\'une exonération totale, sauf pour la cotisation AT/MP, pour les entreprises de moins de 11 salariés). Les cotisations restant dues sont prélevées sur une assiette forfaitaire calculée sur la base de la rémunération versée à l\'apprenti.','fr'),(1752,'Élèves ou étudiants stagiaires en entreprise : franchise de cotisations','Les sommes versées aux stagiaires en entreprise sont exonérées de cotisations et contributions sociales dans la limite d\'un plafond modifié chaque année au 1er janvier.','fr'),(1753,'Formateurs occasionnels : assiette forfaitaire des cotisations de Sécurité Sociale','Les cotisations de Sécurité sociale sont en principe assises sur tous les avantages consentis aux salariés (salaires, primes, avantages en nature...). Toutefois, des assiettes forfaitaires sont prévues pour certaines catégories professionnelles. C\'est le cas des formateurs occasionnels.','fr'),(1754,'Fractions saisissables des rémunérations','Le salaire est protégé contre les saisies des créanciers d\'un salarié auprès de l\'employeur. Seule une partie des sommes peut en effet être retenue, dont le montant varie selon un barème établi par l\'administration.','fr'),(1755,'Compétence des prud\'hommes en dernier ressort','Les conseils de prud\'hommes statuent en dernier ressort lorsque le montant du litige n\'excède pas 4 000 € pour les instances introduites devant eux à compter du 1er octobre 2005. Les décisions rendues en dernier ressort ne sont pas susceptibles d\'appel, seul un pourvoi en cassation est possible.','fr'),(1756,'Compétence du tribunal des affaires de Sécurité Sociale en dernier ressort','Le tribunal des affaires de Sécurité Sociale statue en dernier ressort lorsque le montant du litige n\'excède pas 4 000 € pour les instances introduites devant lui depuis le 15 mai 2005. Les décisions rendues en dernier ressort ne sont pas susceptibles d\'appel, seul un pourvoi en cassation est possible.','fr'),(1757,'Cotisations des professions libérales','Les revenus des professions libérales sont soumis à des cotisations dont le montant varie annuellement selon les professions, excepté la cotisation du régime d\'assurance vieillesse de base qui, depuis le 1er janvier 2004, est unique et déterminée en pourcentage des revenus professionnels non salariés.','fr'),(1758,'Retraites complémentaires et cotisation AGFF','Tous les salariés assujettis à l\'assurance vieillesse du régime général doivent être affiliés à un régime complémentaire de retraite. Ce régime est géré par l\'Arrco pour les non-cadres et les cadres (pour une partie de leur rémunération), et par l\'Agirc pour les cadres. La cotisation AGFF sert, quant à elle, à assurer le financement de la retraite complémentaire à 60 ans.','fr'),(1759,'Versement transport','Les employeurs des secteurs public et privé qui emploient plus de 9 salariés et dont l\'entreprise est située dans une zone où ce dispositif a été institué, sont redevables de la contribution versement transport.','fr');
/*!40000 ALTER TABLE `sid_article_translation` ENABLE KEYS */;
UNLOCK TABLES;

--
-- Dumping data for table `sid_groupe_bandeau`
--

LOCK TABLES `sid_groupe_bandeau` WRITE;
/*!40000 ALTER TABLE `sid_groupe_bandeau` DISABLE KEYS */;
INSERT INTO `sid_groupe_bandeau` (`id`, `is_active`, `created_at`, `updated_at`, `position`) VALUES (1,0,'2011-09-08 02:08:26','2011-09-28 15:02:34',-1),(2,1,'2011-09-08 02:08:34','2011-09-08 02:08:34',-2),(3,1,'2011-09-08 02:08:48','2011-09-14 19:57:49',-3),(4,1,'2011-09-08 02:09:43','2011-09-08 02:09:43',-4),(5,1,'2011-09-08 06:42:22','2011-09-08 06:42:22',-5),(6,1,'2011-09-08 06:45:21','2011-09-08 06:45:21',-6),(7,1,'2011-09-08 06:45:43','2011-09-08 06:45:43',-7),(8,1,'2011-09-19 16:29:07','2011-09-19 16:29:07',-8);
/*!40000 ALTER TABLE `sid_groupe_bandeau` ENABLE KEYS */;
UNLOCK TABLES;

--
-- Dumping data for table `sid_groupe_bandeau_translation`
--

LOCK TABLES `sid_groupe_bandeau_translation` WRITE;
/*!40000 ALTER TABLE `sid_groupe_bandeau_translation` DISABLE KEYS */;
INSERT INTO `sid_groupe_bandeau_translation` (`id`, `title`, `lang`) VALUES (1,'Accueil','fr'),(2,'Défaut','fr'),(3,'Missions','fr'),(4,'Le Cabinet','fr'),(5,'Equipe','fr'),(6,'Fiscal','fr'),(7,'Juridique','fr'),(8,'Social','fr');
/*!40000 ALTER TABLE `sid_groupe_bandeau_translation` ENABLE KEYS */;
UNLOCK TABLES;

--
-- Dumping data for table `sid_bandeau`
--

LOCK TABLES `sid_bandeau` WRITE;
/*!40000 ALTER TABLE `sid_bandeau` DISABLE KEYS */;
INSERT INTO `sid_bandeau` (`id`, `groupe_bandeau_id`, `is_active`, `category`, `scrollamount`, `scrolldelay`, `boucle`, `behavior`, `direction`, `height`, `width`, `debut_date`, `fin_date`, `created_at`, `updated_at`, `position`) VALUES (2,1,1,'perso',2,0,0,'scroll','right',0,0,NULL,NULL,'2011-09-08 02:10:33','2011-09-20 15:47:46',-2),(3,3,1,'perso',5,0,0,'scroll','right',0,0,'2011-09-29','2011-10-03','2011-09-08 02:10:55','2011-10-03 12:11:27',-3),(4,4,1,'perso',2,0,2,'scroll','right',0,0,'2011-10-02',NULL,'2011-09-08 02:11:21','2011-10-03 06:58:15',-4),(5,5,0,'perso',2,0,0,'scroll','right',0,0,NULL,NULL,'2011-09-08 06:51:02','2011-09-28 21:51:38',-5),(6,6,1,'perso',2,0,0,'scroll','right',0,0,NULL,NULL,'2011-09-08 06:51:44','2011-10-02 15:13:35',-6),(7,8,1,'perso',2,0,0,'alternate','right',0,0,'2011-10-01',NULL,'2011-09-19 16:29:35','2011-10-02 15:05:47',-7);
/*!40000 ALTER TABLE `sid_bandeau` ENABLE KEYS */;
UNLOCK TABLES;

--
-- Dumping data for table `sid_bandeau_translation`
--

LOCK TABLES `sid_bandeau_translation` WRITE;
/*!40000 ALTER TABLE `sid_bandeau_translation` DISABLE KEYS */;
INSERT INTO `sid_bandeau_translation` (`id`, `title`, `lang`, `version`) VALUES (2,'Bienvenue sur le site du Cabinet','fr',1),(3,'découvrez les services du Cabinet','fr',2),(4,'Bienvevue sur le site internet du Cabinet TENOR CGP. Ce site est une démonstration du site TENOR fait par EXPERT INFOS pour les CGPI.','fr',3),(5,'Test équipe : in magna felis, sodales at adipiscing a, mattis a orci. Pellentesque aliquam tempor venenatis. Aliquam egestas ipsum in nulla pellentesque luctus.','fr',2),(6,'Bienvenue dans la rubrique Fiscalité du Cabinet TENOR CGP. Ce site est une démonstration du site TENOR fait par EXPERT INFOS pour les CGPI.','fr',3),(7,'Bienvenue dans la rubrique Social du Cabinet TENOR CGP. Ce site est une démonstration du site TENOR fait par EXPERT INFOS pour les CGPI.','fr',2);
/*!40000 ALTER TABLE `sid_bandeau_translation` ENABLE KEYS */;
UNLOCK TABLES;

--
-- Dumping data for table `sid_bandeau_translation_version`
--

LOCK TABLES `sid_bandeau_translation_version` WRITE;
/*!40000 ALTER TABLE `sid_bandeau_translation_version` DISABLE KEYS */;
INSERT INTO `sid_bandeau_translation_version` (`id`, `lang`, `title`, `version`) VALUES (2,'fr','Bienvenue sur le site du Cabinet',1),(3,'fr','Les missions du cabinet',1),(3,'fr','découvrez les services du Cabinet',2),(4,'fr','Présentation du cabinet',1),(4,'fr','Bienvenue daBienvevue sur le site internet du Cabinet TENOR CGP. Ce site est une démonstration du site TENOR fait par EXPERT INFOS pour les CGPI.',2),(4,'fr','Bienvevue sur le site internet du Cabinet TENOR CGP. Ce site est une démonstration du site TENOR fait par EXPERT INFOS pour les CGPI.',3),(5,'fr','équipe',1),(5,'fr','Test équipe : in magna felis, sodales at adipiscing a, mattis a orci. Pellentesque aliquam tempor venenatis. Aliquam egestas ipsum in nulla pellentesque luctus.',2),(6,'fr','fiscal',1),(6,'fr','fiscal test',2),(6,'fr','Bienvenue dans la rubrique Fiscalité du Cabinet TENOR CGP. Ce site est une démonstration du site TENOR fait par EXPERT INFOS pour les CGPI.',3),(7,'fr','Bandeau Social',1),(7,'fr','Bienvenue dans la rubrique Social du Cabinet TENOR CGP. Ce site est une démonstration du site TENOR fait par EXPERT INFOS pour les CGPI.',2);
/*!40000 ALTER TABLE `sid_bandeau_translation_version` ENABLE KEYS */;
UNLOCK TABLES;

--
-- Dumping data for table `sid_index_sites_utiles`
--

LOCK TABLES `sid_index_sites_utiles` WRITE;
/*!40000 ALTER TABLE `sid_index_sites_utiles` DISABLE KEYS */;
INSERT INTO `sid_index_sites_utiles` (`id`, `is_active`, `created_at`, `updated_at`, `position`) VALUES (1,1,'2011-09-14 06:07:12','2011-09-28 13:52:25',51613224);
/*!40000 ALTER TABLE `sid_index_sites_utiles` ENABLE KEYS */;
UNLOCK TABLES;

--
-- Dumping data for table `sid_index_sites_utiles_translation`
--

LOCK TABLES `sid_index_sites_utiles_translation` WRITE;
/*!40000 ALTER TABLE `sid_index_sites_utiles_translation` DISABLE KEYS */;
INSERT INTO `sid_index_sites_utiles_translation` (`id`, `title`, `description`, `lang`) VALUES (1,'Nos sites utiles','<p>\r\n	Vous trouverez ici les sites que nous consid&eacute;rons comme utiles.&nbsp;Des sites gouvernementaux en passant par des sites utiles &agrave; la vie de votre entreprise.</p>\r\n<p>\r\n	Si vous souhaitez ajouter d&#39;autres sites &agrave; cette liste merci de nous le faire savoir...</p>\r\n','fr');
/*!40000 ALTER TABLE `sid_index_sites_utiles_translation` ENABLE KEYS */;
UNLOCK TABLES;

--
-- Dumping data for table `sid_groupe_sites_utiles`
--

LOCK TABLES `sid_groupe_sites_utiles` WRITE;
/*!40000 ALTER TABLE `sid_groupe_sites_utiles` DISABLE KEYS */;
INSERT INTO `sid_groupe_sites_utiles` (`id`, `is_active`, `created_at`, `updated_at`, `position`) VALUES (1,1,'2011-09-14 06:07:36','2011-09-19 18:15:21',76772067),(5,1,'2011-09-14 06:07:36','2011-09-19 18:12:32',14655906);
/*!40000 ALTER TABLE `sid_groupe_sites_utiles` ENABLE KEYS */;
UNLOCK TABLES;

--
-- Dumping data for table `sid_groupe_sites_utiles_translation`
--

LOCK TABLES `sid_groupe_sites_utiles_translation` WRITE;
/*!40000 ALTER TABLE `sid_groupe_sites_utiles_translation` DISABLE KEYS */;
INSERT INTO `sid_groupe_sites_utiles_translation` (`id`, `title`, `description`, `lang`) VALUES (1,'Les sites d\'aide aux entreprises','<p>\r\n	Quelques sites simplifiant la vie de l&#39;entreprise au quotidien.</p>\r\n','fr'),(5,'Les sites gouvernementaux','<p>\r\n	Ici nous mettrons &agrave; disposition les liens vers les diff&eacute;rents sites du gouvernement.</p>\r\n','fr');
/*!40000 ALTER TABLE `sid_groupe_sites_utiles_translation` ENABLE KEYS */;
UNLOCK TABLES;

--
-- Dumping data for table `sid_sites_utiles`
--

LOCK TABLES `sid_sites_utiles` WRITE;
/*!40000 ALTER TABLE `sid_sites_utiles` DISABLE KEYS */;
INSERT INTO `sid_sites_utiles` (`id`, `groupe_sites_utiles_id`, `is_active`, `image_id`, `on_home`, `created_at`, `updated_at`, `position`) VALUES (1,5,1,104,1,'2011-09-14 06:07:53','2011-09-19 18:23:19',61572590),(6,5,1,105,1,'2011-09-19 18:21:06','2011-09-27 00:45:28',61572589),(7,5,1,106,1,'2011-09-19 18:22:40','2011-09-19 18:23:10',61572588),(8,1,1,107,1,'2011-09-19 18:25:22','2011-09-19 18:25:54',61572587);
/*!40000 ALTER TABLE `sid_sites_utiles` ENABLE KEYS */;
UNLOCK TABLES;

--
-- Dumping data for table `sid_sites_utiles_translation`
--

LOCK TABLES `sid_sites_utiles_translation` WRITE;
/*!40000 ALTER TABLE `sid_sites_utiles_translation` DISABLE KEYS */;
INSERT INTO `sid_sites_utiles_translation` (`id`, `title`, `url`, `description`, `lang`, `version`) VALUES (1,'Le journal officiel','http://www.journal-officiel.gouv.fr/','<p>\r\n	Le journal officiel</p>\r\n','fr',3),(6,'Ministère de l\'Economie et des Finances','http://www.minefi.gouv.fr/','<p>\r\n	Le site du Minist&egrave;re de l&#39;Economie et des Finances.</p>\r\n','fr',1),(7,'Legifrance','http://www.legifrance.gouv.fr/img/legifrance.gif','<p>\r\n	Le site Legifrance</p>\r\n','fr',1),(8,'Infogreffe','http://www.infogreffe.fr','<p>\r\n	Le site Infogreffe</p>\r\n','fr',1);
/*!40000 ALTER TABLE `sid_sites_utiles_translation` ENABLE KEYS */;
UNLOCK TABLES;

--
-- Dumping data for table `sid_sites_utiles_translation_version`
--

LOCK TABLES `sid_sites_utiles_translation_version` WRITE;
/*!40000 ALTER TABLE `sid_sites_utiles_translation_version` DISABLE KEYS */;
INSERT INTO `sid_sites_utiles_translation_version` (`id`, `lang`, `title`, `url`, `description`, `version`) VALUES (1,'fr','mi eu massa. Sed eu augue. Curabitur iaculis. Sed augue. Sed s','page:3215 Index sites utiles','Suspendisse rhoncus. Vestibulum ligula turpis, faucibus id, accumsan id, pharetra sit amet, mi. In scelerisque cursus arcu. Donec pellentesque, eros in elementum scelerisque, nulla massa porta nunc, sed dictum mi diam in tellus. Sed leo. Donec lacus. Morbi ipsum justo, viverra at, auctor a, elementum elementum, odio. Nulla id lorem quis quam lacinia tempor. Phasellus sagittis magna sed nisi. Suspendisse condimentum eleifend nulla. Cras eget erat.\n',1),(1,'fr','mi eu massa. ','page:3215 Index sites utiles','<p>\r\n	Suspendisse rhoncus. Vestibulum ligula turpis, faucibus id, accumsan id, pharetra sit amet, mi. In scelerisque cursus arcu. Donec pellentesque, eros in elementum scelerisque, nulla massa porta nunc, sed dictum mi diam in tellus. Sed leo. Donec lacus. Morbi ipsum justo, viverra at, auctor a, elementum elementum, odio. Nulla id lorem quis quam lacinia tempor. Phasellus sagittis magna sed nisi. Suspendisse condimentum eleifend nulla. Cras eget erat.</p>\r\n',2),(1,'fr','Le journal officiel','http://www.journal-officiel.gouv.fr/','<p>\r\n	Le journal officiel</p>\r\n',3),(6,'fr','Ministère de l\'Economie et des Finances','http://www.minefi.gouv.fr/','<p>\r\n	Le site du Minist&egrave;re de l&#39;Economie et des Finances.</p>\r\n',1),(7,'fr','Legifrance','http://www.legifrance.gouv.fr/img/legifrance.gif','<p>\r\n	Le site Legifrance</p>\r\n',1),(8,'fr','Infogreffe','http://www.infogreffe.fr','<p>\r\n	Le site Infogreffe</p>\r\n',1);
/*!40000 ALTER TABLE `sid_sites_utiles_translation_version` ENABLE KEYS */;
UNLOCK TABLES;

--
-- Dumping data for table `sid_actu_rubrique`
--

LOCK TABLES `sid_actu_rubrique` WRITE;
/*!40000 ALTER TABLE `sid_actu_rubrique` DISABLE KEYS */;
INSERT INTO `sid_actu_rubrique` (`id`, `is_active`, `created_at`, `updated_at`, `position`) VALUES (2,1,'2011-08-19 02:05:20','2011-08-19 02:05:20',-2),(3,1,'2011-08-19 02:05:36','2011-08-19 02:05:36',-3),(4,1,'2011-08-26 00:47:38','2011-08-26 00:47:38',-4),(5,1,'2011-08-26 00:48:21','2011-08-26 00:48:21',-5),(6,1,'2011-08-26 00:48:31','2011-08-26 00:48:31',-6);
/*!40000 ALTER TABLE `sid_actu_rubrique` ENABLE KEYS */;
UNLOCK TABLES;

--
-- Dumping data for table `sid_actu_rubrique_translation`
--

LOCK TABLES `sid_actu_rubrique_translation` WRITE;
/*!40000 ALTER TABLE `sid_actu_rubrique_translation` DISABLE KEYS */;
INSERT INTO `sid_actu_rubrique_translation` (`id`, `title`, `lang`, `version`) VALUES (2,'fiscal','fr',1),(3,'Vie du cabinet','fr',1),(4,'social','fr',1),(5,'juridique','fr',1),(6,'multimédia','fr',1);
/*!40000 ALTER TABLE `sid_actu_rubrique_translation` ENABLE KEYS */;
UNLOCK TABLES;

--
-- Dumping data for table `sid_actu_rubrique_translation_version`
--

LOCK TABLES `sid_actu_rubrique_translation_version` WRITE;
/*!40000 ALTER TABLE `sid_actu_rubrique_translation_version` DISABLE KEYS */;
INSERT INTO `sid_actu_rubrique_translation_version` (`id`, `lang`, `title`, `version`) VALUES (2,'fr','fiscal',1),(3,'fr','Vie du cabinet',1),(4,'fr','social',1),(5,'fr','juridique',1),(6,'fr','multimédia',1);
/*!40000 ALTER TABLE `sid_actu_rubrique_translation_version` ENABLE KEYS */;
UNLOCK TABLES;

--
-- Dumping data for table `sid_actu_article`
--

LOCK TABLES `sid_actu_article` WRITE;
/*!40000 ALTER TABLE `sid_actu_article` DISABLE KEYS */;
INSERT INTO `sid_actu_article` (`id`, `rubrique_id`, `image`, `file`, `title_file`, `is_active`, `created_by`, `on_home`, `created_at`, `updated_at`, `position`) VALUES (6,2,115,25,'doc pdf cabinet',1,2,1,'2011-09-07 23:03:17','2011-09-28 21:30:38',1),(9,4,27,16,'',1,1,0,'2011-09-07 23:03:17','2011-09-28 21:24:19',3),(10,6,12,2,'si, placerat at, ultricies bibendum, mattis a, dolor',1,2,0,'2011-09-07 23:03:17','2011-09-28 21:24:18',2);
/*!40000 ALTER TABLE `sid_actu_article` ENABLE KEYS */;
UNLOCK TABLES;

--
-- Dumping data for table `sid_actu_article_dm_tag`
--

LOCK TABLES `sid_actu_article_dm_tag` WRITE;
/*!40000 ALTER TABLE `sid_actu_article_dm_tag` DISABLE KEYS */;
INSERT INTO `sid_actu_article_dm_tag` (`id`, `dm_tag_id`) VALUES (6,61);
/*!40000 ALTER TABLE `sid_actu_article_dm_tag` ENABLE KEYS */;
UNLOCK TABLES;

--
-- Dumping data for table `sid_actu_article_translation`
--

LOCK TABLES `sid_actu_article_translation` WRITE;
/*!40000 ALTER TABLE `sid_actu_article_translation` DISABLE KEYS */;
INSERT INTO `sid_actu_article_translation` (`id`, `title`, `resume`, `text`, `lang`, `version`) VALUES (6,'Notre actualité','Ténor, le site conçu par EXPERT INFOS pour les gestionnaires de patrimoine, comprend une rubrique auto-administrable où vous pouvez, directement de votre ordinateur, informer vos clients et prospects de votre actualité.','<p>\r\n	&nbsp;</p>\r\n<p>\r\n	<strong>NVITATION SALON DU PATRIMOINE PRIVE DE LYON</strong></p>\r\n<p>\r\n	<strong>Les 3 et 4 f&eacute;vrier 2012, nous serons pr&eacute;sents au Salon du Patrimoine Priv&eacute; R&eacute;gional</strong>,&nbsp;&nbsp;qui se d&eacute;roulera au Centre des Congr&egrave;s (cit&eacute; internationale) de Lyon.</p>\r\n<p>\r\n	Le Salon du Patrimoine Priv&eacute; R&eacute;gional destin&eacute; aux particuliers permet de faire connaitre au grand public les nouveaux produits de la gestion priv&eacute;e et rencontrer imm&eacute;diatement des professionnels et consultants gratuitement.</p>\r\n<p>\r\n	Venez nous rejoindre sur notre stand (T25) et participez &agrave; notre atelier sur<strong>&nbsp;l&#39;Optimisation fiscale de la r&eacute;cup&eacute;ration de tr&eacute;sorerie&nbsp; d&#39;une entreprise dans le patrimoine priv&eacute;</strong>&nbsp;(le 4 f&eacute;vrier - 10h45 - Salle Bleue).</p>\r\n<p>\r\n	Nous vous accueillerons avec plaisir et mettons &agrave; votre disposition d&egrave;s aujourd&#39;hui des invitations gratuites pour acc&eacute;der au salon et aux conf&eacute;rences.</p>\r\n<p>\r\n	&nbsp;</p>\r\n<p>\r\n	<strong>Contactez-nous pour en savoir plus :<br />\r\n	T&eacute;l : &nbsp;05 49 60 26 47&nbsp;&nbsp;&nbsp;&nbsp;&nbsp;&nbsp;<br />\r\n	Email :&nbsp;<a href=\"mailto:secretariat@le-site-du-cabinet-tenor.com\" target=\"_blank\">secretariat@le-site-du-<wbr>cabinet-tenor.com</wbr></a></strong></p>\r\n','fr',4),(9,'titre actu 8','résumé actu 8','<p>\r\n	Quisque leo. Vestibulum ante ipsum primis in faucibus orci luctus et ultrices posuere cubilia Curae; Praesent gravida. Aliquam egestas tellus a dolor. Aliquam rutrum erat mollis mi semper varius. Integer nec risus. Vivamus scelerisque ante. In pellentesque sollicitudin urna. Vestibulum rhoncus erat ut tellus. Cras elit sem, euismod nec, imperdiet quis, semper nec, dolor. Praesent sapien. Fusce sed lectus quis est malesuada dictum. Ut velit lectus, tempor sed, dictum ut, auctor nec, purus.</p>\r\n','fr',2),(10,'titre actu 9','résumé actu 9','<p>\r\n	Sed nec risus a eros auctor dapibus. Donec rhoncus feugiat arcu. Fusce non orci sit amet enim faucibus hendrerit. Aenean sagittis justo nec nulla. Curabitur mi nisi, placerat at, ultricies bibendum, mattis a, dolor. Aliquam bibendum mi eu mi. Donec varius dui id turpis. Morbi sit amet ipsum non sapien interdum viverra. Praesent convallis lobortis felis. Ut malesuada ante sed ligula. Donec lorem tellus, condimentum ut, feugiat quis, fermentum nec, ante. Donec varius. Aliquam aliquet ultrices lectus. Praesent mauris nunc, venenatis id, suscipit ut, mattis eget, felis. Donec lacus libero, tristique ac, blandit faucibus, rutrum in, dui.</p>\r\n','fr',2);
/*!40000 ALTER TABLE `sid_actu_article_translation` ENABLE KEYS */;
UNLOCK TABLES;

--
-- Dumping data for table `sid_actu_article_translation_version`
--

LOCK TABLES `sid_actu_article_translation_version` WRITE;
/*!40000 ALTER TABLE `sid_actu_article_translation_version` DISABLE KEYS */;
INSERT INTO `sid_actu_article_translation_version` (`id`, `lang`, `title`, `resume`, `text`, `version`) VALUES (6,'fr','eque. Aenean sed augue at neque tincidunt','tur leo erat, dictum sit amet, euismod id, interdum et, ipsum. Aenean tristique est varius metus. Etiam tristique ornare jus','Suspendisse pellentesque luctus diam. Fusce sem lorem, convallis ut, dictum at, blandit eu, erat. Vivamus fermentum. Duis egestas molestie arcu. Vestibulum ante ipsum primis in faucibus orci luctus et ultrices posuere cubilia Curae; Etiam et nulla convallis risus adipiscing consectetur. Nulla tempor ligula porttitor sapien. Nunc ut felis vitae odio fermentum sodales. Morbi velit massa, dapibus at, pharetra at, auctor ornare, risus. Donec lorem mi, elementum in, fermentum bibendum, molestie sed, justo. Vestibulum quam eros, malesuada condimentum, fermentum at, malesuada a, ligula. Duis congue nibh et justo. Pellentesque habitant morbi tristique senectus et netus et malesuada fames ac turpis egestas. In et libero.\n',1),(6,'fr','titre actu 5','résumé actu 5','<p>\r\n	Suspendisse pellentesque luctus diam. Fusce sem lorem, convallis ut, dictum at, blandit eu, erat. Vivamus fermentum. Duis egestas molestie arcu. Vestibulum ante ipsum primis in faucibus orci luctus et ultrices posuere cubilia Curae; Etiam et nulla convallis risus adipiscing consectetur. Nulla tempor ligula porttitor sapien. Nunc ut felis vitae odio fermentum sodales. Morbi velit massa, dapibus at, pharetra at, auctor ornare, risus. Donec lorem mi, elementum in, fermentum bibendum, molestie sed, justo. Vestibulum quam eros, malesuada condimentum, fermentum at, malesuada a, ligula. Duis congue nibh et justo. Pellentesque habitant morbi tristique senectus et netus et malesuada fames ac turpis egestas. In et libero.</p>\r\n',2),(6,'fr','titre actu 10','résumé actu 10','<p>\r\n	Suspendisse pellentesque luctus diam. Fusce sem lorem, convallis ut, dictum at, blandit eu, erat. Vivamus fermentum. Duis egestas molestie arcu. Vestibulum ante ipsum primis in faucibus orci luctus et ultrices posuere cubilia Curae; Etiam et nulla convallis risus adipiscing consectetur. Nulla tempor ligula porttitor sapien. Nunc ut felis vitae odio fermentum sodales. Morbi velit massa, dapibus at, pharetra at, auctor ornare, risus. Donec lorem mi, elementum in, fermentum bibendum, molestie sed, justo. Vestibulum quam eros, malesuada condimentum, fermentum at, malesuada a, ligula. Duis congue nibh et justo. Pellentesque habitant morbi tristique senectus et netus et malesuada fames ac turpis egestas. In et libero.</p>\r\n',3),(6,'fr','Notre actualité','Ténor, le site conçu par EXPERT INFOS pour les gestionnaires de patrimoine, comprend une rubrique auto-administrable où vous pouvez, directement de votre ordinateur, informer vos clients et prospects de votre actualité.','<p>\r\n	&nbsp;</p>\r\n<p>\r\n	<strong>NVITATION SALON DU PATRIMOINE PRIVE DE LYON</strong></p>\r\n<p>\r\n	<strong>Les 3 et 4 f&eacute;vrier 2012, nous serons pr&eacute;sents au Salon du Patrimoine Priv&eacute; R&eacute;gional</strong>,&nbsp;&nbsp;qui se d&eacute;roulera au Centre des Congr&egrave;s (cit&eacute; internationale) de Lyon.</p>\r\n<p>\r\n	Le Salon du Patrimoine Priv&eacute; R&eacute;gional destin&eacute; aux particuliers permet de faire connaitre au grand public les nouveaux produits de la gestion priv&eacute;e et rencontrer imm&eacute;diatement des professionnels et consultants gratuitement.</p>\r\n<p>\r\n	Venez nous rejoindre sur notre stand (T25) et participez &agrave; notre atelier sur<strong>&nbsp;l&#39;Optimisation fiscale de la r&eacute;cup&eacute;ration de tr&eacute;sorerie&nbsp; d&#39;une entreprise dans le patrimoine priv&eacute;</strong>&nbsp;(le 4 f&eacute;vrier - 10h45 - Salle Bleue).</p>\r\n<p>\r\n	Nous vous accueillerons avec plaisir et mettons &agrave; votre disposition d&egrave;s aujourd&#39;hui des invitations gratuites pour acc&eacute;der au salon et aux conf&eacute;rences.</p>\r\n<p>\r\n	&nbsp;</p>\r\n<p>\r\n	<strong>Contactez-nous pour en savoir plus :<br />\r\n	T&eacute;l : &nbsp;05 49 60 26 47&nbsp;&nbsp;&nbsp;&nbsp;&nbsp;&nbsp;<br />\r\n	Email :&nbsp;<a href=\"mailto:secretariat@le-site-du-cabinet-tenor.com\" target=\"_blank\">secretariat@le-site-du-<wbr>cabinet-tenor.com</wbr></a></strong></p>\r\n',4),(9,'fr','nisl nec lacus. Nulla eget enim ut diam tempus faucibus. Pellentesque diam. Morbi ligula metus, malesuada eget, ti','in lorem non purus elementum fermentum. Fusce ut tellus id lacus sagittis pellentesqu','Quisque leo. Vestibulum ante ipsum primis in faucibus orci luctus et ultrices posuere cubilia Curae; Praesent gravida. Aliquam egestas tellus a dolor. Aliquam rutrum erat mollis mi semper varius. Integer nec risus. Vivamus scelerisque ante. In pellentesque sollicitudin urna. Vestibulum rhoncus erat ut tellus. Cras elit sem, euismod nec, imperdiet quis, semper nec, dolor. Praesent sapien. Fusce sed lectus quis est malesuada dictum. Ut velit lectus, tempor sed, dictum ut, auctor nec, purus.\n',1),(9,'fr','titre actu 8','résumé actu 8','<p>\r\n	Quisque leo. Vestibulum ante ipsum primis in faucibus orci luctus et ultrices posuere cubilia Curae; Praesent gravida. Aliquam egestas tellus a dolor. Aliquam rutrum erat mollis mi semper varius. Integer nec risus. Vivamus scelerisque ante. In pellentesque sollicitudin urna. Vestibulum rhoncus erat ut tellus. Cras elit sem, euismod nec, imperdiet quis, semper nec, dolor. Praesent sapien. Fusce sed lectus quis est malesuada dictum. Ut velit lectus, tempor sed, dictum ut, auctor nec, purus.</p>\r\n',2),(10,'fr','mi diam in tellus.','tum scelerisque, nul','Sed nec risus a eros auctor dapibus. Donec rhoncus feugiat arcu. Fusce non orci sit amet enim faucibus hendrerit. Aenean sagittis justo nec nulla. Curabitur mi nisi, placerat at, ultricies bibendum, mattis a, dolor. Aliquam bibendum mi eu mi. Donec varius dui id turpis. Morbi sit amet ipsum non sapien interdum viverra. Praesent convallis lobortis felis. Ut malesuada ante sed ligula. Donec lorem tellus, condimentum ut, feugiat quis, fermentum nec, ante. Donec varius. Aliquam aliquet ultrices lectus. Praesent mauris nunc, venenatis id, suscipit ut, mattis eget, felis. Donec lacus libero, tristique ac, blandit faucibus, rutrum in, dui.\n',1),(10,'fr','titre actu 9','résumé actu 9','<p>\r\n	Sed nec risus a eros auctor dapibus. Donec rhoncus feugiat arcu. Fusce non orci sit amet enim faucibus hendrerit. Aenean sagittis justo nec nulla. Curabitur mi nisi, placerat at, ultricies bibendum, mattis a, dolor. Aliquam bibendum mi eu mi. Donec varius dui id turpis. Morbi sit amet ipsum non sapien interdum viverra. Praesent convallis lobortis felis. Ut malesuada ante sed ligula. Donec lorem tellus, condimentum ut, feugiat quis, fermentum nec, ante. Donec varius. Aliquam aliquet ultrices lectus. Praesent mauris nunc, venenatis id, suscipit ut, mattis eget, felis. Donec lacus libero, tristique ac, blandit faucibus, rutrum in, dui.</p>\r\n',2);
/*!40000 ALTER TABLE `sid_actu_article_translation_version` ENABLE KEYS */;
UNLOCK TABLES;

--
-- Dumping data for table `sid_actu_type`
--

LOCK TABLES `sid_actu_type` WRITE;
/*!40000 ALTER TABLE `sid_actu_type` DISABLE KEYS */;
INSERT INTO `sid_actu_type` (`id`, `is_active`, `created_at`, `updated_at`, `position`) VALUES (2,1,'2011-08-19 02:05:04','2011-08-19 02:05:04',-2);
/*!40000 ALTER TABLE `sid_actu_type` ENABLE KEYS */;
UNLOCK TABLES;

--
-- Dumping data for table `sid_actu_type_translation`
--

LOCK TABLES `sid_actu_type_translation` WRITE;
/*!40000 ALTER TABLE `sid_actu_type_translation` DISABLE KEYS */;
INSERT INTO `sid_actu_type_translation` (`id`, `title`, `lang`, `version`) VALUES (2,'éditer sur le site','fr',1);
/*!40000 ALTER TABLE `sid_actu_type_translation` ENABLE KEYS */;
UNLOCK TABLES;

--
-- Dumping data for table `sid_actu_type_translation_version`
--

LOCK TABLES `sid_actu_type_translation_version` WRITE;
/*!40000 ALTER TABLE `sid_actu_type_translation_version` DISABLE KEYS */;
INSERT INTO `sid_actu_type_translation_version` (`id`, `lang`, `title`, `version`) VALUES (2,'fr','éditer sur le site',1);
/*!40000 ALTER TABLE `sid_actu_type_translation_version` ENABLE KEYS */;
UNLOCK TABLES;

--
-- Dumping data for table `sid_actu_type_article`
--

LOCK TABLES `sid_actu_type_article` WRITE;
/*!40000 ALTER TABLE `sid_actu_type_article` DISABLE KEYS */;
/*!40000 ALTER TABLE `sid_actu_type_article` ENABLE KEYS */;
UNLOCK TABLES;

--
-- Dumping data for table `sid_cabinet_accueil`
--

LOCK TABLES `sid_cabinet_accueil` WRITE;
/*!40000 ALTER TABLE `sid_cabinet_accueil` DISABLE KEYS */;
INSERT INTO `sid_cabinet_accueil` (`id`, `is_active`, `created_at`, `updated_at`, `position`) VALUES (1,1,'2011-08-10 22:14:10','2011-08-10 22:14:10',-1);
/*!40000 ALTER TABLE `sid_cabinet_accueil` ENABLE KEYS */;
UNLOCK TABLES;

--
-- Dumping data for table `sid_cabinet_accueil_translation`
--

LOCK TABLES `sid_cabinet_accueil_translation` WRITE;
/*!40000 ALTER TABLE `sid_cabinet_accueil_translation` DISABLE KEYS */;
INSERT INTO `sid_cabinet_accueil_translation` (`id`, `presentation`, `mission`, `equipe`, `lang`, `version`) VALUES (1,'<p>\r\n	Les associ&eacute;s et collaborateurs de {{nomcabinet}} ont une longue exp&eacute;rience du conseil patrimonial et une expertise professionnelle reconnue. Ils ont notamment eu des responsabilit&eacute;s de direction au sein de groupes financiers de premier plan.<br />\r\n	{{nomcabinet}} se pr&eacute;vaut, &agrave; ce titre, d&#39;une analyse objective du march&eacute; pour pr&eacute;senter &agrave; sa client&egrave;le une offre compl&egrave;te et de qualit&eacute; de produits de placements.</p>\r\n','<p>\r\n	Notre m&eacute;tier consiste &agrave; vous accompagner pour optimiser tous les sujets qui concernent votre patrimoine : &eacute;pargne, placements, investissements, imp&ocirc;ts, retraite, pr&eacute;voyance...<br />\r\n	Nous sommes ind&eacute;pendants, c&#39;est-&agrave;-dire que nous ne sommes attach&eacute;s &agrave; aucun organisme ou produit en particulier. Nous avons donc une approche sur-mesure et s&eacute;lectionnons sur le march&eacute; les produits qui r&eacute;pondent &agrave; vos objectifs et sont adapt&eacute;s &agrave; votre situation.</p>\r\n','','fr',7);
/*!40000 ALTER TABLE `sid_cabinet_accueil_translation` ENABLE KEYS */;
UNLOCK TABLES;

--
-- Dumping data for table `sid_cabinet_accueil_translation_version`
--

LOCK TABLES `sid_cabinet_accueil_translation_version` WRITE;
/*!40000 ALTER TABLE `sid_cabinet_accueil_translation_version` DISABLE KEYS */;
INSERT INTO `sid_cabinet_accueil_translation_version` (`id`, `lang`, `presentation`, `mission`, `equipe`, `version`) VALUES (1,'fr','<p>\r\n	Le Nom du Cabinet est une soci&eacute;t&eacute; d&#39;expertise-comptable et de commissariat aux comptes implant&eacute;e &agrave; Paris et dans le d&eacute;partement de la Vienne.<br />\r\n	Elle est dirig&eacute;e par 2 associ&eacute;s, messieurs Emmanuel Legrand et Alain Lefort, entour&eacute;s d&#39;une &eacute;quipe de professionnels qui sont &agrave; votre &eacute;coute pour vous conseiller, construire, d&eacute;velopper.<br />\r\n	Forte de plus de 600 clients, le Nom du Cabinet intervient dans tous les secteurs d&#39;activit&eacute; : commerce, industrie, professions lib&eacute;rales, associations...</p>\r\n<p>\r\n	<a href=\"le-cabinet/presentation\">en savoir plus sur Le Nom du Cabinet<br />\r\n	</a></p>\r\n','<p>\r\n	L&#39;expert-comptable, sp&eacute;cialiste pluridisciplinaire, dispose de comp&eacute;tences &eacute;tendues pour vous suivre et vous conseiller durant toute la vie de votre entreprise.<br />\r\n	Notre cabinet met &agrave; votre disposition un savoir-faire reconnu en mati&egrave;re financi&egrave;re, fiscale, sociale, juridique, informatique et de gestion.</p>\r\n<p>\r\n	<a href=\"nos-missions\">en savoir plus sur nos missions<br />\r\n	</a></p>\r\n','',1),(1,'fr','<p>\r\n	Le Nom du Cabinet est une soci&eacute;t&eacute; d&#39;expertise-comptable et de commissariat aux comptes implant&eacute;e &agrave; Paris et dans le d&eacute;partement de la Vienne.<br />\r\n	Elle est dirig&eacute;e par 2 associ&eacute;s, messieurs Emmanuel Legrand et Alain Lefort, entour&eacute;s d&#39;une &eacute;quipe de professionnels qui sont &agrave; votre &eacute;coute pour vous conseiller, construire, d&eacute;velopper.<br />\r\n	Forte de plus de 600 clients, le Nom du Cabinet intervient dans tous les secteurs d&#39;activit&eacute; : commerce, industrie, professions lib&eacute;rales, associations...</p>\r\n','<p>\r\n	L&#39;expert-comptable, sp&eacute;cialiste pluridisciplinaire, dispose de comp&eacute;tences &eacute;tendues pour vous suivre et vous conseiller durant toute la vie de votre entreprise.<br />\r\n	Notre cabinet met &agrave; votre disposition un savoir-faire reconnu en mati&egrave;re financi&egrave;re, fiscale, sociale, juridique, informatique et de gestion.</p>\r\n','',2),(1,'fr','<p>\r\n	#Le Nom du Cabinet# est une soci&eacute;t&eacute; d&#39;expertise-comptable et de commissariat aux comptes implant&eacute;e &agrave; Paris et dans le d&eacute;partement de la Vienne.<br />\r\n	Elle est dirig&eacute;e par 2 associ&eacute;s, messieurs Emmanuel Legrand et Alain Lefort, entour&eacute;s d&#39;une &eacute;quipe de professionnels qui sont &agrave; votre &eacute;coute pour vous conseiller, construire, d&eacute;velopper.<br />\r\n	Forte de plus de 600 clients, le Nom du Cabinet intervient dans tous les secteurs d&#39;activit&eacute; : commerce, industrie, professions lib&eacute;rales, associations...</p>\r\n','<p>\r\n	L&#39;expert-comptable, sp&eacute;cialiste pluridisciplinaire, dispose de comp&eacute;tences &eacute;tendues pour vous suivre et vous conseiller durant toute la vie de votre entreprise.<br />\r\n	Notre cabinet met &agrave; votre disposition un savoir-faire reconnu en mati&egrave;re financi&egrave;re, fiscale, sociale, juridique, informatique et de gestion.</p>\r\n','',3),(1,'fr','<p>\r\n	#Le Nom du Cabinet# est une soci&eacute;t&eacute; d&#39;expertise-comptable et de commissariat aux comptes implant&eacute;e &agrave; Paris et dans le d&eacute;partement de la Vienne.<br />\r\n	Elle est dirig&eacute;e par 2 associ&eacute;s, messieurs Emmanuel Legrand et Alain Lefort, entour&eacute;s d&#39;une &eacute;quipe de professionnels qui sont &agrave; votre &eacute;coute pour vous conseiller, construire, d&eacute;velopper.<br />\r\n	Forte de plus de 600 clients, #le Nom du Cabinet# intervient dans tous les secteurs d&#39;activit&eacute; : commerce, industrie, professions lib&eacute;rales, associations...</p>\r\n','<p>\r\n	L&#39;expert-comptable, sp&eacute;cialiste pluridisciplinaire, dispose de comp&eacute;tences &eacute;tendues pour vous suivre et vous conseiller durant toute la vie de votre entreprise.<br />\r\n	Notre cabinet met &agrave; votre disposition un savoir-faire reconnu en mati&egrave;re financi&egrave;re, fiscale, sociale, juridique, informatique et de gestion.</p>\r\n','',4),(1,'fr','<p>\r\n	Les associ&eacute;s et collaborateurs de Le Nom du Cabinet ont une longue exp&eacute;rience du conseil patrimonial et une expertise professionnelle reconnue. Ils ont notamment eu des responsabilit&eacute;s de direction au sein de groupes financiers de premier plan.<br />\r\n	Le Nom du Cabinet se pr&eacute;vaut, &agrave; ce titre, d&#39;une analyse objective du march&eacute; pour pr&eacute;senter &agrave; sa client&egrave;le une offre compl&egrave;te et de qualit&eacute; de produits de placements.</p>\r\n','<p>\r\n	Notre m&eacute;tier consiste &agrave; vous accompagner pour optimiser tous les sujets qui concernent votre patrimoine : &eacute;pargne, placements, investissements, imp&ocirc;ts, retraite, pr&eacute;voyance...<br />\r\n	Nous sommes ind&eacute;pendants, c&#39;est-&agrave;-dire que nous ne sommes attach&eacute;s &agrave; aucun organisme ou produit en particulier. Nous avons donc une approche sur-mesure et s&eacute;lectionnons sur le march&eacute; les produits qui r&eacute;pondent &agrave; vos objectifs et sont adapt&eacute;s &agrave; votre situation.</p>\r\n','',5),(1,'fr','<p>\r\n	Les associ&eacute;s et collaborateurs de {{nomcabinet}}ont une longue exp&eacute;rience du conseil patrimonial et une expertise professionnelle reconnue. Ils ont notamment eu des responsabilit&eacute;s de direction au sein de groupes financiers de premier plan.<br />\r\n	{{nomcabinet}} se pr&eacute;vaut, &agrave; ce titre, d&#39;une analyse objective du march&eacute; pour pr&eacute;senter &agrave; sa client&egrave;le une offre compl&egrave;te et de qualit&eacute; de produits de placements.</p>\r\n','<p>\r\n	Notre m&eacute;tier consiste &agrave; vous accompagner pour optimiser tous les sujets qui concernent votre patrimoine : &eacute;pargne, placements, investissements, imp&ocirc;ts, retraite, pr&eacute;voyance...<br />\r\n	Nous sommes ind&eacute;pendants, c&#39;est-&agrave;-dire que nous ne sommes attach&eacute;s &agrave; aucun organisme ou produit en particulier. Nous avons donc une approche sur-mesure et s&eacute;lectionnons sur le march&eacute; les produits qui r&eacute;pondent &agrave; vos objectifs et sont adapt&eacute;s &agrave; votre situation.</p>\r\n','',6),(1,'fr','<p>\r\n	Les associ&eacute;s et collaborateurs de {{nomcabinet}} ont une longue exp&eacute;rience du conseil patrimonial et une expertise professionnelle reconnue. Ils ont notamment eu des responsabilit&eacute;s de direction au sein de groupes financiers de premier plan.<br />\r\n	{{nomcabinet}} se pr&eacute;vaut, &agrave; ce titre, d&#39;une analyse objective du march&eacute; pour pr&eacute;senter &agrave; sa client&egrave;le une offre compl&egrave;te et de qualit&eacute; de produits de placements.</p>\r\n','<p>\r\n	Notre m&eacute;tier consiste &agrave; vous accompagner pour optimiser tous les sujets qui concernent votre patrimoine : &eacute;pargne, placements, investissements, imp&ocirc;ts, retraite, pr&eacute;voyance...<br />\r\n	Nous sommes ind&eacute;pendants, c&#39;est-&agrave;-dire que nous ne sommes attach&eacute;s &agrave; aucun organisme ou produit en particulier. Nous avons donc une approche sur-mesure et s&eacute;lectionnons sur le march&eacute; les produits qui r&eacute;pondent &agrave; vos objectifs et sont adapt&eacute;s &agrave; votre situation.</p>\r\n','',7);
/*!40000 ALTER TABLE `sid_cabinet_accueil_translation_version` ENABLE KEYS */;
UNLOCK TABLES;

--
-- Dumping data for table `sid_cabinet_equipe`
--

LOCK TABLES `sid_cabinet_equipe` WRITE;
/*!40000 ALTER TABLE `sid_cabinet_equipe` DISABLE KEYS */;
INSERT INTO `sid_cabinet_equipe` (`id`, `image`, `is_active`, `created_at`, `updated_at`, `position`) VALUES (1,6,1,'2011-08-11 20:32:45','2011-08-11 20:32:45',-1),(2,7,1,'2011-08-11 20:50:13','2011-09-15 12:37:03',-2),(3,29,1,'2011-08-11 20:51:37','2011-09-14 19:07:19',-3);
/*!40000 ALTER TABLE `sid_cabinet_equipe` ENABLE KEYS */;
UNLOCK TABLES;

--
-- Dumping data for table `sid_cabinet_equipe_dm_tag`
--

LOCK TABLES `sid_cabinet_equipe_dm_tag` WRITE;
/*!40000 ALTER TABLE `sid_cabinet_equipe_dm_tag` DISABLE KEYS */;
INSERT INTO `sid_cabinet_equipe_dm_tag` (`id`, `dm_tag_id`) VALUES (2,61);
/*!40000 ALTER TABLE `sid_cabinet_equipe_dm_tag` ENABLE KEYS */;
UNLOCK TABLES;

--
-- Dumping data for table `sid_cabinet_equipe_translation`
--

LOCK TABLES `sid_cabinet_equipe_translation` WRITE;
/*!40000 ALTER TABLE `sid_cabinet_equipe_translation` DISABLE KEYS */;
INSERT INTO `sid_cabinet_equipe_translation` (`id`, `title`, `statut`, `tel`, `fax`, `gsm`, `email`, `text`, `lang`, `version`) VALUES (1,'Monsieur Legrand','Expert-Comptable Associé','05 49 60 20 61','','','legrand@lesiteducabinetconcerto.com','<p>\r\n	Dipl&ocirc;m&eacute; de l&#39;Institut du droit des affaires de l&#39;universit&eacute; Paris-II, Monsieur Legrand est co-fondateur du cabinet, Expert-comptable et Commissaire aux comptes. Il est en charge des activit&eacute;s Cr&eacute;ation d&rsquo;entreprise, Evaluation, Consolidation, Syst&egrave;mes d&rsquo;information, Outsourcing et Formation.</p>\r\n','fr',1),(2,'Monsieur Lefort','Expert-Comptable Associé','01 23 45 67 89','','','lefort@lesiteducabinetconcerto.com','<p>\r\n	Monsieur Lefort a fond&eacute; le cabinet avec M.Legrand, apr&egrave;s une formation en science de gestion, l&rsquo;obtention du DSCG et DEC et plusieurs exp&eacute;riences dans les plus grands cabinets et r&eacute;seaux. Vrai g&eacute;n&eacute;raliste de l&rsquo;expertise comptable, il manage nos diff&eacute;rents collaborateurs sp&eacute;cialis&eacute;s sur Paris.</p>\r\n','fr',1),(3,'Madame Lexperte','Expert-Comptable','05 49 60 20 63','','','lexpert@lesiteducabinetconcerto.com','<p>\r\n	Associ&eacute;e, Expert-comptable et Commissaire aux comptes, Madame Lexperte a rejoint le cabinet en 2007 pour prendre en charge les activit&eacute;s Expertise-comptable, Audit, Conseil en mati&egrave;re sociale et fiscale, Assistance juridique et Transmissions d&rsquo;entreprises.</p>\r\n','fr',1);
/*!40000 ALTER TABLE `sid_cabinet_equipe_translation` ENABLE KEYS */;
UNLOCK TABLES;

--
-- Dumping data for table `sid_cabinet_equipe_translation_version`
--

LOCK TABLES `sid_cabinet_equipe_translation_version` WRITE;
/*!40000 ALTER TABLE `sid_cabinet_equipe_translation_version` DISABLE KEYS */;
INSERT INTO `sid_cabinet_equipe_translation_version` (`id`, `lang`, `title`, `statut`, `tel`, `fax`, `gsm`, `email`, `text`, `version`) VALUES (1,'fr','Monsieur Legrand','Expert-Comptable Associé','05 49 60 20 61','','','legrand@lesiteducabinetconcerto.com','<p>\r\n	Dipl&ocirc;m&eacute; de l&#39;Institut du droit des affaires de l&#39;universit&eacute; Paris-II, Monsieur Legrand est co-fondateur du cabinet, Expert-comptable et Commissaire aux comptes. Il est en charge des activit&eacute;s Cr&eacute;ation d&rsquo;entreprise, Evaluation, Consolidation, Syst&egrave;mes d&rsquo;information, Outsourcing et Formation.</p>\r\n',1),(2,'fr','Monsieur Lefort','Expert-Comptable Associé','01 23 45 67 89','','','lefort@lesiteducabinetconcerto.com','<p>\r\n	Monsieur Lefort a fond&eacute; le cabinet avec M.Legrand, apr&egrave;s une formation en science de gestion, l&rsquo;obtention du DSCG et DEC et plusieurs exp&eacute;riences dans les plus grands cabinets et r&eacute;seaux. Vrai g&eacute;n&eacute;raliste de l&rsquo;expertise comptable, il manage nos diff&eacute;rents collaborateurs sp&eacute;cialis&eacute;s sur Paris.</p>\r\n',1),(3,'fr','Madame Lexperte','Expert-Comptable','05 49 60 20 63','','','lexpert@lesiteducabinetconcerto.com','<p>\r\n	Associ&eacute;e, Expert-comptable et Commissaire aux comptes, Madame Lexperte a rejoint le cabinet en 2007 pour prendre en charge les activit&eacute;s Expertise-comptable, Audit, Conseil en mati&egrave;re sociale et fiscale, Assistance juridique et Transmissions d&rsquo;entreprises.</p>\r\n',1);
/*!40000 ALTER TABLE `sid_cabinet_equipe_translation_version` ENABLE KEYS */;
UNLOCK TABLES;

--
-- Dumping data for table `sid_cabinet_mission`
--

LOCK TABLES `sid_cabinet_mission` WRITE;
/*!40000 ALTER TABLE `sid_cabinet_mission` DISABLE KEYS */;
INSERT INTO `sid_cabinet_mission` (`id`, `on_home`, `is_active`, `created_at`, `updated_at`, `position`) VALUES (1,0,1,'2011-08-10 22:20:10','2011-08-10 22:26:53',1),(2,0,1,'2011-08-10 22:21:58','2011-08-25 05:33:48',2),(3,0,1,'2011-08-10 22:22:26','2011-08-25 05:33:46',3),(4,0,1,'2011-08-10 22:23:05','2011-08-25 05:33:47',4),(5,0,1,'2011-08-10 22:23:34','2011-08-10 22:26:53',5),(6,0,1,'2011-08-10 22:24:10','2011-08-10 22:26:53',6),(7,0,1,'2011-08-10 22:25:01','2011-08-10 22:26:53',7),(8,0,1,'2011-08-10 22:25:51','2011-08-29 15:34:30',8);
/*!40000 ALTER TABLE `sid_cabinet_mission` ENABLE KEYS */;
UNLOCK TABLES;

--
-- Dumping data for table `sid_cabinet_mission_dm_tag`
--

LOCK TABLES `sid_cabinet_mission_dm_tag` WRITE;
/*!40000 ALTER TABLE `sid_cabinet_mission_dm_tag` DISABLE KEYS */;
INSERT INTO `sid_cabinet_mission_dm_tag` (`id`, `dm_tag_id`) VALUES (3,61);
/*!40000 ALTER TABLE `sid_cabinet_mission_dm_tag` ENABLE KEYS */;
UNLOCK TABLES;

--
-- Dumping data for table `sid_cabinet_mission_translation`
--

LOCK TABLES `sid_cabinet_mission_translation` WRITE;
/*!40000 ALTER TABLE `sid_cabinet_mission_translation` DISABLE KEYS */;
INSERT INTO `sid_cabinet_mission_translation` (`id`, `title`, `text`, `lang`, `version`) VALUES (1,'Tous nos services','<h4>\r\n	L&#39;audit patrimonial</h4>\r\n<p>\r\n	L&#39;optimisation civile, juridique, financi&egrave;re et fiscale de votre patrimoine a pour objectif d&#39;accro&icirc;tre votre cadre et votre niveau de vie tout en augmentant votre autonomie et votre s&eacute;curit&eacute;...</p>\r\n<p>\r\n	<a href=\"/nos-services/l-audit-patrimonial\">en savoir plus sur l&#39;audit patrimonial</a></p>\r\n<h4>\r\n	Les placements financiers</h4>\r\n<p>\r\n	Nous sommes en contact avec de multiples gestionnaires que nous avons s&eacute;lectionn&eacute;s sur les diff&eacute;rents march&eacute;s (plus de 50) et qui nous permettent de vous proposer des produits totalement adapt&eacute;s &agrave; vos objectifs en mati&egrave;re de placements financiers.</p>\r\n<p>\r\n	<a href=\"/nos-services/les-placements-financiers\">en savoir plus sur les placements financiers</a></p>\r\n<h4>\r\n	L&#39;assurance-vie</h4>\r\n<p>\r\n	L&#39;assurance-vie repr&eacute;sente plus de 40 % des actifs financiers des Fran&ccedil;ais, car elle constitue une formule de placement souple et tr&egrave;s favorable sur le plan fiscal pour r&eacute;pondre &agrave; une multitude d&#39;objectifs : placement, &eacute;pargne, revenus compl&eacute;mentaires, pr&eacute;paration de la retraite ou protection de la famille en cas de d&eacute;c&egrave;s avec des droits de succession nuls ou limit&eacute;s.</p>\r\n<p>\r\n	<a href=\"/nos-services/l-assurance-vie\">en savoir plus sur l&#39;assurance-vie</a></p>\r\n<h5 class=\"title\">\r\n	Les investissements immobiliers</h5>\r\n<p>\r\n	L&#39;investissement immobilier locatif consiste &agrave; acheter un logement immobilier pour le louer, se constituer un patrimoine, percevoir des revenus compl&eacute;mentaires et d&eacute;fiscaliser.</p>\r\n<p>\r\n	<a href=\"/nos-services/les-investissements-immobiliers\">en savoir plus sur les investissements immobiliers</a></p>\r\n<h4>\r\n	La transmission de patrimoine</h4>\r\n<p>\r\n	Le dispositif de transmission de votre patrimoine se construit en tenant compte de votre situation sp&eacute;cifique : famille recompos&eacute;e ou non, ayant-droits multiples, souhait d&#39;effectuer des donations de votre vivant ou de privil&eacute;gier la transmission au d&eacute;c&egrave;s...</p>\r\n<p>\r\n	<a href=\"/nos-services/la-transmission-de-patrimoine-optimisation-financiere-civile-fiscale\">en savoir plus sur la transmission de patrimoine</a></p>\r\n<h4>\r\n	Les services aux professionnels</h4>\r\n<p>\r\n	{{nomcabinet}} peut &eacute;galement intervenir sur diff&eacute;rents aspects de votre patrimoine professionnel. Voici quelques exemples de nos domaines d&#39;expertise&nbsp;:</p>\r\n<ul>\r\n	<li>\r\n		Optimisation financi&egrave;re et fiscale de la gestion de tr&eacute;sorerie&nbsp;;</li>\r\n	<li>\r\n		Capitalisation&nbsp;;</li>\r\n	<li>\r\n		Pr&eacute;voyance individuelle et collective&nbsp;;</li>\r\n	<li>\r\n		Epargne-Retraite (art 83, art 39, Perp, Perco, PEI, loi Madelin)&nbsp;;</li>\r\n	<li>\r\n		Compl&eacute;mentaire sant&eacute;&nbsp;;</li>\r\n	<li>\r\n		Pr&eacute;voyance d&eacute;c&egrave;s&nbsp;;</li>\r\n	<li>\r\n		Transmission de votre entreprise, optimisation financi&egrave;re et fiscale&nbsp;;</li>\r\n	<li>\r\n		Garanties en cas d&#39;arr&ecirc;t d&#39;activit&eacute; (maladie, accident, faillite).</li>\r\n</ul>\r\n<p>\r\n	<a href=\"/nos-services/les-services-aux-professionnels\">en savoir plus sur les services aux professionnels</a></p>\r\n<h4>\r\n	Le service &quot;Family&nbsp;Office&quot;</h4>\r\n<p>\r\n	{{nomcabinet}} vous propose &eacute;galement un service haut de gamme &quot;Family Office&quot; pour vous accompagner au quotidien dans toutes vos probl&eacute;matiques patrimoniales.</p>\r\n<p>\r\n	<a href=\"/nos-services/le-service-family-office\">en savoir plus sur le service &quot;Family Office&quot;</a></p>\r\n','fr',6),(2,'L\'audit patrimonial','<p>\r\n	L&#39;optimisation civile, juridique, financi&egrave;re et fiscale de votre patrimoine a pour objectif d&#39;accro&icirc;tre votre cadre et votre niveau de vie, tout en augmentant votre autonomie et votre s&eacute;curit&eacute;. Cet audit nous permettra, en fonction de vos choix, de construire votre architecture patrimoniale, puis de vous conseiller et de g&eacute;rer les diff&eacute;rents produits et services qui correspondent &agrave; vos objectifs &agrave; court, moyen et long termes.<br />\r\n	C&#39;est pour nous le point de d&eacute;part indispensable &agrave; une relation de qualit&eacute; et de confiance avec vous.</p>\r\n','fr',2),(3,'Les placements financiers','<p>\r\n	Nous sommes en contact avec de multiples gestionnaires que nous avons s&eacute;lectionn&eacute;s sur les diff&eacute;rents march&eacute;s (plus de 50) et qui nous permettent de vous proposer des produits totalement adapt&eacute;s &agrave; vos objectifs en mati&egrave;re de placements financiers.<br />\r\n	Cette activit&eacute; &laquo;&nbsp;multi-gestion&nbsp;&raquo; est une activit&eacute; &agrave; valeur ajout&eacute;e car elle est diversifi&eacute;e, s&eacute;curis&eacute;e et elle est propos&eacute;e sans frais suppl&eacute;mentaires&nbsp;:</p>\r\n<ul>\r\n	<li>\r\n		soit en direct (gestion libre, gestion par objectif, arbitrage progressif, consolidation des plus-values...)&nbsp;;</li>\r\n	<li>\r\n		soit au travers d&#39;un contrat d&#39;assurance-placement (gestion libre, gestion par objectif, arbitrage progressif, consolidation des plus-values, stop-Loss...).</li>\r\n</ul>\r\n','fr',2),(4,'L\'assurance-vie','<div id=\"content-area\">\r\n	<p>\r\n		L&#39;assurance-vie repr&eacute;sente plus de 40 % des actifs financiers des Fran&ccedil;ais, car elle constitue une formule de placement souple et tr&egrave;s favorable sur le plan fiscal pour r&eacute;pondre &agrave; une multitude d&#39;objectifs : &eacute;pargne, revenus compl&eacute;mentaires, pr&eacute;paration de la retraite ou protection de la famille en cas de d&eacute;c&egrave;s avec des droits de succession nuls ou limit&eacute;s, etc.</p>\r\n	<p>\r\n		{{nomcabinet}} vous aide &agrave; choisir parmi les supports d&#39;&eacute;pargne en s&eacute;lectionnant les mieux adapt&eacute;s &agrave; votre profil d&#39;&eacute;pargnant.</p>\r\n</div>\r\n','fr',3),(5,'Les investissements immobiliers','<p>\r\n	L&#39;investissement immobilier locatif consiste &agrave; acheter un logement immobilier pour le louer, se constituer un patrimoine et percevoir des revenus compl&eacute;mentaires.</p>\r\n<p>\r\n	Le bien immobilier peut &ecirc;tre neuf ou ancien. Dans la majorit&eacute; des cas, l&#39;achat du bien immobilier se fait &agrave; cr&eacute;dit, et les loyers per&ccedil;us permettent de rembourser une partie des mensualit&eacute;s du pr&ecirc;t. Certaines lois fran&ccedil;aises permettent &eacute;galement de d&eacute;fiscaliser, c&#39;est-&agrave;-dire d&#39;investir tout en r&eacute;duisant ses imp&ocirc;ts.<br />\r\n	Voici quelques exemples de solutions que nous pouvons vous proposer&nbsp;:</p>\r\n<ul>\r\n	<li>\r\n		D&eacute;fiscalisation immobili&egrave;re (Lois Scellier, Malraux, Loueur en Meubl&eacute;, Girardin, Monuments Historiques, D&eacute;ficits Fonciers, Murs de Boutique, Viagers, etc)&nbsp;;</li>\r\n	<li>\r\n		Cr&eacute;dits Immobiliers &agrave; taux pr&eacute;f&eacute;rentiels sans domiciliation bancaire&nbsp;;</li>\r\n	<li>\r\n		Assurances de pr&ecirc;ts jusqu&#39;&agrave; 75 ans &agrave; la souscription.</li>\r\n</ul>\r\n','fr',2),(6,'La transmission de patrimoine (optimisation financière, civile, fiscale)','<p>\r\n	Le dispositif de transmission de votre patrimoine se construit en tenant compte de votre situation sp&eacute;cifique : famille recompos&eacute;e ou non, ayant-droits multiples, souhait d&#39;effectuer des donations de votre vivant ou de privil&eacute;gier la transmission au d&eacute;c&egrave;s...<br />\r\n	Vous pouvez &eacute;galement souhaiter transmettre la propri&eacute;t&eacute; sans perdre la facult&eacute; de l&#39;utiliser gr&acirc;ce &agrave; l&#39;utilisation d&#39;outils juridiques sp&eacute;cifiques.<br />\r\n	Voici quelques exemples de solutions : donation de biens entre &eacute;poux, donation-partage, avantages matrimoniaux, changement de r&eacute;gime matrimonial, soci&eacute;t&eacute; civile, testament...</p>\r\n','fr',2),(7,'Les services aux professionnels','<p>\r\n	{{nomcabinet}} peut &eacute;galement intervenir sur diff&eacute;rents aspects de votre patrimoine professionnel. Voici quelques exemples de nos domaines d&#39;expertise&nbsp;:</p>\r\n<ul>\r\n	<li>\r\n		Optimisation financi&egrave;re et fiscale de la gestion de tr&eacute;sorerie&nbsp;;</li>\r\n	<li>\r\n		Capitalisation&nbsp;;</li>\r\n	<li>\r\n		Pr&eacute;voyance individuelle et collective&nbsp;;</li>\r\n	<li>\r\n		Epargne-Retraite (art 83, art 39, Perp, Perco, PEI, loi Madelin)&nbsp;;</li>\r\n	<li>\r\n		Compl&eacute;mentaire sant&eacute;&nbsp;;</li>\r\n	<li>\r\n		Pr&eacute;voyance d&eacute;c&egrave;s&nbsp;;</li>\r\n	<li>\r\n		Transmission de votre entreprise, optimisation financi&egrave;re et fiscale&nbsp;;</li>\r\n	<li>\r\n		Garanties en cas d&#39;arr&ecirc;t d&#39;activit&eacute; (maladie, accident, faillite).</li>\r\n</ul>\r\n','fr',3),(8,'Le service \"Family Office\"','<div id=\"content-area\">\r\n	<p>\r\n		{{nomcabinet}} vous propose &eacute;galement un service haut de gamme &quot;Family Office&quot; pour vous accompagner au quotidien dans toutes vos probl&eacute;matiques patrimoniales.<br />\r\n		{{nomcabinet}} aide toute la famille &agrave; trouver les meilleurs placements. La notion de long terme est essentielle dans vos choix, ainsi que la n&eacute;cessit&eacute; de pr&eacute;server l&rsquo;harmonie familiale.</p>\r\n	<p>\r\n		{{nomcabinet}} examine l&rsquo;actif et le passif du patrimoine et raisonne en stock mais aussi en flux, en fonction des h&eacute;ritages, des &eacute;volutions professionnelles, familiales...</p>\r\n	<p>\r\n		Le &laquo;&nbsp;Family Office&nbsp;&raquo; ne se limite pas seulement &agrave; un foyer fiscal central, mais il int&egrave;gre aussi les cousins et leur descendance et tous les membres de la famille qui sont concern&eacute;s par les m&ecirc;mes actifs, comme par exemple une entreprise. Nous savons prendre en compte l&rsquo;importance de la notion de gouvernance familiale.</p>\r\n	<p>\r\n		{{nomcabinet}} peut aussi vous accompagner dans des secteurs comme l&rsquo;art ou les voitures de collection.</p>\r\n	<p>\r\n		Enfin, ce service &laquo;&nbsp;Family Office&nbsp;&raquo; r&eacute;side dans la qualification de vos besoins, dans notre capacit&eacute; &agrave; vous proposer &laquo; le &raquo; bon expert et &agrave; n&eacute;gocier avec ce dernier le co&ucirc;t de sa prestation. Il s&rsquo;&eacute;tend &eacute;galement &agrave; l&rsquo;administration financi&egrave;re qui recouvre un secteur d&rsquo;activit&eacute;s tr&egrave;s large, li&eacute;es en particulier aux d&eacute;marches administratives (fisc, s&eacute;curit&eacute; sociale...).</p>\r\n</div>\r\n','fr',3);
/*!40000 ALTER TABLE `sid_cabinet_mission_translation` ENABLE KEYS */;
UNLOCK TABLES;

--
-- Dumping data for table `sid_cabinet_mission_translation_version`
--

LOCK TABLES `sid_cabinet_mission_translation_version` WRITE;
/*!40000 ALTER TABLE `sid_cabinet_mission_translation_version` DISABLE KEYS */;
INSERT INTO `sid_cabinet_mission_translation_version` (`id`, `lang`, `title`, `text`, `version`) VALUES (1,'fr','Toutes nos missions','<div id=\"content-area\">\r\n	<p>\r\n		L&#39;expert-comptable, <b>sp&eacute;cialiste pluridisciplinaire</b>, dispose de comp&eacute;tences &eacute;tendues pour vous suivre et vous conseiller durant toute la vie de votre entreprise.</p>\r\n	<p>\r\n		Notre cabinet met &agrave; votre disposition un <b>savoir-faire</b> reconnu en mati&egrave;re <b>financi&egrave;re, fiscale, sociale, juridique, informatique et de gestion</b>.<br />\r\n		En relation constante avec les organes d&eacute;cisionnels de votre entreprise, il vous assure une prestation fiable et rapide ainsi qu&#39;un conseil permanent dans les domaines cruciaux de la vie de votre entreprise. Nous nous impliquons directement dans votre strat&eacute;gie de r&eacute;ussite et nous nous engageons &agrave; vos c&ocirc;t&eacute;s afin de contribuer &agrave; faire de votre structure une entreprise dynamique et adapt&eacute;e aux besoins de votre client&egrave;le.</p>\r\n</div>\r\n',1),(1,'fr','Toutes nos missions','<p>\r\n		L&#39;expert-comptable, <b>sp&eacute;cialiste pluridisciplinaire</b>, dispose de comp&eacute;tences &eacute;tendues pour vous suivre et vous conseiller durant toute la vie de votre entreprise.</p>\r\n	<p>\r\n		Notre cabinet met &agrave; votre disposition un <b>savoir-faire</b> reconnu en mati&egrave;re <b>financi&egrave;re, fiscale, sociale, juridique, informatique et de gestion</b>.<br />\r\n		En relation constante avec les organes d&eacute;cisionnels de votre entreprise, il vous assure une prestation fiable et rapide ainsi qu&#39;un conseil permanent dans les domaines cruciaux de la vie de votre entreprise. Nous nous impliquons directement dans votre strat&eacute;gie de r&eacute;ussite et nous nous engageons &agrave; vos c&ocirc;t&eacute;s afin de contribuer &agrave; faire de votre structure une entreprise dynamique et adapt&eacute;e aux besoins de votre client&egrave;le.</p>',2),(1,'fr','Toutes nos missions','<p>\r\n	L&#39;expert-comptable, <b>sp&eacute;cialiste pluridisciplinaire</b>, dispose de comp&eacute;tences &eacute;tendues pour vous suivre et vous conseiller durant toute la vie de votre entreprise.</p>\r\n<p>\r\n	Notre cabinet met &agrave; votre disposition un <b>savoir-faire</b> reconnu en mati&egrave;re <b>financi&egrave;re, fiscale, sociale, juridique, informatique et de gestion</b>.<br />\r\n	En relation constante avec les organes d&eacute;cisionnels de votre entreprise, il vous assure une prestation fiable et rapide ainsi qu&#39;un conseil permanent dans les domaines cruciaux de la vie de votre entreprise. Nous nous impliquons directement dans votre strat&eacute;gie de r&eacute;ussite et nous nous engageons &agrave; vos c&ocirc;t&eacute;s afin de contribuer &agrave; faire de votre structure une entreprise dynamique et adapt&eacute;e aux besoins de votre client&egrave;le.</p>\r\n',3),(1,'fr','Tous nos services','<h4>\r\n	L&#39;audit patrimonial</h4>\r\n<p>\r\n	L&#39;optimisation civile, juridique, financi&egrave;re et fiscale de votre patrimoine a pour objectif d&#39;accro&icirc;tre votre cadre et votre niveau de vie tout en augmentant votre autonomie et votre s&eacute;curit&eacute;...</p>\r\n<p>\r\n	<a href=\"/nos-services/l-audit-patrimonial\">en savoir plus sur l&#39;audit patrimonial</a></p>',4),(1,'fr','Tous nos services','<h4>\r\n	L&#39;audit patrimonial</h4>\r\n<p>\r\n	L&#39;optimisation civile, juridique, financi&egrave;re et fiscale de votre patrimoine a pour objectif d&#39;accro&icirc;tre votre cadre et votre niveau de vie tout en augmentant votre autonomie et votre s&eacute;curit&eacute;...</p>\r\n<p>\r\n	<a href=\"/nos-services/l-audit-patrimonial\">en savoir plus sur l&#39;audit patrimonial</a></p>\r\n<h4>\r\n	Les placements financiers</h4>\r\n<p>\r\n	Nous sommes en contact avec de multiples gestionnaires que nous avons s&eacute;lectionn&eacute;s sur les diff&eacute;rents march&eacute;s (plus de 50) et qui nous permettent de vous proposer des produits totalement adapt&eacute;s &agrave; vos objectifs en mati&egrave;re de placements financiers.</p>\r\n<p>\r\n	<a href=\"/nos-services/les-placements-financiers\">en savoir plus sur les placements financiers</a></p>\r\n<h4>\r\n	L&#39;assurance-vie</h4>\r\n<p>\r\n	L&#39;assurance-vie repr&eacute;sente plus de 40 % des actifs financiers des Fran&ccedil;ais, car elle constitue une formule de placement souple et tr&egrave;s favorable sur le plan fiscal pour r&eacute;pondre &agrave; une multitude d&#39;objectifs : placement, &eacute;pargne, revenus compl&eacute;mentaires, pr&eacute;paration de la retraite ou protection de la famille en cas de d&eacute;c&egrave;s avec des droits de succession nuls ou limit&eacute;s.</p>\r\n<p>\r\n	<a href=\"/nos-services/l-assurance-vie\">en savoir plus sur l&#39;assurance-vie</a></p>\r\n<h5 class=\"title\">\r\n	Les investissements immobiliers</h5>\r\n<p>\r\n	L&#39;investissement immobilier locatif consiste &agrave; acheter un logement immobilier pour le louer, se constituer un patrimoine, percevoir des revenus compl&eacute;mentaires et d&eacute;fiscaliser.</p>\r\n<p>\r\n	<a href=\"/nos-services/les-investissements-immobiliers\">en savoir plus sur les investissements immobiliers</a></p>\r\n<h4>\r\n	La transmission de patrimoine</h4>\r\n<p>\r\n	Le dispositif de transmission de votre patrimoine se construit en tenant compte de votre situation sp&eacute;cifique : famille recompos&eacute;e ou non, ayant-droits multiples, souhait d&#39;effectuer des donations de votre vivant ou de privil&eacute;gier la transmission au d&eacute;c&egrave;s...</p>\r\n<p>\r\n	<a href=\"/nos-services/la-transmission-de-patrimoine-optimisation-financiere-civile-fiscale\">en savoir plus sur la transmission de patrimoine</a></p>\r\n<h4>\r\n	Les services aux professionnels</h4>\r\n<p>\r\n	Le Nom du Cabinet peut &eacute;galement intervenir sur diff&eacute;rents aspects de votre patrimoine professionnel. Voici quelques exemples de nos domaines d&#39;expertise&nbsp;:</p>\r\n<ul>\r\n	<li>\r\n		Optimisation financi&egrave;re et fiscale de la gestion de tr&eacute;sorerie&nbsp;;</li>\r\n	<li>\r\n		Capitalisation&nbsp;;</li>\r\n	<li>\r\n		Pr&eacute;voyance individuelle et collective&nbsp;;</li>\r\n	<li>\r\n		Epargne-Retraite (art 83, art 39, Perp, Perco, PEI, loi Madelin)&nbsp;;</li>\r\n	<li>\r\n		Compl&eacute;mentaire sant&eacute;&nbsp;;</li>\r\n	<li>\r\n		Pr&eacute;voyance d&eacute;c&egrave;s&nbsp;;</li>\r\n	<li>\r\n		Transmission de votre entreprise, optimisation financi&egrave;re et fiscale&nbsp;;</li>\r\n	<li>\r\n		Garanties en cas d&#39;arr&ecirc;t d&#39;activit&eacute; (maladie, accident, faillite).</li>\r\n</ul>\r\n<p>\r\n	<a href=\"/nos-services/les-services-aux-professionnels\">en savoir plus sur les services aux professionnels</a></p>\r\n<h4>\r\n	Le service &quot;Family&nbsp;Office&quot;</h4>\r\n<p>\r\n	Le Nom du Cabinet vous propose &eacute;galement un service haut de gamme &quot;Family Office&quot; pour vous accompagner au quotidien dans toutes vos probl&eacute;matiques patrimoniales.</p>\r\n<p>\r\n	<a href=\"/nos-services/le-service-family-office\">en savoir plus sur le service &quot;Family Office&quot;</a></p>\r\n',5),(1,'fr','Tous nos services','<h4>\r\n	L&#39;audit patrimonial</h4>\r\n<p>\r\n	L&#39;optimisation civile, juridique, financi&egrave;re et fiscale de votre patrimoine a pour objectif d&#39;accro&icirc;tre votre cadre et votre niveau de vie tout en augmentant votre autonomie et votre s&eacute;curit&eacute;...</p>\r\n<p>\r\n	<a href=\"/nos-services/l-audit-patrimonial\">en savoir plus sur l&#39;audit patrimonial</a></p>\r\n<h4>\r\n	Les placements financiers</h4>\r\n<p>\r\n	Nous sommes en contact avec de multiples gestionnaires que nous avons s&eacute;lectionn&eacute;s sur les diff&eacute;rents march&eacute;s (plus de 50) et qui nous permettent de vous proposer des produits totalement adapt&eacute;s &agrave; vos objectifs en mati&egrave;re de placements financiers.</p>\r\n<p>\r\n	<a href=\"/nos-services/les-placements-financiers\">en savoir plus sur les placements financiers</a></p>\r\n<h4>\r\n	L&#39;assurance-vie</h4>\r\n<p>\r\n	L&#39;assurance-vie repr&eacute;sente plus de 40 % des actifs financiers des Fran&ccedil;ais, car elle constitue une formule de placement souple et tr&egrave;s favorable sur le plan fiscal pour r&eacute;pondre &agrave; une multitude d&#39;objectifs : placement, &eacute;pargne, revenus compl&eacute;mentaires, pr&eacute;paration de la retraite ou protection de la famille en cas de d&eacute;c&egrave;s avec des droits de succession nuls ou limit&eacute;s.</p>\r\n<p>\r\n	<a href=\"/nos-services/l-assurance-vie\">en savoir plus sur l&#39;assurance-vie</a></p>\r\n<h5 class=\"title\">\r\n	Les investissements immobiliers</h5>\r\n<p>\r\n	L&#39;investissement immobilier locatif consiste &agrave; acheter un logement immobilier pour le louer, se constituer un patrimoine, percevoir des revenus compl&eacute;mentaires et d&eacute;fiscaliser.</p>\r\n<p>\r\n	<a href=\"/nos-services/les-investissements-immobiliers\">en savoir plus sur les investissements immobiliers</a></p>\r\n<h4>\r\n	La transmission de patrimoine</h4>\r\n<p>\r\n	Le dispositif de transmission de votre patrimoine se construit en tenant compte de votre situation sp&eacute;cifique : famille recompos&eacute;e ou non, ayant-droits multiples, souhait d&#39;effectuer des donations de votre vivant ou de privil&eacute;gier la transmission au d&eacute;c&egrave;s...</p>\r\n<p>\r\n	<a href=\"/nos-services/la-transmission-de-patrimoine-optimisation-financiere-civile-fiscale\">en savoir plus sur la transmission de patrimoine</a></p>\r\n<h4>\r\n	Les services aux professionnels</h4>\r\n<p>\r\n	{{nomcabinet}} peut &eacute;galement intervenir sur diff&eacute;rents aspects de votre patrimoine professionnel. Voici quelques exemples de nos domaines d&#39;expertise&nbsp;:</p>\r\n<ul>\r\n	<li>\r\n		Optimisation financi&egrave;re et fiscale de la gestion de tr&eacute;sorerie&nbsp;;</li>\r\n	<li>\r\n		Capitalisation&nbsp;;</li>\r\n	<li>\r\n		Pr&eacute;voyance individuelle et collective&nbsp;;</li>\r\n	<li>\r\n		Epargne-Retraite (art 83, art 39, Perp, Perco, PEI, loi Madelin)&nbsp;;</li>\r\n	<li>\r\n		Compl&eacute;mentaire sant&eacute;&nbsp;;</li>\r\n	<li>\r\n		Pr&eacute;voyance d&eacute;c&egrave;s&nbsp;;</li>\r\n	<li>\r\n		Transmission de votre entreprise, optimisation financi&egrave;re et fiscale&nbsp;;</li>\r\n	<li>\r\n		Garanties en cas d&#39;arr&ecirc;t d&#39;activit&eacute; (maladie, accident, faillite).</li>\r\n</ul>\r\n<p>\r\n	<a href=\"/nos-services/les-services-aux-professionnels\">en savoir plus sur les services aux professionnels</a></p>\r\n<h4>\r\n	Le service &quot;Family&nbsp;Office&quot;</h4>\r\n<p>\r\n	{{nomcabinet}} vous propose &eacute;galement un service haut de gamme &quot;Family Office&quot; pour vous accompagner au quotidien dans toutes vos probl&eacute;matiques patrimoniales.</p>\r\n<p>\r\n	<a href=\"/nos-services/le-service-family-office\">en savoir plus sur le service &quot;Family Office&quot;</a></p>\r\n',6),(2,'fr','Nos missions comptables','<h4>\r\n	<span style=\"color: rgb(255, 140, 0);\">Participation &agrave; l&#39;&eacute;tablissement des comptes :</span></h4>\r\n<ul>\r\n	<li>\r\n		Mise en place du Plan comptable adapt&eacute; &agrave; l&#39;entreprise&nbsp;;</li>\r\n	<li>\r\n		Surveillance, tenue de comptabilit&eacute;s&nbsp;;</li>\r\n	<li>\r\n		Contr&ocirc;le des services comptables&nbsp;;</li>\r\n	<li>\r\n		Mise en place et suivi de la comptabilit&eacute; analytique d&#39;exploitation&nbsp;;</li>\r\n	<li>\r\n		Assistance comptable de toute nature&nbsp;;</li>\r\n	<li>\r\n		Etablissement des situations p&eacute;riodiques, des bilans et comptes de r&eacute;sultat&nbsp;;</li>\r\n	<li>\r\n		D&eacute;livrance du visa aux adh&eacute;rents des centres de gestion agr&eacute;&eacute;s&nbsp;;</li>\r\n	<li>\r\n		Etablissement de situations pr&eacute;visionnelles&nbsp;;</li>\r\n	<li>\r\n		Etablissement des comptes de groupes, consolidation des bilans et des comptes&nbsp;;</li>\r\n	<li>\r\n		&Eacute;tablissement du tableau de financement&nbsp;;</li>\r\n	<li>\r\n		Assistance du comit&eacute; d&#39;entreprise.</li>\r\n</ul>\r\n<p>\r\n	&nbsp;</p>\r\n<h4>\r\n	<span style=\"color: rgb(255, 140, 0);\">R&eacute;vision, certification :</span></h4>\r\n<ul>\r\n	<li>\r\n		R&eacute;vision contractuelle des comptes&nbsp;;</li>\r\n	<li>\r\n		R&eacute;vision des proc&eacute;dures de contr&ocirc;le interne&nbsp;;</li>\r\n	<li>\r\n		R&eacute;vision l&eacute;gale des comptes (commissariat aux comptes)&nbsp;;</li>\r\n	<li>\r\n		R&eacute;vision avant prise de participation&nbsp;;</li>\r\n	<li>\r\n		R&eacute;vision pr&eacute;alable &agrave; l&#39;introduction en Bourse des titres d&#39;une soci&eacute;t&eacute;&nbsp;;</li>\r\n	<li>\r\n		Commissariat aux apports.</li>\r\n</ul>\r\n<p>\r\n	&nbsp;</p>\r\n<h4>\r\n	<span style=\"color: rgb(255, 140, 0);\"><span class=\"nodeLabelBox repTarget \" role=\"treeitem\"><span class=\"nodeText editable \"><span>Expertise :</span></span></span></span></h4>\r\n<ul class=\"default\">\r\n	<li>\r\n		Expertise amiable&nbsp;;</li>\r\n	<li>\r\n		Expertise judiciaire&nbsp;;</li>\r\n	<li>\r\n		Arbitrage&nbsp;;</li>\r\n	<li>\r\n		&Eacute;valuation d&#39;entreprises et de titres de soci&eacute;t&eacute;s (notamment en vue des ventes, cessions, apports, successions, partages, donations ou &agrave; la demande d&#39;organismes divers)&nbsp;;</li>\r\n	<li>\r\n		Expertise de gestion.</li>\r\n</ul>\r\n',1),(2,'fr','L\'audit patrimonial','<p>\r\n	L&#39;optimisation civile, juridique, financi&egrave;re et fiscale de votre patrimoine a pour objectif d&#39;accro&icirc;tre votre cadre et votre niveau de vie, tout en augmentant votre autonomie et votre s&eacute;curit&eacute;. Cet audit nous permettra, en fonction de vos choix, de construire votre architecture patrimoniale, puis de vous conseiller et de g&eacute;rer les diff&eacute;rents produits et services qui correspondent &agrave; vos objectifs &agrave; court, moyen et long termes.<br />\r\n	C&#39;est pour nous le point de d&eacute;part indispensable &agrave; une relation de qualit&eacute; et de confiance avec vous.</p>\r\n',2),(3,'fr','Nos missions juridiques et fiscales','<h4>\r\n	<span style=\"color: rgb(255, 140, 0);\">Droit des affaires :</span></h4>\r\n<ul>\r\n	<li>\r\n		Contrats et baux&nbsp;;</li>\r\n	<li>\r\n		L&eacute;gislation des ententes&nbsp;;</li>\r\n	<li>\r\n		L&eacute;gislation des prix&nbsp;;</li>\r\n	<li>\r\n		Droit p&eacute;nal des affaires.</li>\r\n</ul>\r\n<h4>\r\n	<span style=\"color: rgb(255, 140, 0);\">Droit des soci&eacute;t&eacute;s :</span></h4>\r\n<ul>\r\n	<li>\r\n		Choix de la forme sociale&nbsp;;</li>\r\n	<li>\r\n		R&eacute;alisation de toutes op&eacute;rations (constitution, augmentation de capital, cession de parts, fusion, transformation, scission, dissolution, liquidation)&nbsp;;</li>\r\n	<li>\r\n		Secr&eacute;tariat de soci&eacute;t&eacute;s : comptes-rendus de conseils d&#39;administration et d&#39;assembl&eacute;es g&eacute;n&eacute;rales et formalit&eacute;s aff&eacute;rentes.</li>\r\n</ul>\r\n<h4>\r\n	<span style=\"color: rgb(255, 140, 0);\"><span class=\"nodeLabelBox repTarget \" role=\"treeitem\"><span class=\"nodeText editable \"><span>Droit de l&#39;entreprise individuelle :</span></span></span></span></h4>\r\n<ul>\r\n	<li>\r\n		Droit patrimonial&nbsp;;</li>\r\n	<li>\r\n		Pr&eacute;voyance sociale du chef d&#39;entreprise&nbsp;;</li>\r\n	<li>\r\n		Transmission.</li>\r\n</ul>\r\n<h4>\r\n	<span style=\"color: rgb(255, 140, 0);\"><span class=\"nodeLabelBox repTarget \" role=\"treeitem\"><span class=\"nodeText editable \"><span>Droit fiscal :</span></span></span></span></h4>\r\n<ul>\r\n	<li>\r\n		&Eacute;tudes et consultations sur les probl&egrave;mes d&#39;ordre fiscal&nbsp;;</li>\r\n	<li>\r\n		Participation &agrave; l&#39;&eacute;tablissement des d&eacute;clarations fiscales :\r\n		<ul>\r\n			<li>\r\n				Imp&ocirc;ts directs&nbsp;;</li>\r\n			<li>\r\n				TVA et taxes assimil&eacute;es&nbsp;;</li>\r\n			<li>\r\n				Fiscalit&eacute; immobili&egrave;re&nbsp;;</li>\r\n			<li>\r\n				Droits d&#39;enregistrement et droits de mutation&nbsp;;</li>\r\n			<li>\r\n				Douanes&nbsp;;</li>\r\n			<li>\r\n				Autres imp&ocirc;ts et taxes&nbsp;;</li>\r\n		</ul>\r\n	</li>\r\n	<li>\r\n		Assistance du contribuable &agrave; l&#39;occasion de v&eacute;rifications.</li>\r\n</ul>',1),(3,'fr','Les placements financiers','<p>\r\n	Nous sommes en contact avec de multiples gestionnaires que nous avons s&eacute;lectionn&eacute;s sur les diff&eacute;rents march&eacute;s (plus de 50) et qui nous permettent de vous proposer des produits totalement adapt&eacute;s &agrave; vos objectifs en mati&egrave;re de placements financiers.<br />\r\n	Cette activit&eacute; &laquo;&nbsp;multi-gestion&nbsp;&raquo; est une activit&eacute; &agrave; valeur ajout&eacute;e car elle est diversifi&eacute;e, s&eacute;curis&eacute;e et elle est propos&eacute;e sans frais suppl&eacute;mentaires&nbsp;:</p>\r\n<ul>\r\n	<li>\r\n		soit en direct (gestion libre, gestion par objectif, arbitrage progressif, consolidation des plus-values...)&nbsp;;</li>\r\n	<li>\r\n		soit au travers d&#39;un contrat d&#39;assurance-placement (gestion libre, gestion par objectif, arbitrage progressif, consolidation des plus-values, stop-Loss...).</li>\r\n</ul>\r\n',2),(4,'fr','Nos missions de conseil et de gestion','<h4>\r\n	<span style=\"color: rgb(255, 140, 0);\"><span class=\"nodeLabelBox repTarget \" role=\"treeitem\"><span class=\"nodeText editable \"><span>Conseil en gestion g&eacute;n&eacute;rale :</span></span></span></span></h4>\r\n<ul>\r\n	<li>\r\n		Gestion pr&eacute;visionnelle&nbsp;;</li>\r\n	<li>\r\n		Analyse de co&ucirc;ts, de marges, de rentabilit&eacute;&nbsp;;</li>\r\n	<li>\r\n		Projets d&#39;investissement : co&ucirc;t et rentabilit&eacute;&nbsp;;</li>\r\n	<li>\r\n		Tableaux de bord, contr&ocirc;le budg&eacute;taire&nbsp;;</li>\r\n	<li>\r\n		Contribution &agrave; la protection du patrimoine de l&#39;entreprise&nbsp;;</li>\r\n	<li>\r\n		Etude d&#39;optimisation du profil&nbsp;;</li>\r\n	<li>\r\n		Ratios de gestion&nbsp;;</li>\r\n	<li>\r\n		Assistance dans la pr&eacute;vention et le traitement des difficult&eacute;s de l&#39;entreprise.</li>\r\n</ul>\r\n<h4>\r\n	<span style=\"color: rgb(255, 140, 0);\">Conseil en gestion financi&egrave;re :</span></h4>\r\n<ul>\r\n	<li>\r\n		Analyse de gestion financi&egrave;re et de rentabilit&eacute; des capitaux investis&nbsp;;</li>\r\n	<li>\r\n		Ratios financiers&nbsp;;</li>\r\n	<li>\r\n		Techniques d&#39;analyse et de gestion du fonds de roulement&nbsp;;</li>\r\n	<li>\r\n		Syst&egrave;mes de cr&eacute;dit, cr&eacute;dit-bail, affacturage&nbsp;;</li>\r\n	<li>\r\n		Prises de participation (&eacute;tude, assistance, r&eacute;alisation pratique)&nbsp;;</li>\r\n	<li>\r\n		Constitution de dossiers de subventions, de r&eacute;duction de droits de mutation, d&#39;exon&eacute;ration de taxe professionnelle.</li>\r\n</ul>\r\n<h4>\r\n	<span style=\"color: rgb(255, 140, 0);\">Relations avec les organismes bancaires et financiers :</span></h4>\r\n<ul>\r\n	<li>\r\n		Constitution de dossiers dans le cadre de cr&eacute;ations et d&#39;implantations d&#39;entreprise&nbsp;;</li>\r\n	<li>\r\n		Analyse de structure financi&egrave;re&nbsp;;</li>\r\n	<li>\r\n		&Eacute;tablissement de plans de tr&eacute;sorerie&nbsp;;</li>\r\n	<li>\r\n		Construction de plans de financement &agrave; moyen et long terme&nbsp;;</li>\r\n	<li>\r\n		Choix des modes de financement et &eacute;tablissement de dossiers de cr&eacute;dit&nbsp;;</li>\r\n	<li>\r\n		Tableau d&#39;emplois et de ressources (historique et pr&eacute;visionnel)&nbsp;;</li>\r\n	<li>\r\n		Centrale des bilans.</li>\r\n</ul>\r\n',1),(4,'fr','L\'assurance-vie','<div id=\"content-area\">\r\n	<p>\r\n		L&#39;assurance-vie repr&eacute;sente plus de 40 % des actifs financiers des Fran&ccedil;ais, car elle constitue une formule de placement souple et tr&egrave;s favorable sur le plan fiscal pour r&eacute;pondre &agrave; une multitude d&#39;objectifs : &eacute;pargne, revenus compl&eacute;mentaires, pr&eacute;paration de la retraite ou protection de la famille en cas de d&eacute;c&egrave;s avec des droits de succession nuls ou limit&eacute;s, etc.</p>\r\n	<p>\r\n		Le Nom du Cabinet vous aide &agrave; choisir parmi les supports d&#39;&eacute;pargne en s&eacute;lectionnant les mieux adapt&eacute;s &agrave; votre profil d&#39;&eacute;pargnant.</p>\r\n</div>',2),(4,'fr','L\'assurance-vie','<div id=\"content-area\">\r\n	<p>\r\n		L&#39;assurance-vie repr&eacute;sente plus de 40 % des actifs financiers des Fran&ccedil;ais, car elle constitue une formule de placement souple et tr&egrave;s favorable sur le plan fiscal pour r&eacute;pondre &agrave; une multitude d&#39;objectifs : &eacute;pargne, revenus compl&eacute;mentaires, pr&eacute;paration de la retraite ou protection de la famille en cas de d&eacute;c&egrave;s avec des droits de succession nuls ou limit&eacute;s, etc.</p>\r\n	<p>\r\n		{{nomcabinet}} vous aide &agrave; choisir parmi les supports d&#39;&eacute;pargne en s&eacute;lectionnant les mieux adapt&eacute;s &agrave; votre profil d&#39;&eacute;pargnant.</p>\r\n</div>\r\n',3),(5,'fr','Nos missions sociales','<h4>\r\n	<span style=\"color: rgb(255, 140, 0);\"><span class=\"nodeLabelBox repTarget \" role=\"treeitem\"><span class=\"nodeText editable \"><span>Droit du travail :</span></span></span></span></h4>\r\n<ul>\r\n	<li>\r\n		Application de la l&eacute;gislation et de la r&eacute;glementation du travail&nbsp;;</li>\r\n	<li>\r\n		Consultations sur les probl&egrave;mes sp&eacute;cifiques au droit du travail&nbsp;;</li>\r\n	<li>\r\n		&Eacute;tude et r&eacute;daction de contrats de travail&nbsp;;</li>\r\n	<li>\r\n		Probl&egrave;mes de licenciement&nbsp;;</li>\r\n	<li>\r\n		Probl&egrave;mes relatifs &agrave; la repr&eacute;sentation dans l&#39;entreprise, d&eacute;l&eacute;gu&eacute;s du personnel, comit&eacute; d&#39;entreprise, droit syndical&nbsp;;</li>\r\n	<li>\r\n		&Eacute;tude et application des textes relatifs &agrave; la participation des travailleurs aux fruits de l&#39;expansion&nbsp;;</li>\r\n	<li>\r\n		Syst&egrave;me d&#39;int&eacute;ressement (mise en &oelig;uvre, contr&ocirc;le)&nbsp;;</li>\r\n	<li>\r\n		Formation professionnelle continue.</li>\r\n</ul>\r\n<h4>\r\n	<span style=\"color: rgb(255, 140, 0);\"><span class=\"nodeLabelBox repTarget \" role=\"treeitem\"><span class=\"nodeText editable \"><span>Pr&eacute;voyance sociale :</span></span></span></span></h4>\r\n<ul>\r\n	<li>\r\n		Consultation sur les probl&egrave;mes sp&eacute;cifiques &agrave; la s&eacute;curit&eacute; sociale et &agrave; la pr&eacute;voyance sociale (notamment les r&eacute;gimes de retraite)&nbsp;;</li>\r\n	<li>\r\n		&Eacute;tablissement des bulletins de paie et de la comptabilit&eacute; des salaires&nbsp;;</li>\r\n	<li>\r\n		&Eacute;tablissement des d&eacute;clarations de cotisations sociales&nbsp;;</li>\r\n	<li>\r\n		Assistance &agrave; l&#39;occasion de r&eacute;clamation et de v&eacute;rification des administrations sociales.</li>\r\n</ul>\r\n<h4>\r\n	<span style=\"color: rgb(255, 140, 0);\"><span class=\"nodeLabelBox repTarget \" role=\"treeitem\"><span class=\"nodeText editable \"><span>Bilan social :</span></span></span></span></h4>\r\n<ul>\r\n	<li>\r\n		&Eacute;tude et mise en place&nbsp;;</li>\r\n	<li>\r\n		Contr&ocirc;le.</li>\r\n</ul>\r\n',1),(5,'fr','Les investissements immobiliers','<p>\r\n	L&#39;investissement immobilier locatif consiste &agrave; acheter un logement immobilier pour le louer, se constituer un patrimoine et percevoir des revenus compl&eacute;mentaires.</p>\r\n<p>\r\n	Le bien immobilier peut &ecirc;tre neuf ou ancien. Dans la majorit&eacute; des cas, l&#39;achat du bien immobilier se fait &agrave; cr&eacute;dit, et les loyers per&ccedil;us permettent de rembourser une partie des mensualit&eacute;s du pr&ecirc;t. Certaines lois fran&ccedil;aises permettent &eacute;galement de d&eacute;fiscaliser, c&#39;est-&agrave;-dire d&#39;investir tout en r&eacute;duisant ses imp&ocirc;ts.<br />\r\n	Voici quelques exemples de solutions que nous pouvons vous proposer&nbsp;:</p>\r\n<ul>\r\n	<li>\r\n		D&eacute;fiscalisation immobili&egrave;re (Lois Scellier, Malraux, Loueur en Meubl&eacute;, Girardin, Monuments Historiques, D&eacute;ficits Fonciers, Murs de Boutique, Viagers, etc)&nbsp;;</li>\r\n	<li>\r\n		Cr&eacute;dits Immobiliers &agrave; taux pr&eacute;f&eacute;rentiels sans domiciliation bancaire&nbsp;;</li>\r\n	<li>\r\n		Assurances de pr&ecirc;ts jusqu&#39;&agrave; 75 ans &agrave; la souscription.</li>\r\n</ul>\r\n',2),(6,'fr','Nos missions informatiques','<h4>\r\n	<span style=\"color: rgb(255, 140, 0);\">Organisation d&#39;un syst&egrave;me comptable classique :</span></h4>\r\n<ul class=\"default\">\r\n	<li>\r\n		Mode de saisie des informations&nbsp;;</li>\r\n	<li>\r\n		Choix du support de saisie.</li>\r\n</ul>\r\n<h4>\r\n	<span style=\"color: rgb(255, 140, 0);\">Mise en place d&#39;un syst&egrave;me informatique r&eacute;parti ou autonome destin&eacute; &agrave; offrir &agrave; l&#39;entreprise des prestations tr&egrave;s &eacute;labor&eacute;es en mati&egrave;re de gestion comptable, de gestion commerciale et de production :</span></h4>\r\n<ul>\r\n	<li>\r\n		&Eacute;tude d&#39;opportunit&eacute;&nbsp;;</li>\r\n	<li>\r\n		R&eacute;daction d&#39;un plan-type de cahier des charges de consultation&nbsp;;</li>\r\n	<li>\r\n		D&eacute;pouillement des offres&nbsp;;</li>\r\n	<li>\r\n		Participation &agrave; l&#39;&eacute;quipe informatique.</li>\r\n</ul>\r\n<h4>\r\n	<span style=\"color: rgb(255, 140, 0);\">R&eacute;vision des comptabilit&eacute;s sur ordinateur</span></h4>\r\n',1),(6,'fr','La transmission de patrimoine (optimisation financière, civile, fiscale)','<p>\r\n	Le dispositif de transmission de votre patrimoine se construit en tenant compte de votre situation sp&eacute;cifique : famille recompos&eacute;e ou non, ayant-droits multiples, souhait d&#39;effectuer des donations de votre vivant ou de privil&eacute;gier la transmission au d&eacute;c&egrave;s...<br />\r\n	Vous pouvez &eacute;galement souhaiter transmettre la propri&eacute;t&eacute; sans perdre la facult&eacute; de l&#39;utiliser gr&acirc;ce &agrave; l&#39;utilisation d&#39;outils juridiques sp&eacute;cifiques.<br />\r\n	Voici quelques exemples de solutions : donation de biens entre &eacute;poux, donation-partage, avantages matrimoniaux, changement de r&eacute;gime matrimonial, soci&eacute;t&eacute; civile, testament...</p>\r\n',2),(7,'fr','Nos missions d\'organisation','<h4>\r\n	<span style=\"color: rgb(255, 140, 0);\">Conseil en organisation g&eacute;n&eacute;rale :</span></h4>\r\n<ul>\r\n	<li>\r\n		Aide &agrave; la d&eacute;finition de la politique g&eacute;n&eacute;rale&nbsp;;</li>\r\n	<li>\r\n		Organigramme, structure, d&eacute;finition de fonctions&nbsp;;</li>\r\n	<li>\r\n		D&eacute;centralisation, implantation, regroupements, diversification.</li>\r\n</ul>\r\n<h4>\r\n	<span style=\"color: rgb(255, 140, 0);\">Conseil en organisation administrative :</span></h4>\r\n<ul>\r\n	<li>\r\n		Liaisons inter-services, circuit des documents et de l&#39;information&nbsp;;</li>\r\n	<li>\r\n		M&eacute;canisation des op&eacute;rations, choix du mat&eacute;riel&nbsp;;</li>\r\n	<li>\r\n		Assistance au recrutement&nbsp;;</li>\r\n	<li>\r\n		Informatisation&nbsp;;</li>\r\n	<li>\r\n		Analyse et organisation de circuits.</li>\r\n</ul>\r\n<h4>\r\n	<span style=\"color: rgb(255, 140, 0);\">Conseil en organisation commerciale :</span></h4>\r\n<ul>\r\n	<li>\r\n		Aide &agrave; la d&eacute;finition de la politique et de l&#39;organisation commerciales&nbsp;;</li>\r\n	<li>\r\n		&Eacute;tude de prix&nbsp;;</li>\r\n	<li>\r\n		Exportation, statistiques commerciales.</li>\r\n</ul>\r\n',1),(7,'fr','Les services aux professionnels','<p>\r\n	Le Nom du Cabinet peut &eacute;galement intervenir sur diff&eacute;rents aspects de votre patrimoine professionnel. Voici quelques exemples de nos domaines d&#39;expertise&nbsp;:</p>\r\n<ul>\r\n	<li>\r\n		Optimisation financi&egrave;re et fiscale de la gestion de tr&eacute;sorerie&nbsp;;</li>\r\n	<li>\r\n		Capitalisation&nbsp;;</li>\r\n	<li>\r\n		Pr&eacute;voyance individuelle et collective&nbsp;;</li>\r\n	<li>\r\n		Epargne-Retraite (art 83, art 39, Perp, Perco, PEI, loi Madelin)&nbsp;;</li>\r\n	<li>\r\n		Compl&eacute;mentaire sant&eacute;&nbsp;;</li>\r\n	<li>\r\n		Pr&eacute;voyance d&eacute;c&egrave;s&nbsp;;</li>\r\n	<li>\r\n		Transmission de votre entreprise, optimisation financi&egrave;re et fiscale&nbsp;;</li>\r\n	<li>\r\n		Garanties en cas d&#39;arr&ecirc;t d&#39;activit&eacute; (maladie, accident, faillite).</li>\r\n</ul>\r\n',2),(7,'fr','Les services aux professionnels','<p>\r\n	{{nomcabinet}} peut &eacute;galement intervenir sur diff&eacute;rents aspects de votre patrimoine professionnel. Voici quelques exemples de nos domaines d&#39;expertise&nbsp;:</p>\r\n<ul>\r\n	<li>\r\n		Optimisation financi&egrave;re et fiscale de la gestion de tr&eacute;sorerie&nbsp;;</li>\r\n	<li>\r\n		Capitalisation&nbsp;;</li>\r\n	<li>\r\n		Pr&eacute;voyance individuelle et collective&nbsp;;</li>\r\n	<li>\r\n		Epargne-Retraite (art 83, art 39, Perp, Perco, PEI, loi Madelin)&nbsp;;</li>\r\n	<li>\r\n		Compl&eacute;mentaire sant&eacute;&nbsp;;</li>\r\n	<li>\r\n		Pr&eacute;voyance d&eacute;c&egrave;s&nbsp;;</li>\r\n	<li>\r\n		Transmission de votre entreprise, optimisation financi&egrave;re et fiscale&nbsp;;</li>\r\n	<li>\r\n		Garanties en cas d&#39;arr&ecirc;t d&#39;activit&eacute; (maladie, accident, faillite).</li>\r\n</ul>\r\n',3),(8,'fr','Nos missions auprès des collectivités locales','<ul>\r\n	<li>\r\n		Diagnostic financier d&#39;une collectivit&eacute; territoriale et de ses satellites&nbsp;;</li>\r\n	<li>\r\n		Aide &agrave; la conception et au suivi des proc&eacute;dures de contr&ocirc;le interne&nbsp;;</li>\r\n	<li>\r\n		&Eacute;laboration d&#39;un plan pluriannuel d&#39;investissement&nbsp;;</li>\r\n	<li>\r\n		Mise en place de proc&eacute;dures de recensement, de valorisation et de suivi du patrimoine&nbsp;;</li>\r\n	<li>\r\n		Assistance lors du choix des formes de coop&eacute;rations intercommunales&nbsp;;</li>\r\n	<li>\r\n		Assistance lors de la validation du rapport annuel du d&eacute;l&eacute;gataire&nbsp;;</li>\r\n	<li>\r\n		Audit et analyse de contrat de d&eacute;l&eacute;gation de service public&nbsp;;</li>\r\n	<li>\r\n		Mise en place des proc&eacute;dures d&#39;attribution, de contr&ocirc;le et de suivi des subventions vers&eacute;es&nbsp;;</li>\r\n	<li>\r\n		&Eacute;valuation des politiques publiques locales&nbsp;;</li>\r\n	<li>\r\n		Assistance lors d&#39;interventions &eacute;conomiques de la collectivit&eacute; locale.</li>\r\n</ul>\r\n',1),(8,'fr','Le service \"Family Office\"','<div id=\"content-area\">\r\n	<p>\r\n		Le Nom du Cabinet vous propose &eacute;galement un service haut de gamme &quot;Family Office&quot; pour vous accompagner au quotidien dans toutes vos probl&eacute;matiques patrimoniales.<br />\r\n		Le Nom du Cabinet aide toute la famille &agrave; trouver les meilleurs placements. La notion de long terme est essentielle dans vos choix, ainsi que la n&eacute;cessit&eacute; de pr&eacute;server l&rsquo;harmonie familiale.</p>\r\n	<p>\r\n		Le Nom du Cabinet examine l&rsquo;actif et le passif du patrimoine et raisonne en stock mais aussi en flux, en fonction des h&eacute;ritages, des &eacute;volutions professionnelles, familiales...</p>\r\n	<p>\r\n		Le &laquo;&nbsp;Family Office&nbsp;&raquo; ne se limite pas seulement &agrave; un foyer fiscal central, mais il int&egrave;gre aussi les cousins et leur descendance et tous les membres de la famille qui sont concern&eacute;s par les m&ecirc;mes actifs, comme par exemple une entreprise. Nous savons prendre en compte l&rsquo;importance de la notion de gouvernance familiale.</p>\r\n	<p>\r\n		Le Nom du Cabinet peut aussi vous accompagner dans des secteurs comme l&rsquo;art ou les voitures de collection.</p>\r\n	<p>\r\n		Enfin, ce service &laquo;&nbsp;Family Office&nbsp;&raquo; r&eacute;side dans la qualification de vos besoins, dans notre capacit&eacute; &agrave; vous proposer &laquo; le &raquo; bon expert et &agrave; n&eacute;gocier avec ce dernier le co&ucirc;t de sa prestation. Il s&rsquo;&eacute;tend &eacute;galement &agrave; l&rsquo;administration financi&egrave;re qui recouvre un secteur d&rsquo;activit&eacute;s tr&egrave;s large, li&eacute;es en particulier aux d&eacute;marches administratives (fisc, s&eacute;curit&eacute; sociale...).</p>\r\n</div>',2),(8,'fr','Le service \"Family Office\"','<div id=\"content-area\">\r\n	<p>\r\n		{{nomcabinet}} vous propose &eacute;galement un service haut de gamme &quot;Family Office&quot; pour vous accompagner au quotidien dans toutes vos probl&eacute;matiques patrimoniales.<br />\r\n		{{nomcabinet}} aide toute la famille &agrave; trouver les meilleurs placements. La notion de long terme est essentielle dans vos choix, ainsi que la n&eacute;cessit&eacute; de pr&eacute;server l&rsquo;harmonie familiale.</p>\r\n	<p>\r\n		{{nomcabinet}} examine l&rsquo;actif et le passif du patrimoine et raisonne en stock mais aussi en flux, en fonction des h&eacute;ritages, des &eacute;volutions professionnelles, familiales...</p>\r\n	<p>\r\n		Le &laquo;&nbsp;Family Office&nbsp;&raquo; ne se limite pas seulement &agrave; un foyer fiscal central, mais il int&egrave;gre aussi les cousins et leur descendance et tous les membres de la famille qui sont concern&eacute;s par les m&ecirc;mes actifs, comme par exemple une entreprise. Nous savons prendre en compte l&rsquo;importance de la notion de gouvernance familiale.</p>\r\n	<p>\r\n		{{nomcabinet}} peut aussi vous accompagner dans des secteurs comme l&rsquo;art ou les voitures de collection.</p>\r\n	<p>\r\n		Enfin, ce service &laquo;&nbsp;Family Office&nbsp;&raquo; r&eacute;side dans la qualification de vos besoins, dans notre capacit&eacute; &agrave; vous proposer &laquo; le &raquo; bon expert et &agrave; n&eacute;gocier avec ce dernier le co&ucirc;t de sa prestation. Il s&rsquo;&eacute;tend &eacute;galement &agrave; l&rsquo;administration financi&egrave;re qui recouvre un secteur d&rsquo;activit&eacute;s tr&egrave;s large, li&eacute;es en particulier aux d&eacute;marches administratives (fisc, s&eacute;curit&eacute; sociale...).</p>\r\n</div>\r\n',3);
/*!40000 ALTER TABLE `sid_cabinet_mission_translation_version` ENABLE KEYS */;
UNLOCK TABLES;

--
-- Dumping data for table `sid_cabinet_page_cabinet`
--

LOCK TABLES `sid_cabinet_page_cabinet` WRITE;
/*!40000 ALTER TABLE `sid_cabinet_page_cabinet` DISABLE KEYS */;
INSERT INTO `sid_cabinet_page_cabinet` (`id`, `is_active`, `created_at`, `updated_at`, `position`) VALUES (1,1,'2011-08-17 21:18:59','2011-08-25 05:33:15',-1),(2,1,'2011-09-22 20:48:48','2011-09-22 20:48:48',-2),(3,1,'2011-09-22 20:51:26','2011-09-22 20:51:26',-3),(4,1,'2011-10-03 07:13:48','2011-10-03 07:13:48',-4),(5,0,'2011-10-03 07:13:49','2011-10-03 12:11:34',-5);
/*!40000 ALTER TABLE `sid_cabinet_page_cabinet` ENABLE KEYS */;
UNLOCK TABLES;

--
-- Dumping data for table `sid_cabinet_page_cabinet_translation`
--

LOCK TABLES `sid_cabinet_page_cabinet_translation` WRITE;
/*!40000 ALTER TABLE `sid_cabinet_page_cabinet_translation` DISABLE KEYS */;
INSERT INTO `sid_cabinet_page_cabinet_translation` (`id`, `title`, `title_entete_page`, `text`, `lang`, `version`) VALUES (1,'Présentation','Présentation du cabinet','<p>\r\n	Les associ&eacute;s et collaborateurs de {{nomcabinet}} ont une longue exp&eacute;rience du conseil patrimonial et une expertise professionnelle reconnue. Ils ont notamment eu des responsabilit&eacute;s de direction au sein de groupes financiers de premier plan.</p>\r\n<p>\r\n	{{nomcabinet}} se pr&eacute;vaut, &agrave; ce titre, d&#39;une analyse objective du march&eacute; pour pr&eacute;senter &agrave; sa client&egrave;le une offre compl&egrave;te et de qualit&eacute; de produits de placements.</p>\r\n<p>\r\n	{{nomcabinet}} est Membre de la Chambre des Ind&eacute;pendants du Patrimoine, qui, depuis 1978 a pour vocation d&#39;assurer le d&eacute;veloppement du m&eacute;tier dans une logique d&#39;ind&eacute;pendance. Elle v&eacute;rifie entre autres les comp&eacute;tences de ses membres et leur impose une formation permanente.</p>\r\n<h4>\r\n	Le cadre r&eacute;glementaire, vos garanties</h4>\r\n<p>\r\n	{{nomcabinet}} est membre de l&#39;Association Nationale des Conseils Financiers, ANACOFI-CIF, agr&eacute;&eacute; par l&#39;Autorit&eacute; des March&eacute;s Financiers, AMF, o&ugrave; il est inscrit en qualit&eacute; de Conseil en Investissements Financiers, CIF, sous le N&deg; E00000.</p>\r\n<p>\r\n	{{nomcabinet}} est inscrit aupr&egrave;s de l&#39;ORIAS, Organisme pour le Registre des Interm&eacute;diaires d&#39;Assurances, sous le n&deg;00 000 000, en qualit&eacute; de soci&eacute;t&eacute; de courtage d&#39;assurances.</p>\r\n<p>\r\n	{{nomcabinet}}t est &eacute;galement inscrit aupr&egrave;s de la Pr&eacute;fecture de Police de Paris pour l&#39;activit&eacute; de transactions sur immeubles et fonds de commerce et est titulaire, &agrave; ce titre, de la carte professionnelle N&deg;000000.</p>\r\n<p>\r\n	{{nomcabinet}} est enregistr&eacute; sur le fichier de la Banque de France, pour les activit&eacute;s de d&eacute;marchage financier et d&#39;interm&eacute;diation bancaire sous le N&deg;000000.</p>\r\n<p>\r\n	{{nomcabinet}} a souscrit les assurances requises de Responsabilit&eacute; Civile Professionnelle et de Garantie Financi&egrave;re, aupr&egrave;s de la compagnie d&#39;assurances LE NOM DE MON ASSURANCE, 16, rue du Quatre-Septembre 75002 Paris.</p>\r\n<p>\r\n	{{nomcabinet}} est tenu au secret professionnel le plus strict.</p>\r\n<h4>\r\n	R&eacute;mun&eacute;ration</h4>\r\n<p>\r\n	La r&eacute;mun&eacute;ration r&eacute;sulte des commissions vers&eacute;es, sur les op&eacute;rations d&#39;interm&eacute;diation, par les &eacute;tablissements financiers avec lesquels {{nomcabinet}} a &eacute;tabli des contrats pour le compte de ses clients.</p>\r\n<p>\r\n	Le cabinet facture &eacute;galement des honoraires de conseil sur les missions sp&eacute;cifiques r&eacute;alis&eacute;es &agrave; la demande de ses clients.</p>\r\n<p>\r\n	Contactez-nous pour en savoir plus sur notre accompagnement et nos services.</p>\r\n','fr',7),(2,'Notre Métier','Ce que nous pouvons faire pour vous','<div id=\"content-area\">\r\n	<div>\r\n		T&eacute;nor, le site con&ccedil;u par EXPERT INFOS pour les gestionnaires de patrimoine, comprend une rubrique auto-administrable o&ugrave; vous pouvez, directement de votre ordinateur, expliquer vos domaines d&#39;intervention et d&eacute;crire vos prestations.</div>\r\n	<div>\r\n		&nbsp;</div>\r\n	<div>\r\n		Exemple :</div>\r\n	<p>\r\n		Notre m&eacute;tier consiste &agrave; vous accompagner pour optimiser tous les sujets qui concernent votre patrimoine : &eacute;pargne, placements, investissements, imp&ocirc;ts, retraite, pr&eacute;voyance...</p>\r\n	<p>\r\n		Nous sommes ind&eacute;pendants, c&#39;est-&agrave;-dire que nous ne sommes attach&eacute;s &agrave; aucun organisme ou produit en particulier. Nous avons donc une approche sur-mesure et s&eacute;lectionnons sur le march&eacute; les produits qui r&eacute;pondent &agrave; vos objectifs et sont adapt&eacute;s &agrave; votre situation.</p>\r\n	<h4>\r\n		Le r&ocirc;le du conseil en gestion de patrimoine</h4>\r\n	<p>\r\n		Le m&eacute;tier de conseil en gestion de patrimoine ind&eacute;pendant est n&eacute; d&#39;initiatives personnelles dans les ann&eacute;es 70. Le conseil en gestion de patrimoine est un professionnel qui peut &ecirc;tre issu du monde de la finance, de l&#39;assurance ou du droit.</p>\r\n	<p>\r\n		Son r&ocirc;le est d&#39;&eacute;tablir un bilan patrimonial, d&#39;&eacute;mettre des conseils et d&#39;&eacute;laborer des strat&eacute;gies personnalis&eacute;es. Il met tout en &oelig;uvre pour la r&eacute;alisation des objectifs fix&eacute;s.</p>\r\n	<h4>\r\n		Le r&ocirc;le du Conseiller en Investissement Financier (CIF)</h4>\r\n	<p>\r\n		Un Conseiller en Investissement Financier est une personne qui exerce &agrave; titre professionnel une activit&eacute; de conseil portant sur la r&eacute;alisation de :</p>\r\n	<ul class=\"default\">\r\n		<li>\r\n			Op&eacute;rations de banque sur instruments financiers&nbsp;;</li>\r\n		<li>\r\n			Op&eacute;rations de banque&nbsp;;</li>\r\n		<li>\r\n			Fourniture de services d&#39;investissement&nbsp;;</li>\r\n		<li>\r\n			Op&eacute;rations sur biens divers.</li>\r\n	</ul>\r\n</div>\r\n','fr',3),(3,'Notre sélection de placements','Notre sélection de placements','<div>\r\n	Sonate, le site conçu par EXPERT INFOS pour les gestionnaires de patrimoine, comprend une rubrique auto-administrable où vous pouvez, directement de votre ordinateur, mettre en avant vos partenaires et les placements que vous avez sélectionnés.</div>\r\n<div>\r\n	 </div>\r\n<div>\r\n	Exemple :</div>\r\n<div>\r\n	 </div>\r\n<div>\r\n	<span style=\"\">Nous évaluons</span> l’ensemble des produits et placements financiers du marché pour proposer à nos clients les meilleurs d’entre eux selon les objectifs patrimoniaux de chacun (revenus complémentaires, transmission, rendement, réduction d’impôt sur le revenu ou de l’ISF. etc)</div>\r\n<h3>\r\n	<br />\r\n	Notre sélection de placements financiers (liste non-exhaustive)</h3>\r\n<div>\r\n	*Assurance-vie<br />\r\n	*FIP-FCPI<br />\r\n	*FCPR<br />\r\n	*PEA – comptes titres<br />\r\n	*Sélection de fonds<br />\r\n	*Trésorerie d’entreprise<br />\r\n	*Investissement immobilier<br />\r\n	*Loi de défiscalisation Scellier<br />\r\n	*Développement durable<br />\r\n	*Location en meublé<br />\r\n	*Crédits et assurance prêts<br />\r\n	*Holdings ISF</div>\r\n<div>\r\n	 </div>\r\n<div>\r\n	Si vous souhaitez des précisions sur l\'une de nos sélections, contactez-nous :</div>\r\n<div>\r\n	Par téléphone : 05 49 60 26 47 / Par mail : <a href=\"mailto:contact@lesiteducabinetsonate.com\">contact@lesiteducabinetsonate.com</a></div>\r\n','fr',2),(4,'NOS PRESTATIONS','Nos prestations','<div>\r\n	T&eacute;nor, le site con&ccedil;u par EXPERT INFOS pour les gestionnaires de patrimoine, vous permet d&#39;ajouter des pages pour sp&eacute;cifier vos interventions, livrer des informations suppl&eacute;mentaires &agrave; vos clients et prospects comme par exemple cette page &quot;Nos prestations&quot;. Le tout, tr&egrave;s simplement, directement de votre ordinateur.</div>\r\n','fr',1),(5,'NOS PRESTATIONS','Nos prestations','<div>\r\n	T&eacute;nor, le site con&ccedil;u par EXPERT INFOS pour les gestionnaires de patrimoine, vous permet d&#39;ajouter des pages pour sp&eacute;cifier vos interventions, livrer des informations suppl&eacute;mentaires &agrave; vos clients et prospects comme par exemple cette page &quot;Nos prestations&quot;. Le tout, tr&egrave;s simplement, directement de votre ordinateur.</div>\r\n','fr',1);
/*!40000 ALTER TABLE `sid_cabinet_page_cabinet_translation` ENABLE KEYS */;
UNLOCK TABLES;

--
-- Dumping data for table `sid_cabinet_page_cabinet_translation_version`
--

LOCK TABLES `sid_cabinet_page_cabinet_translation_version` WRITE;
/*!40000 ALTER TABLE `sid_cabinet_page_cabinet_translation_version` DISABLE KEYS */;
INSERT INTO `sid_cabinet_page_cabinet_translation_version` (`id`, `lang`, `title`, `title_entete_page`, `text`, `version`) VALUES (1,'fr','','','<p>Le Nom du Cabinet est une soci&eacute;t&eacute; d&#39;expertise-comptable et de commissariat aux comptes implant&eacute;e dans les d&eacute;partements de la Vienne et de la Charente depuis 1993. Nos 2 bureaux sont situ&eacute;s sur Poitiers et Ruffec.<br />Le Nom du Cabinet est dirig&eacute; par 2 associ&eacute;s, Emmanuel Legrand et Alain Lefort, entour&eacute;s d&#39;une &eacute;quipe de 10 collaborateurs, juristes, comptables et experts qui sont &agrave; votre &eacute;coute pour vous conseiller, construire, d&eacute;velopper.<br />Forts de nos 600 clients et de nos 16 ans d&rsquo;exp&eacute;rience, nous intervenons et ma&icirc;trisons des environnements vari&eacute;s que ce soit en termes d&rsquo;effectifs par exemple ou de secteur d&rsquo;activit&eacute; (commerces, industries, professions lib&eacute;rales, BTP&hellip;).<br /><br />La conception que nous avons de notre m&eacute;tier est d&rsquo;&ecirc;tre proche de nos clients, sur le terrain, toujours &agrave; votre disposition. Chacun de nos clients a un interlocuteur unique qui les suit, se forme r&eacute;guli&egrave;rement pour &ecirc;tre toujours au fait des &eacute;volutions impactant votre gestion, organise le recours &agrave; toutes nos autres comp&eacute;tences internes ou externes et sait se rendre disponible.<br /><br />Contactez-nous pour en savoir plus sur notre accompagnement et nos services.</p>',1),(1,'fr','','Présentation du cabinet','<p>\r\n	Le Nom du Cabinet est une soci&eacute;t&eacute; d&#39;expertise-comptable et de commissariat aux comptes implant&eacute;e dans les d&eacute;partements de la Vienne et de la Charente depuis 1993. Nos 2 bureaux sont situ&eacute;s sur Poitiers et Ruffec.<br />\r\n	Le Nom du Cabinet est dirig&eacute; par 2 associ&eacute;s, Emmanuel Legrand et Alain Lefort, entour&eacute;s d&#39;une &eacute;quipe de 10 collaborateurs, juristes, comptables et experts qui sont &agrave; votre &eacute;coute pour vous conseiller, construire, d&eacute;velopper.<br />\r\n	Forts de nos 600 clients et de nos 16 ans d&rsquo;exp&eacute;rience, nous intervenons et ma&icirc;trisons des environnements vari&eacute;s que ce soit en termes d&rsquo;effectifs par exemple ou de secteur d&rsquo;activit&eacute; (commerces, industries, professions lib&eacute;rales, BTP&hellip;).<br />\r\n	<br />\r\n	La conception que nous avons de notre m&eacute;tier est d&rsquo;&ecirc;tre proche de nos clients, sur le terrain, toujours &agrave; votre disposition. Chacun de nos clients a un interlocuteur unique qui les suit, se forme r&eacute;guli&egrave;rement pour &ecirc;tre toujours au fait des &eacute;volutions impactant votre gestion, organise le recours &agrave; toutes nos autres comp&eacute;tences internes ou externes et sait se rendre disponible.<br />\r\n	<br />\r\n	Contactez-nous pour en savoir plus sur notre accompagnement et nos services.</p>\r\n',2),(1,'fr','','Présentation du cabinet toto','<p>\r\n	Le Nom du Cabinet est une soci&eacute;t&eacute; d&#39;expertise-comptable et de commissariat aux comptes implant&eacute;e dans les d&eacute;partements de la Vienne et de la Charente depuis 1993. Nos 2 bureaux sont situ&eacute;s sur Poitiers et Ruffec.<br />\r\n	Le Nom du Cabinet est dirig&eacute; par 2 associ&eacute;s, Emmanuel Legrand et Alain Lefort, entour&eacute;s d&#39;une &eacute;quipe de 10 collaborateurs, juristes, comptables et experts qui sont &agrave; votre &eacute;coute pour vous conseiller, construire, d&eacute;velopper.<br />\r\n	Forts de nos 600 clients et de nos 16 ans d&rsquo;exp&eacute;rience, nous intervenons et ma&icirc;trisons des environnements vari&eacute;s que ce soit en termes d&rsquo;effectifs par exemple ou de secteur d&rsquo;activit&eacute; (commerces, industries, professions lib&eacute;rales, BTP&hellip;).<br />\r\n	<br />\r\n	La conception que nous avons de notre m&eacute;tier est d&rsquo;&ecirc;tre proche de nos clients, sur le terrain, toujours &agrave; votre disposition. Chacun de nos clients a un interlocuteur unique qui les suit, se forme r&eacute;guli&egrave;rement pour &ecirc;tre toujours au fait des &eacute;volutions impactant votre gestion, organise le recours &agrave; toutes nos autres comp&eacute;tences internes ou externes et sait se rendre disponible.<br />\r\n	<br />\r\n	Contactez-nous pour en savoir plus sur notre accompagnement et nos services.</p>\r\n',3),(1,'fr','','Présentation du cabinet','<p>\r\n	Le Nom du Cabinet est une soci&eacute;t&eacute; d&#39;expertise-comptable et de commissariat aux comptes implant&eacute;e dans les d&eacute;partements de la Vienne et de la Charente depuis 1993. Nos 2 bureaux sont situ&eacute;s sur Poitiers et Ruffec.<br />\r\n	Le Nom du Cabinet est dirig&eacute; par 2 associ&eacute;s, Emmanuel Legrand et Alain Lefort, entour&eacute;s d&#39;une &eacute;quipe de 10 collaborateurs, juristes, comptables et experts qui sont &agrave; votre &eacute;coute pour vous conseiller, construire, d&eacute;velopper.<br />\r\n	Forts de nos 600 clients et de nos 16 ans d&rsquo;exp&eacute;rience, nous intervenons et ma&icirc;trisons des environnements vari&eacute;s que ce soit en termes d&rsquo;effectifs par exemple ou de secteur d&rsquo;activit&eacute; (commerces, industries, professions lib&eacute;rales, BTP&hellip;).<br />\r\n	<br />\r\n	La conception que nous avons de notre m&eacute;tier est d&rsquo;&ecirc;tre proche de nos clients, sur le terrain, toujours &agrave; votre disposition. Chacun de nos clients a un interlocuteur unique qui les suit, se forme r&eacute;guli&egrave;rement pour &ecirc;tre toujours au fait des &eacute;volutions impactant votre gestion, organise le recours &agrave; toutes nos autres comp&eacute;tences internes ou externes et sait se rendre disponible.<br />\r\n	<br />\r\n	Contactez-nous pour en savoir plus sur notre accompagnement et nos services.</p>\r\n',4),(1,'fr','Présentation','Présentation du cabinet','<p>\r\n	#Le Nom du Cabinet# est une soci&eacute;t&eacute; d&#39;expertise-comptable et de commissariat aux comptes implant&eacute;e dans les d&eacute;partements de la Vienne et de la Charente depuis 1993. Nos 2 bureaux sont situ&eacute;s sur Poitiers et Ruffec.<br />\r\n	#Le Nom du Cabinet# est dirig&eacute; par 2 associ&eacute;s, Emmanuel Legrand et Alain Lefort, entour&eacute;s d&#39;une &eacute;quipe de 10 collaborateurs, juristes, comptables et experts qui sont &agrave; votre &eacute;coute pour vous conseiller, construire, d&eacute;velopper.<br />\r\n	Forts de nos 600 clients et de nos 16 ans d&rsquo;exp&eacute;rience, nous intervenons et ma&icirc;trisons des environnements vari&eacute;s que ce soit en termes d&rsquo;effectifs par exemple ou de secteur d&rsquo;activit&eacute; (commerces, industries, professions lib&eacute;rales, BTP&hellip;).<br />\r\n	<br />\r\n	La conception que nous avons de notre m&eacute;tier est d&rsquo;&ecirc;tre proche de nos clients, sur le terrain, toujours &agrave; votre disposition. Chacun de nos clients a un interlocuteur unique qui les suit, se forme r&eacute;guli&egrave;rement pour &ecirc;tre toujours au fait des &eacute;volutions impactant votre gestion, organise le recours &agrave; toutes nos autres comp&eacute;tences internes ou externes et sait se rendre disponible.<br />\r\n	<br />\r\n	Contactez-nous pour en savoir plus sur notre accompagnement et nos services.</p>\r\n',5),(1,'fr','Présentation','Présentation du cabinet','<p>\r\n	Les associ&eacute;s et collaborateurs de Le Nom du Cabinet ont une longue exp&eacute;rience du conseil patrimonial et une expertise professionnelle reconnue. Ils ont notamment eu des responsabilit&eacute;s de direction au sein de groupes financiers de premier plan.</p>\r\n<p>\r\n	Le Nom du Cabinet se pr&eacute;vaut, &agrave; ce titre, d&#39;une analyse objective du march&eacute; pour pr&eacute;senter &agrave; sa client&egrave;le une offre compl&egrave;te et de qualit&eacute; de produits de placements.</p>\r\n<p>\r\n	Le Nom du Cabinet est Membre de la Chambre des Ind&eacute;pendants du Patrimoine, qui, depuis 1978 a pour vocation d&#39;assurer le d&eacute;veloppement du m&eacute;tier dans une logique d&#39;ind&eacute;pendance. Elle v&eacute;rifie entre autres les comp&eacute;tences de ses membres et leur impose une formation permanente.</p>\r\n<h4>\r\n	Le cadre r&eacute;glementaire, vos garanties</h4>\r\n<p>\r\n	Le Nom du Cabinet est membre de l&#39;Association Nationale des Conseils Financiers, ANACOFI-CIF, agr&eacute;&eacute; par l&#39;Autorit&eacute; des March&eacute;s Financiers, AMF, o&ugrave; il est inscrit en qualit&eacute; de Conseil en Investissements Financiers, CIF, sous le N&deg; E00000.</p>\r\n<p>\r\n	Le Nom du Cabinet est inscrit aupr&egrave;s de l&#39;ORIAS, Organisme pour le Registre des Interm&eacute;diaires d&#39;Assurances, sous le n&deg;00 000 000, en qualit&eacute; de soci&eacute;t&eacute; de courtage d&#39;assurances.</p>\r\n<p>\r\n	Le Nom du Cabinet est &eacute;galement inscrit aupr&egrave;s de la Pr&eacute;fecture de Police de Paris pour l&#39;activit&eacute; de transactions sur immeubles et fonds de commerce et est titulaire, &agrave; ce titre, de la carte professionnelle N&deg;000000.</p>\r\n<p>\r\n	Le Nom du Cabinet est enregistr&eacute; sur le fichier de la Banque de France, pour les activit&eacute;s de d&eacute;marchage financier et d&#39;interm&eacute;diation bancaire sous le N&deg;000000.</p>\r\n<p>\r\n	Le Nom du Cabinet a souscrit les assurances requises de Responsabilit&eacute; Civile Professionnelle et de Garantie Financi&egrave;re, aupr&egrave;s de la compagnie d&#39;assurances LE NOM DE MON ASSURANCE, 16, rue du Quatre-Septembre 75002 Paris.</p>\r\n<p>\r\n	Le Nom du Cabinet est tenu au secret professionnel le plus strict.</p>\r\n<h4>\r\n	R&eacute;mun&eacute;ration</h4>\r\n<p>\r\n	La r&eacute;mun&eacute;ration r&eacute;sulte des commissions vers&eacute;es, sur les op&eacute;rations d&#39;interm&eacute;diation, par les &eacute;tablissements financiers avec lesquels Le Nom du Cabinet a &eacute;tabli des contrats pour le compte de ses clients.</p>\r\n<p>\r\n	Le cabinet facture &eacute;galement des honoraires de conseil sur les missions sp&eacute;cifiques r&eacute;alis&eacute;es &agrave; la demande de ses clients.</p>\r\n<p>\r\n	Contactez-nous pour en savoir plus sur notre accompagnement et nos services.</p>',6),(1,'fr','Présentation','Présentation du cabinet','<p>\r\n	Les associ&eacute;s et collaborateurs de {{nomcabinet}} ont une longue exp&eacute;rience du conseil patrimonial et une expertise professionnelle reconnue. Ils ont notamment eu des responsabilit&eacute;s de direction au sein de groupes financiers de premier plan.</p>\r\n<p>\r\n	{{nomcabinet}} se pr&eacute;vaut, &agrave; ce titre, d&#39;une analyse objective du march&eacute; pour pr&eacute;senter &agrave; sa client&egrave;le une offre compl&egrave;te et de qualit&eacute; de produits de placements.</p>\r\n<p>\r\n	{{nomcabinet}} est Membre de la Chambre des Ind&eacute;pendants du Patrimoine, qui, depuis 1978 a pour vocation d&#39;assurer le d&eacute;veloppement du m&eacute;tier dans une logique d&#39;ind&eacute;pendance. Elle v&eacute;rifie entre autres les comp&eacute;tences de ses membres et leur impose une formation permanente.</p>\r\n<h4>\r\n	Le cadre r&eacute;glementaire, vos garanties</h4>\r\n<p>\r\n	{{nomcabinet}} est membre de l&#39;Association Nationale des Conseils Financiers, ANACOFI-CIF, agr&eacute;&eacute; par l&#39;Autorit&eacute; des March&eacute;s Financiers, AMF, o&ugrave; il est inscrit en qualit&eacute; de Conseil en Investissements Financiers, CIF, sous le N&deg; E00000.</p>\r\n<p>\r\n	{{nomcabinet}} est inscrit aupr&egrave;s de l&#39;ORIAS, Organisme pour le Registre des Interm&eacute;diaires d&#39;Assurances, sous le n&deg;00 000 000, en qualit&eacute; de soci&eacute;t&eacute; de courtage d&#39;assurances.</p>\r\n<p>\r\n	{{nomcabinet}}t est &eacute;galement inscrit aupr&egrave;s de la Pr&eacute;fecture de Police de Paris pour l&#39;activit&eacute; de transactions sur immeubles et fonds de commerce et est titulaire, &agrave; ce titre, de la carte professionnelle N&deg;000000.</p>\r\n<p>\r\n	{{nomcabinet}} est enregistr&eacute; sur le fichier de la Banque de France, pour les activit&eacute;s de d&eacute;marchage financier et d&#39;interm&eacute;diation bancaire sous le N&deg;000000.</p>\r\n<p>\r\n	{{nomcabinet}} a souscrit les assurances requises de Responsabilit&eacute; Civile Professionnelle et de Garantie Financi&egrave;re, aupr&egrave;s de la compagnie d&#39;assurances LE NOM DE MON ASSURANCE, 16, rue du Quatre-Septembre 75002 Paris.</p>\r\n<p>\r\n	{{nomcabinet}} est tenu au secret professionnel le plus strict.</p>\r\n<h4>\r\n	R&eacute;mun&eacute;ration</h4>\r\n<p>\r\n	La r&eacute;mun&eacute;ration r&eacute;sulte des commissions vers&eacute;es, sur les op&eacute;rations d&#39;interm&eacute;diation, par les &eacute;tablissements financiers avec lesquels {{nomcabinet}} a &eacute;tabli des contrats pour le compte de ses clients.</p>\r\n<p>\r\n	Le cabinet facture &eacute;galement des honoraires de conseil sur les missions sp&eacute;cifiques r&eacute;alis&eacute;es &agrave; la demande de ses clients.</p>\r\n<p>\r\n	Contactez-nous pour en savoir plus sur notre accompagnement et nos services.</p>\r\n',7),(2,'fr','notre métier','Notre Métier','<div id=\"content-area\">\r\n	<p>\r\n		Notre m&eacute;tier consiste &agrave; vous accompagner pour optimiser tous les sujets qui concernent votre patrimoine : &eacute;pargne, placements, investissements, imp&ocirc;ts, retraite, pr&eacute;voyance...</p>\r\n	<p>\r\n		Nous sommes ind&eacute;pendants, c&#39;est-&agrave;-dire que nous ne sommes attach&eacute;s &agrave; aucun organisme ou produit en particulier. Nous avons donc une approche sur-mesure et s&eacute;lectionnons sur le march&eacute; les produits qui r&eacute;pondent &agrave; vos objectifs et sont adapt&eacute;s &agrave; votre situation.</p>\r\n	<h4>\r\n		Le r&ocirc;le du conseil en gestion de patrimoine</h4>\r\n	<p>\r\n		Le m&eacute;tier de conseil en gestion de patrimoine ind&eacute;pendant est n&eacute; d&#39;initiatives personnelles dans les ann&eacute;es 70. Le conseil en gestion de patrimoine est un professionnel qui peut &ecirc;tre issu du monde de la finance, de l&#39;assurance ou du droit.</p>\r\n	<p>\r\n		Son r&ocirc;le est d&#39;&eacute;tablir un bilan patrimonial, d&#39;&eacute;mettre des conseils et d&#39;&eacute;laborer des strat&eacute;gies personnalis&eacute;es. Il met tout en &oelig;uvre pour la r&eacute;alisation des objectifs fix&eacute;s.</p>\r\n	<h4>\r\n		Le r&ocirc;le du Conseiller en Investissement Financier (CIF)</h4>\r\n	<p>\r\n		Un Conseiller en Investissement Financier est une personne qui exerce &agrave; titre professionnel une activit&eacute; de conseil portant sur la r&eacute;alisation de :</p>\r\n	<ul class=\"default\">\r\n		<li>\r\n			Op&eacute;rations de banque sur instruments financiers&nbsp;;</li>\r\n		<li>\r\n			Op&eacute;rations de banque&nbsp;;</li>\r\n		<li>\r\n			Fourniture de services d&#39;investissement&nbsp;;</li>\r\n		<li>\r\n			Op&eacute;rations sur biens divers.</li>\r\n	</ul>\r\n</div>\r\n',1),(2,'fr','Notre Métier','Notre Métier','<div id=\"content-area\">\r\n	<p>\r\n		Notre m&eacute;tier consiste &agrave; vous accompagner pour optimiser tous les sujets qui concernent votre patrimoine : &eacute;pargne, placements, investissements, imp&ocirc;ts, retraite, pr&eacute;voyance...</p>\r\n	<p>\r\n		Nous sommes ind&eacute;pendants, c&#39;est-&agrave;-dire que nous ne sommes attach&eacute;s &agrave; aucun organisme ou produit en particulier. Nous avons donc une approche sur-mesure et s&eacute;lectionnons sur le march&eacute; les produits qui r&eacute;pondent &agrave; vos objectifs et sont adapt&eacute;s &agrave; votre situation.</p>\r\n	<h4>\r\n		Le r&ocirc;le du conseil en gestion de patrimoine</h4>\r\n	<p>\r\n		Le m&eacute;tier de conseil en gestion de patrimoine ind&eacute;pendant est n&eacute; d&#39;initiatives personnelles dans les ann&eacute;es 70. Le conseil en gestion de patrimoine est un professionnel qui peut &ecirc;tre issu du monde de la finance, de l&#39;assurance ou du droit.</p>\r\n	<p>\r\n		Son r&ocirc;le est d&#39;&eacute;tablir un bilan patrimonial, d&#39;&eacute;mettre des conseils et d&#39;&eacute;laborer des strat&eacute;gies personnalis&eacute;es. Il met tout en &oelig;uvre pour la r&eacute;alisation des objectifs fix&eacute;s.</p>\r\n	<h4>\r\n		Le r&ocirc;le du Conseiller en Investissement Financier (CIF)</h4>\r\n	<p>\r\n		Un Conseiller en Investissement Financier est une personne qui exerce &agrave; titre professionnel une activit&eacute; de conseil portant sur la r&eacute;alisation de :</p>\r\n	<ul class=\"default\">\r\n		<li>\r\n			Op&eacute;rations de banque sur instruments financiers&nbsp;;</li>\r\n		<li>\r\n			Op&eacute;rations de banque&nbsp;;</li>\r\n		<li>\r\n			Fourniture de services d&#39;investissement&nbsp;;</li>\r\n		<li>\r\n			Op&eacute;rations sur biens divers.</li>\r\n	</ul>\r\n</div>\r\n',2),(2,'fr','Notre Métier','Ce que nous pouvons faire pour vous','<div id=\"content-area\">\r\n	<div>\r\n		T&eacute;nor, le site con&ccedil;u par EXPERT INFOS pour les gestionnaires de patrimoine, comprend une rubrique auto-administrable o&ugrave; vous pouvez, directement de votre ordinateur, expliquer vos domaines d&#39;intervention et d&eacute;crire vos prestations.</div>\r\n	<div>\r\n		&nbsp;</div>\r\n	<div>\r\n		Exemple :</div>\r\n	<p>\r\n		Notre m&eacute;tier consiste &agrave; vous accompagner pour optimiser tous les sujets qui concernent votre patrimoine : &eacute;pargne, placements, investissements, imp&ocirc;ts, retraite, pr&eacute;voyance...</p>\r\n	<p>\r\n		Nous sommes ind&eacute;pendants, c&#39;est-&agrave;-dire que nous ne sommes attach&eacute;s &agrave; aucun organisme ou produit en particulier. Nous avons donc une approche sur-mesure et s&eacute;lectionnons sur le march&eacute; les produits qui r&eacute;pondent &agrave; vos objectifs et sont adapt&eacute;s &agrave; votre situation.</p>\r\n	<h4>\r\n		Le r&ocirc;le du conseil en gestion de patrimoine</h4>\r\n	<p>\r\n		Le m&eacute;tier de conseil en gestion de patrimoine ind&eacute;pendant est n&eacute; d&#39;initiatives personnelles dans les ann&eacute;es 70. Le conseil en gestion de patrimoine est un professionnel qui peut &ecirc;tre issu du monde de la finance, de l&#39;assurance ou du droit.</p>\r\n	<p>\r\n		Son r&ocirc;le est d&#39;&eacute;tablir un bilan patrimonial, d&#39;&eacute;mettre des conseils et d&#39;&eacute;laborer des strat&eacute;gies personnalis&eacute;es. Il met tout en &oelig;uvre pour la r&eacute;alisation des objectifs fix&eacute;s.</p>\r\n	<h4>\r\n		Le r&ocirc;le du Conseiller en Investissement Financier (CIF)</h4>\r\n	<p>\r\n		Un Conseiller en Investissement Financier est une personne qui exerce &agrave; titre professionnel une activit&eacute; de conseil portant sur la r&eacute;alisation de :</p>\r\n	<ul class=\"default\">\r\n		<li>\r\n			Op&eacute;rations de banque sur instruments financiers&nbsp;;</li>\r\n		<li>\r\n			Op&eacute;rations de banque&nbsp;;</li>\r\n		<li>\r\n			Fourniture de services d&#39;investissement&nbsp;;</li>\r\n		<li>\r\n			Op&eacute;rations sur biens divers.</li>\r\n	</ul>\r\n</div>\r\n',3),(3,'fr','notre sélection de placements','Notre sélection de placements','<div>\r\n	Sonate, le site con&ccedil;u par EXPERT INFOS pour les gestionnaires de patrimoine, comprend une rubrique auto-administrable o&ugrave; vous pouvez, directement de votre ordinateur, mettre en avant vos partenaires et les placements que vous avez s&eacute;lectionn&eacute;s.</div>\r\n<div>\r\n	&nbsp;</div>\r\n<div>\r\n	Exemple :</div>\r\n<div>\r\n	&nbsp;</div>\r\n<div>\r\n	<span style=\"\">Nous &eacute;valuons</span> l&rsquo;ensemble des produits et placements financiers du march&eacute; pour proposer &agrave; nos clients les meilleurs d&rsquo;entre eux selon les objectifs patrimoniaux de chacun (revenus compl&eacute;mentaires, transmission, rendement, r&eacute;duction d&rsquo;imp&ocirc;t sur le revenu ou de l&rsquo;ISF. etc)</div>\r\n<h3>\r\n	<br />\r\n	Notre s&eacute;lection de placements financiers (liste non-exhaustive)</h3>\r\n<div>\r\n	*Assurance-vie<br />\r\n	*FIP-FCPI<br />\r\n	*FCPR<br />\r\n	*PEA &ndash; comptes titres<br />\r\n	*S&eacute;lection de fonds<br />\r\n	*Tr&eacute;sorerie d&rsquo;entreprise<br />\r\n	*Investissement immobilier<br />\r\n	*Loi de d&eacute;fiscalisation Scellier<br />\r\n	*D&eacute;veloppement durable<br />\r\n	*Location en meubl&eacute;<br />\r\n	*Cr&eacute;dits et assurance pr&ecirc;ts<br />\r\n	*Holdings ISF</div>\r\n<div>\r\n	&nbsp;</div>\r\n<div>\r\n	Si vous souhaitez des pr&eacute;cisions sur l&#39;une de nos s&eacute;lections, contactez-nous :</div>\r\n<div>\r\n	Par t&eacute;l&eacute;phone : 05 49 60 26 47 / Par mail : <a href=\"mailto:contact@lesiteducabinetsonate.com\">contact@lesiteducabinetsonate.com</a></div>\r\n',1),(3,'fr','Notre sélection de placements','Notre sélection de placements','<div>\r\n	Sonate, le site conçu par EXPERT INFOS pour les gestionnaires de patrimoine, comprend une rubrique auto-administrable où vous pouvez, directement de votre ordinateur, mettre en avant vos partenaires et les placements que vous avez sélectionnés.</div>\r\n<div>\r\n	 </div>\r\n<div>\r\n	Exemple :</div>\r\n<div>\r\n	 </div>\r\n<div>\r\n	<span style=\"\">Nous évaluons</span> l’ensemble des produits et placements financiers du marché pour proposer à nos clients les meilleurs d’entre eux selon les objectifs patrimoniaux de chacun (revenus complémentaires, transmission, rendement, réduction d’impôt sur le revenu ou de l’ISF. etc)</div>\r\n<h3>\r\n	<br />\r\n	Notre sélection de placements financiers (liste non-exhaustive)</h3>\r\n<div>\r\n	*Assurance-vie<br />\r\n	*FIP-FCPI<br />\r\n	*FCPR<br />\r\n	*PEA – comptes titres<br />\r\n	*Sélection de fonds<br />\r\n	*Trésorerie d’entreprise<br />\r\n	*Investissement immobilier<br />\r\n	*Loi de défiscalisation Scellier<br />\r\n	*Développement durable<br />\r\n	*Location en meublé<br />\r\n	*Crédits et assurance prêts<br />\r\n	*Holdings ISF</div>\r\n<div>\r\n	 </div>\r\n<div>\r\n	Si vous souhaitez des précisions sur l\'une de nos sélections, contactez-nous :</div>\r\n<div>\r\n	Par téléphone : 05 49 60 26 47 / Par mail : <a href=\"mailto:contact@lesiteducabinetsonate.com\">contact@lesiteducabinetsonate.com</a></div>\r\n',2),(4,'fr','NOS PRESTATIONS','Nos prestations','<div>\r\n	T&eacute;nor, le site con&ccedil;u par EXPERT INFOS pour les gestionnaires de patrimoine, vous permet d&#39;ajouter des pages pour sp&eacute;cifier vos interventions, livrer des informations suppl&eacute;mentaires &agrave; vos clients et prospects comme par exemple cette page &quot;Nos prestations&quot;. Le tout, tr&egrave;s simplement, directement de votre ordinateur.</div>\r\n',1),(5,'fr','NOS PRESTATIONS','Nos prestations','<div>\r\n	T&eacute;nor, le site con&ccedil;u par EXPERT INFOS pour les gestionnaires de patrimoine, vous permet d&#39;ajouter des pages pour sp&eacute;cifier vos interventions, livrer des informations suppl&eacute;mentaires &agrave; vos clients et prospects comme par exemple cette page &quot;Nos prestations&quot;. Le tout, tr&egrave;s simplement, directement de votre ordinateur.</div>\r\n',1);
/*!40000 ALTER TABLE `sid_cabinet_page_cabinet_translation_version` ENABLE KEYS */;
UNLOCK TABLES;

--
-- Dumping data for table `sid_cabinet_recrutement`
--

LOCK TABLES `sid_cabinet_recrutement` WRITE;
/*!40000 ALTER TABLE `sid_cabinet_recrutement` DISABLE KEYS */;
INSERT INTO `sid_cabinet_recrutement` (`id`, `is_active`, `on_home`, `created_at`, `updated_at`, `position`) VALUES (1,1,1,'2011-08-12 21:14:57','2011-09-19 17:40:46',98937111),(2,1,1,'2011-08-12 21:29:34','2011-09-14 13:13:23',98937110);
/*!40000 ALTER TABLE `sid_cabinet_recrutement` ENABLE KEYS */;
UNLOCK TABLES;

--
-- Dumping data for table `sid_cabinet_recrutement_translation`
--

LOCK TABLES `sid_cabinet_recrutement_translation` WRITE;
/*!40000 ALTER TABLE `sid_cabinet_recrutement_translation` DISABLE KEYS */;
INSERT INTO `sid_cabinet_recrutement_translation` (`id`, `title`, `text`, `lang`, `version`) VALUES (1,'Collaborateur Paie Comptabilité, en CDI','<h5>\r\n	<u>Le poste:<br />\r\n	</u></h5>\r\n<p>\r\n	<br />\r\n	Dans le cadre d&rsquo;un accroissement de notre activit&eacute; Paie et Gestion sociale, nous recherchons un(e) Collaborateur(trice) Paie Comptabilit&eacute; pour assister la Responsable de mission en charge de cette activit&eacute; sur :</p>\r\n<ul>\r\n	<li>\r\n		 le traitement des paies de nos clients,</li>\r\n	<li>\r\n		 la r&eacute;alisation des d&eacute;clarations sociales et DADS,</li>\r\n	<li>\r\n		 la gestion administrative du personnel (cong&eacute;s, RTT, tickets restaurant,...). </li>\r\n</ul>\r\n<p>\r\n	Ce(tte) collaborateur(trice) interviendra aussi, en assistance des &eacute;quipes d&#39;Externalisation Comptable sur la tenue comptable de soci&eacute;t&eacute;s diversifi&eacute;es:</p>\r\n<ul>\r\n	<li>\r\n		enregistrement de toutes les &eacute;critures comptables,</li>\r\n	<li>\r\n		&eacute;tablissement des&nbsp;&nbsp; d&eacute;clarations fiscales et sociales, </li>\r\n	<li>\r\n		rapprochements bancaires.</li>\r\n</ul>\r\n<p>\r\n	Le poste est en CDI &agrave; pouvoir imm&eacute;diatement sur notre implantation de Paris.</p>\r\n<h5>\r\n	<u>Votre profil :</u></h5>\r\n<p>\r\n	<br />\r\n	De formation comptable (BTS souhait&eacute;), vous avez acquis une exp&eacute;rience d&#39;au moins 2 ans en cabinet d&#39;expertise comptable &agrave; un poste de comptable paie.<br />\r\n	Vous ma&icirc;trisez le logiciel de paie CCMX.<br />\r\n	  Vos qualit&eacute;s sont la cl&eacute; de votre r&eacute;ussite :</p>\r\n<ul>\r\n	<li>\r\n		bonnes connaissances de la paie et de&nbsp;&nbsp; la gestion sociale et de la comptabilit&eacute;, </li>\r\n	<li>\r\n		rigueur et esprit&nbsp;&nbsp; critique, </li>\r\n	<li>\r\n		respect des d&eacute;lais impartis, </li>\r\n	<li>\r\n		bonne maitrise des outils&nbsp;&nbsp; comptables, paie (CCMX) et bureautiques (Word, Excel, ...).</li>\r\n</ul>\r\n<p>\r\n	&nbsp;Si le poste vous int&eacute;resse, transmettez votre candidature (lettre de motivation et CV) &agrave; St&eacute;phanie L&eacute;ger, notre assistante de Direction sur nos bureaux de Poitiers.</p>\r\n<p>\r\n	&nbsp;{{nomcabinet}}<br />\r\n	15, rue de la Demi-Lune - BP 1119<br />\r\n	86061 POITIERS Cedex 9<br />\r\n	Email : <a href=\"mailto:sleger@lesiteducabinet.com\">sleger@lesiteducabinet.com</a></p>\r\n','fr',10),(2,'Collaborateur comptable, en CDD','<h5>\r\n	<u>Le poste :</u></h5>\r\n<p>\r\n	<br />\r\n	Dans le cadre d&rsquo;un remplacement d&rsquo;une personne en cong&eacute; maternit&eacute;, nous recherchons un collaborateur(trice) comptable.<br />\r\n	Sous la supervision d&rsquo;un Chef de Mission, vous aurez &agrave; prendre en charge&nbsp;&nbsp; un portefeuille clients compos&eacute; principalement de BNC afin d&rsquo;y traiter&nbsp;&nbsp; tout l&rsquo;aspect comptable jusqu&rsquo;&agrave; l&rsquo;&eacute;laboration du bilan, liasse&nbsp;&nbsp; fiscale.  Le poste est un CDD de 6 mois &agrave; partir de janvier 2010 avec de&nbsp;&nbsp; r&eacute;elles opportunit&eacute;s de CDI &agrave; l&rsquo;issue dans l&rsquo;une ou l&rsquo;autre de nos&nbsp;&nbsp; implantations.</p>\r\n<h5>\r\n	<u>Votre profil :</u></h5>\r\n<p>\r\n	<br />\r\n	De formation BTS, DCG, vous avez acquis au moins 2 ans d&rsquo;exp&eacute;rience&nbsp;&nbsp; professionnelle en cabinet &agrave; un poste similaire. Vous &ecirc;tes automone,&nbsp;&nbsp; avec un vrai sens de l&rsquo;organisation et le go&ucirc;t de la relation clients.<br />\r\n	Si le poste vous int&eacute;resse, transmettez votre candidature (lettre de&nbsp;&nbsp; motivation et CV) &agrave; St&eacute;phanie L&eacute;ger, notre assistante de Direction sur&nbsp;&nbsp; nos bureaux de Poitiers.</p>\r\n<p>\r\n	&nbsp;{{nomcabinet}}<br />\r\n	15, rue de la Demi-Lune - BP 1119<br />\r\n	86061 POITIERS Cedex 9<br />\r\n	Email : <a href=\"mailto:sleger@lesiteducabinet.com\">sleger@lesiteducabinet.com</a></p>\r\n','fr',10);
/*!40000 ALTER TABLE `sid_cabinet_recrutement_translation` ENABLE KEYS */;
UNLOCK TABLES;

--
-- Dumping data for table `sid_cabinet_recrutement_translation_version`
--

LOCK TABLES `sid_cabinet_recrutement_translation_version` WRITE;
/*!40000 ALTER TABLE `sid_cabinet_recrutement_translation_version` DISABLE KEYS */;
INSERT INTO `sid_cabinet_recrutement_translation_version` (`id`, `lang`, `title`, `text`, `version`) VALUES (1,'fr','tus felis at justo. Ut neque. Cras nec purus. Nam imperdiet massa sit amet mauris. Duis ultrices, torto','Donec ullamcorper lacus dapibus arcu. Donec porta pulvinar neque. Nam in augue. In et ante. In consequat. Nam viverra, dolor non sollicitudin tincidunt, sem nisi accumsan massa, ut varius magna ipsum nec sapien. Maecenas luctus pharetra sapien. Proin semper magna vel erat sagittis fermentum. Nullam vulputate semper velit. Pellentesque nulla justo, porta sit amet, tempus hendrerit, vehicula at, arcu. Morbi neque odio, mollis nec, lacinia in, elementum non, nisl. Proin ultrices interdum risus. Duis nec augue. In porttitor. Curabitur ut tellus id orci rutrum venenatis. Nullam venenatis justo et lorem. Vestibulum ante ipsum primis in faucibus orci luctus et ultrices posuere cubilia Curae; Donec justo enim, ullamcorper nec, ultricies quis, pellentesque convallis, elit. Vestibulum dignissim ultricies nisl.\n',1),(1,'fr','Collaborateur Paie Comptabilité, en CDI','<p>\r\n	Le poste:</p>\r\n<p>\r\n	&nbsp;Dans le cadre d&rsquo;un accroissement de notre activit&eacute; Paie et Gestion&nbsp;&nbsp; sociale, nous recherchons un(e) Collaborateur(trice) Paie Comptabilit&eacute;&nbsp;&nbsp; pour assister la Responsable de mission en charge de cette activit&eacute; sur&nbsp;&nbsp; :</p>\r\n<ul>\r\n	<li>\r\n		 le traitement des paies de nos clients,</li>\r\n	<li>\r\n		 la r&eacute;alisation des&nbsp;&nbsp; d&eacute;clarations sociales et DADS,</li>\r\n	<li>\r\n		 la gestion administrative du personnel&nbsp;&nbsp; (cong&eacute;s, RTT, tickets restaurant,...). </li>\r\n</ul>\r\n<p>\r\n	Ce(tte) collaborateur(trice)&nbsp;&nbsp; interviendra aussi, en assistance des &eacute;quipes d&#39;Externalisation Comptable sur la tenue comptable de soci&eacute;t&eacute;s diversifi&eacute;es :</p>\r\n<ul>\r\n	<li>\r\n		enregistrement de toutes les &eacute;critures comptables,</li>\r\n	<li>\r\n		&eacute;tablissement des&nbsp;&nbsp; d&eacute;clarations fiscales et sociales, </li>\r\n	<li>\r\n		rapprochements bancaires.</li>\r\n</ul>\r\n<p>\r\n	Le poste est en CDI &agrave; pouvoir imm&eacute;diatement sur notre implantation de Paris.</p>\r\n<p>\r\n	Votre profil :</p>\r\n<p>\r\n	De formation comptable (BTS souhait&eacute;), vous avez acquis une exp&eacute;rience d&#39;au moins 2 ans en cabinet d&#39;expertise comptable &agrave; un poste de comptable paie.</p>\r\n<p>\r\n	Vous ma&icirc;trisez le logiciel de paie CCMX.</p>\r\n<p>\r\n	  Vos qualit&eacute;s sont la cl&eacute; de votre r&eacute;ussite :</p>\r\n<ul>\r\n	<li>\r\n		bonnes connaissances de la paie et de&nbsp;&nbsp; la gestion sociale et de la comptabilit&eacute;, </li>\r\n	<li>\r\n		rigueur et esprit&nbsp;&nbsp; critique, </li>\r\n	<li>\r\n		respect des d&eacute;lais impartis, </li>\r\n	<li>\r\n		bonne maitrise des outils&nbsp;&nbsp; comptables, paie (CCMX) et bureautiques (Word, Excel, ...).</li>\r\n</ul>\r\n<p>\r\n	&nbsp;Si le poste vous int&eacute;resse, transmettez votre candidature (lettre de motivation et CV) &agrave; St&eacute;phanie L&eacute;ger, notre assistante de Direction sur nos bureaux de Poitiers.</p>\r\n<p>\r\n	&nbsp;Lenomducabinet</p>\r\n<p>\r\n	15, rue de la Demi-Lune - BP 1119</p>\r\n<p>\r\n	86061 POITIERS Cedex 9</p>\r\n<p>\r\n	&nbsp;Email : <a href=\"mailto:sleger@lesiteducabinet.com\">sleger@lesiteducabinet.com</a></p>\r\n',2),(1,'fr','Collaborateur Paie Comptabilité, en CDI','<p>\r\n	Le poste:<br />\r\n	Dans le cadre d&rsquo;un accroissement de notre activit&eacute; Paie et Gestion&nbsp;&nbsp; sociale, nous recherchons un(e) Collaborateur(trice) Paie Comptabilit&eacute;&nbsp;&nbsp; pour assister la Responsable de mission en charge de cette activit&eacute; sur&nbsp;&nbsp; :</p>\r\n<ul>\r\n	<li>\r\n		 le traitement des paies de nos clients,</li>\r\n	<li>\r\n		 la r&eacute;alisation des&nbsp;&nbsp; d&eacute;clarations sociales et DADS,</li>\r\n	<li>\r\n		 la gestion administrative du personnel&nbsp;&nbsp; (cong&eacute;s, RTT, tickets restaurant,...). </li>\r\n</ul>\r\n<p>\r\n	Ce(tte) collaborateur(trice)&nbsp;&nbsp; interviendra aussi, en assistance des &eacute;quipes d&#39;Externalisation Comptable sur la tenue comptable de soci&eacute;t&eacute;s diversifi&eacute;es :</p>\r\n<ul>\r\n	<li>\r\n		enregistrement de toutes les &eacute;critures comptables,</li>\r\n	<li>\r\n		&eacute;tablissement des&nbsp;&nbsp; d&eacute;clarations fiscales et sociales, </li>\r\n	<li>\r\n		rapprochements bancaires.</li>\r\n</ul>\r\n<p>\r\n	Le poste est en CDI &agrave; pouvoir imm&eacute;diatement sur notre implantation de Paris.</p>\r\n<p>\r\n	Votre profil :</p>\r\n<p>\r\n	De formation comptable (BTS souhait&eacute;), vous avez acquis une exp&eacute;rience d&#39;au moins 2 ans en cabinet d&#39;expertise comptable &agrave; un poste de comptable paie.<br />\r\n	Vous ma&icirc;trisez le logiciel de paie CCMX.<br />\r\n	  Vos qualit&eacute;s sont la cl&eacute; de votre r&eacute;ussite :</p>\r\n<ul>\r\n	<li>\r\n		bonnes connaissances de la paie et de&nbsp;&nbsp; la gestion sociale et de la comptabilit&eacute;, </li>\r\n	<li>\r\n		rigueur et esprit&nbsp;&nbsp; critique, </li>\r\n	<li>\r\n		respect des d&eacute;lais impartis, </li>\r\n	<li>\r\n		bonne maitrise des outils&nbsp;&nbsp; comptables, paie (CCMX) et bureautiques (Word, Excel, ...).</li>\r\n</ul>\r\n<p>\r\n	&nbsp;Si le poste vous int&eacute;resse, transmettez votre candidature (lettre de motivation et CV) &agrave; St&eacute;phanie L&eacute;ger, notre assistante de Direction sur nos bureaux de Poitiers.</p>\r\n<p>\r\n	&nbsp;Lenomducabinet<br />\r\n	15, rue de la Demi-Lune - BP 1119<br />\r\n	86061 POITIERS Cedex 9<br />\r\n	Email : <a href=\"mailto:sleger@lesiteducabinet.com\">sleger@lesiteducabinet.com</a></p>\r\n',3),(1,'fr','Collaborateur Paie Comptabilité, en CDI','<p>\r\n	Le poste:<br />\r\n	Dans le cadre d&rsquo;un accroissement de notre activit&eacute; Paie et Gestion&nbsp;&nbsp; sociale, nous recherchons un(e) Collaborateur(trice) Paie Comptabilit&eacute;&nbsp;&nbsp; pour assister la Responsable de mission en charge de cette activit&eacute; sur&nbsp;&nbsp; :</p>\r\n<ul>\r\n	<li>\r\n		 le traitement des paies de nos clients,</li>\r\n	<li>\r\n		 la r&eacute;alisation des&nbsp;&nbsp; d&eacute;clarations sociales et DADS,</li>\r\n	<li>\r\n		 la gestion administrative du personnel&nbsp;&nbsp; (cong&eacute;s, RTT, tickets restaurant,...). </li>\r\n</ul>\r\n<p>\r\n	Ce(tte) collaborateur(trice)&nbsp;&nbsp; interviendra aussi, en assistance des &eacute;quipes d&#39;Externalisation Comptable sur la tenue comptable de soci&eacute;t&eacute;s diversifi&eacute;es :</p>\r\n<ul>\r\n	<li>\r\n		enregistrement de toutes les &eacute;critures comptables,</li>\r\n	<li>\r\n		&eacute;tablissement des&nbsp;&nbsp; d&eacute;clarations fiscales et sociales, </li>\r\n	<li>\r\n		rapprochements bancaires.</li>\r\n</ul>\r\n<p>\r\n	Le poste est en CDI &agrave; pouvoir imm&eacute;diatement sur notre implantation de Paris.</p>\r\n<p>\r\n	Votre profil :</p>\r\n<p>\r\n	De formation comptable (BTS souhait&eacute;), vous avez acquis une exp&eacute;rience d&#39;au moins 2 ans en cabinet d&#39;expertise comptable &agrave; un poste de comptable paie.<br />\r\n	Vous ma&icirc;trisez le logiciel de paie CCMX.<br />\r\n	  Vos qualit&eacute;s sont la cl&eacute; de votre r&eacute;ussite :</p>\r\n<ul>\r\n	<li>\r\n		bonnes connaissances de la paie et de&nbsp;&nbsp; la gestion sociale et de la comptabilit&eacute;, </li>\r\n	<li>\r\n		rigueur et esprit&nbsp;&nbsp; critique, </li>\r\n	<li>\r\n		respect des d&eacute;lais impartis, </li>\r\n	<li>\r\n		bonne maitrise des outils&nbsp;&nbsp; comptables, paie (CCMX) et bureautiques (Word, Excel, ...).</li>\r\n</ul>\r\n<p>\r\n	&nbsp;Si le poste vous int&eacute;resse, transmettez votre candidature (lettre de motivation et CV) &agrave; St&eacute;phanie L&eacute;ger, notre assistante de Direction sur nos bureaux de Poitiers.</p>\r\n<p>\r\n	&nbsp;{{nomcabinet}}<br />\r\n	15, rue de la Demi-Lune - BP 1119<br />\r\n	86061 POITIERS Cedex 9<br />\r\n	Email : <a href=\"mailto:sleger@lesiteducabinet.com\">sleger@lesiteducabinet.com</a></p>\r\n',4),(1,'fr','Collaborateur Paie Comptabilité, en CDI','<h5>\r\n	<u>Le poste:<br />\r\n	</u></h5>\r\n<p>\r\n	Dans le cadre d&rsquo;un accroissement de notre activit&eacute; Paie et Gestion&nbsp;&nbsp; sociale, nous recherchons un(e) Collaborateur(trice) Paie Comptabilit&eacute;&nbsp;&nbsp; pour assister la Responsable de mission en charge de cette activit&eacute; sur&nbsp;&nbsp; :</p>\r\n<ul>\r\n	<li>\r\n		 le traitement des paies de nos clients,</li>\r\n	<li>\r\n		 la r&eacute;alisation des&nbsp;&nbsp; d&eacute;clarations sociales et DADS,</li>\r\n	<li>\r\n		 la gestion administrative du personnel&nbsp;&nbsp; (cong&eacute;s, RTT, tickets restaurant,...). </li>\r\n</ul>\r\n<p>\r\n	Ce(tte) collaborateur(trice)&nbsp;&nbsp; interviendra aussi, en assistance des &eacute;quipes d&#39;Externalisation Comptable sur la tenue comptable de soci&eacute;t&eacute;s diversifi&eacute;es :</p>\r\n<ul>\r\n	<li>\r\n		enregistrement de toutes les &eacute;critures comptables,</li>\r\n	<li>\r\n		&eacute;tablissement des&nbsp;&nbsp; d&eacute;clarations fiscales et sociales, </li>\r\n	<li>\r\n		rapprochements bancaires.</li>\r\n</ul>\r\n<p>\r\n	Le poste est en CDI &agrave; pouvoir imm&eacute;diatement sur notre implantation de Paris.</p>\r\n<h5>\r\n	<u>Votre profil :</u></h5>\r\n<p>\r\n	De formation comptable (BTS souhait&eacute;), vous avez acquis une exp&eacute;rience d&#39;au moins 2 ans en cabinet d&#39;expertise comptable &agrave; un poste de comptable paie.<br />\r\n	Vous ma&icirc;trisez le logiciel de paie CCMX.<br />\r\n	  Vos qualit&eacute;s sont la cl&eacute; de votre r&eacute;ussite :</p>\r\n<ul>\r\n	<li>\r\n		bonnes connaissances de la paie et de&nbsp;&nbsp; la gestion sociale et de la comptabilit&eacute;, </li>\r\n	<li>\r\n		rigueur et esprit&nbsp;&nbsp; critique, </li>\r\n	<li>\r\n		respect des d&eacute;lais impartis, </li>\r\n	<li>\r\n		bonne maitrise des outils&nbsp;&nbsp; comptables, paie (CCMX) et bureautiques (Word, Excel, ...).</li>\r\n</ul>\r\n<p>\r\n	&nbsp;Si le poste vous int&eacute;resse, transmettez votre candidature (lettre de motivation et CV) &agrave; St&eacute;phanie L&eacute;ger, notre assistante de Direction sur nos bureaux de Poitiers.</p>\r\n<p>\r\n	&nbsp;{{nomcabinet}}<br />\r\n	15, rue de la Demi-Lune - BP 1119<br />\r\n	86061 POITIERS Cedex 9<br />\r\n	Email : <a href=\"mailto:sleger@lesiteducabinet.com\">sleger@lesiteducabinet.com</a></p>\r\n',5),(1,'fr','Collaborateur Paie Comptabilité, en CDI','<h5>\r\n	<u>Le poste:<br />\r\n	</u></h5>\r\n<p>\r\n	<br />Dans le cadre d&rsquo;un accroissement de notre activit&eacute; Paie et Gestion&nbsp;&nbsp; sociale, nous recherchons un(e) Collaborateur(trice) Paie Comptabilit&eacute;&nbsp;&nbsp; pour assister la Responsable de mission en charge de cette activit&eacute; sur&nbsp;&nbsp; :</p>\r\n<ul>\r\n	<li>\r\n		 le traitement des paies de nos clients,</li>\r\n	<li>\r\n		 la r&eacute;alisation des&nbsp;&nbsp; d&eacute;clarations sociales et DADS,</li>\r\n	<li>\r\n		 la gestion administrative du personnel&nbsp;&nbsp; (cong&eacute;s, RTT, tickets restaurant,...). </li>\r\n</ul>\r\n<p>\r\n	Ce(tte) collaborateur(trice)&nbsp;&nbsp; interviendra aussi, en assistance des &eacute;quipes d&#39;Externalisation Comptable sur la tenue comptable de soci&eacute;t&eacute;s diversifi&eacute;es :</p>\r\n<ul>\r\n	<li>\r\n		enregistrement de toutes les &eacute;critures comptables,</li>\r\n	<li>\r\n		&eacute;tablissement des&nbsp;&nbsp; d&eacute;clarations fiscales et sociales, </li>\r\n	<li>\r\n		rapprochements bancaires.</li>\r\n</ul>\r\n<p>\r\n	Le poste est en CDI &agrave; pouvoir imm&eacute;diatement sur notre implantation de Paris.</p>\r\n<h5>\r\n	<u>Votre profil :</u></h5>\r\n<p>\r\n	<br />De formation comptable (BTS souhait&eacute;), vous avez acquis une exp&eacute;rience d&#39;au moins 2 ans en cabinet d&#39;expertise comptable &agrave; un poste de comptable paie.<br />\r\n	Vous ma&icirc;trisez le logiciel de paie CCMX.<br />\r\n	  Vos qualit&eacute;s sont la cl&eacute; de votre r&eacute;ussite :</p>\r\n<ul>\r\n	<li>\r\n		bonnes connaissances de la paie et de&nbsp;&nbsp; la gestion sociale et de la comptabilit&eacute;, </li>\r\n	<li>\r\n		rigueur et esprit&nbsp;&nbsp; critique, </li>\r\n	<li>\r\n		respect des d&eacute;lais impartis, </li>\r\n	<li>\r\n		bonne maitrise des outils&nbsp;&nbsp; comptables, paie (CCMX) et bureautiques (Word, Excel, ...).</li>\r\n</ul>\r\n<p>\r\n	&nbsp;Si le poste vous int&eacute;resse, transmettez votre candidature (lettre de motivation et CV) &agrave; St&eacute;phanie L&eacute;ger, notre assistante de Direction sur nos bureaux de Poitiers.</p>\r\n<p>\r\n	&nbsp;{{nomcabinet}}<br />\r\n	15, rue de la Demi-Lune - BP 1119<br />\r\n	86061 POITIERS Cedex 9<br />\r\n	Email : <a href=\"mailto:sleger@lesiteducabinet.com\">sleger@lesiteducabinet.com</a></p>\r\n',6),(1,'fr','Collaborateur Paie Comptabilité, en CDI','<h5>\r\n	<u>Le poste:<br />\r\n	</u></h5>\r\n<p>\r\n	<br />\r\n	Dans le cadre d&rsquo;un accroissement de notre activit&eacute; Paie et Gestion&nbsp;&nbsp; sociale, nous recherchons un(e) Collaborateur(trice) Paie Comptabilit&eacute;&nbsp;&nbsp; pour assister la Responsable de mission en charge de cette activit&eacute; sur&nbsp;&nbsp; :</p>\r\n<ul>\r\n	<li>\r\n		 le traitement des paies de nos clients,</li>\r\n	<li>\r\n		 la r&eacute;alisation des&nbsp;&nbsp; d&eacute;clarations sociales et DADS,</li>\r\n	<li>\r\n		 la gestion administrative du personnel&nbsp;&nbsp; (cong&eacute;s, RTT, tickets restaurant,...). </li>\r\n</ul>\r\n<p>\r\n	Ce(tte) collaborateur(trice) interviendra aussi, en assistance des &eacute;quipes d&#39;Externalisation Comptable sur la tenue comptable de soci&eacute;t&eacute;s diversifi&eacute;es :</p>\r\n<ul>\r\n	<li>\r\n		enregistrement de toutes les &eacute;critures comptables,</li>\r\n	<li>\r\n		&eacute;tablissement des&nbsp;&nbsp; d&eacute;clarations fiscales et sociales, </li>\r\n	<li>\r\n		rapprochements bancaires.</li>\r\n</ul>\r\n<p>\r\n	Le poste est en CDI &agrave; pouvoir imm&eacute;diatement sur notre implantation de Paris.</p>\r\n<h5>\r\n	<u>Votre profil :</u></h5>\r\n<p>\r\n	<br />\r\n	De formation comptable (BTS souhait&eacute;), vous avez acquis une exp&eacute;rience d&#39;au moins 2 ans en cabinet d&#39;expertise comptable &agrave; un poste de comptable paie.<br />\r\n	Vous ma&icirc;trisez le logiciel de paie CCMX.<br />\r\n	  Vos qualit&eacute;s sont la cl&eacute; de votre r&eacute;ussite :</p>\r\n<ul>\r\n	<li>\r\n		bonnes connaissances de la paie et de&nbsp;&nbsp; la gestion sociale et de la comptabilit&eacute;, </li>\r\n	<li>\r\n		rigueur et esprit&nbsp;&nbsp; critique, </li>\r\n	<li>\r\n		respect des d&eacute;lais impartis, </li>\r\n	<li>\r\n		bonne maitrise des outils&nbsp;&nbsp; comptables, paie (CCMX) et bureautiques (Word, Excel, ...).</li>\r\n</ul>\r\n<p>\r\n	&nbsp;Si le poste vous int&eacute;resse, transmettez votre candidature (lettre de motivation et CV) &agrave; St&eacute;phanie L&eacute;ger, notre assistante de Direction sur nos bureaux de Poitiers.</p>\r\n<p>\r\n	&nbsp;{{nomcabinet}}<br />\r\n	15, rue de la Demi-Lune - BP 1119<br />\r\n	86061 POITIERS Cedex 9<br />\r\n	Email : <a href=\"mailto:sleger@lesiteducabinet.com\">sleger@lesiteducabinet.com</a></p>\r\n',7),(1,'fr','Collaborateur Paie Comptabilité, en CDI','<h5>\r\n	<u>Le poste:<br />\r\n	</u></h5>\r\n<p>\r\n	<br />\r\n	Dans le cadre d&rsquo;un accroissement de notre activit&eacute; Paie et Gestion sociale, nous recherchons un(e) Collaborateur(trice) Paie Comptabilit&eacute; pour assister la Responsable de mission en charge de cette activit&eacute; sur :</p>\r\n<ul>\r\n	<li>\r\n		 le traitement des paies de nos clients,</li>\r\n	<li>\r\n		 la r&eacute;alisation des d&eacute;clarations sociales et DADS,</li>\r\n	<li>\r\n		 la gestion administrative du personnel (cong&eacute;s, RTT, tickets restaurant,...). </li>\r\n</ul>\r\n<p>\r\n	Ce(tte) collaborateur(trice) interviendra aussi, en assistance des &eacute;quipes d&#39;Externalisation Comptable sur la tenue comptable de soci&eacute;t&eacute;s diversifi&eacute;es :</p>\r\n<ul>\r\n	<li>\r\n		enregistrement de toutes les &eacute;critures comptables,</li>\r\n	<li>\r\n		&eacute;tablissement des&nbsp;&nbsp; d&eacute;clarations fiscales et sociales, </li>\r\n	<li>\r\n		rapprochements bancaires.</li>\r\n</ul>\r\n<p>\r\n	Le poste est en CDI &agrave; pouvoir imm&eacute;diatement sur notre implantation de Paris.</p>\r\n<h5>\r\n	<u>Votre profil :</u></h5>\r\n<p>\r\n	<br />\r\n	De formation comptable (BTS souhait&eacute;), vous avez acquis une exp&eacute;rience d&#39;au moins 2 ans en cabinet d&#39;expertise comptable &agrave; un poste de comptable paie.<br />\r\n	Vous ma&icirc;trisez le logiciel de paie CCMX.<br />\r\n	  Vos qualit&eacute;s sont la cl&eacute; de votre r&eacute;ussite :</p>\r\n<ul>\r\n	<li>\r\n		bonnes connaissances de la paie et de&nbsp;&nbsp; la gestion sociale et de la comptabilit&eacute;, </li>\r\n	<li>\r\n		rigueur et esprit&nbsp;&nbsp; critique, </li>\r\n	<li>\r\n		respect des d&eacute;lais impartis, </li>\r\n	<li>\r\n		bonne maitrise des outils&nbsp;&nbsp; comptables, paie (CCMX) et bureautiques (Word, Excel, ...).</li>\r\n</ul>\r\n<p>\r\n	&nbsp;Si le poste vous int&eacute;resse, transmettez votre candidature (lettre de motivation et CV) &agrave; St&eacute;phanie L&eacute;ger, notre assistante de Direction sur nos bureaux de Poitiers.</p>\r\n<p>\r\n	&nbsp;{{nomcabinet}}<br />\r\n	15, rue de la Demi-Lune - BP 1119<br />\r\n	86061 POITIERS Cedex 9<br />\r\n	Email : <a href=\"mailto:sleger@lesiteducabinet.com\">sleger@lesiteducabinet.com</a></p>\r\n',8),(1,'fr','Collaborateur Paie Comptabilité, en CDI','<h5>\r\n	<u>Le poste:<br />\r\n	</u></h5>\r\n<p>\r\n	<br />\r\n	Dans le cadre d&rsquo;un accroissement de notre activit&eacute; Paie et Gestion sociale, nous recherchons un(e) Collaborateur(trice) Paie Comptabilit&eacute; pour assister la Responsable de mission en charge de cette activit&eacute; sur :</p>\r\n<ul>\r\n	<li>\r\n		 le traitement des paies de nos clients,</li>\r\n	<li>\r\n		 la r&eacute;alisation des d&eacute;clarations sociales et DADS,</li>\r\n	<li>\r\n		 la gestion administrative du personnel (cong&eacute;s, RTT, tickets restaurant,...). </li>\r\n</ul>\r\n<p>\r\n	Ce(tte) collaborateur(trice) interviendra en assistance des &eacute;quipes d&#39;Externalisation Comptable sur la tenue comptable de soci&eacute;t&eacute;s diversifi&eacute;es :</p>\r\n<ul>\r\n	<li>\r\n		enregistrement de toutes les &eacute;critures comptables,</li>\r\n	<li>\r\n		&eacute;tablissement des&nbsp;&nbsp; d&eacute;clarations fiscales et sociales, </li>\r\n	<li>\r\n		rapprochements bancaires.</li>\r\n</ul>\r\n<p>\r\n	Le poste est en CDI &agrave; pouvoir imm&eacute;diatement sur notre implantation de Paris.</p>\r\n<h5>\r\n	<u>Votre profil :</u></h5>\r\n<p>\r\n	<br />\r\n	De formation comptable (BTS souhait&eacute;), vous avez acquis une exp&eacute;rience d&#39;au moins 2 ans en cabinet d&#39;expertise comptable &agrave; un poste de comptable paie.<br />\r\n	Vous ma&icirc;trisez le logiciel de paie CCMX.<br />\r\n	  Vos qualit&eacute;s sont la cl&eacute; de votre r&eacute;ussite :</p>\r\n<ul>\r\n	<li>\r\n		bonnes connaissances de la paie et de&nbsp;&nbsp; la gestion sociale et de la comptabilit&eacute;, </li>\r\n	<li>\r\n		rigueur et esprit&nbsp;&nbsp; critique, </li>\r\n	<li>\r\n		respect des d&eacute;lais impartis, </li>\r\n	<li>\r\n		bonne maitrise des outils&nbsp;&nbsp; comptables, paie (CCMX) et bureautiques (Word, Excel, ...).</li>\r\n</ul>\r\n<p>\r\n	&nbsp;Si le poste vous int&eacute;resse, transmettez votre candidature (lettre de motivation et CV) &agrave; St&eacute;phanie L&eacute;ger, notre assistante de Direction sur nos bureaux de Poitiers.</p>\r\n<p>\r\n	&nbsp;{{nomcabinet}}<br />\r\n	15, rue de la Demi-Lune - BP 1119<br />\r\n	86061 POITIERS Cedex 9<br />\r\n	Email : <a href=\"mailto:sleger@lesiteducabinet.com\">sleger@lesiteducabinet.com</a></p>\r\n',9),(1,'fr','Collaborateur Paie Comptabilité, en CDI','<h5>\r\n	<u>Le poste:<br />\r\n	</u></h5>\r\n<p>\r\n	<br />\r\n	Dans le cadre d&rsquo;un accroissement de notre activit&eacute; Paie et Gestion sociale, nous recherchons un(e) Collaborateur(trice) Paie Comptabilit&eacute; pour assister la Responsable de mission en charge de cette activit&eacute; sur :</p>\r\n<ul>\r\n	<li>\r\n		 le traitement des paies de nos clients,</li>\r\n	<li>\r\n		 la r&eacute;alisation des d&eacute;clarations sociales et DADS,</li>\r\n	<li>\r\n		 la gestion administrative du personnel (cong&eacute;s, RTT, tickets restaurant,...). </li>\r\n</ul>\r\n<p>\r\n	Ce(tte) collaborateur(trice) interviendra aussi, en assistance des &eacute;quipes d&#39;Externalisation Comptable sur la tenue comptable de soci&eacute;t&eacute;s diversifi&eacute;es:</p>\r\n<ul>\r\n	<li>\r\n		enregistrement de toutes les &eacute;critures comptables,</li>\r\n	<li>\r\n		&eacute;tablissement des&nbsp;&nbsp; d&eacute;clarations fiscales et sociales, </li>\r\n	<li>\r\n		rapprochements bancaires.</li>\r\n</ul>\r\n<p>\r\n	Le poste est en CDI &agrave; pouvoir imm&eacute;diatement sur notre implantation de Paris.</p>\r\n<h5>\r\n	<u>Votre profil :</u></h5>\r\n<p>\r\n	<br />\r\n	De formation comptable (BTS souhait&eacute;), vous avez acquis une exp&eacute;rience d&#39;au moins 2 ans en cabinet d&#39;expertise comptable &agrave; un poste de comptable paie.<br />\r\n	Vous ma&icirc;trisez le logiciel de paie CCMX.<br />\r\n	  Vos qualit&eacute;s sont la cl&eacute; de votre r&eacute;ussite :</p>\r\n<ul>\r\n	<li>\r\n		bonnes connaissances de la paie et de&nbsp;&nbsp; la gestion sociale et de la comptabilit&eacute;, </li>\r\n	<li>\r\n		rigueur et esprit&nbsp;&nbsp; critique, </li>\r\n	<li>\r\n		respect des d&eacute;lais impartis, </li>\r\n	<li>\r\n		bonne maitrise des outils&nbsp;&nbsp; comptables, paie (CCMX) et bureautiques (Word, Excel, ...).</li>\r\n</ul>\r\n<p>\r\n	&nbsp;Si le poste vous int&eacute;resse, transmettez votre candidature (lettre de motivation et CV) &agrave; St&eacute;phanie L&eacute;ger, notre assistante de Direction sur nos bureaux de Poitiers.</p>\r\n<p>\r\n	&nbsp;{{nomcabinet}}<br />\r\n	15, rue de la Demi-Lune - BP 1119<br />\r\n	86061 POITIERS Cedex 9<br />\r\n	Email : <a href=\"mailto:sleger@lesiteducabinet.com\">sleger@lesiteducabinet.com</a></p>\r\n',10),(2,'fr','Collaborateur comptable, en CDD','<p>\r\n	Le poste :</p>\r\n<p>\r\n	Dans le cadre d&rsquo;un remplacement d&rsquo;une personne en cong&eacute; maternit&eacute;, nous recherchons un collaborateur(trice) comptable.</p>\r\n<p>\r\n	Sous la supervision d&rsquo;un Chef de Mission, vous aurez &agrave; prendre en charge&nbsp;&nbsp; un portefeuille clients compos&eacute; principalement de BNC afin d&rsquo;y traiter&nbsp;&nbsp; tout l&rsquo;aspect comptable jusqu&rsquo;&agrave; l&rsquo;&eacute;laboration du bilan, liasse&nbsp;&nbsp; fiscale.  Le poste est un CDD de 6 mois &agrave; partir de janvier 2010 avec de&nbsp;&nbsp; r&eacute;elles opportunit&eacute;s de CDI &agrave; l&rsquo;issue dans l&rsquo;une ou l&rsquo;autre de nos&nbsp;&nbsp; implantations.</p>\r\n<p>\r\n	Votre profil :</p>\r\n<p>\r\n	&nbsp;De formation BTS, DCG, vous avez acquis au moins 2 ans d&rsquo;exp&eacute;rience&nbsp;&nbsp; professionnelle en cabinet &agrave; un poste similaire. Vous &ecirc;tes automone,&nbsp;&nbsp; avec un vrai sens de l&rsquo;organisation et le go&ucirc;t de la relation clients.</p>\r\n<p>\r\n	&nbsp;Si le poste vous int&eacute;resse, transmettez votre candidature (lettre de&nbsp;&nbsp; motivation et CV) &agrave; St&eacute;phanie L&eacute;ger, notre assistante de Direction sur&nbsp;&nbsp; nos bureaux de Poitiers.</p>\r\n<p>\r\n	&nbsp;Lenomducabinet</p>\r\n<p>\r\n	15, rue de la Demi-Lune - BP 1119</p>\r\n<p>\r\n	86061 POITIERS Cedex 9</p>\r\n<p>\r\n	&nbsp;Email : <a href=\"mailto:sleger@lesiteducabinet.com\">sleger@lesiteducabinet.com</a></p>\r\n',1),(2,'fr','Collaborateur comptable, en CDD','<p>\r\n	Le poste :<br />\r\n	Dans le cadre d&rsquo;un remplacement d&rsquo;une personne en cong&eacute; maternit&eacute;, nous recherchons un collaborateur(trice) comptable.<br />\r\n	Sous la supervision d&rsquo;un Chef de Mission, vous aurez &agrave; prendre en charge&nbsp;&nbsp; un portefeuille clients compos&eacute; principalement de BNC afin d&rsquo;y traiter&nbsp;&nbsp; tout l&rsquo;aspect comptable jusqu&rsquo;&agrave; l&rsquo;&eacute;laboration du bilan, liasse&nbsp;&nbsp; fiscale.  Le poste est un CDD de 6 mois &agrave; partir de janvier 2010 avec de&nbsp;&nbsp; r&eacute;elles opportunit&eacute;s de CDI &agrave; l&rsquo;issue dans l&rsquo;une ou l&rsquo;autre de nos&nbsp;&nbsp; implantations.</p>\r\n<p>\r\n	Votre profil :</p>\r\n<p>\r\n	&nbsp;De formation BTS, DCG, vous avez acquis au moins 2 ans d&rsquo;exp&eacute;rience&nbsp;&nbsp; professionnelle en cabinet &agrave; un poste similaire. Vous &ecirc;tes automone,&nbsp;&nbsp; avec un vrai sens de l&rsquo;organisation et le go&ucirc;t de la relation clients.<br />\r\n	Si le poste vous int&eacute;resse, transmettez votre candidature (lettre de&nbsp;&nbsp; motivation et CV) &agrave; St&eacute;phanie L&eacute;ger, notre assistante de Direction sur&nbsp;&nbsp; nos bureaux de Poitiers.</p>\r\n<p>\r\n	&nbsp;Lenomducabinet<br />\r\n	15, rue de la Demi-Lune - BP 1119<br />\r\n	86061 POITIERS Cedex 9<br />\r\n	Email : <a href=\"mailto:sleger@lesiteducabinet.com\">sleger@lesiteducabinet.com</a></p>\r\n',2),(2,'fr','Collaborateur comptable, en CDD','<p>\r\n	Le poste :<br />\r\n	Dans le cadre d&rsquo;un remplacement d&rsquo;une personne en cong&eacute; maternit&eacute;, nous recherchons un collaborateur(trice) comptable.<br />\r\n	Sous la supervision d&rsquo;un Chef de Mission, vous aurez &agrave; prendre en charge&nbsp;&nbsp; un portefeuille clients compos&eacute; principalement de BNC afin d&rsquo;y traiter&nbsp;&nbsp; tout l&rsquo;aspect comptable jusqu&rsquo;&agrave; l&rsquo;&eacute;laboration du bilan, liasse&nbsp;&nbsp; fiscale.  Le poste est un CDD de 6 mois &agrave; partir de janvier 2010 avec de&nbsp;&nbsp; r&eacute;elles opportunit&eacute;s de CDI &agrave; l&rsquo;issue dans l&rsquo;une ou l&rsquo;autre de nos&nbsp;&nbsp; implantations.</p>\r\n<p>\r\n	Votre profil :</p>\r\n<p>\r\n	&nbsp;De formation BTS, DCG, vous avez acquis au moins 2 ans d&rsquo;exp&eacute;rience&nbsp;&nbsp; professionnelle en cabinet &agrave; un poste similaire. Vous &ecirc;tes automone,&nbsp;&nbsp; avec un vrai sens de l&rsquo;organisation et le go&ucirc;t de la relation clients.<br />\r\n	Si le poste vous int&eacute;resse, transmettez votre candidature (lettre de&nbsp;&nbsp; motivation et CV) &agrave; St&eacute;phanie L&eacute;ger, notre assistante de Direction sur&nbsp;&nbsp; nos bureaux de Poitiers.</p>\r\n<p>\r\n	&nbsp;{{nomcabinet}}<br />\r\n	15, rue de la Demi-Lune - BP 1119<br />\r\n	86061 POITIERS Cedex 9<br />\r\n	Email : <a href=\"mailto:sleger@lesiteducabinet.com\">sleger@lesiteducabinet.com</a></p>\r\n',3),(2,'fr','Collaborateur comptable, en CDD','<h3>\r\n	Le poste :</h3>\r\n<p>\r\n	Dans le cadre d&rsquo;un remplacement d&rsquo;une personne en cong&eacute; maternit&eacute;, nous recherchons un collaborateur(trice) comptable.<br />\r\n	Sous la supervision d&rsquo;un Chef de Mission, vous aurez &agrave; prendre en charge&nbsp;&nbsp; un portefeuille clients compos&eacute; principalement de BNC afin d&rsquo;y traiter&nbsp;&nbsp; tout l&rsquo;aspect comptable jusqu&rsquo;&agrave; l&rsquo;&eacute;laboration du bilan, liasse&nbsp;&nbsp; fiscale.  Le poste est un CDD de 6 mois &agrave; partir de janvier 2010 avec de&nbsp;&nbsp; r&eacute;elles opportunit&eacute;s de CDI &agrave; l&rsquo;issue dans l&rsquo;une ou l&rsquo;autre de nos&nbsp;&nbsp; implantations.</p>\r\n<h3>\r\n	Votre profil :</h3>\r\n<p>\r\n	&nbsp;De formation BTS, DCG, vous avez acquis au moins 2 ans d&rsquo;exp&eacute;rience&nbsp;&nbsp; professionnelle en cabinet &agrave; un poste similaire. Vous &ecirc;tes automone,&nbsp;&nbsp; avec un vrai sens de l&rsquo;organisation et le go&ucirc;t de la relation clients.<br />\r\n	Si le poste vous int&eacute;resse, transmettez votre candidature (lettre de&nbsp;&nbsp; motivation et CV) &agrave; St&eacute;phanie L&eacute;ger, notre assistante de Direction sur&nbsp;&nbsp; nos bureaux de Poitiers.</p>\r\n<p>\r\n	&nbsp;{{nomcabinet}}<br />\r\n	15, rue de la Demi-Lune - BP 1119<br />\r\n	86061 POITIERS Cedex 9<br />\r\n	Email : <a href=\"mailto:sleger@lesiteducabinet.com\">sleger@lesiteducabinet.com</a></p>\r\n',4),(2,'fr','Collaborateur comptable, en CDD','<h4>\r\n	<u>Le poste :</u></h4>\r\n<p>\r\n	Dans le cadre d&rsquo;un remplacement d&rsquo;une personne en cong&eacute; maternit&eacute;, nous recherchons un collaborateur(trice) comptable.<br />\r\n	Sous la supervision d&rsquo;un Chef de Mission, vous aurez &agrave; prendre en charge&nbsp;&nbsp; un portefeuille clients compos&eacute; principalement de BNC afin d&rsquo;y traiter&nbsp;&nbsp; tout l&rsquo;aspect comptable jusqu&rsquo;&agrave; l&rsquo;&eacute;laboration du bilan, liasse&nbsp;&nbsp; fiscale.  Le poste est un CDD de 6 mois &agrave; partir de janvier 2010 avec de&nbsp;&nbsp; r&eacute;elles opportunit&eacute;s de CDI &agrave; l&rsquo;issue dans l&rsquo;une ou l&rsquo;autre de nos&nbsp;&nbsp; implantations.</p>\r\n<h4>\r\n	<u>Votre profil :</u></h4>\r\n<p>\r\n	&nbsp;De formation BTS, DCG, vous avez acquis au moins 2 ans d&rsquo;exp&eacute;rience&nbsp;&nbsp; professionnelle en cabinet &agrave; un poste similaire. Vous &ecirc;tes automone,&nbsp;&nbsp; avec un vrai sens de l&rsquo;organisation et le go&ucirc;t de la relation clients.<br />\r\n	Si le poste vous int&eacute;resse, transmettez votre candidature (lettre de&nbsp;&nbsp; motivation et CV) &agrave; St&eacute;phanie L&eacute;ger, notre assistante de Direction sur&nbsp;&nbsp; nos bureaux de Poitiers.</p>\r\n<p>\r\n	&nbsp;{{nomcabinet}}<br />\r\n	15, rue de la Demi-Lune - BP 1119<br />\r\n	86061 POITIERS Cedex 9<br />\r\n	Email : <a href=\"mailto:sleger@lesiteducabinet.com\">sleger@lesiteducabinet.com</a></p>\r\n',5),(2,'fr','Collaborateur comptable, en CDD','<h5>\r\n	<u>Le poste :</u></h5>\r\n<p>\r\n	Dans le cadre d&rsquo;un remplacement d&rsquo;une personne en cong&eacute; maternit&eacute;, nous recherchons un collaborateur(trice) comptable.<br />\r\n	Sous la supervision d&rsquo;un Chef de Mission, vous aurez &agrave; prendre en charge&nbsp;&nbsp; un portefeuille clients compos&eacute; principalement de BNC afin d&rsquo;y traiter&nbsp;&nbsp; tout l&rsquo;aspect comptable jusqu&rsquo;&agrave; l&rsquo;&eacute;laboration du bilan, liasse&nbsp;&nbsp; fiscale.  Le poste est un CDD de 6 mois &agrave; partir de janvier 2010 avec de&nbsp;&nbsp; r&eacute;elles opportunit&eacute;s de CDI &agrave; l&rsquo;issue dans l&rsquo;une ou l&rsquo;autre de nos&nbsp;&nbsp; implantations.</p>\r\n<h5>\r\n	<u>Votre profil :</u></h5>\r\n<p>\r\n	&nbsp;De formation BTS, DCG, vous avez acquis au moins 2 ans d&rsquo;exp&eacute;rience&nbsp;&nbsp; professionnelle en cabinet &agrave; un poste similaire. Vous &ecirc;tes automone,&nbsp;&nbsp; avec un vrai sens de l&rsquo;organisation et le go&ucirc;t de la relation clients.<br />\r\n	Si le poste vous int&eacute;resse, transmettez votre candidature (lettre de&nbsp;&nbsp; motivation et CV) &agrave; St&eacute;phanie L&eacute;ger, notre assistante de Direction sur&nbsp;&nbsp; nos bureaux de Poitiers.</p>\r\n<p>\r\n	&nbsp;{{nomcabinet}}<br />\r\n	15, rue de la Demi-Lune - BP 1119<br />\r\n	86061 POITIERS Cedex 9<br />\r\n	Email : <a href=\"mailto:sleger@lesiteducabinet.com\">sleger@lesiteducabinet.com</a></p>\r\n',6),(2,'fr','Collaborateur comptable, en CDD','<h5>\r\n	<u>Le poste :</u></h5>\r\n<p>\r\n	&nbsp;</p>\r\n<p>\r\n	Dans le cadre d&rsquo;un remplacement d&rsquo;une personne en cong&eacute; maternit&eacute;, nous recherchons un collaborateur(trice) comptable.<br />\r\n	Sous la supervision d&rsquo;un Chef de Mission, vous aurez &agrave; prendre en charge&nbsp;&nbsp; un portefeuille clients compos&eacute; principalement de BNC afin d&rsquo;y traiter&nbsp;&nbsp; tout l&rsquo;aspect comptable jusqu&rsquo;&agrave; l&rsquo;&eacute;laboration du bilan, liasse&nbsp;&nbsp; fiscale.  Le poste est un CDD de 6 mois &agrave; partir de janvier 2010 avec de&nbsp;&nbsp; r&eacute;elles opportunit&eacute;s de CDI &agrave; l&rsquo;issue dans l&rsquo;une ou l&rsquo;autre de nos&nbsp;&nbsp; implantations.</p>\r\n<h5>\r\n	<u>Votre profil :</u></h5>\r\n<p>\r\n	&nbsp;</p>\r\n<p>\r\n	&nbsp;De formation BTS, DCG, vous avez acquis au moins 2 ans d&rsquo;exp&eacute;rience&nbsp;&nbsp; professionnelle en cabinet &agrave; un poste similaire. Vous &ecirc;tes automone,&nbsp;&nbsp; avec un vrai sens de l&rsquo;organisation et le go&ucirc;t de la relation clients.<br />\r\n	Si le poste vous int&eacute;resse, transmettez votre candidature (lettre de&nbsp;&nbsp; motivation et CV) &agrave; St&eacute;phanie L&eacute;ger, notre assistante de Direction sur&nbsp;&nbsp; nos bureaux de Poitiers.</p>\r\n<p>\r\n	&nbsp;{{nomcabinet}}<br />\r\n	15, rue de la Demi-Lune - BP 1119<br />\r\n	86061 POITIERS Cedex 9<br />\r\n	Email : <a href=\"mailto:sleger@lesiteducabinet.com\">sleger@lesiteducabinet.com</a></p>\r\n',7),(2,'fr','Collaborateur comptable, en CDD','<h5>\r\n	<u>Le poste :</u></h5>\r\n<p>\r\n	Dans le cadre d&rsquo;un remplacement d&rsquo;une personne en cong&eacute; maternit&eacute;, nous recherchons un collaborateur(trice) comptable.<br />\r\n	Sous la supervision d&rsquo;un Chef de Mission, vous aurez &agrave; prendre en charge&nbsp;&nbsp; un portefeuille clients compos&eacute; principalement de BNC afin d&rsquo;y traiter&nbsp;&nbsp; tout l&rsquo;aspect comptable jusqu&rsquo;&agrave; l&rsquo;&eacute;laboration du bilan, liasse&nbsp;&nbsp; fiscale.  Le poste est un CDD de 6 mois &agrave; partir de janvier 2010 avec de&nbsp;&nbsp; r&eacute;elles opportunit&eacute;s de CDI &agrave; l&rsquo;issue dans l&rsquo;une ou l&rsquo;autre de nos&nbsp;&nbsp; implantations.</p>\r\n<h5>\r\n	Votre profil :</h5>\r\n<p>\r\n	&nbsp;De formation BTS, DCG, vous avez acquis au moins 2 ans d&rsquo;exp&eacute;rience&nbsp;&nbsp; professionnelle en cabinet &agrave; un poste similaire. Vous &ecirc;tes automone,&nbsp;&nbsp; avec un vrai sens de l&rsquo;organisation et le go&ucirc;t de la relation clients.<br />\r\n	Si le poste vous int&eacute;resse, transmettez votre candidature (lettre de&nbsp;&nbsp; motivation et CV) &agrave; St&eacute;phanie L&eacute;ger, notre assistante de Direction sur&nbsp;&nbsp; nos bureaux de Poitiers.</p>\r\n<p>\r\n	&nbsp;{{nomcabinet}}<br />\r\n	15, rue de la Demi-Lune - BP 1119<br />\r\n	86061 POITIERS Cedex 9<br />\r\n	Email : <a href=\"mailto:sleger@lesiteducabinet.com\">sleger@lesiteducabinet.com</a></p>\r\n',8),(2,'fr','Collaborateur comptable, en CDD','<h5>\r\n	<u>Le poste :</u></h5>\r\n<p>\r\n	<br />Dans le cadre d&rsquo;un remplacement d&rsquo;une personne en cong&eacute; maternit&eacute;, nous recherchons un collaborateur(trice) comptable.<br />\r\n	Sous la supervision d&rsquo;un Chef de Mission, vous aurez &agrave; prendre en charge&nbsp;&nbsp; un portefeuille clients compos&eacute; principalement de BNC afin d&rsquo;y traiter&nbsp;&nbsp; tout l&rsquo;aspect comptable jusqu&rsquo;&agrave; l&rsquo;&eacute;laboration du bilan, liasse&nbsp;&nbsp; fiscale.  Le poste est un CDD de 6 mois &agrave; partir de janvier 2010 avec de&nbsp;&nbsp; r&eacute;elles opportunit&eacute;s de CDI &agrave; l&rsquo;issue dans l&rsquo;une ou l&rsquo;autre de nos&nbsp;&nbsp; implantations.</p>\r\n<h5>\r\n	<u>Votre profil :</u></h5>\r\n<p>\r\n	<br />De formation BTS, DCG, vous avez acquis au moins 2 ans d&rsquo;exp&eacute;rience&nbsp;&nbsp; professionnelle en cabinet &agrave; un poste similaire. Vous &ecirc;tes automone,&nbsp;&nbsp; avec un vrai sens de l&rsquo;organisation et le go&ucirc;t de la relation clients.<br />\r\n	Si le poste vous int&eacute;resse, transmettez votre candidature (lettre de&nbsp;&nbsp; motivation et CV) &agrave; St&eacute;phanie L&eacute;ger, notre assistante de Direction sur&nbsp;&nbsp; nos bureaux de Poitiers.</p>\r\n<p>\r\n	&nbsp;{{nomcabinet}}<br />\r\n	15, rue de la Demi-Lune - BP 1119<br />\r\n	86061 POITIERS Cedex 9<br />\r\n	Email : <a href=\"mailto:sleger@lesiteducabinet.com\">sleger@lesiteducabinet.com</a></p>\r\n',9),(2,'fr','Collaborateur comptable, en CDD','<h5>\r\n	<u>Le poste :</u></h5>\r\n<p>\r\n	<br />\r\n	Dans le cadre d&rsquo;un remplacement d&rsquo;une personne en cong&eacute; maternit&eacute;, nous recherchons un collaborateur(trice) comptable.<br />\r\n	Sous la supervision d&rsquo;un Chef de Mission, vous aurez &agrave; prendre en charge&nbsp;&nbsp; un portefeuille clients compos&eacute; principalement de BNC afin d&rsquo;y traiter&nbsp;&nbsp; tout l&rsquo;aspect comptable jusqu&rsquo;&agrave; l&rsquo;&eacute;laboration du bilan, liasse&nbsp;&nbsp; fiscale.  Le poste est un CDD de 6 mois &agrave; partir de janvier 2010 avec de&nbsp;&nbsp; r&eacute;elles opportunit&eacute;s de CDI &agrave; l&rsquo;issue dans l&rsquo;une ou l&rsquo;autre de nos&nbsp;&nbsp; implantations.</p>\r\n<h5>\r\n	<u>Votre profil :</u></h5>\r\n<p>\r\n	<br />\r\n	De formation BTS, DCG, vous avez acquis au moins 2 ans d&rsquo;exp&eacute;rience&nbsp;&nbsp; professionnelle en cabinet &agrave; un poste similaire. Vous &ecirc;tes automone,&nbsp;&nbsp; avec un vrai sens de l&rsquo;organisation et le go&ucirc;t de la relation clients.<br />\r\n	Si le poste vous int&eacute;resse, transmettez votre candidature (lettre de&nbsp;&nbsp; motivation et CV) &agrave; St&eacute;phanie L&eacute;ger, notre assistante de Direction sur&nbsp;&nbsp; nos bureaux de Poitiers.</p>\r\n<p>\r\n	&nbsp;{{nomcabinet}}<br />\r\n	15, rue de la Demi-Lune - BP 1119<br />\r\n	86061 POITIERS Cedex 9<br />\r\n	Email : <a href=\"mailto:sleger@lesiteducabinet.com\">sleger@lesiteducabinet.com</a></p>\r\n',10);
/*!40000 ALTER TABLE `sid_cabinet_recrutement_translation_version` ENABLE KEYS */;
UNLOCK TABLES;

--
-- Dumping data for table `sid_coord_name`
--

LOCK TABLES `sid_coord_name` WRITE;
/*!40000 ALTER TABLE `sid_coord_name` DISABLE KEYS */;
INSERT INTO `sid_coord_name` (`id`, `title`, `adresse`, `adresse2`, `code_postal`, `ville`, `tel`, `fax`, `email`, `region_ec`, `region_cc`, `is_active`, `siege_social`, `created_at`, `updated_at`, `position`, `version`) VALUES (2,'Cabinet Ténor CGP','16, rue du 4 Septembre','',75002,'Paris','01 23 45 67 89','09 87 65 43 21','contact-paris@lesiteducabinetconcerto.com','','',1,1,'2011-08-10 19:22:23','2011-09-23 18:18:02',-2,15);
/*!40000 ALTER TABLE `sid_coord_name` ENABLE KEYS */;
UNLOCK TABLES;

--
-- Dumping data for table `sid_coord_name_version`
--

LOCK TABLES `sid_coord_name_version` WRITE;
/*!40000 ALTER TABLE `sid_coord_name_version` DISABLE KEYS */;
INSERT INTO `sid_coord_name_version` (`id`, `title`, `adresse`, `adresse2`, `code_postal`, `ville`, `tel`, `fax`, `email`, `region_ec`, `region_cc`, `is_active`, `siege_social`, `created_at`, `updated_at`, `position`, `version`) VALUES (2,'Le Nom du Cabinet secondaire','16, rue du 4 Septembre','',75002,'Paris','01 23 45 67 89','09 87 65 43 21','contact-paris@lesiteducabinetconcerto.com','','',1,0,'2011-08-10 19:22:23','2011-08-10 19:22:23',-2,1),(2,'Le Nom du Cabinet secondaire','16, rue du 4 Septembre','',75002,'Paris','01 23 45 67 89','09 87 65 43 21','contact-paris@lesiteducabinetconcerto.com','','',1,1,'2011-08-10 19:22:23','2011-08-10 19:23:42',-2,2),(2,'Le Nom du Cabinet secondaire','16, rue du 4 Septembre','',75002,'Paris','01 23 45 67 89','09 87 65 43 21','contact-paris@lesiteducabinetconcerto.com','','',1,0,'2011-08-10 19:22:23','2011-08-10 19:23:48',-2,3),(2,'Le Nom du Cabinet secondaire','16, rue du 4 Septembre','',75002,'Paris','01 23 45 67 89','09 87 65 43 21','contact-paris@lesiteducabinetconcerto.com','','',1,1,'2011-08-10 19:22:23','2011-08-16 20:25:20',-2,4),(2,'Le Nom du Cabinet secondaire','16, rue du 4 Septembre','',75002,'Paris','01 23 45 67 89','09 87 65 43 21','contact-paris@lesiteducabinetconcerto.com','','',1,0,'2011-08-10 19:22:23','2011-08-16 20:25:21',-2,5),(2,'Le Nom du Cabinet secondaire','16, rue du 4 Septembre','',75002,'Paris','01 23 45 67 89','09 87 65 43 21','contact-paris@lesiteducabinetconcerto.com','','',1,1,'2011-08-10 19:22:23','2011-08-16 20:25:39',-2,6),(2,'Le Nom du Cabinet secondaire','16, rue du 4 Septembre','',75002,'Paris','01 23 45 67 89','09 87 65 43 21','contact-paris@lesiteducabinetconcerto.com','','',1,0,'2011-08-10 19:22:23','2011-08-16 20:25:43',-2,7),(2,'Le Nom du Cabinet secondaire','16, rue du 4 Septembre','',75002,'Paris','01 23 45 67 89','09 87 65 43 21','contact-paris@lesiteducabinetconcerto.com','','',1,1,'2011-08-10 19:22:23','2011-08-16 20:25:50',-2,8),(2,'Le Nom du Cabinet secondaire','16, rue du 4 Septembre','',75002,'Paris','01 23 45 67 89','09 87 65 43 21','contact-paris@lesiteducabinetconcerto.com','','',1,0,'2011-08-10 19:22:23','2011-08-16 20:26:00',-2,9),(2,'Le Nom du Cabinet secondaire','16, rue du 4 Septembre','',75002,'Paris','01 23 45 67 89','09 87 65 43 21','contact-paris@lesiteducabinetconcerto.com','','',0,0,'2011-08-10 19:22:23','2011-08-25 05:20:29',-2,10),(2,'Le Nom du Cabinet secondaire','16, rue du 4 Septembre','',75002,'Paris','01 23 45 67 89','09 87 65 43 21','contact-paris@lesiteducabinetconcerto.com','','',1,0,'2011-08-10 19:22:23','2011-08-29 15:13:28',-2,11),(2,'Le Nom du Cabinet secondaire','16, rue du 4 Septembre','',75002,'Paris','01 23 45 67 89','09 87 65 43 21','contact-paris@lesiteducabinetconcerto.com','','',1,1,'2011-08-10 19:22:23','2011-08-29 15:35:12',-2,12),(2,'Le Nom du Cabinet secondaire','16, rue du 4 Septembre','',75002,'Paris','01 23 45 67 89','09 87 65 43 21','contact-paris@lesiteducabinetconcerto.com','','',1,0,'2011-08-10 19:22:23','2011-08-29 15:35:14',-2,13),(2,'Le Nom du Cabinet secondaire','16, rue du 4 Septembre','',75002,'Paris','01 23 45 67 89','09 87 65 43 21','contact-paris@lesiteducabinetconcerto.com','','',1,1,'2011-08-10 19:22:23','2011-09-23 18:17:38',-2,14),(2,'Cabinet Ténor CGP','16, rue du 4 Septembre','',75002,'Paris','01 23 45 67 89','09 87 65 43 21','contact-paris@lesiteducabinetconcerto.com','','',1,1,'2011-08-10 19:22:23','2011-09-23 18:18:02',-2,15);
/*!40000 ALTER TABLE `sid_coord_name_version` ENABLE KEYS */;
UNLOCK TABLES;

--
-- Dumping data for table `dm_media_folder`
--

LOCK TABLES `dm_media_folder` WRITE;
/*!40000 ALTER TABLE `dm_media_folder` DISABLE KEYS */;
INSERT INTO `dm_media_folder` (`id`, `rel_path`, `lft`, `rgt`, `level`) VALUES (1,'',1,38,0),(2,'assets',2,3,1),(3,'widget',4,5,1),(5,'equipe',6,7,1),(6,'sid_blog_article',8,9,1),(8,'sid_actu_article',10,13,1),(9,'sites_utiles',14,15,1),(21,'pubs',36,37,1),(22,'sid_actu_article/.thumbss',11,12,2);
/*!40000 ALTER TABLE `dm_media_folder` ENABLE KEYS */;
UNLOCK TABLES;

--
-- Dumping data for table `dm_media`
--

LOCK TABLES `dm_media` WRITE;
/*!40000 ALTER TABLE `dm_media` DISABLE KEYS */;
INSERT INTO `dm_media` (`id`, `dm_media_folder_id`, `file`, `legend`, `author`, `license`, `mime`, `size`, `dimensions`, `created_at`, `updated_at`) VALUES (1,3,'logo_light.png','','','','image/png',2406,'90x75','2011-08-05 14:32:57','2011-08-05 17:00:55'),(2,3,'trombinoscope2.jpg','','','','image/jpeg',2206,'60x80','2011-08-05 14:57:15','2011-08-24 05:05:52'),(3,3,'home_img-big.jpg',NULL,NULL,NULL,'image/jpeg',30286,'450x300','2011-08-08 14:11:32','2011-08-08 14:11:32'),(4,3,'home_img-lit1.jpg','','','','image/jpeg',9654,'200x145','2011-08-08 14:12:52','2011-09-14 13:18:04'),(5,3,'logo.png','','','','image/png',441,'70x70','2011-08-10 16:23:24','2011-08-24 05:18:21'),(6,5,'trombinoscope1.jpg','','','','image/jpeg',2294,'60x80','2011-08-11 20:32:45','2011-08-11 20:50:17'),(7,5,'trombinoscope2.jpg','','','','image/jpeg',2206,'60x80','2011-08-11 20:50:13','2011-08-11 20:50:17'),(9,6,'Lighthouse.jpg','','','','image/jpeg',561276,'1024x768','2011-08-27 03:31:02','2011-08-27 05:56:28'),(10,6,'Lighthouse_1.jpg','','','','image/jpeg',561276,'1024x768','2011-08-27 03:32:14','2011-08-27 03:32:20'),(11,1,'124f2917e4f4b8b48364ad1dc15e617452c121d8.pdf',NULL,NULL,NULL,'application/pdf',50850,NULL,'2011-09-01 17:34:43','2011-09-01 17:34:43'),(12,1,'487e199c1749c9cceec4f69f813e2b0c30fed07d.jpg','','','','image/jpeg',777835,'1024x768','2011-09-01 17:34:43','2011-09-07 23:04:16'),(16,6,'Cabinets.pdf','','','','application/pdf',50850,NULL,'2011-09-01 23:36:03','2011-09-01 23:36:03'),(17,6,'PROCEDURE POUR INSTALLATION ESPACE COLL POUR SITE V2.doc','','','','application/msword',30720,NULL,'2011-09-02 00:53:46','2011-09-02 00:53:46'),(18,6,'MAJ des dessin de la semaine.odt','','','','application/vnd.oasis.opendocument.text',13612,NULL,'2011-09-02 01:18:20','2011-09-02 01:18:20'),(19,6,'lancement_site.odt','','','','application/vnd.oasis.opendocument.text',18766,NULL,'2011-09-02 01:34:52','2011-09-02 01:34:52'),(20,6,'PROCEDURE POUR INSTALLATION ESPACE COLL POUR SITE V2_1.doc','','','','application/msword',30720,NULL,'2011-09-02 01:36:25','2011-09-02 01:36:25'),(21,6,'avatar415.jpg','','','','image/jpeg',9415,NULL,'2011-09-02 01:58:23','2011-09-02 01:58:23'),(22,6,'Injection adresses mails pour newsletters.docx','','','','application/vnd.openxmlformats-officedocument.wordprocessingml.',12310,NULL,'2011-09-02 01:58:52','2011-09-02 01:58:52'),(23,9,'GLE-1-.png',NULL,NULL,NULL,'image/png',21521,NULL,'2011-09-09 07:21:13','2011-09-09 07:21:13'),(24,9,'google-chrome-20100107-2-.jpg',NULL,NULL,NULL,'image/jpeg',22100,NULL,'2011-09-09 07:21:13','2011-09-09 07:21:13'),(25,8,'Cabinets.pdf','','','','application/pdf',50850,NULL,'2011-09-13 06:19:14','2011-09-13 06:19:14'),(27,8,'trombinoscope5.jpg','','','','image/jpeg',2352,'60x80','2011-09-14 19:04:57','2011-09-14 19:11:42'),(28,5,'trombinoscope6.jpg','','','','image/jpeg',2291,'60x80','2011-09-14 19:06:25','2011-09-14 19:39:35'),(29,5,'trombinoscope3_1.jpg','','','','image/jpeg',2781,'60x80','2011-09-14 19:07:19','2011-09-14 19:07:35'),(30,5,'trombinoscope3.jpg',NULL,NULL,NULL,'image/jpeg',2781,'60x80','2011-09-14 19:39:34','2011-09-14 19:39:35'),(100,3,'generique-250x250.swf',NULL,NULL,NULL,'application/x-shockwave-flash',221997,NULL,'2011-09-16 16:28:44','2011-09-16 16:28:44'),(101,3,'recrutement-250x250.swf',NULL,NULL,NULL,'application/x-shockwave-flash',114663,NULL,'2011-09-16 16:28:44','2011-09-16 16:28:44'),(102,21,'gestion-250x250.swf',NULL,NULL,NULL,'application/x-shockwave-flash',37810,NULL,'2011-09-16 16:59:31','2011-09-16 16:59:31'),(103,21,'recrutement-250x250.swf',NULL,NULL,NULL,'application/x-shockwave-flash',114663,NULL,'2011-09-16 16:59:31','2011-09-16 16:59:31'),(104,9,'logo_gauche-1-.jpg','','','','image/jpeg',9530,'82x108','2011-09-19 18:18:53','2011-09-19 18:19:19'),(105,9,'ministere-economie-1-.png','','','','image/png',2747,'133x130','2011-09-19 18:21:06','2011-09-19 18:21:20'),(106,9,'legifrance-1-.gif','','','','image/gif',5592,'425x61','2011-09-19 18:22:40','2011-09-19 18:22:54'),(107,9,'banner-infogreffe-1-.jpg','','','','image/jpeg',61459,'968x165','2011-09-19 18:25:22','2011-09-19 18:25:27'),(108,1,'photo.jpg',NULL,NULL,NULL,'image/jpeg',24740,'420x300','2011-09-19 17:25:13','2011-09-19 17:25:13'),(112,1,'logo.png','','','','image/png',2141,'84x68','2011-09-28 02:39:16','2011-09-28 02:39:16'),(113,8,'Desert.jpg','','','','image/jpeg',845941,'1024x768','2011-09-28 18:51:03','2011-09-28 18:51:09'),(114,8,'104-1-.jpg','','','','image/jpeg',376983,'1333x2000','2011-09-28 21:29:22','2011-09-28 21:29:36'),(115,8,'nn1-1-.jpg','','','','image/jpeg',157716,'1500x814','2011-09-28 21:30:38','2011-09-28 21:30:44');
/*!40000 ALTER TABLE `dm_media` ENABLE KEYS */;
UNLOCK TABLES;

--
-- Dumping data for table `sid_constantes`
--

LOCK TABLES `sid_constantes` WRITE;
/*!40000 ALTER TABLE `sid_constantes` DISABLE KEYS */;
INSERT INTO `sid_constantes` (`id`, `name`, `content`, `is_active`, `created_at`, `updated_at`, `position`, `version`) VALUES (1,'nomcabinet','Cabinet TENOR CGP',1,'2011-09-23 18:16:12','2011-09-23 18:16:12',-1,1),(2,'adressecabinet','16, rue du 4 Septembre - 75002 Paris',1,'2011-09-26 18:17:01','2011-09-26 18:17:01',-2,1);
/*!40000 ALTER TABLE `sid_constantes` ENABLE KEYS */;
UNLOCK TABLES;

--
-- Dumping data for table `sid_constantes_version`
--

LOCK TABLES `sid_constantes_version` WRITE;
/*!40000 ALTER TABLE `sid_constantes_version` DISABLE KEYS */;
INSERT INTO `sid_constantes_version` (`id`, `name`, `content`, `is_active`, `created_at`, `updated_at`, `position`, `version`) VALUES (1,'nomcabinet','Cabinet TENOR CGP',1,'2011-09-23 18:16:12','2011-09-23 18:16:12',-1,1),(2,'adressecabinet','16, rue du 4 Septembre - 75002 Paris',1,'2011-09-26 18:17:01','2011-09-26 18:17:01',-2,1);
/*!40000 ALTER TABLE `sid_constantes_version` ENABLE KEYS */;
UNLOCK TABLES;
/*!40103 SET TIME_ZONE=@OLD_TIME_ZONE */;

/*!40101 SET SQL_MODE=@OLD_SQL_MODE */;
/*!40014 SET FOREIGN_KEY_CHECKS=@OLD_FOREIGN_KEY_CHECKS */;
/*!40014 SET UNIQUE_CHECKS=@OLD_UNIQUE_CHECKS */;
/*!40101 SET CHARACTER_SET_CLIENT=@OLD_CHARACTER_SET_CLIENT */;
/*!40101 SET CHARACTER_SET_RESULTS=@OLD_CHARACTER_SET_RESULTS */;
/*!40101 SET COLLATION_CONNECTION=@OLD_COLLATION_CONNECTION */;
/*!40111 SET SQL_NOTES=@OLD_SQL_NOTES */;

-- Dump completed on 2011-10-03 19:04:36
