-- MySQL dump 10.13  Distrib 5.1.61, for redhat-linux-gnu (x86_64)
--
-- Host: db.local    Database: sitev3__demo_aga_tenor
-- ------------------------------------------------------
-- Server version	5.1.61

/*!40101 SET @OLD_CHARACTER_SET_CLIENT=@@CHARACTER_SET_CLIENT */;
/*!40101 SET @OLD_CHARACTER_SET_RESULTS=@@CHARACTER_SET_RESULTS */;
/*!40101 SET @OLD_COLLATION_CONNECTION=@@COLLATION_CONNECTION */;
/*!40101 SET NAMES utf8 */;
/*!40103 SET @OLD_TIME_ZONE=@@TIME_ZONE */;
/*!40103 SET TIME_ZONE='+00:00' */;
/*!40014 SET @OLD_UNIQUE_CHECKS=@@UNIQUE_CHECKS, UNIQUE_CHECKS=0 */;
/*!40014 SET @OLD_FOREIGN_KEY_CHECKS=@@FOREIGN_KEY_CHECKS, FOREIGN_KEY_CHECKS=0 */;
/*!40101 SET @OLD_SQL_MODE=@@SQL_MODE, SQL_MODE='NO_AUTO_VALUE_ON_ZERO' */;
/*!40111 SET @OLD_SQL_NOTES=@@SQL_NOTES, SQL_NOTES=0 */;

--
-- Dumping data for table `dm_area`
--

LOCK TABLES `dm_area` WRITE;
/*!40000 ALTER TABLE `dm_area` DISABLE KEYS */;
INSERT INTO `dm_area` (`id`, `dm_layout_id`, `dm_page_view_id`, `type`) VALUES (1,NULL,2,'1'),(2,NULL,3,'1'),(3,1,NULL,'top'),(4,1,NULL,'left'),(5,NULL,1,'content'),(6,1,NULL,'bottom'),(7,NULL,12,'content'),(9,NULL,5,'content'),(10,NULL,9,'content'),(11,NULL,10,'content'),(12,NULL,11,'content'),(15,NULL,16,'content'),(29,NULL,2,'content'),(31,NULL,3,'content'),(32,NULL,35,'1'),(33,NULL,35,'content'),(34,NULL,44,'content'),(36,NULL,38,'content'),(38,NULL,33,'content'),(42,NULL,49,'content'),(43,NULL,48,'content'),(44,NULL,39,'content'),(52,NULL,34,'content'),(56,NULL,66,'content'),(57,NULL,63,'content'),(59,NULL,67,'content'),(62,NULL,58,'content'),(63,NULL,45,'content'),(64,NULL,74,'content'),(65,1,NULL,'right'),(66,NULL,73,'content'),(67,NULL,59,'content'),(68,1,NULL,'centerTop'),(69,1,NULL,'centerBottom'),(71,NULL,72,'content'),(72,NULL,76,'content'),(73,NULL,77,'content'),(88,NULL,1,'right'),(89,NULL,80,'content'),(90,NULL,81,'content'),(91,1,NULL,'customTop'),(92,1,NULL,'customBottom'),(109,NULL,82,'content'),(110,9,NULL,'top'),(111,9,NULL,'left'),(112,9,NULL,'bottom'),(113,9,NULL,'right'),(114,9,NULL,'centerTop'),(115,9,NULL,'centerBottom'),(116,9,NULL,'customTop'),(117,9,NULL,'customBottom'),(118,10,NULL,'top'),(119,10,NULL,'left'),(120,10,NULL,'bottom'),(121,10,NULL,'right'),(122,10,NULL,'centerTop'),(123,10,NULL,'centerBottom'),(124,10,NULL,'customTop'),(125,10,NULL,'customBottom'),(126,NULL,83,'content'),(137,NULL,85,'content'),(138,NULL,86,'content'),(139,NULL,87,'content'),(140,NULL,88,'content'),(141,NULL,89,'content'),(142,NULL,90,'content'),(143,NULL,91,'content'),(144,NULL,92,'content'),(145,NULL,93,'content'),(146,NULL,94,'content'),(147,NULL,95,'content'),(148,NULL,96,'content'),(149,NULL,97,'content'),(150,NULL,98,'content'),(151,NULL,99,'content'),(152,NULL,100,'content'),(153,NULL,101,'content'),(154,NULL,102,'content'),(155,NULL,103,'content'),(156,NULL,104,'content'),(157,NULL,105,'content'),(158,NULL,107,'content'),(159,NULL,106,'content'),(161,NULL,109,'content');
/*!40000 ALTER TABLE `dm_area` ENABLE KEYS */;
UNLOCK TABLES;

--
-- Dumping data for table `dm_auto_seo`
--

LOCK TABLES `dm_auto_seo` WRITE;
/*!40000 ALTER TABLE `dm_auto_seo` DISABLE KEYS */;
INSERT INTO `dm_auto_seo` (`id`, `module`, `action`, `created_at`, `updated_at`) VALUES (1,'dmTag','show','2011-08-05 12:24:36','2011-08-05 12:24:36'),(2,'rubrique','show','2011-08-05 12:24:36','2011-08-05 12:24:36'),(3,'section','show','2011-08-05 12:24:37','2011-08-05 12:24:37'),(4,'article','show','2011-08-05 12:24:37','2011-08-05 12:24:37'),(9,'renseignements','show','2011-08-08 18:14:11','2011-08-08 18:14:11'),(10,'presentation','show','2011-08-10 20:37:35','2011-08-10 20:37:35'),(11,'equipe','show','2011-08-10 20:37:35','2011-08-10 20:37:35'),(12,'mission','show','2011-08-10 20:37:35','2011-08-10 20:37:35'),(13,'recrutement','show','2011-08-10 20:37:35','2011-08-10 20:37:35'),(14,'accueil','show','2011-08-10 21:46:35','2011-08-10 21:46:35'),(15,'pageCabinet','show','2011-08-17 20:53:11','2011-08-17 20:53:11'),(16,'constantes','show','2011-08-29 19:32:01','2011-08-29 19:32:01'),(18,'download','show','2011-09-01 17:40:14','2011-09-01 17:40:14'),(19,'indexSitesUtiles','show','2011-09-01 22:48:27','2011-09-01 22:48:27'),(20,'groupeSitesUtiles','show','2011-09-01 22:48:27','2011-09-01 22:48:27'),(21,'sitesUtiles','show','2011-09-01 22:48:27','2011-09-01 22:48:27'),(23,'bandeau','show','2011-09-07 04:04:04','2011-09-07 04:04:04'),(24,'sidActuTypeContenu','show','2011-09-07 04:04:04','2011-09-07 04:04:04'),(25,'sidActuRubrique','show','2011-09-07 04:04:04','2011-09-07 04:04:04'),(26,'sidActuArticle','show','2011-09-07 04:04:04','2011-09-07 04:04:04'),(27,'selectionPlacement','show','2012-04-04 15:50:39','2012-04-04 15:50:39'),(28,'sidAddedPages','show','2012-07-02 09:36:30','2012-07-02 09:36:30');
/*!40000 ALTER TABLE `dm_auto_seo` ENABLE KEYS */;
UNLOCK TABLES;

--
-- Dumping data for table `dm_auto_seo_translation`
--

LOCK TABLES `dm_auto_seo_translation` WRITE;
/*!40000 ALTER TABLE `dm_auto_seo_translation` DISABLE KEYS */;
INSERT INTO `dm_auto_seo_translation` (`id`, `slug`, `name`, `title`, `h1`, `description`, `keywords`, `strip_words`, `lang`) VALUES (1,'%dm_tag.name%','%dm_tag.name%','%dm_tag.name%',NULL,'%dm_tag.name%',NULL,NULL,'fr'),(2,'%rubrique.title%','%rubrique.title%','%rubrique.title%',NULL,'%rubrique.title%',NULL,NULL,'fr'),(3,'%section.title%','%section.title%','%section.title%',NULL,'%section.title%',NULL,NULL,'fr'),(4,'%article.title%','%article.title%','%article.title%',NULL,'%article.title%',NULL,NULL,'fr'),(9,'%renseignements.title%','%renseignements.title%','%renseignements.title%',NULL,'%renseignements.title%',NULL,NULL,'fr'),(10,'%presentation%','%presentation%','%presentation%',NULL,'%presentation.text%',NULL,NULL,'fr'),(11,'%equipe%','%equipe%','%equipe%',NULL,'%equipe.text%',NULL,NULL,'fr'),(12,'%mission.title%','%mission.title%','%mission.title%',NULL,'%mission.text%',NULL,NULL,'fr'),(13,'%recrutement%','%recrutement%','%recrutement%',NULL,'%recrutement.text%',NULL,NULL,'fr'),(14,'%accueil%','%accueil%','%accueil%',NULL,'%accueil%',NULL,NULL,'fr'),(15,'%page_cabinet.title%','%page_cabinet.title%','%page_cabinet.title%',NULL,'%page_cabinet.text%',NULL,NULL,'fr'),(16,'%constantes.name%','%constantes.name%','%constantes.name%',NULL,'%constantes.name%',NULL,NULL,'fr'),(18,'%download.title%','%download.title%','%download.title%',NULL,'%download.title%',NULL,NULL,'fr'),(19,'%index_sites_utiles.title%','%index_sites_utiles.title%','%index_sites_utiles.title%',NULL,'%index_sites_utiles.description%',NULL,NULL,'fr'),(20,'%groupe_sites_utiles.title%','%groupe_sites_utiles.title%','%groupe_sites_utiles.title%',NULL,'%groupe_sites_utiles.description%',NULL,NULL,'fr'),(21,'%sites_utiles.title%','%sites_utiles.title%','%sites_utiles.title%',NULL,'%sites_utiles.description%',NULL,NULL,'fr'),(23,'%bandeau.title%','%bandeau.title%','%bandeau.title%',NULL,'%bandeau.title%',NULL,NULL,'fr'),(24,'%sid_actu_type_contenu.title%','%sid_actu_type_contenu.title%','%sid_actu_type_contenu.title%',NULL,'%sid_actu_type_contenu.title%',NULL,NULL,'fr'),(25,'%sid_actu_rubrique.title%','%sid_actu_rubrique.title%','%sid_actu_rubrique.title%',NULL,'%sid_actu_rubrique.title%',NULL,NULL,'fr'),(26,'%sid_actu_article.title%','%sid_actu_article.title%','%sid_actu_article.title%',NULL,'%sid_actu_article.resume%',NULL,NULL,'fr'),(27,'%selection_placement.title%','%selection_placement.title%','%selection_placement.title%',NULL,'%selection_placement.text%',NULL,NULL,'fr'),(28,'%sid_added_pages.title%','%sid_added_pages.title%','%sid_added_pages.title%',NULL,'%sid_added_pages.resume%',NULL,NULL,'fr');
/*!40000 ALTER TABLE `dm_auto_seo_translation` ENABLE KEYS */;
UNLOCK TABLES;

--
-- Dumping data for table `dm_contact`
--

LOCK TABLES `dm_contact` WRITE;
/*!40000 ALTER TABLE `dm_contact` DISABLE KEYS */;
INSERT INTO `dm_contact` (`id`, `title`, `name`, `firstname`, `function`, `adresse`, `postalcode`, `ville`, `email`, `phone`, `fax`, `body`, `created_at`, `updated_at`) VALUES (1,'Monsieur','salliou','bertrand','dd','1( rue de la demi lune','86','','bsalliou@lesechos.fr','','','nglkgljkhglkj:','2012-03-13 11:42:50','2012-03-13 11:42:50');
/*!40000 ALTER TABLE `dm_contact` ENABLE KEYS */;
UNLOCK TABLES;

--
-- Dumping data for table `dm_layout`
--

LOCK TABLES `dm_layout` WRITE;
/*!40000 ALTER TABLE `dm_layout` DISABLE KEYS */;
INSERT INTO `dm_layout` (`id`, `name`, `template`, `css_class`) VALUES (1,'default','page',''),(9,'default - article','page',''),(10,'default - listeBaseDoc','page','');
/*!40000 ALTER TABLE `dm_layout` ENABLE KEYS */;
UNLOCK TABLES;

--
-- Dumping data for table `dm_lock`
--

LOCK TABLES `dm_lock` WRITE;
/*!40000 ALTER TABLE `dm_lock` DISABLE KEYS */;
INSERT INTO `dm_lock` (`id`, `user_id`, `user_name`, `module`, `action`, `record_id`, `time`, `app`, `url`, `culture`) VALUES (800,1,'admin','dmAdmin','index',0,1342090134,'admin','/admin.php/','fr');
/*!40000 ALTER TABLE `dm_lock` ENABLE KEYS */;
UNLOCK TABLES;

--
-- Dumping data for table `dm_mail_template`
--

LOCK TABLES `dm_mail_template` WRITE;
/*!40000 ALTER TABLE `dm_mail_template` DISABLE KEYS */;
INSERT INTO `dm_mail_template` (`id`, `name`, `vars`, `created_at`, `updated_at`) VALUES (1,'dm_user_forgot_password','username, email, step2_url','2011-11-16 14:23:13','2011-11-16 14:23:13');
/*!40000 ALTER TABLE `dm_mail_template` ENABLE KEYS */;
UNLOCK TABLES;

--
-- Dumping data for table `dm_mail_template_translation`
--

LOCK TABLES `dm_mail_template_translation` WRITE;
/*!40000 ALTER TABLE `dm_mail_template_translation` DISABLE KEYS */;
INSERT INTO `dm_mail_template_translation` (`id`, `description`, `subject`, `body`, `from_email`, `to_email`, `cc_email`, `bcc_email`, `reply_to_email`, `sender_email`, `list_unsuscribe`, `is_html`, `is_active`, `lang`) VALUES (1,'Sent to a user that requests a new password','Sitediem: change your password','Hello %username%\nYou can choose a new password at %step2_url%','webmaster@domain.com','%email%',NULL,NULL,NULL,NULL,NULL,0,1,'fr');
/*!40000 ALTER TABLE `dm_mail_template_translation` ENABLE KEYS */;
UNLOCK TABLES;

--
-- Dumping data for table `dm_media`
--

LOCK TABLES `dm_media` WRITE;
/*!40000 ALTER TABLE `dm_media` DISABLE KEYS */;
INSERT INTO `dm_media` (`id`, `dm_media_folder_id`, `file`, `mime`, `size`, `dimensions`, `created_at`, `updated_at`) VALUES (104,9,'logo_gauche-1-.jpg','image/jpeg',9530,'82x108','2011-09-19 18:18:53','2011-09-19 18:19:19'),(105,9,'ministere-economie-1-.png','image/png',2747,'133x130','2011-09-19 18:21:06','2011-09-19 18:21:20'),(106,9,'legifrance-1-.gif','image/gif',5592,'425x61','2011-09-19 18:22:40','2011-09-19 18:22:54'),(107,9,'banner-infogreffe-1-.jpg','image/jpeg',61459,'968x165','2011-09-19 18:25:22','2011-09-19 18:25:27'),(126,9,'net-entreprises-logo-1.gif','image/gif',2552,'260x41','2012-01-05 12:01:52','2012-01-05 12:01:58'),(127,9,'SEMAPHORE.png','image/png',28528,'970x80','2012-01-05 12:01:52','2012-01-05 12:01:58'),(128,9,'logo_jedeclarecom.gif','image/gif',3386,'144x89','2012-01-05 12:01:52','2012-01-05 12:01:58'),(153,9,'google-chrome-20100107-2-.jpg','image/jpeg',22100,'600x400','2012-02-08 14:30:35','2012-02-14 09:28:37'),(154,9,'GLE-1-.png','image/png',21521,'761x103','2012-02-08 14:30:35','2012-02-14 09:28:37'),(205,3,'404.jpg','image/jpeg',81058,'700x558','2012-03-13 15:19:50','2012-03-13 15:19:50'),(247,2,'apple-touch-icon-144x144.png','image/png',16296,'144x144','2012-05-16 15:59:01','2012-07-09 09:39:24'),(248,2,'favicon.ico','image/x-icon',7099,'48x48','2012-05-16 15:59:01','2012-07-09 09:48:43'),(249,2,'apple-touch-icon-114x114.png','image/png',12210,'114x114','2012-05-16 15:59:01','2012-07-09 09:37:08'),(250,2,'logolight.png','image/png',13726,'112x90','2012-05-16 15:59:01','2012-07-09 09:42:51'),(251,2,'apple-touch-icon.png','image/png',6183,'57x57','2012-05-16 15:59:01','2012-07-09 09:40:37'),(252,2,'apple-touch-icon-72x72.png','image/png',7482,'72x72','2012-05-16 15:59:01','2012-07-09 09:38:29'),(253,2,'logofull.png','image/png',24726,'622x90','2012-05-16 15:59:02','2012-07-09 09:51:29'),(254,2,'header-newsletter.png','image/png',22907,'750x100','2012-05-22 11:28:45','2012-07-09 09:52:31'),(257,31,'professionnel29.jpg','image/jpeg',190485,'1000x667','2012-05-22 12:15:51','2012-05-22 12:22:12'),(258,31,'professionnel01.jpg','image/jpeg',185112,'1000x750','2012-05-22 12:15:51','2012-05-22 12:22:08'),(259,31,'professionnel23.jpg','image/jpeg',155079,'1000x750','2012-05-22 12:15:51','2012-05-22 12:22:11'),(260,31,'professionnel34.jpg','image/jpeg',133669,'1000x667','2012-05-22 12:15:51','2012-05-22 12:22:12'),(261,31,'professionnel28.jpg','image/jpeg',269092,'1000x667','2012-05-22 12:15:51','2012-05-22 12:22:12'),(262,31,'professionnel04.jpg','image/jpeg',159044,'1000x750','2012-05-22 12:15:51','2012-05-22 12:22:09'),(263,31,'professionnel16.jpg','image/jpeg',186963,'1000x750','2012-05-22 12:15:51','2012-05-22 12:22:10'),(264,31,'professionnel36.jpg','image/jpeg',219133,'1000x849','2012-05-22 12:15:51','2012-05-22 12:22:12'),(265,31,'professionnel07.jpg','image/jpeg',251353,'1000x750','2012-05-22 12:15:51','2012-05-22 12:22:09'),(266,31,'professionnel15.jpg','image/jpeg',273619,'1000x665','2012-05-22 12:15:51','2012-05-22 12:22:10'),(267,31,'professionnel27.jpg','image/jpeg',140368,'1000x1074','2012-05-22 12:15:51','2012-05-22 12:22:11'),(268,31,'professionnel13.jpg','image/jpeg',247900,'1000x667','2012-05-22 12:15:51','2012-05-22 12:22:10'),(269,31,'professionnel17.jpg','image/jpeg',190009,'1000x667','2012-05-22 12:15:51','2012-05-22 12:22:10'),(270,31,'professionnel33.jpg','image/jpeg',198936,'1000x669','2012-05-22 12:15:51','2012-05-22 12:22:12'),(271,31,'professionnel05.jpg','image/jpeg',475846,'1000x668','2012-05-22 12:15:51','2012-05-22 12:22:09'),(272,31,'professionnel08.jpg','image/jpeg',202344,'1000x1333','2012-05-22 12:15:51','2012-05-22 12:22:09'),(273,31,'professionnel26.jpg','image/jpeg',241160,'1000x803','2012-05-22 12:15:51','2012-05-22 12:22:11'),(274,31,'professionnel14.jpg','image/jpeg',167635,'1000x664','2012-05-22 12:15:51','2012-05-22 12:22:10'),(275,31,'professionnel19.jpg','image/jpeg',107189,'1000x800','2012-05-22 12:15:51','2012-05-22 12:22:10'),(276,31,'professionnel12.jpg','image/jpeg',181169,'1000x828','2012-05-22 12:15:51','2012-05-22 12:22:10'),(277,31,'professionnel09.jpg','image/jpeg',245542,'1000x1207','2012-05-22 12:15:51','2012-05-22 12:22:09'),(278,31,'professionnel06.jpg','image/jpeg',231983,'1000x893','2012-05-22 12:15:51','2012-05-22 12:22:09'),(279,31,'professionnel39.jpg','image/jpeg',157170,'1000x665','2012-05-22 12:15:51','2012-05-22 12:22:13'),(280,31,'professionnel03.jpg','image/jpeg',244195,'1000x665','2012-05-22 12:15:51','2012-05-22 12:22:09'),(281,31,'professionnel10.jpg','image/jpeg',562267,'1000x707','2012-05-22 12:15:51','2012-05-22 12:22:10'),(282,31,'professionnel20.jpg','image/jpeg',209266,'1000x1000','2012-05-22 12:15:51','2012-05-22 12:22:11'),(283,31,'professionnel31.jpg','image/jpeg',245166,'1000x707','2012-05-22 12:15:51','2012-05-22 12:22:12'),(284,31,'professionnel11.jpg','image/jpeg',74939,'1000x720','2012-05-22 12:15:51','2012-05-22 12:22:10'),(285,31,'professionnel21.jpg','image/jpeg',262650,'1000x750','2012-05-22 12:15:51','2012-05-22 12:22:11'),(286,31,'professionnel25.jpg','image/jpeg',1046125,'1000x1060','2012-05-22 12:15:52','2012-05-22 12:22:11'),(287,31,'professionnel24.jpg','image/jpeg',146077,'1000x1000','2012-05-22 12:15:52','2012-05-22 12:22:11'),(288,31,'professionnel18.jpg','image/jpeg',193984,'1000x669','2012-05-22 12:15:52','2012-05-22 12:22:10'),(289,31,'professionnel22.jpg','image/jpeg',214433,'1000x667','2012-05-22 12:15:52','2012-05-22 12:22:11'),(290,31,'professionnel38.jpg','image/jpeg',275282,'1000x750','2012-05-22 12:15:52','2012-05-22 12:22:12'),(291,31,'professionnel30.jpg','image/jpeg',342204,'1000x667','2012-05-22 12:15:52','2012-05-22 12:22:12'),(292,31,'professionnel37.jpg','image/jpeg',260479,'1000x1000','2012-05-22 12:15:52','2012-05-22 12:22:12'),(293,31,'professionnel35.jpg','image/jpeg',88044,'1000x454','2012-05-22 12:15:52','2012-05-22 12:22:12'),(294,31,'professionnel32.jpg','image/jpeg',207841,'1000x813','2012-05-22 12:15:52','2012-05-22 12:22:12'),(295,31,'professionnel02.jpg','image/jpeg',93336,'1000x750','2012-05-22 12:15:52','2012-05-22 12:22:08'),(296,32,'alpin03.jpg','image/jpeg',7218967,'6299x4724','2012-05-22 12:15:52','2012-05-22 12:16:31'),(297,32,'alpin09.jpg','image/jpeg',840296,'2717x1772','2012-05-22 12:15:52','2012-05-22 12:16:35'),(298,32,'alpin05.jpg','image/jpeg',88718,'500x326','2012-05-22 12:15:52','2012-05-22 12:16:33'),(299,32,'alpin11.jpg','image/jpeg',118576,'539x339','2012-05-22 12:15:52','2012-05-22 12:16:36'),(300,32,'alpin01.jpg','image/jpeg',2912706,'3000x2180','2012-05-22 12:15:52','2012-05-22 12:16:30'),(301,32,'alpin08.jpg','image/jpeg',4109563,'3264x2448','2012-05-22 12:15:52','2012-05-22 12:16:34'),(302,32,'alpin04.jpg','image/jpeg',114192,'539x364','2012-05-22 12:15:52','2012-05-22 12:16:33'),(303,32,'alpin06.jpg','image/jpeg',1733335,'3456x2296','2012-05-22 12:15:52','2012-05-22 12:16:33'),(304,32,'alpin02.jpg','image/jpeg',2357334,'1823x2872','2012-05-22 12:15:52','2012-05-22 12:16:31'),(305,32,'alpin10.jpg','image/jpeg',925558,'2717x1797','2012-05-22 12:15:52','2012-05-22 12:16:35'),(306,32,'alpin07.jpg','image/jpeg',1045505,'2048x1536','2012-05-22 12:15:52','2012-05-22 12:16:34'),(307,33,'maritime10.jpg','image/jpeg',3390967,'3880x2586','2012-05-22 12:15:52','2012-05-22 12:17:49'),(308,33,'maritime11.jpg','image/jpeg',1849814,'3010x2007','2012-05-22 12:15:52','2012-05-22 12:17:49'),(309,33,'maritime14.jpg','image/jpeg',1304009,'2413x1740','2012-05-22 12:15:52','2012-05-22 12:17:49'),(310,33,'maritime07.jpg','image/jpeg',6281938,'7111x5333','2012-05-22 12:15:52','2012-05-22 12:17:49'),(311,33,'maritime13.jpg','image/jpeg',855717,'2717x1772','2012-05-22 12:15:52','2012-05-22 12:17:49'),(312,33,'maritime03.jpg','image/jpeg',2270442,'3487x2309','2012-05-22 12:15:52','2012-05-22 12:17:49'),(313,33,'maritime09.jpg','image/jpeg',1419148,'3000x1909','2012-05-22 12:15:52','2012-05-22 12:17:49'),(314,33,'maritime15.jpg','image/jpeg',3241856,'3504x2336','2012-05-22 12:15:52','2012-05-22 12:17:49'),(315,33,'maritime04.jpg','image/jpeg',863923,'2717x1794','2012-05-22 12:15:52','2012-05-22 12:17:49'),(316,33,'maritime12.jpg','image/jpeg',2824259,'1920x2560','2012-05-22 12:15:52','2012-05-22 12:17:49'),(317,33,'maritime08.jpg','image/jpeg',1462125,'2240x1649','2012-05-22 12:15:52','2012-05-22 12:17:49'),(318,33,'maritime01.jpg','image/jpeg',10900982,'5105x2129','2012-05-22 12:15:52','2012-05-22 12:17:49'),(319,33,'maritime02.jpg','image/jpeg',2507466,'2048x1536','2012-05-22 12:15:52','2012-05-22 12:17:49'),(320,33,'maritime05.jpg','image/jpeg',883439,'2717x1772','2012-05-22 12:15:52','2012-05-22 12:17:49'),(321,33,'maritime06.jpg','image/jpeg',142643,'500x332','2012-05-22 12:15:52','2012-05-22 12:17:49'),(350,35,'technologique13.jpg','image/jpeg',3838270,'4050x2700','2012-05-22 12:15:52','2012-05-22 12:17:37'),(351,35,'technologique11.jpg','image/jpeg',956371,'4000x3000','2012-05-22 12:15:52','2012-05-22 12:17:36'),(352,35,'technologique09.jpg','image/jpeg',626248,'1640x1159','2012-05-22 12:15:52','2012-05-22 12:17:35'),(353,35,'technologique08.jpg','image/jpeg',2008823,'2200x1800','2012-05-22 12:15:52','2012-05-22 12:17:35'),(354,35,'technologique12.jpg','image/jpeg',2346267,'3500x2375','2012-05-22 12:15:52','2012-05-22 12:17:36'),(355,35,'technologique03.jpg','image/jpeg',59567,'555x366','2012-05-22 12:15:52','2012-05-22 12:17:34'),(356,35,'technologique10.jpg','image/jpeg',2046966,'3057x2552','2012-05-22 12:15:52','2012-05-22 12:17:35'),(357,35,'technologique04.jpg','image/jpeg',65601,'555x366','2012-05-22 12:15:52','2012-05-22 12:17:34'),(358,35,'technologique07.jpg','image/jpeg',3690563,'2953x2362','2012-05-22 12:15:52','2012-05-22 12:17:34'),(359,35,'technologique02.jpg','image/jpeg',44655,'555x366','2012-05-22 12:15:52','2012-05-22 12:17:34'),(360,35,'technologique01.jpg','image/jpeg',125176,'555x366','2012-05-22 12:15:52','2012-05-22 12:17:33'),(361,35,'technologique05.jpg','image/jpeg',78214,'576x480','2012-05-22 12:15:52','2012-05-22 12:17:34'),(362,35,'technologique06.jpg','image/jpeg',29994,'412x480','2012-05-22 12:15:52','2012-05-22 12:17:34'),(363,36,'zen02.jpg','image/jpeg',503391,'1000x675','2012-05-22 12:15:52','2012-05-22 12:20:37'),(364,36,'zen09.jpg','image/jpeg',976597,'1000x1000','2012-05-22 12:15:52','2012-05-22 12:20:38'),(365,36,'zen17.jpg','image/jpeg',663476,'1000x1117','2012-05-22 12:15:52','2012-05-22 12:20:39'),(366,36,'zen08.jpg','image/jpeg',351362,'1000x999','2012-05-22 12:15:52','2012-05-22 12:20:38'),(367,36,'zen13.jpg','image/jpeg',483050,'1000x722','2012-05-22 12:15:52','2012-05-22 12:20:38'),(368,36,'zen04.jpg','image/jpeg',457063,'1000x665','2012-05-22 12:15:52','2012-05-22 12:20:37'),(369,36,'zen05.jpg','image/jpeg',575995,'1000x665','2012-05-22 12:15:52','2012-05-22 12:20:37'),(370,36,'zen19.jpg','image/jpeg',91685,'1000x750','2012-05-22 12:15:52','2012-05-22 12:20:39'),(371,36,'zen12.jpg','image/jpeg',290769,'1000x1044','2012-05-22 12:15:52','2012-05-22 12:20:38'),(372,36,'zen01.jpg','image/jpeg',340194,'1000x665','2012-05-22 12:15:52','2012-05-22 12:20:37'),(373,36,'zen16.jpg','image/jpeg',323698,'1000x667','2012-05-22 12:15:52','2012-05-22 12:20:39'),(374,36,'zen15.jpg','image/jpeg',296434,'1000x664','2012-05-22 12:15:52','2012-05-22 12:20:39'),(375,36,'zen18.jpg','image/jpeg',836534,'1000x864','2012-05-22 12:15:52','2012-05-22 12:20:39'),(376,36,'zen06.jpg','image/jpeg',733767,'1000x750','2012-05-22 12:15:52','2012-05-22 12:20:38'),(377,36,'zen03.jpg','image/jpeg',1330511,'1000x797','2012-05-22 12:15:52','2012-05-22 12:20:37'),(378,36,'zen10.jpg','image/jpeg',722797,'1000x667','2012-05-22 12:15:52','2012-05-22 12:20:38'),(379,36,'zen11.jpg','image/jpeg',249312,'1000x668','2012-05-22 12:15:52','2012-05-22 12:20:38'),(380,36,'zen07.jpg','image/jpeg',142037,'1000x664','2012-05-22 12:15:52','2012-05-22 12:20:38'),(381,36,'zen14.jpg','image/jpeg',765686,'1000x667','2012-05-22 12:15:52','2012-05-22 12:20:39'),(382,37,'rural06.jpg','image/jpeg',2236521,'1885x2809','2012-05-22 12:15:52','2012-05-22 12:18:14'),(383,37,'rural01.jpg','image/jpeg',1573600,'2791x1759','2012-05-22 12:15:52','2012-05-22 12:18:15'),(384,37,'rural09.jpg','image/jpeg',1548607,'2300x2294','2012-05-22 12:15:52','2012-05-22 12:18:15'),(385,37,'rural11.jpg','image/jpeg',5706627,'4992x3328','2012-05-22 12:15:52','2012-05-22 12:18:16'),(386,37,'rural10.jpg','image/jpeg',4470614,'4796x1626','2012-05-22 12:15:52','2012-05-22 12:18:17'),(387,37,'rural02.jpg','image/jpeg',105745,'539x359','2012-05-22 12:15:52','2012-05-22 12:18:18'),(388,37,'rural03.jpg','image/jpeg',155337,'500x326','2012-05-22 12:15:52','2012-05-22 12:18:18'),(389,37,'rural07.jpg','image/jpeg',5121016,'3008x2000','2012-05-22 12:15:52','2012-05-22 12:18:18'),(390,37,'rural15.jpg','image/jpeg',4431484,'3550x2511','2012-05-22 12:15:52','2012-05-22 12:18:19'),(391,37,'rural05.jpg','image/jpeg',1842430,'1786x2717','2012-05-22 12:15:52','2012-05-22 12:18:20'),(392,37,'rural12.jpg','image/jpeg',3325430,'3456x2304','2012-05-22 12:15:52','2012-05-22 12:18:20'),(393,37,'rural14.jpg','image/jpeg',3269747,'2600x1950','2012-05-22 12:15:52','2012-05-22 12:18:20'),(394,37,'rural04.jpg','image/jpeg',2087289,'1890x2717','2012-05-22 12:15:52','2012-05-22 12:18:21'),(395,37,'rural13.jpg','image/jpeg',2666339,'3000x3000','2012-05-22 12:15:52','2012-05-22 12:18:22'),(396,37,'rural16.jpg','image/jpeg',8351818,'3872x2592','2012-05-22 12:15:52','2012-05-22 12:18:23'),(397,37,'rural08.jpg','image/jpeg',852384,'2356x1571','2012-05-22 12:15:52','2012-05-22 12:18:24'),(398,38,'graphique07.jpg','image/jpeg',1971104,'1000x1000','2012-05-22 12:15:52','2012-05-22 12:17:45'),(399,38,'graphique03.jpg','image/jpeg',413851,'1000x667','2012-05-22 12:15:52','2012-05-22 12:17:45'),(400,38,'graphique09.jpg','image/jpeg',153080,'1000x750','2012-05-22 12:15:52','2012-05-22 12:17:45'),(401,38,'graphique10.jpg','image/jpeg',476364,'1000x1500','2012-05-22 12:15:52','2012-05-22 12:17:45'),(402,38,'graphique04.jpg','image/jpeg',330614,'1000x958','2012-05-22 12:15:52','2012-05-22 12:17:45'),(403,38,'graphique08.jpg','image/jpeg',550730,'1000x750','2012-05-22 12:15:52','2012-05-22 12:17:45'),(404,38,'graphique02.jpg','image/jpeg',723757,'1000x1500','2012-05-22 12:15:52','2012-05-22 12:17:45'),(405,38,'graphique06.jpg','image/jpeg',338586,'1000x665','2012-05-22 12:15:52','2012-05-22 12:17:45'),(406,38,'graphique05.jpg','image/jpeg',282142,'1000x667','2012-05-22 12:15:52','2012-05-22 12:17:45'),(407,38,'graphique01.jpg','image/jpeg',494136,'1000x667','2012-05-22 12:15:52','2012-05-22 12:17:45'),(408,39,'personnes43.jpg','image/jpeg',199401,'1000x1504','2012-05-22 12:15:52','2012-05-22 12:17:03'),(409,39,'personnes23.jpg','image/jpeg',820872,'1000x1504','2012-05-22 12:15:52','2012-05-22 12:17:03'),(410,39,'personnes56.jpg','image/jpeg',114470,'1000x667','2012-05-22 12:15:52','2012-05-22 12:17:04'),(411,39,'personnes54.jpg','image/jpeg',172447,'1000x1503','2012-05-22 12:15:52','2012-05-22 12:17:04'),(412,39,'personnes53.jpg','image/jpeg',286607,'1000x1333','2012-05-22 12:15:52','2012-05-22 12:17:04'),(413,39,'personnes44.jpg','image/jpeg',351978,'1000x667','2012-05-22 12:15:52','2012-05-22 12:17:04'),(414,39,'personnes37.jpg','image/jpeg',374618,'1000x1000','2012-05-22 12:15:52','2012-05-22 12:17:04'),(415,39,'personnes39.jpg','image/jpeg',306504,'1000x565','2012-05-22 12:15:52','2012-05-22 12:17:04'),(416,39,'personnes36.jpg','image/jpeg',941317,'1000x1110','2012-05-22 12:15:52','2012-05-22 12:17:04'),(417,39,'personnes14.jpg','image/jpeg',286159,'1000x667','2012-05-22 12:15:52','2012-05-22 12:17:05'),(418,39,'personnes08.jpg','image/jpeg',1353394,'1000x1357','2012-05-22 12:15:52','2012-05-22 12:17:05'),(419,39,'personnes13.jpg','image/jpeg',87976,'1000x666','2012-05-22 12:15:52','2012-05-22 12:17:05'),(420,39,'personnes52.jpg','image/jpeg',347632,'1000x707','2012-05-22 12:15:52','2012-05-22 12:17:05'),(421,39,'personnes17.jpg','image/jpeg',237811,'1000x678','2012-05-22 12:15:52','2012-05-22 12:17:05'),(422,39,'personnes15.jpg','image/jpeg',244195,'1000x665','2012-05-22 12:15:52','2012-05-22 12:17:05'),(423,39,'personnes32.jpg','image/jpeg',296329,'1000x1500','2012-05-22 12:15:52','2012-05-22 12:17:05'),(424,39,'personnes60.jpg','image/jpeg',417008,'1000x667','2012-05-22 12:15:52','2012-05-22 12:17:05'),(425,39,'personnes55.jpg','image/jpeg',157303,'1000x666','2012-05-22 12:15:52','2012-05-22 12:17:06'),(426,39,'personnes28.jpg','image/jpeg',161482,'1000x667','2012-05-22 12:15:52','2012-05-22 12:17:06'),(427,39,'personnes27.jpg','image/jpeg',158478,'1000x739','2012-05-22 12:15:52','2012-05-22 12:17:06'),(428,39,'personnes02.jpg','image/jpeg',342100,'1000x707','2012-05-22 12:15:52','2012-05-22 12:17:06'),(429,39,'personnes35.jpg','image/jpeg',716288,'1000x667','2012-05-22 12:15:52','2012-05-22 12:17:06'),(430,39,'personnes47.jpg','image/jpeg',239140,'1000x707','2012-05-22 12:15:52','2012-05-22 12:17:06'),(431,39,'personnes26.jpg','image/jpeg',157536,'1000x667','2012-05-22 12:15:52','2012-05-22 12:17:06'),(432,39,'personnes42.jpg','image/jpeg',269092,'1000x667','2012-05-22 12:15:52','2012-05-22 12:17:06'),(433,39,'personnes24.jpg','image/jpeg',562267,'1000x707','2012-05-22 12:15:52','2012-05-22 12:17:06'),(434,39,'personnes45.jpg','image/jpeg',353831,'1000x707','2012-05-22 12:15:52','2012-05-22 12:17:06'),(435,39,'personnes51.jpg','image/jpeg',245166,'1000x707','2012-05-22 12:15:52','2012-05-22 12:17:06'),(436,39,'personnes40.jpg','image/jpeg',238269,'1000x667','2012-05-22 12:15:52','2012-05-22 12:17:07'),(437,39,'personnes21.jpg','image/jpeg',208984,'1000x961','2012-05-22 12:15:52','2012-05-22 12:17:07'),(438,39,'personnes58.jpg','image/jpeg',198936,'1000x669','2012-05-22 12:15:52','2012-05-22 12:17:07'),(439,39,'personnes49.jpg','image/jpeg',514845,'1000x1415','2012-05-22 12:15:52','2012-05-22 12:17:07'),(440,39,'personnes34.jpg','image/jpeg',203738,'1000x665','2012-05-22 12:15:52','2012-05-22 12:17:07'),(441,39,'personnes19.jpg','image/jpeg',187534,'1000x391','2012-05-22 12:15:52','2012-05-22 12:17:07'),(442,39,'personnes38.jpg','image/jpeg',133292,'1000x667','2012-05-22 12:15:52','2012-05-22 12:17:07'),(443,39,'personnes29.jpg','image/jpeg',269233,'1000x667','2012-05-22 12:15:52','2012-05-22 12:17:07'),(444,39,'personnes59.jpg','image/jpeg',234505,'1000x667','2012-05-22 12:15:52','2012-05-22 12:17:07'),(445,39,'personnes31.jpg','image/jpeg',258459,'1000x1500','2012-05-22 12:15:52','2012-05-22 12:17:07'),(446,39,'personnes41.jpg','image/jpeg',124962,'1000x667','2012-05-22 12:15:52','2012-05-22 12:17:07'),(447,39,'personnes11.jpg','image/jpeg',857875,'1000x806','2012-05-22 12:15:52','2012-05-22 12:17:08'),(448,39,'personnes25.jpg','image/jpeg',219596,'1000x667','2012-05-22 12:15:52','2012-05-22 12:17:08'),(449,39,'personnes03.jpg','image/jpeg',230475,'1000x707','2012-05-22 12:15:52','2012-05-22 12:17:08'),(450,39,'personnes50.jpg','image/jpeg',245468,'1000x707','2012-05-22 12:15:52','2012-05-22 12:17:08'),(451,39,'personnes12.jpg','image/jpeg',943243,'1000x806','2012-05-22 12:15:52','2012-05-22 12:17:08'),(452,39,'personnes01.jpg','image/jpeg',236289,'1000x675','2012-05-22 12:15:52','2012-05-22 12:17:08'),(453,39,'personnes18.jpg','image/jpeg',374363,'1000x1494','2012-05-22 12:15:52','2012-05-22 12:17:08'),(454,39,'personnes30.jpg','image/jpeg',160609,'1000x667','2012-05-22 12:15:52','2012-05-22 12:17:08'),(455,39,'personnes22.jpg','image/jpeg',156361,'1000x661','2012-05-22 12:15:52','2012-05-22 12:17:09'),(456,39,'personnes46.jpg','image/jpeg',260428,'1000x707','2012-05-22 12:15:52','2012-05-22 12:17:09'),(457,39,'personnes06.jpg','image/jpeg',233585,'1000x707','2012-05-22 12:15:52','2012-05-22 12:17:09'),(458,39,'personnes05.jpg','image/jpeg',320411,'1000x707','2012-05-22 12:15:52','2012-05-22 12:17:09'),(459,39,'personnes16.jpg','image/jpeg',242111,'1000x669','2012-05-22 12:15:52','2012-05-22 12:17:09'),(460,39,'personnes20.jpg','image/jpeg',92242,'1000x667','2012-05-22 12:15:52','2012-05-22 12:17:09'),(461,39,'personnes33.jpg','image/jpeg',313180,'1000x1500','2012-05-22 12:15:52','2012-05-22 12:17:09'),(462,39,'personnes57.jpg','image/jpeg',54915,'1000x667','2012-05-22 12:15:52','2012-05-22 12:17:09'),(463,39,'personnes48.jpg','image/jpeg',252250,'1000x707','2012-05-22 12:15:52','2012-05-22 12:17:09'),(464,39,'personnes10.jpg','image/jpeg',1691796,'1000x1371','2012-05-22 12:15:52','2012-05-22 12:17:09'),(465,39,'personnes04.jpg','image/jpeg',432651,'1000x1415','2012-05-22 12:15:52','2012-05-22 12:17:10'),(466,39,'personnes07.jpg','image/jpeg',296529,'1000x707','2012-05-22 12:15:52','2012-05-22 12:17:10'),(467,39,'personnes09.jpg','image/jpeg',684846,'1000x726','2012-05-22 12:15:52','2012-05-22 12:17:10'),(468,43,'logolight.png','image/png',3838,'112x90','2012-05-22 12:15:52','2012-05-22 12:26:27'),(469,43,'logofulldark.png','image/png',8298,'622x90','2012-05-22 12:15:52','2012-05-22 12:26:27'),(470,43,'logofull.png','image/png',8216,'622x90','2012-05-22 12:15:53','2012-05-22 12:26:27'),(471,44,'logolight.png','image/png',2514,'112x90','2012-05-22 12:15:53','2012-05-22 12:26:23'),(472,44,'logofulldark.png','image/png',7836,'622x90','2012-05-22 12:15:53','2012-05-22 12:26:23'),(473,44,'logofull.png','image/png',7814,'622x90','2012-05-22 12:15:53','2012-05-22 12:26:23'),(474,45,'logo-ec.png','image/png',34072,'1006x500','2012-05-22 12:15:53','2012-05-22 12:27:01'),(475,46,'logo-infinitis.png','image/png',419662,'800x890','2012-05-22 12:15:53','2012-05-22 12:27:13'),(476,47,'logo-lesechosfr.png','image/png',19988,'1006x250','2012-05-22 12:15:53','2012-05-22 12:30:17'),(477,48,'logo-cci.png','image/png',80724,NULL,'2012-05-24 09:41:34','2012-05-24 09:41:34'),(478,48,'logo-auto-entrepreneur.png','image/png',114020,NULL,'2012-05-24 09:41:34','2012-05-24 09:41:34'),(479,48,'logo-services_personne.png','image/png',59860,NULL,'2012-05-24 09:41:34','2012-05-24 09:41:34'),(480,48,'logo-apce.png','image/png',70170,NULL,'2012-05-24 09:41:34','2012-05-24 09:41:34'),(481,48,'logo-nacre.png','image/png',17691,NULL,'2012-05-24 09:41:34','2012-05-24 09:41:34'),(482,48,'logo-cma.png','image/png',47087,NULL,'2012-05-24 09:41:34','2012-05-24 09:41:34'),(483,40,'generique-250x250.swf','application/x-shockwave-flash',224227,NULL,'2012-05-24 09:45:51','2012-05-24 09:45:51'),(484,40,'services-250x250.swf','application/x-shockwave-flash',7548,NULL,'2012-05-24 09:45:51','2012-05-24 09:45:51'),(485,40,'recrutement-250x250.swf','application/x-shockwave-flash',115265,NULL,'2012-05-24 09:45:51','2012-05-24 09:45:51'),(486,40,'espacecol-250x250.swf','application/x-shockwave-flash',45604,NULL,'2012-05-24 09:45:51','2012-05-24 09:45:51'),(487,40,'gestion-250x250.swf','application/x-shockwave-flash',39317,NULL,'2012-05-24 09:45:51','2012-05-24 09:45:51'),(488,40,'modulecrea-250x250.swf','application/x-shockwave-flash',165477,NULL,'2012-05-24 09:45:51','2012-05-24 09:45:51'),(489,50,'portrait_femme01.jpg','image/jpeg',80176,'754x754','2012-05-25 14:33:01','2012-05-25 15:59:22'),(490,50,'portrait_homme08.jpg','image/jpeg',81847,'754x754','2012-05-25 14:33:01','2012-05-25 15:59:22'),(491,50,'portrait_femme02.jpg','image/jpeg',89352,'754x754','2012-05-25 14:33:01','2012-05-25 15:59:22'),(492,50,'portrait_femme05.jpg','image/jpeg',74597,'754x754','2012-05-25 14:33:01','2012-05-25 15:59:22'),(493,50,'portrait_femme03.jpg','image/jpeg',99290,'754x754','2012-05-25 14:33:01','2012-05-25 15:59:22'),(494,50,'portrait_homme09.jpg','image/jpeg',71406,'754x754','2012-05-25 14:33:01','2012-05-25 15:59:22'),(495,50,'portrait_homme07.jpg','image/jpeg',67317,'754x754','2012-05-25 14:33:01','2012-05-25 15:59:22'),(496,50,'portrait_femme07.jpg','image/jpeg',64968,'754x754','2012-05-25 14:33:01','2012-05-25 15:59:22'),(497,50,'portrait_homme05.jpg','image/jpeg',56115,'754x754','2012-05-25 14:33:01','2012-05-25 15:59:22'),(498,50,'portrait_homme03.jpg','image/jpeg',64052,'754x754','2012-05-25 14:33:01','2012-05-25 15:59:22'),(499,50,'portrait_homme04.jpg','image/jpeg',71372,'754x754','2012-05-25 14:33:01','2012-05-25 15:59:22'),(500,50,'portrait_homme02.jpg','image/jpeg',66881,'754x754','2012-05-25 14:33:01','2012-05-25 15:59:22'),(501,50,'portrait_femme04.jpg','image/jpeg',84304,'754x754','2012-05-25 14:33:01','2012-05-25 15:59:22'),(502,50,'portrait_femme08.jpg','image/jpeg',92248,'754x754','2012-05-25 14:33:01','2012-05-25 15:59:22'),(503,50,'portrait_femme09.jpg','image/jpeg',82769,'754x754','2012-05-25 14:33:01','2012-05-25 15:59:22'),(504,50,'portrait_homme01.jpg','image/jpeg',58143,'754x754','2012-05-25 14:33:01','2012-05-25 15:59:22'),(505,50,'portrait_femme06.jpg','image/jpeg',107571,'754x754','2012-05-25 14:33:01','2012-05-25 15:59:22'),(506,50,'portrait_homme06.jpg','image/jpeg',54737,'754x754','2012-05-25 14:33:01','2012-05-25 15:59:22'),(507,40,'CGP-EspaceCol-250x250.swf','application/x-shockwave-flash',46341,NULL,'2012-05-31 14:09:48','2012-05-31 14:09:48'),(508,40,'CGP-audit patrimonial pro-250x250.swf','application/x-shockwave-flash',291070,NULL,'2012-05-31 14:09:48','2012-05-31 14:09:48'),(509,40,'CGP-services-250x250.swf','application/x-shockwave-flash',9205,NULL,'2012-05-31 14:09:48','2012-05-31 14:09:48'),(510,40,'CGP-audit patrimonial perso-250x250.swf','application/x-shockwave-flash',307349,NULL,'2012-05-31 14:09:48','2012-05-31 14:09:48'),(511,40,'CGP-250x250-transmission.swf','application/x-shockwave-flash',8146,NULL,'2012-05-31 14:09:48','2012-05-31 14:09:48'),(512,40,'CGP-generique-250x250.swf','application/x-shockwave-flash',223793,NULL,'2012-05-31 14:09:48','2012-05-31 14:09:48'),(513,53,'dessin201101-01-s.png','image/png',330570,'2560x1920','2012-06-04 17:43:51','2012-06-04 17:44:27'),(514,53,'dessin201202-06-s.png','image/png',276236,'2560x1920','2012-06-04 17:43:51','2012-06-04 17:44:44'),(515,53,'dessin201201-03-s.png','image/png',369260,'2560x1920','2012-06-04 17:43:51','2012-06-04 17:44:44'),(516,53,'dessin201009-36-s.png','image/png',243357,'2560x1920','2012-06-04 17:43:51','2012-06-04 17:44:22'),(517,53,'dessin201205-19-s.png','image/png',390406,'2560x1920','2012-06-04 17:43:51','2012-06-04 17:44:47'),(518,53,'dessin201201-04-s.png','image/png',316024,'2560x1920','2012-06-04 17:43:51','2012-06-04 17:44:44'),(519,53,'dessin201202-08-s.png','image/png',331673,'2560x1920','2012-06-04 17:43:51','2012-06-04 17:44:45'),(520,53,'dessin201110-42-s.png','image/png',232550,'2560x1920','2012-06-04 17:43:51','2012-06-04 17:44:40'),(521,53,'dessin201106-24-s.png','image/png',252643,'2560x1920','2012-06-04 17:43:51','2012-06-04 17:44:35'),(522,53,'dessin201009-39-s.png','image/png',6427410,'2560x1920','2012-06-04 17:43:51','2012-06-04 17:44:23'),(523,53,'dessin201203-09-s.png','image/png',351227,'2560x1920','2012-06-04 17:43:51','2012-06-04 17:44:45'),(524,53,'dessin201104-15-s.png','image/png',409908,'2560x1920','2012-06-04 17:43:51','2012-06-04 17:44:32'),(525,53,'dessin201105-19-s.png','image/png',472154,'2560x1920','2012-06-04 17:43:51','2012-06-04 17:44:33'),(526,53,'dessin201203-12-s.png','image/png',200667,'2560x1920','2012-06-04 17:43:51','2012-06-04 17:44:46'),(527,53,'dessin201008-34-s.png','image/png',265307,'2560x1920','2012-06-04 17:43:51','2012-06-04 17:44:21'),(528,53,'dessin201201-01-s.png','image/png',193130,'2560x1920','2012-06-04 17:43:51','2012-06-04 17:44:43'),(529,53,'dessin201204-16-s.png','image/png',397069,'2560x1920','2012-06-04 17:43:51','2012-06-04 17:44:46'),(530,53,'dessin201205-20-s.png','image/png',299447,'2560x1920','2012-06-04 17:43:51','2012-06-04 17:44:47'),(531,53,'dessin201012-52-s.png','image/png',217616,'2560x1920','2012-06-04 17:43:51','2012-06-04 17:44:27'),(532,53,'dessin201107-30-s.png','image/png',338374,'2560x1920','2012-06-04 17:43:51','2012-06-04 17:44:37'),(533,53,'dessin201106-26-s.png','image/png',5018323,'2560x1920','2012-06-04 17:43:51','2012-06-04 17:44:35'),(534,53,'dessin201011-47-s.png','image/png',272522,'2560x1920','2012-06-04 17:43:51','2012-06-04 17:44:26'),(535,53,'dessin201104-16-s.png','image/png',208883,'2560x1920','2012-06-04 17:43:51','2012-06-04 17:44:32'),(536,53,'dessin201108-34-s.png','image/png',333246,'2560x1920','2012-06-04 17:43:51','2012-06-04 17:44:38'),(537,53,'dessin201104-14-s.png','image/png',400822,'2560x1920','2012-06-04 17:43:51','2012-06-04 17:44:32'),(538,53,'dessin201103-10-s.png','image/png',292526,'2560x1920','2012-06-04 17:43:51','2012-06-04 17:44:31'),(539,53,'dessin201112-52-s.png','image/png',270825,'2560x1920','2012-06-04 17:43:51','2012-06-04 17:44:43'),(540,53,'dessin201112-49-s.png','image/png',419205,'2560x1920','2012-06-04 17:43:51','2012-06-04 17:44:43'),(541,53,'dessin201109-35-s.png','image/png',315711,'2560x1920','2012-06-04 17:43:51','2012-06-04 17:44:38'),(542,53,'dessin201111-47-s.png','image/png',434851,'2560x1920','2012-06-04 17:43:51','2012-06-04 17:44:42'),(543,53,'dessin201109-37-s.png','image/png',277910,'2560x1920','2012-06-04 17:43:51','2012-06-04 17:44:39'),(544,53,'dessin201111-44-s.png','image/png',291819,'2560x1920','2012-06-04 17:43:51','2012-06-04 17:44:41'),(545,53,'dessin201107-28-s.png','image/png',259196,'2560x1920','2012-06-04 17:43:51','2012-06-04 17:44:36'),(546,53,'dessin201111-46-s.png','image/png',348053,'2560x1920','2012-06-04 17:43:51','2012-06-04 17:44:42'),(547,53,'dessin201203-11-s.png','image/png',384563,'2560x1920','2012-06-04 17:43:51','2012-06-04 17:44:45'),(548,53,'dessin201109-36-s.png','image/png',451104,'2560x1920','2012-06-04 17:43:51','2012-06-04 17:44:39'),(549,53,'dessin201101-02-s.png','image/png',340062,'2560x1920','2012-06-04 17:43:51','2012-06-04 17:44:28'),(550,53,'dessin201009-37-s.png','image/png',331167,'2560x1920','2012-06-04 17:43:51','2012-06-04 17:44:22'),(551,53,'dessin201010-40-s.png','image/png',326450,'2560x1920','2012-06-04 17:43:51','2012-06-04 17:44:23'),(552,53,'dessin201204-17-s.png','image/png',445165,'2560x1920','2012-06-04 17:43:51','2012-06-04 17:44:47'),(553,53,'dessin201112-51-s.png','image/png',265869,'2560x1920','2012-06-04 17:43:51','2012-06-04 17:44:43'),(554,53,'dessin201202-05-s.png','image/png',349404,'2560x1920','2012-06-04 17:43:51','2012-06-04 17:44:44'),(555,53,'dessin201102-07-s.png','image/png',1356330,'2560x1920','2012-06-04 17:43:51','2012-06-04 17:44:29'),(556,53,'dessin201103-12-s.png','image/png',278673,'2560x1920','2012-06-04 17:43:51','2012-06-04 17:44:31'),(557,53,'dessin201009-35-s.png','image/png',335203,'2560x1920','2012-06-04 17:43:51','2012-06-04 17:44:21'),(558,53,'dessin201012-49-s.png','image/png',468013,'2560x1920','2012-06-04 17:43:51','2012-06-04 17:44:26'),(559,53,'dessin201106-25-s.png','image/png',358386,'2560x1920','2012-06-04 17:43:51','2012-06-04 17:44:35'),(560,53,'dessin201204-15-s.png','image/png',289328,'2560x1920','2012-06-04 17:43:51','2012-06-04 17:44:46'),(561,53,'dessin201010-41-s.png','image/png',232894,'2560x1920','2012-06-04 17:43:51','2012-06-04 17:44:24'),(562,53,'dessin201010-42-s.png','image/png',516326,'2560x1920','2012-06-04 17:43:51','2012-06-04 17:44:24'),(563,53,'dessin201011-45-s.png','image/png',340803,'2560x1920','2012-06-04 17:43:51','2012-06-04 17:44:25'),(564,53,'dessin201110-40-s.png','image/png',328155,'2560x1920','2012-06-04 17:43:51','2012-06-04 17:44:40'),(565,53,'dessin201101-03-s.png','image/png',175212,'2560x1920','2012-06-04 17:43:51','2012-06-04 17:44:28'),(566,53,'dessin201204-14-s.png','image/png',276403,'2560x1920','2012-06-04 17:43:51','2012-06-04 17:44:46'),(567,53,'dessin201109-39-s.png','image/png',427769,'2560x1920','2012-06-04 17:43:51','2012-06-04 17:44:40'),(568,53,'dessin201103-09-s.png','image/png',457359,'2560x1920','2012-06-04 17:43:51','2012-06-04 17:44:30'),(569,53,'dessin201206-24-s.png','image/png',380778,'2560x1920','2012-06-04 17:43:51','2012-06-04 17:44:48'),(570,53,'dessin201102-06-s.png','image/png',359864,'2560x1920','2012-06-04 17:43:51','2012-06-04 17:44:29'),(571,53,'dessin201108-31-s.png','image/png',215081,'2560x1920','2012-06-04 17:43:51','2012-06-04 17:44:37'),(572,53,'dessin201012-48-s.png','image/png',263489,'2560x1920','2012-06-04 17:43:51','2012-06-04 17:44:26'),(573,53,'dessin201102-08-s.png','image/png',317820,'2560x1920','2012-06-04 17:43:51','2012-06-04 17:44:30'),(574,53,'dessin201108-33-s.png','image/png',238131,'2560x1920','2012-06-04 17:43:51','2012-06-04 17:44:38'),(575,53,'dessin201011-44-s.png','image/png',259515,'2560x1920','2012-06-04 17:43:51','2012-06-04 17:44:25'),(576,53,'dessin201103-13-s.png','image/png',200577,'2560x1920','2012-06-04 17:43:51','2012-06-04 17:44:31'),(577,53,'dessin201105-21-s.png','image/png',359839,'2560x1920','2012-06-04 17:43:51','2012-06-04 17:44:34'),(578,53,'dessin201012-51-s.png','image/png',525938,'2560x1920','2012-06-04 17:43:51','2012-06-04 17:44:27'),(579,53,'dessin201103-11-s.png','image/png',245765,'2560x1920','2012-06-04 17:43:51','2012-06-04 17:44:31'),(580,53,'dessin201202-07-s.png','image/png',221923,'2560x1920','2012-06-04 17:43:51','2012-06-04 17:44:45'),(581,53,'dessin201105-20-s.png','image/png',429902,'2560x1920','2012-06-04 17:43:51','2012-06-04 17:44:33'),(582,53,'dessin201102-05-s.png','image/png',331778,'2560x1920','2012-06-04 17:43:51','2012-06-04 17:44:29'),(583,53,'dessin201106-23-s.png','image/png',292953,'2560x1920','2012-06-04 17:43:51','2012-06-04 17:44:34'),(584,53,'dessin201011-46-s.png','image/png',225347,'2560x1920','2012-06-04 17:43:51','2012-06-04 17:44:25'),(585,53,'dessin201110-43-s.png','image/png',418209,'2560x1920','2012-06-04 17:43:51','2012-06-04 17:44:41'),(586,53,'dessin201206-23-s.png','image/png',246893,'2560x1920','2012-06-04 17:43:51','2012-06-04 17:44:48'),(587,53,'dessin201111-45-s.png','image/png',6191453,'2560x1920','2012-06-04 17:43:51','2012-06-04 17:44:41'),(588,53,'dessin201110-41-s.png','image/png',386431,'2560x1920','2012-06-04 17:43:51','2012-06-04 17:44:40'),(589,53,'dessin201107-27-s.png','image/png',306910,'2560x1920','2012-06-04 17:43:51','2012-06-04 17:44:36'),(590,53,'dessin201101-04-s.png','image/png',477812,'2560x1920','2012-06-04 17:43:51','2012-06-04 17:44:28'),(591,53,'dessin201104-17-s.png','image/png',330587,'2560x1920','2012-06-04 17:43:51','2012-06-04 17:44:33'),(592,53,'dessin201109-38-s.png','image/png',419534,'2560x1920','2012-06-04 17:43:51','2012-06-04 17:44:39'),(593,53,'dessin201007-30-s.png','image/png',195648,'2560x1920','2012-06-04 17:43:51','2012-06-04 17:44:21'),(594,53,'dessin201108-32-s.png','image/png',410231,'2560x1920','2012-06-04 17:43:51','2012-06-04 17:44:37'),(595,53,'dessin201205-18-s.png','image/png',594620,'2560x1920','2012-06-04 17:43:51','2012-06-04 17:44:47'),(596,53,'dessin201009-38-s.png','image/png',586123,'2560x1920','2012-06-04 17:43:51','2012-06-04 17:44:22'),(597,53,'dessin201107-29-s.png','image/png',310532,'2560x1920','2012-06-04 17:43:51','2012-06-04 17:44:36'),(598,53,'dessin201112-50-s.png','image/png',227684,'2560x1920','2012-06-04 17:43:52','2012-06-04 17:44:43'),(599,53,'dessin201105-18-s.png','image/png',309395,'2560x1920','2012-06-04 17:43:52','2012-06-04 17:44:33'),(600,53,'dessin201205-22-s.png','image/png',332472,'2560x1920','2012-06-04 17:43:52','2012-06-04 17:44:48'),(601,53,'dessin201012-50-s.png','image/png',336645,'2560x1920','2012-06-04 17:43:52','2012-06-04 17:44:26'),(602,53,'dessin201010-43-s.png','image/png',293731,'2560x1920','2012-06-04 17:43:52','2012-06-04 17:44:24'),(603,53,'dessin201203-13-s.png','image/png',467668,'2560x1920','2012-06-04 17:43:52','2012-06-04 17:44:46'),(604,53,'dessin201112-48-s.png','image/png',225600,'2560x1920','2012-06-04 17:43:52','2012-06-04 17:44:43'),(605,53,'dessin201205-21-s.png','image/png',262006,'2560x1920','2012-06-04 17:43:52','2012-06-04 17:44:48'),(606,53,'dessin201106-22-s.png','image/png',199978,'2560x1920','2012-06-04 17:43:52','2012-06-04 17:44:34'),(607,53,'dessin201203-10-s.png','image/png',491770,'2560x1920','2012-06-04 17:43:52','2012-06-04 17:44:45'),(608,53,'dessin201201-02-s.png','image/png',250415,'2560x1920','2012-06-04 17:43:52','2012-06-04 17:44:44'),(609,53,'dessin201206-25-s.png','image/png',319264,NULL,'2012-06-12 16:56:18','2012-06-12 16:56:18'),(610,53,'dessin201206-26-s.png','image/png',354614,NULL,'2012-06-12 16:56:18','2012-06-12 16:56:18'),(639,55,'urbain20.jpg','image/jpeg',1945739,'2064x2728','2012-06-13 12:06:40','2012-06-14 14:38:23'),(640,55,'urbain21.jpg','image/jpeg',3141234,'3008x2000','2012-06-13 12:06:40','2012-06-14 14:38:23'),(641,55,'urbain13.jpg','image/jpeg',2462505,'2012x3043','2012-06-13 12:06:40','2012-06-14 14:38:23'),(642,55,'urbain25.jpg','image/jpeg',5940401,'4724x3150','2012-06-13 12:06:40','2012-06-14 14:38:23'),(643,55,'urbain16.jpg','image/jpeg',2344096,'2704x4064','2012-06-13 12:06:40','2012-06-14 14:38:23'),(644,55,'urbain06.jpg','image/jpeg',26774,'512x384','2012-06-13 12:06:40','2012-06-14 14:38:23'),(645,55,'urbain08.jpg','image/jpeg',25490,'512x341','2012-06-13 12:06:40','2012-06-14 14:38:23'),(646,55,'urbain23.jpg','image/jpeg',747010,'1688x1125','2012-06-13 12:06:40','2012-06-14 14:38:23'),(647,55,'urbain09.jpg','image/jpeg',1025092,'2272x1704','2012-06-13 12:06:40','2012-06-14 14:38:23'),(648,55,'urbain01.jpg','image/jpeg',128971,'366x555','2012-06-13 12:06:40','2012-06-14 14:38:23'),(649,55,'urbain12.jpg','image/jpeg',1071131,'3008x2000','2012-06-13 12:06:40','2012-06-14 14:38:23'),(650,55,'urbain17.jpg','image/jpeg',2913675,'4064x2704','2012-06-13 12:06:40','2012-06-14 14:38:23'),(651,55,'urbain02.jpg','image/jpeg',24227,'460x340','2012-06-13 12:06:40','2012-06-14 14:38:23'),(652,55,'urbain27.jpg','image/jpeg',2759396,'4064x2704','2012-06-13 12:06:40','2012-06-14 14:38:23'),(653,55,'urbain03.jpg','image/jpeg',864249,'2717x1817','2012-06-13 12:06:40','2012-06-14 14:38:23'),(654,55,'urbain18.jpg','image/jpeg',4740821,'6697x2240','2012-06-13 12:06:40','2012-06-14 14:38:23'),(655,55,'urbain19.jpg','image/jpeg',2655710,'2667x2000','2012-06-13 12:06:40','2012-06-14 14:38:23'),(656,55,'urbain02-portrait.jpg','image/jpeg',77423,'366x555','2012-06-13 12:06:40','2012-06-14 14:38:23'),(657,55,'urbain26.jpg','image/jpeg',1322894,'1574x2351','2012-06-13 12:06:40','2012-06-14 14:38:23'),(658,55,'urbain10.jpg','image/jpeg',2545663,'2112x2816','2012-06-13 12:06:40','2012-06-14 14:38:23'),(659,55,'urbain24.jpg','image/jpeg',2291762,'2304x3072','2012-06-13 12:06:40','2012-06-14 14:38:23'),(660,55,'urbain11.jpg','image/jpeg',2236074,'2848x2136','2012-06-13 12:06:40','2012-06-14 14:38:23'),(661,55,'urbain05.jpg','image/jpeg',21242,'341x512','2012-06-13 12:06:40','2012-06-14 14:38:23'),(662,55,'urbain04.jpg','image/jpeg',53697,'460x340','2012-06-13 12:06:40','2012-06-14 14:38:23'),(663,55,'urbain14.jpg','image/jpeg',3454944,'4642x1928','2012-06-13 12:06:40','2012-06-14 14:38:23'),(664,55,'urbain07.jpg','image/jpeg',25400,'341x512','2012-06-13 12:06:40','2012-06-14 14:38:23'),(665,55,'urbain15.jpg','image/jpeg',2270540,'4064x2704','2012-06-13 12:06:40','2012-06-14 14:38:23'),(666,55,'urbain22.jpg','image/jpeg',702722,'1592x1194','2012-06-13 12:06:40','2012-06-14 14:38:23'),(667,56,'mission-conseils.jpg','image/jpeg',211678,'2000x850','2012-06-13 12:06:40','2012-06-14 14:44:14'),(668,56,'mission-collectivites.jpg','image/jpeg',183653,'2000x850','2012-06-13 12:06:40','2012-06-14 14:44:14'),(669,56,'mission-juridique.jpg','image/jpeg',172146,'2000x850','2012-06-13 12:06:40','2012-06-14 14:44:14'),(670,56,'mission-organisation.jpg','image/jpeg',101402,'2000x850','2012-06-13 12:06:40','2012-06-14 14:44:14'),(671,56,'mission-sociale.jpg','image/jpeg',194173,'2000x850','2012-06-13 12:06:40','2012-06-14 14:44:14'),(672,56,'cabinet-service.jpg','image/jpeg',155852,'2000x850','2012-06-13 12:06:40','2012-06-14 14:44:14'),(673,56,'mission-compta.jpg','image/jpeg',133183,'2000x850','2012-06-13 12:06:40','2012-06-14 14:44:14'),(674,56,'mission-informatique.jpg','image/jpeg',97112,'2000x850','2012-06-13 12:06:40','2012-06-14 14:44:14'),(675,57,'actualite-reunion.jpg','image/jpeg',110378,'2000x850','2012-06-13 12:06:40','2012-06-14 14:42:14'),(676,57,'actualite-cabinet-parternaire.jpg','image/jpeg',290574,'2000x850','2012-06-13 12:06:40','2012-06-14 14:42:14'),(677,57,'actualite-collaborateur-nouveau.jpg','image/jpeg',170869,'2000x850','2012-06-13 12:06:40','2012-06-14 14:42:14'),(678,58,'cabinet-accueil.jpg','image/jpeg',1302710,'2000x850','2012-06-14 14:33:02','2012-06-14 14:46:12'),(679,57,'lyon-photo-34.jpg','image/jpeg',160258,'800x536','2012-06-14 16:02:40','2012-07-02 09:39:20'),(680,53,'dessin201207-27-s.png','image/png',395463,NULL,'2012-06-28 16:31:42','2012-06-28 16:31:42'),(681,53,'dessin201207-28-s.png','image/png',290963,NULL,'2012-06-28 16:31:42','2012-06-28 16:31:42'),(682,53,'dessin201208-31-s.png','image/png',300206,NULL,'2012-07-11 14:49:59','2012-07-11 14:49:59'),(683,53,'dessin201208-33-s.png','image/png',337924,NULL,'2012-07-11 14:49:59','2012-07-11 14:49:59'),(684,53,'dessin201207-30-s.png','image/png',1913622,NULL,'2012-07-11 14:49:59','2012-07-11 14:49:59'),(685,53,'dessin201208-32-s.png','image/png',367511,NULL,'2012-07-11 14:49:59','2012-07-11 14:49:59'),(686,53,'dessin201208-34-s.png','image/png',1551798,NULL,'2012-07-11 14:49:59','2012-07-11 14:49:59'),(687,53,'dessin201207-29-s.png','image/png',1991710,NULL,'2012-07-11 14:49:59','2012-07-11 14:49:59');
/*!40000 ALTER TABLE `dm_media` ENABLE KEYS */;
UNLOCK TABLES;

--
-- Dumping data for table `dm_media_folder`
--

LOCK TABLES `dm_media_folder` WRITE;
/*!40000 ALTER TABLE `dm_media_folder` DISABLE KEYS */;
INSERT INTO `dm_media_folder` (`id`, `rel_path`, `lft`, `rgt`, `level`) VALUES (1,'',1,98,0),(2,'assets',2,3,1),(3,'widget',4,5,1),(9,'sites_utiles',6,7,1),(28,'_common',40,81,1),(29,'_common/videotheque',65,66,2),(30,'_common/phototheque',45,64,2),(31,'_common/phototheque/professionnel',60,61,3),(32,'_common/phototheque/alpin',58,59,3),(33,'_common/phototheque/maritime',56,57,3),(35,'_common/phototheque/technologique',54,55,3),(36,'_common/phototheque/zen',52,53,3),(37,'_common/phototheque/rural',50,51,3),(38,'_common/phototheque/graphique',48,49,3),(39,'_common/phototheque/personnes',46,47,3),(40,'_common/pubotheque',43,44,2),(41,'_common/logotheque',41,42,2),(42,'_common/logotheque/demoref',28,33,3),(43,'_common/logotheque/demoref/ec',31,32,4),(44,'_common/logotheque/demoref/cgp',29,30,4),(45,'_common/logotheque/expert-comptable',36,37,3),(46,'_common/logotheque/infinitis',38,39,3),(47,'_common/logotheque/lesechos',40,41,3),(48,'_common/logotheque/organismes',34,35,3),(49,'_common/demotheque',67,76,2),(50,'_common/demotheque/equipe',68,69,3),(52,'_common/infotheque',77,80,2),(53,'_common/infotheque/dessin',78,79,3),(55,'_common/phototheque/urbain',62,63,3),(56,'_common/demotheque/mission',72,73,3),(57,'_common/demotheque/sid_actu_article',70,71,3),(58,'_common/demotheque/page_cabinet',74,75,3),(59,'renseignements',82,83,1),(60,'page_cabinet',84,85,1),(61,'sid_added_pages',86,87,1),(62,'equipe',88,89,1),(63,'recrutement',90,91,1),(64,'index_sites_utiles',92,93,1),(65,'mission',94,95,1),(66,'sid_actu_article',96,97,1);
/*!40000 ALTER TABLE `dm_media_folder` ENABLE KEYS */;
UNLOCK TABLES;

--
-- Dumping data for table `dm_media_translation`
--

LOCK TABLES `dm_media_translation` WRITE;
/*!40000 ALTER TABLE `dm_media_translation` DISABLE KEYS */;
INSERT INTO `dm_media_translation` (`id`, `legend`, `author`, `license`, `lang`) VALUES (104,'','','','fr'),(105,'','','','fr'),(106,'','','','fr'),(107,'','','','fr'),(247,'','','','fr'),(248,'','','','fr'),(249,'','','','fr'),(250,'','','','fr'),(251,'','','','fr'),(252,'','','','fr'),(253,'','','','fr'),(254,'','','','fr');
/*!40000 ALTER TABLE `dm_media_translation` ENABLE KEYS */;
UNLOCK TABLES;

--
-- Dumping data for table `dm_page`
--

LOCK TABLES `dm_page` WRITE;
/*!40000 ALTER TABLE `dm_page` DISABLE KEYS */;
INSERT INTO `dm_page` (`id`, `module`, `action`, `record_id`, `credentials`, `lft`, `rgt`, `level`) VALUES (1,'main','root',0,'',1,832,0),(2,'main','error404',0,NULL,4,5,1),(3,'main','signin',0,NULL,2,3,1),(5,'rubrique','list',0,'',122,689,1),(1548,'main','contact',0,'',728,729,3),(1591,'main','search',0,NULL,6,7,1),(1595,'mission','list',0,'',48,59,1),(1658,'pageCabinet','list',0,'',692,703,3),(3216,'groupeSitesUtiles','list',0,'',737,784,2),(5367,'main','eco',0,'',821,822,2),(5400,'recrutement','list',0,'',107,112,2),(5401,'recrutement','show',1,'',108,109,3),(5402,'recrutement','show',2,'',110,111,3),(6555,'sidActuArticle','list',0,'',824,831,1),(6561,'main','filDActualite',0,'',96,97,1),(6767,'main','dessin',0,'',98,99,1),(8418,'main','planDuSite',0,NULL,100,101,1),(20936,'main','presentationDuCabinet',0,'',106,113,1),(23103,'main','bourse',0,'',819,820,2),(23210,'indexSitesUtiles','list',0,NULL,114,117,1),(23213,'renseignements','list',0,'',695,702,4),(23214,'renseignements','show',2,'',696,697,5),(23215,'renseignements','show',3,NULL,698,699,5),(23216,'renseignements','show',4,NULL,700,701,5),(23217,'indexSitesUtiles','show',1,NULL,115,116,2),(23218,'main','planDAcces',0,'',726,727,3),(25518,'main','simulateurs',0,'',785,818,2),(25519,'main','valeurAcquiseParUnCapitalPlaceAInteretsComposesPendantUneDureeDeterminee',0,NULL,786,787,3),(25520,'main','valeurAcquiseParUneSuiteDeVersementsConstants',0,NULL,788,789,3),(25521,'main','tauxDeRendementDUnCapital',0,NULL,790,791,3),(25522,'main','tauxDeRendementDUneSuiteDeVersement',0,NULL,792,793,3),(25523,'main','calculDuCapitalEmprunte',0,NULL,794,795,3),(25524,'main','calculDeLaDureeSelonVotreCapaciteDeRemboursement',0,NULL,796,797,3),(25525,'main','calculDuVersementPeriodique',0,NULL,798,799,3),(25526,'main','calculDuTaux',0,NULL,800,801,3),(25527,'main','calculDesLoyersConstants',0,NULL,802,803,3),(25528,'main','calculDuTauxReelCoutReelDuCreditBail',0,NULL,804,805,3),(25529,'main','calculDeLaDuree',0,NULL,806,807,3),(25530,'main','absencesEtCongesDuSalarie',0,NULL,808,809,3),(25531,'main','correspondanceJoursOuvresJoursOuvrables',0,NULL,810,811,3),(25532,'main','seuilDeRentabiliteEstimationRapide',0,NULL,812,813,3),(25533,'main','calculDesFraisKilometriquesVehiculesAutomobiles',0,NULL,814,815,3),(25534,'main','versementTransport',0,NULL,816,817,3),(28917,'selectionPlacement','list',0,NULL,118,119,1),(29206,'main','mentionsLegales',0,NULL,120,121,1),(29394,'sidAddedPages','list',0,'',690,733,1),(29410,'sidAddedPages','show',6,NULL,691,730,2),(29412,'sidAddedPages','show',8,NULL,704,705,3),(29413,'sidAddedPages','show',9,NULL,706,707,3),(29416,'mission','show',9,NULL,51,52,2),(29417,'mission','show',10,NULL,53,54,2),(29418,'mission','show',11,NULL,55,56,2),(29419,'mission','show',12,NULL,57,58,2),(29420,'sidActuArticle','show',32,NULL,825,826,2),(29421,'sidActuArticle','show',33,NULL,827,828,2),(29422,'sidActuArticle','show',34,NULL,829,830,2),(29423,'sidAddedPages','show',11,NULL,708,725,3),(29424,'sidAddedPages','show',12,NULL,709,710,4),(29425,'sidAddedPages','show',13,NULL,711,718,4),(29426,'sidAddedPages','show',14,NULL,712,713,5),(29427,'sidAddedPages','show',15,NULL,714,715,5),(29428,'sidAddedPages','show',16,NULL,716,717,5),(29429,'sidAddedPages','show',17,NULL,719,724,4),(29430,'sidAddedPages','show',18,NULL,720,721,5),(29431,'sidAddedPages','show',19,NULL,722,723,5),(29435,'groupeSitesUtiles','show',7,NULL,738,747,3),(29436,'groupeSitesUtiles','show',8,NULL,748,769,3),(29437,'groupeSitesUtiles','show',9,NULL,770,775,3),(29438,'groupeSitesUtiles','show',10,NULL,776,783,3),(29439,'sitesUtiles','show',16,NULL,745,746,4),(29440,'sitesUtiles','show',17,NULL,739,740,4),(29441,'sitesUtiles','show',18,NULL,741,742,4),(29442,'sitesUtiles','show',19,NULL,743,744,4),(29443,'sitesUtiles','show',20,NULL,767,768,4),(29444,'sitesUtiles','show',21,NULL,749,750,4),(29445,'sitesUtiles','show',22,NULL,751,752,4),(29446,'sitesUtiles','show',23,NULL,753,754,4),(29447,'sitesUtiles','show',24,NULL,755,756,4),(29448,'sitesUtiles','show',25,NULL,757,758,4),(29449,'sitesUtiles','show',26,NULL,759,760,4),(29450,'sitesUtiles','show',27,NULL,761,762,4),(29451,'sitesUtiles','show',28,NULL,763,764,4),(29452,'sitesUtiles','show',29,NULL,765,766,4),(29453,'sitesUtiles','show',30,NULL,773,774,4),(29454,'sitesUtiles','show',31,NULL,771,772,4),(29455,'sitesUtiles','show',32,NULL,781,782,4),(29456,'sitesUtiles','show',33,NULL,777,778,4),(29457,'sitesUtiles','show',34,NULL,779,780,4),(29459,'pageCabinet','show',1,'',693,694,4),(29460,'main','nosServices',0,NULL,736,823,1),(29461,'sidAddedPages','show',20,NULL,731,732,2),(29462,'rubrique','show',75,NULL,123,214,2),(29463,'rubrique','show',76,NULL,215,294,2),(29464,'rubrique','show',77,NULL,295,534,2),(29465,'rubrique','show',78,NULL,535,612,2),(29466,'section','show',552,NULL,124,157,3),(29467,'section','show',553,NULL,158,183,3),(29468,'section','show',554,NULL,250,271,3),(29469,'section','show',555,NULL,216,249,3),(29470,'section','show',556,NULL,350,391,3),(29471,'section','show',557,NULL,296,349,3),(29472,'section','show',558,NULL,554,571,3),(29473,'section','show',559,NULL,536,553,3),(29474,'section','show',560,NULL,572,575,3),(29475,'article','show',18954,NULL,125,126,4),(29476,'article','show',18955,NULL,127,128,4),(29477,'article','show',18956,NULL,129,130,4),(29478,'article','show',18957,NULL,131,132,4),(29479,'article','show',18958,NULL,133,134,4),(29480,'article','show',18959,NULL,135,136,4),(29481,'article','show',18960,NULL,137,138,4),(29482,'article','show',18961,NULL,139,140,4),(29483,'article','show',18962,NULL,141,142,4),(29484,'article','show',18963,NULL,143,144,4),(29485,'article','show',18964,NULL,145,146,4),(29486,'article','show',18965,NULL,173,174,4),(29487,'article','show',18966,NULL,175,176,4),(29488,'article','show',18967,NULL,177,178,4),(29489,'article','show',18968,NULL,179,180,4),(29490,'article','show',18969,NULL,181,182,4),(29491,'article','show',18970,NULL,159,160,4),(29492,'article','show',18971,NULL,161,162,4),(29493,'article','show',18972,NULL,163,164,4),(29494,'article','show',18973,NULL,165,166,4),(29495,'article','show',18974,NULL,167,168,4),(29496,'article','show',18975,NULL,169,170,4),(29497,'article','show',18976,NULL,171,172,4),(29498,'article','show',18977,NULL,257,258,4),(29499,'article','show',18978,NULL,261,262,4),(29500,'article','show',18979,NULL,263,264,4),(29501,'article','show',18980,NULL,267,268,4),(29502,'article','show',18981,NULL,269,270,4),(29503,'article','show',18982,NULL,251,252,4),(29504,'article','show',18983,NULL,253,254,4),(29505,'article','show',18984,NULL,255,256,4),(29506,'article','show',18985,NULL,239,240,4),(29507,'article','show',18986,NULL,241,242,4),(29508,'article','show',18987,NULL,243,244,4),(29509,'article','show',18988,NULL,245,246,4),(29510,'article','show',18989,NULL,247,248,4),(29511,'article','show',18990,NULL,217,218,4),(29512,'article','show',18991,NULL,219,220,4),(29513,'article','show',18992,NULL,221,222,4),(29514,'article','show',18993,NULL,223,224,4),(29515,'article','show',18994,NULL,225,226,4),(29516,'article','show',18995,NULL,227,228,4),(29517,'article','show',18996,NULL,229,230,4),(29518,'article','show',18997,NULL,231,232,4),(29519,'article','show',18998,NULL,233,234,4),(29520,'article','show',18999,NULL,235,236,4),(29521,'article','show',19000,NULL,237,238,4),(29522,'article','show',19001,NULL,361,362,4),(29523,'article','show',19002,NULL,363,364,4),(29524,'article','show',19003,NULL,365,366,4),(29525,'article','show',19004,NULL,373,374,4),(29526,'article','show',19005,NULL,375,376,4),(29527,'article','show',19006,NULL,383,384,4),(29528,'article','show',19007,NULL,387,388,4),(29529,'article','show',19008,NULL,351,352,4),(29530,'article','show',19009,NULL,353,354,4),(29531,'article','show',19010,NULL,355,356,4),(29532,'article','show',19011,NULL,357,358,4),(29533,'article','show',19012,NULL,335,336,4),(29534,'article','show',19013,NULL,337,338,4),(29535,'article','show',19014,NULL,339,340,4),(29536,'article','show',19015,NULL,341,342,4),(29537,'article','show',19016,NULL,343,344,4),(29538,'article','show',19017,NULL,345,346,4),(29539,'article','show',19018,NULL,347,348,4),(29540,'article','show',19019,NULL,297,298,4),(29541,'article','show',19020,NULL,299,300,4),(29542,'article','show',19021,NULL,301,302,4),(29543,'article','show',19022,NULL,303,304,4),(29544,'article','show',19023,NULL,305,306,4),(29545,'article','show',19024,NULL,307,308,4),(29546,'article','show',19025,NULL,309,310,4),(29547,'article','show',19026,NULL,311,312,4),(29548,'article','show',19027,NULL,313,314,4),(29549,'article','show',19028,NULL,315,316,4),(29550,'article','show',19029,NULL,317,318,4),(29551,'article','show',19030,NULL,319,320,4),(29552,'article','show',19031,NULL,321,322,4),(29553,'article','show',19032,NULL,323,324,4),(29554,'article','show',19033,NULL,325,326,4),(29555,'article','show',19034,NULL,327,328,4),(29556,'article','show',19035,NULL,329,330,4),(29557,'article','show',19036,NULL,331,332,4),(29558,'article','show',19037,NULL,333,334,4),(29559,'article','show',19038,NULL,569,570,4),(29560,'article','show',19039,NULL,557,558,4),(29561,'article','show',19040,NULL,559,560,4),(29562,'article','show',19041,NULL,561,562,4),(29563,'article','show',19042,NULL,563,564,4),(29564,'article','show',19043,NULL,565,566,4),(29565,'article','show',19044,NULL,567,568,4),(29566,'article','show',19045,NULL,555,556,4),(29567,'article','show',19046,NULL,551,552,4),(29568,'article','show',19047,NULL,539,540,4),(29569,'article','show',19048,NULL,541,542,4),(29570,'article','show',19049,NULL,543,544,4),(29571,'article','show',19050,NULL,545,546,4),(29572,'article','show',19051,NULL,547,548,4),(29573,'article','show',19052,NULL,549,550,4),(29574,'article','show',19053,NULL,537,538,4),(29575,'article','show',19054,NULL,573,574,4),(29576,'section','show',561,NULL,184,213,3),(29577,'section','show',562,NULL,272,293,3),(29578,'section','show',563,NULL,392,411,3),(29579,'section','show',564,NULL,412,439,3),(29580,'section','show',565,NULL,440,473,3),(29581,'section','show',566,NULL,474,533,3),(29582,'article','show',19057,NULL,359,360,4),(29583,'article','show',19055,NULL,211,212,4),(29584,'article','show',19056,NULL,285,286,4),(29585,'article','show',19058,NULL,409,410,4),(29586,'article','show',19059,NULL,393,394,4),(29587,'article','show',19060,NULL,397,398,4),(29588,'article','show',19061,NULL,427,428,4),(29589,'article','show',19062,NULL,429,430,4),(29590,'article','show',19063,NULL,437,438,4),(29591,'article','show',19064,NULL,413,414,4),(29592,'article','show',19065,NULL,415,416,4),(29593,'article','show',19066,NULL,417,418,4),(29594,'article','show',19067,NULL,419,420,4),(29595,'article','show',19068,NULL,421,422,4),(29596,'article','show',19069,NULL,423,424,4),(29597,'article','show',19070,NULL,425,426,4),(29598,'article','show',19071,NULL,431,432,4),(29599,'article','show',19072,NULL,433,434,4),(29600,'article','show',19073,NULL,435,436,4),(29601,'article','show',19074,NULL,441,442,4),(29602,'article','show',19075,NULL,443,444,4),(29603,'article','show',19076,NULL,513,514,4),(29604,'article','show',19077,NULL,515,516,4),(29605,'article','show',19078,NULL,517,518,4),(29606,'article','show',19079,NULL,519,520,4),(29607,'article','show',19080,NULL,521,522,4),(29608,'article','show',19081,NULL,523,524,4),(29609,'article','show',19082,NULL,525,526,4),(29610,'article','show',19083,NULL,527,528,4),(29611,'article','show',19084,NULL,529,530,4),(29612,'article','show',19085,NULL,531,532,4),(29613,'article','show',19086,NULL,475,476,4),(29614,'article','show',19087,NULL,477,478,4),(29615,'article','show',19088,NULL,501,502,4),(29616,'article','show',19089,NULL,503,504,4),(29617,'article','show',19090,NULL,505,506,4),(29618,'article','show',19091,NULL,507,508,4),(29619,'article','show',19092,NULL,509,510,4),(29620,'article','show',19093,NULL,511,512,4),(29621,'article','show',19094,NULL,479,480,4),(29622,'article','show',19095,NULL,481,482,4),(29623,'article','show',19096,NULL,483,484,4),(29624,'article','show',19097,NULL,485,486,4),(29625,'article','show',19098,NULL,487,488,4),(29626,'article','show',19099,NULL,489,490,4),(29627,'article','show',19100,NULL,491,492,4),(29628,'article','show',19101,NULL,493,494,4),(29629,'article','show',19102,NULL,495,496,4),(29630,'article','show',19103,NULL,497,498,4),(29631,'article','show',19104,NULL,499,500,4),(29632,'rubrique','show',79,NULL,613,688,2),(29633,'section','show',567,NULL,614,687,3),(29634,'article','show',19105,NULL,675,676,4),(29635,'article','show',19106,NULL,655,656,4),(29636,'article','show',19107,NULL,677,678,4),(29637,'article','show',19108,NULL,685,686,4),(29638,'article','show',19109,NULL,657,658,4),(29639,'article','show',19110,NULL,659,660,4),(29640,'article','show',19111,NULL,661,662,4),(29641,'article','show',19112,NULL,663,664,4),(29642,'article','show',19113,NULL,147,148,4),(29643,'article','show',19114,NULL,207,208,4),(29644,'article','show',19115,NULL,665,666,4),(29645,'article','show',19116,NULL,667,668,4),(29646,'article','show',19117,NULL,669,670,4),(29647,'article','show',19118,NULL,671,672,4),(29648,'article','show',19119,NULL,673,674,4),(29649,'article','show',19120,NULL,679,680,4),(29650,'article','show',19121,NULL,681,682,4),(29651,'article','show',19122,NULL,683,684,4),(29652,'article','show',19123,NULL,615,616,4),(29653,'article','show',19124,NULL,617,618,4),(29654,'article','show',19125,NULL,619,620,4),(29655,'article','show',19127,NULL,259,260,4),(29656,'article','show',19126,NULL,209,210,4),(29657,'article','show',19128,NULL,621,622,4),(29658,'article','show',19129,NULL,623,624,4),(29659,'article','show',19130,NULL,625,626,4),(29660,'article','show',19131,NULL,627,628,4),(29661,'article','show',19132,NULL,629,630,4),(29662,'article','show',19133,NULL,631,632,4),(29663,'article','show',19134,NULL,633,634,4),(29664,'article','show',19135,NULL,635,636,4),(29665,'article','show',19136,NULL,637,638,4),(29666,'article','show',19137,NULL,639,640,4),(29667,'article','show',19138,NULL,641,642,4),(29668,'article','show',19139,NULL,643,644,4),(29669,'article','show',19140,NULL,645,646,4),(29670,'article','show',19141,NULL,647,648,4),(29671,'article','show',19142,NULL,649,650,4),(29672,'article','show',19143,NULL,651,652,4),(29673,'article','show',19144,NULL,653,654,4),(29674,'article','show',19145,NULL,149,150,4),(29675,'article','show',19151,NULL,367,368,4),(29676,'article','show',19146,NULL,185,186,4),(29677,'article','show',19147,NULL,187,188,4),(29678,'article','show',19148,NULL,189,190,4),(29679,'article','show',19149,NULL,287,288,4),(29680,'article','show',19150,NULL,289,290,4),(29681,'article','show',19152,NULL,445,446,4),(29682,'article','show',19153,NULL,447,448,4),(29683,'article','show',19154,NULL,449,450,4),(29684,'article','show',19155,NULL,451,452,4),(29685,'article','show',19156,NULL,453,454,4),(29686,'article','show',19157,NULL,455,456,4),(29687,'article','show',19158,NULL,457,458,4),(29688,'article','show',19174,NULL,369,370,4),(29689,'article','show',19159,NULL,191,192,4),(29690,'article','show',19160,NULL,193,194,4),(29691,'article','show',19161,NULL,195,196,4),(29692,'article','show',19162,NULL,197,198,4),(29693,'article','show',19163,NULL,199,200,4),(29694,'article','show',19164,NULL,201,202,4),(29695,'article','show',19165,NULL,203,204,4),(29696,'article','show',19166,NULL,205,206,4),(29697,'article','show',19167,NULL,291,292,4),(29698,'article','show',19168,NULL,273,274,4),(29699,'article','show',19169,NULL,275,276,4),(29700,'article','show',19170,NULL,277,278,4),(29701,'article','show',19171,NULL,279,280,4),(29702,'article','show',19172,NULL,281,282,4),(29703,'article','show',19173,NULL,283,284,4),(29704,'article','show',19175,NULL,459,460,4),(29705,'article','show',19176,NULL,461,462,4),(29706,'article','show',19177,NULL,463,464,4),(29707,'article','show',19178,NULL,465,466,4),(29708,'article','show',19179,NULL,467,468,4),(29709,'article','show',19180,NULL,469,470,4),(29710,'article','show',19181,NULL,471,472,4),(29711,'article','show',19182,NULL,371,372,4),(29712,'article','show',19183,NULL,151,152,4),(29713,'article','show',19184,NULL,265,266,4),(29714,'article','show',19185,NULL,377,378,4),(29715,'article','show',19186,NULL,379,380,4),(29716,'article','show',19187,NULL,381,382,4),(29717,'article','show',19188,NULL,153,154,4),(29718,'article','show',19189,NULL,385,386,4),(29719,'article','show',19190,NULL,395,396,4),(29720,'section','show',568,NULL,576,593,3),(29721,'article','show',19191,NULL,155,156,4),(29722,'article','show',19192,NULL,581,582,4),(29723,'article','show',19193,NULL,583,584,4),(29724,'article','show',19194,NULL,585,586,4),(29725,'article','show',19195,NULL,587,588,4),(29726,'article','show',19196,NULL,589,590,4),(29727,'article','show',19197,NULL,591,592,4),(29728,'article','show',19198,NULL,577,578,4),(29729,'article','show',19199,NULL,579,580,4),(29730,'article','show',19200,NULL,399,400,4),(29731,'article','show',19201,NULL,401,402,4),(29732,'article','show',19202,NULL,403,404,4),(29733,'article','show',19203,NULL,405,406,4),(29734,'article','show',19204,NULL,407,408,4),(29735,'section','show',569,NULL,594,611,3),(29736,'article','show',19205,NULL,609,610,4),(29737,'article','show',19206,NULL,595,596,4),(29738,'article','show',19207,NULL,597,598,4),(29739,'article','show',19208,NULL,599,600,4),(29740,'article','show',19209,NULL,601,602,4),(29741,'article','show',19210,NULL,603,604,4),(29742,'article','show',19211,NULL,605,606,4),(29743,'article','show',19212,NULL,607,608,4),(29744,'article','show',19213,NULL,389,390,4);
/*!40000 ALTER TABLE `dm_page` ENABLE KEYS */;
UNLOCK TABLES;

--
-- Dumping data for table `dm_page_translation`
--

LOCK TABLES `dm_page_translation` WRITE;
/*!40000 ALTER TABLE `dm_page_translation` DISABLE KEYS */;
INSERT INTO `dm_page_translation` (`id`, `slug`, `name`, `title`, `h1`, `description`, `keywords`, `auto_mod`, `is_active`, `is_secure`, `is_indexable`, `is_visible_bread_crumb`, `group_page`, `lang`) VALUES (1,'','Accueil','Accueil','','','','snthdk',1,0,1,1,NULL,'fr'),(2,'page_introuvable_404','Page introuvable','Page introuvable',NULL,NULL,NULL,'snthdk',1,0,1,1,NULL,'fr'),(3,'Connexion','Connexion','Connexion',NULL,NULL,NULL,'snthdk',1,0,1,1,NULL,'fr'),(5,'rubriques','Rubriques','Rubriques','','Rubriques','','snthdk',1,0,0,0,'','fr'),(1548,'gestion-des-pages/le-nom-de-l-association/contact','Contact','Contact','','','','snthdk',1,0,1,1,'','fr'),(1591,'search','Recherche : rsultats','Recherche : rsultats',NULL,NULL,NULL,'snthdk',1,0,1,1,NULL,'fr'),(1595,'nos-prestations','Nos Prestations','Nos Prestations','','Nos Prestations','','snthdk',1,0,1,1,'','fr'),(1658,'gestion-des-pages/le-nom-de-l-association/presentation-du-cabinet','Prsentation du cabinet','Prsentation du cabinet','','Prsentation du cabinet','','snthdk',1,0,1,1,NULL,'fr'),(3216,'nos-services/docs-et-sites-utiles','Docs et sites utiles','Docs et sites utiles','','Docs et sites utiles','','snthdk',1,0,1,1,'','fr'),(5367,'nos-services/economie','Economie','Economie','','','','snthdk',1,0,1,1,'','fr'),(5400,'le-cabinet/recrutements','Recrutements','Recrutements','','Recrutements','','snthdk',1,0,1,1,NULL,'fr'),(5401,'le-cabinet/recrutements/collaborateur-paie-comptabilite-en-cdi','Collaborateur Paie Comptabilit, en CDI','Collaborateur Paie Comptabilit, en CDI','','<h5>\n	<u>Le poste:<br />\n	</u></h5>\n<p>\n	<br />\n	Dans le cadre dun accroissement de notre activit Paie et Gestion sociale, nous recherchons ','','snthk',1,0,1,1,NULL,'fr'),(5402,'le-cabinet/recrutements/collaborateur-comptable-en-cdd','Collaborateur comptable, en CDD','Collaborateur comptable, en CDD','','<h5>\n	<u>Le poste :</u></h5>\n<p>\n	<br />\n	Dans le cadre dun remplacement dune personne en cong maternit, nous recherchons un c','','nthk',1,0,1,1,NULL,'fr'),(6555,'gestion-des-pages/le-nom-de-l-association/actualites-de-lassociation','Actualits de l\'Association','Actualits de l\'Association','','Actualits de l\'Association','','snthdk',1,0,1,1,'','fr'),(6561,'fil-dactualite','Fil d\'actualit','Fil d\'actualit','','','','snthdk',1,0,1,1,NULL,'fr'),(6767,'dessin','Dessin','Dessin','','','','snthdk',1,0,1,1,NULL,'fr'),(8418,'plan-du-site','Plan du site','Plan du site',NULL,NULL,NULL,'snthdk',1,0,1,1,NULL,'fr'),(20936,'le-cabinet','Le Cabinet','Le Cabinet','','','','snthdk',1,0,1,1,NULL,'fr'),(23103,'nos-services/bourse','Bourse','Bourse','','','','snthdk',1,0,1,1,'','fr'),(23210,'la-page-d-accueil-des-sites-utiles','La page d\'accueil des sites utiles','La page d\'accueil des sites utiles',NULL,'La page d\'accueil des sites utiles',NULL,'snthdk',1,0,1,1,NULL,'fr'),(23213,'gestion-des-pages/le-nom-de-l-association/presentation-nos-bureaux/nos-bureaux','Nos bureaux','Nos bureaux','','Nos bureaux','','snthdk',1,0,1,1,'','fr'),(23214,'gestion-des-pages/le-nom-de-l-association/presentation-nos-bureaux/nos-bureaux/cabinet-1','Cabinet 1','Cabinet 1','','Cabinet 1','','nthdk',1,0,1,1,NULL,'fr'),(23215,'gestion-des-pages/le-nom-de-l-association/presentation-nos-bureaux/nos-bureaux/cabinet-2','Cabinet 2','Cabinet 2',NULL,'Cabinet 2',NULL,'nthdk',1,0,1,1,NULL,'fr'),(23216,'gestion-des-pages/le-nom-de-l-association/presentation-nos-bureaux/nos-bureaux/cabinet-3','Cabinet 3','Cabinet 3',NULL,'Cabinet 3',NULL,'nthdk',1,0,1,1,NULL,'fr'),(23217,'la-page-d-accueil-des-sites-utiles/docs-et-sites-utiles','Docs et sites utiles','Docs et sites utiles',NULL,'EXPERT INFOS a d&eacute;velopp&eacute; pour les Associations de Gestion Agr&eacute;&eacute;es des sites internet sp&eacute;cifiques avec des contenus et rubriqu',NULL,'snthdk',1,0,1,1,NULL,'fr'),(23218,'gestion-des-pages/le-nom-de-l-association/plan-dacces','Plan d\'accs','Plan d\'accs','','Plan d\'accs','','snthdk',1,0,1,1,'','fr'),(25518,'nos-services/simulateurs','Simulateurs','Simulateurs','','','','snthdk',1,0,1,1,'','fr'),(25519,'simulateurs/valeur-acquise-par-un-capital-place-a-interets-composes-pendant-une-duree-determinee','Valeur acquise par un capital plac  intrts composs pendant une dure dtermine ','Valeur acquise par un capital plac  intrts composs pendant une dure dtermine ',NULL,NULL,NULL,'snthdk',1,0,1,1,NULL,'fr'),(25520,'simulateurs/valeur-acquise-par-une-suite-de-versements-constants','Valeur acquise par une suite de versements constants','Valeur acquise par une suite de versements constants',NULL,NULL,NULL,'snthdk',1,0,1,1,NULL,'fr'),(25521,'simulateurs/taux-de-rendement-dun-capital','Taux de rendement d\'un capital ','Taux de rendement d\'un capital ',NULL,NULL,NULL,'snthdk',1,0,1,1,NULL,'fr'),(25522,'simulateurs/taux-de-rendement-dune-suite-de-versement','Taux de rendement d\'une suite de versement ','Taux de rendement d\'une suite de versement ',NULL,NULL,NULL,'snthdk',1,0,1,1,NULL,'fr'),(25523,'simulateurs/calcul-du-capital-emprunte','Calcul du capital emprunt ','Calcul du capital emprunt ',NULL,NULL,NULL,'snthdk',1,0,1,1,NULL,'fr'),(25524,'simulateurs/calcul-de-la-duree-selon-votre-capacite-de-remboursement','Calcul de la dure (selon votre capacit de remboursement) ','Calcul de la dure (selon votre capacit de remboursement) ',NULL,NULL,NULL,'snthdk',1,0,1,1,NULL,'fr'),(25525,'simulateurs/calcul-du-versement-periodique','Calcul du versement priodique ','Calcul du versement priodique ',NULL,NULL,NULL,'snthdk',1,0,1,1,NULL,'fr'),(25526,'simulateurs/calcul-du-taux','Calcul du taux ','Calcul du taux ',NULL,NULL,NULL,'snthdk',1,0,1,1,NULL,'fr'),(25527,'simulateurs/calcul-des-loyers-constants','Calcul des loyers (constants) ','Calcul des loyers (constants) ',NULL,NULL,NULL,'snthdk',1,0,1,1,NULL,'fr'),(25528,'simulateurs/calcul-du-taux-reel-cout-reel-du-credit-bail','Calcul du taux rel (cot rel du crdit-bail) ','Calcul du taux rel (cot rel du crdit-bail) ',NULL,NULL,NULL,'snthdk',1,0,1,1,NULL,'fr'),(25529,'simulateurs/calcul-de-la-duree','Calcul de la dure','Calcul de la dure',NULL,NULL,NULL,'snthdk',1,0,1,1,NULL,'fr'),(25530,'simulateurs/absences-et-conges-du-salarie','Absences et congs du salari ','Absences et congs du salari ',NULL,NULL,NULL,'snthdk',1,0,1,1,NULL,'fr'),(25531,'simulateurs/correspondance-jours-ouvres/jours-ouvrables','Correspondance jours ouvrs/jours ouvrables ','Correspondance jours ouvrs/jours ouvrables ',NULL,NULL,NULL,'snthdk',1,0,1,1,NULL,'fr'),(25532,'simulateurs/seuil-de-rentabilite-estimation-rapide','Seuil de rentabilit (estimation rapide) ','Seuil de rentabilit (estimation rapide) ',NULL,NULL,NULL,'snthdk',1,0,1,1,NULL,'fr'),(25533,'simulateurs/calcul-des-frais-kilometriques-vehicules-automobiles','Calcul des frais kilomtriques : vhicules automobiles','Calcul des frais kilomtriques : vhicules automobiles',NULL,NULL,NULL,'snthdk',1,0,1,1,NULL,'fr'),(25534,'simulateurs/versement-transport','Versement transport ','Versement transport ',NULL,NULL,NULL,'snthdk',1,0,1,1,NULL,'fr'),(28917,'notre-selection-de-placements','Notre slection de placements','Notre slection de placements',NULL,'Notre slection de placements',NULL,'snthdk',1,0,1,1,NULL,'fr'),(29206,'mentions-legales','Mentions Lgales','Mentions Lgales',NULL,NULL,NULL,'snthdk',1,0,1,1,NULL,'fr'),(29394,'gestion-des-pages','Gestion des pages','Gestion des pages','','Gestion des pages','','snthdk',1,0,1,0,'','fr'),(29410,'gestion-des-pages/le-nom-de-l-association','Le nom de l\'association','Le nom de l\'association',NULL,NULL,NULL,'snthdk',1,0,1,1,NULL,'fr'),(29412,'gestion-des-pages/le-nom-de-l-association/votre-adhesion','Votre adhsion','Votre adhsion',NULL,'EXPERT INFOS a dvelopp pour les Associations de Gestion Agres des sites internet spcifiques avec des contenus et rubriques adapts et modulables comme par ',NULL,'snthdk',1,0,1,1,NULL,'fr'),(29413,'gestion-des-pages/le-nom-de-l-association/vos-avantages-fiscaux','Vos avantages fiscaux','Vos avantages fiscaux',NULL,'EXPERT INFOS a dvelopp pour les Associations de Gestion Agres des sites internet spcifiques avec des contenus et rubriques adapts et modulables comme par ',NULL,'snthdk',1,0,1,1,NULL,'fr'),(29416,'nos-prestations/la-prevention-fiscale-et-les-declarations','La Prvention fiscale et les dclarations','La Prvention fiscale et les dclarations',NULL,'Nous v&eacute;rifions la coh&eacute;rence et la vraisemblance de vos d&eacute;clarations fiscales, en particulier la d&eacute;claration de revenus professionnel',NULL,'snthdk',1,0,1,1,NULL,'fr'),(29417,'nos-prestations/l-aide-a-la-gestion','LAide  la gestion','LAide  la gestion',NULL,'Ce dossier permet &agrave; chacun de mieux comprendre ses comptes, son activit&eacute; pour en tirer tous les enseignements.\r\nLe &laquo;nom de l&rsquo;associati',NULL,'snthdk',1,0,1,1,NULL,'fr'),(29418,'nos-prestations/l-information','Linformation','Linformation',NULL,'Tous les jours, sur ce site, vous trouverez les derni&egrave;res actualit&eacute;s l&eacute;gales et r&eacute;glementaires sur vos professions pour mieux vous o',NULL,'snthdk',1,0,1,1,NULL,'fr'),(29419,'nos-prestations/la-formation','La Formation','La Formation',NULL,'L&rsquo;Association organise pour vous toute l&rsquo;ann&eacute;e des sessions de formation sur les th&eacute;matiques de fiscalit&eacute;, de comptabilit&eacut',NULL,'snthdk',1,0,1,1,NULL,'fr'),(29420,'gestion-des-pages/le-nom-de-l-association/actualites-de-lassociation/nouveau-bureau-a-ville','Nouveau bureau  Ville !','Nouveau bureau  Ville !',NULL,'Dbut juillet, le nom de lassociation ouvrira un nouvel espace pour vous  Ville, adresse nouveau bureau.',NULL,'snthdk',1,0,1,1,NULL,'fr'),(29421,'gestion-des-pages/le-nom-de-l-association/actualites-de-lassociation/assemblee-generale','Assemble gnrale','Assemble gnrale',NULL,'Lassociation nom de lassociation vous convie  son assemble gnrale le JJ/MM   HH:MM. Nous vous prsenterons le bilan de lanne passe et les orientatio',NULL,'snthdk',1,0,1,1,NULL,'fr'),(29422,'gestion-des-pages/le-nom-de-l-association/actualites-de-lassociation/les-actualites-du-centre','Les actualits du centre','Les actualits du centre',NULL,'EXPERT INFOS a dvelopp pour les Associations de Gestion Agres des sites internet spcifiques avec des contenus et rubriques adapts et modulables comme par ',NULL,'snthdk',1,0,1,1,NULL,'fr'),(29423,'gestion-des-pages/le-nom-de-l-association/vos-formations','Vos formations','Vos formations',NULL,'EXPERT INFOS a dvelopp pour les Associations de Gestion Agres des sites internet spcifiques avec des contenus et rubriques adapts et modulables comme par ',NULL,'snthdk',1,0,1,1,NULL,'fr'),(29424,'gestion-des-pages/le-nom-de-l-association/vos-formations/presentations-des-formations','Prsentations des formations','Prsentations des formations',NULL,'EXPERT INFOS a dvelopp pour les Associations de Gestion Agres des sites internet spcifiques avec des contenus et rubriques adapts et modulables comme par ',NULL,'snthdk',1,0,1,1,NULL,'fr'),(29425,'gestion-des-pages/le-nom-de-l-association/vos-formations/vos-formation-1er-semestre','Vos formation 1er semestre','Vos formation 1er semestre',NULL,'EXPERT INFOS a dvelopp pour les Associations de Gestion Agres des sites internet spcifiques avec des contenus et rubriques adapts et modulables comme par ',NULL,'snthdk',1,0,1,1,NULL,'fr'),(29426,'gestion-des-pages/le-nom-de-l-association/vos-formations/vos-formation-1er-semestre/la-tenue-du-livre-journal-de-recettes-depenses','LA TENUE DU LIVRE-JOURNAL DE RECETTES / DEPENSES','LA TENUE DU LIVRE-JOURNAL DE RECETTES / DEPENSES',NULL,NULL,NULL,'snthdk',1,0,1,1,NULL,'fr'),(29427,'gestion-des-pages/le-nom-de-l-association/vos-formations/vos-formation-1er-semestre/le-vehicule-du-professionnel-liberal','LE VEHICULE DU PROFESSIONNEL LIBERAL','LE VEHICULE DU PROFESSIONNEL LIBERAL',NULL,NULL,NULL,'snthdk',1,0,1,1,NULL,'fr'),(29428,'gestion-des-pages/le-nom-de-l-association/vos-formations/vos-formation-1er-semestre/differentes-possibilites-de-cumul-emploi-retraite','DIFFERENTES POSSIBILITES DE CUMUL \"EMPLOI/RETRAITE\"','DIFFERENTES POSSIBILITES DE CUMUL \"EMPLOI/RETRAITE\"',NULL,NULL,NULL,'snthdk',1,0,1,1,NULL,'fr'),(29429,'gestion-des-pages/le-nom-de-l-association/vos-formations/vos-formation-2eme-semestre','Vos formation 2me semestre','Vos formation 2me semestre',NULL,NULL,NULL,'snthdk',1,0,1,1,NULL,'fr'),(29430,'gestion-des-pages/le-nom-de-l-association/vos-formations/vos-formation-2eme-semestre/le-vehicule-du-professionnel-liberal','LE VEHICULE DU PROFESSIONNEL LIBERAL','LE VEHICULE DU PROFESSIONNEL LIBERAL',NULL,NULL,NULL,'snthdk',1,0,1,1,NULL,'fr'),(29431,'gestion-des-pages/le-nom-de-l-association/vos-formations/vos-formation-2eme-semestre/differentes-formes-d-exercice-de-l-activite-liberale-comment-faire-le-bon-choix','DIFFERENTES FORMES D\'EXERCICE DE L\'ACTIVITE LIBERALE, COMMENT FAIRE LE BON CHOIX ?','DIFFERENTES FORMES D\'EXERCICE DE L\'ACTIVITE LIBERALE, COMMENT FAIRE LE BON CHOIX',NULL,NULL,NULL,'snthdk',1,0,1,1,NULL,'fr'),(29435,'nos-services/docs-et-sites-utiles/vos-declarations-sociales-et-fiscales-en-ligne','Vos dclarations sociales et fiscales en ligne','Vos dclarations sociales et fiscales en ligne',NULL,'L&rsquo;association &laquo;nom de l&rsquo;association&raquo; met &agrave; votre disposition ici tous les liens et documents pour la plupart de vos d&eacute;clar',NULL,'snthdk',1,0,1,1,NULL,'fr'),(29436,'nos-services/docs-et-sites-utiles/votre-couverture-sociale','Votre couverture sociale','Votre couverture sociale',NULL,'L&rsquo;association &laquo;nom de l&rsquo;association&raquo; met &agrave; votre disposition ici tous les liens et documents pour la plupart de vos d&eacute;clar',NULL,'snthdk',1,0,1,1,NULL,'fr'),(29437,'nos-services/docs-et-sites-utiles/vos-frais-kilometriques','Vos frais kilomtriques','Vos frais kilomtriques',NULL,'L&rsquo;association &laquo;nom de l&rsquo;association&raquo; met &agrave; votre disposition ici tous les liens et documents pour la plupart de vos d&eacute;clar',NULL,'snthdk',1,0,1,1,NULL,'fr'),(29438,'nos-services/docs-et-sites-utiles/vos-representants','Vos reprsentants','Vos reprsentants',NULL,'L&rsquo;association &laquo;nom de l&rsquo;association&raquo; met &agrave; votre disposition ici tous les liens et documents pour la plupart de vos d&eacute;clar',NULL,'snthdk',1,0,1,1,NULL,'fr'),(29439,'nos-services/docs-et-sites-utiles/vos-declarations-sociales-et-fiscales-en-ligne/declarations-sociales-sur-www-net-entreprises-fr-das2-dads-etc','Dclarations sociales sur www.net-entreprises.fr (DAS2, DADS, etc.)','Dclarations sociales sur www.net-entreprises.fr (DAS2, DADS, etc.)',NULL,'Le site pour effectuer vos d&eacute;clarations sociales',NULL,'snthdk',1,0,1,1,NULL,'fr'),(29440,'nos-services/docs-et-sites-utiles/vos-declarations-sociales-et-fiscales-en-ligne/declarations-fiscales-et-sociales-sur-www-jedeclare-com','Dclarations fiscales et sociales sur www.jedeclare.com','Dclarations fiscales et sociales sur www.jedeclare.com',NULL,'Le portail de l&#39;Ordre des Experts-Comptables.',NULL,'snthdk',1,0,1,1,NULL,'fr'),(29441,'nos-services/docs-et-sites-utiles/vos-declarations-sociales-et-fiscales-en-ligne/declaration-2035','Dclaration 2035','Dclaration 2035',NULL,'notice de l&#39;administration en format pdf &agrave; t&eacute;l&eacute;charger\r\n	\r\n		formulaire vierge en format pdf, &agrave; t&eacute;l&eacute;charger\r\n	\r\n		',NULL,'snthdk',1,0,1,1,NULL,'fr'),(29442,'nos-services/docs-et-sites-utiles/vos-declarations-sociales-et-fiscales-en-ligne/declaration-2042','Dclaration 2042','Dclaration 2042',NULL,'notice de l&#39;administration en format pdf &agrave; t&eacute;l&eacute;charger\r\n	\r\n		Revenus - formulaire pdf &agrave; t&eacute;l&eacute;charger\r\n	\r\n		t&eacute',NULL,'snthdk',1,0,1,1,NULL,'fr'),(29443,'nos-services/docs-et-sites-utiles/votre-couverture-sociale/le-regime-social-des-independants','Le Rgime Social des Indpendants','Le Rgime Social des Indpendants',NULL,'Le R&eacute;gime Social des Ind&eacute;pendants',NULL,'snthdk',1,0,1,1,NULL,'fr'),(29444,'nos-services/docs-et-sites-utiles/votre-couverture-sociale/la-caisse-nationale-d-assurance-vieillesse-des-professions-liberales','La Caisse Nationale d\'Assurance Vieillesse des Professions Librales','La Caisse Nationale d\'Assurance Vieillesse des Professions Librales',NULL,'La Caisse Nationale d&#39;Assurance Vieillesse des Professions Lib&eacute;rales',NULL,'snthdk',1,0,1,1,NULL,'fr'),(29445,'nos-services/docs-et-sites-utiles/votre-couverture-sociale/la-caisse-autonome-de-retraites-et-prevoyance-des-veterinaires','La Caisse Autonome de Retraites et Prvoyance des Vtrinaires','La Caisse Autonome de Retraites et Prvoyance des Vtrinaires',NULL,'La Caisse Autonome de Retraites et Pr&eacute;voyance des V&eacute;t&eacute;rinaires',NULL,'snthdk',1,0,1,1,NULL,'fr'),(29446,'nos-services/docs-et-sites-utiles/votre-couverture-sociale/la-caisse-des-agents-generaux-d-assurance','La caisse des Agents Gnraux d\'Assurance','La caisse des Agents Gnraux d\'Assurance',NULL,'La caisse des Agents G&eacute;n&eacute;raux d&#39;Assurance',NULL,'snthdk',1,0,1,1,NULL,'fr'),(29447,'nos-services/docs-et-sites-utiles/votre-couverture-sociale/la-caisse-d-assurance-vieillesse-des-officiers-ministeriels-des-officiers-publics-et-des-compagnies-judiciaires','La Caisse d\'Assurance Vieillesse des Officiers Ministriels, des officiers publics et des compagnies judiciaires','La Caisse d\'Assurance Vieillesse des Officiers Ministriels, des officiers publi',NULL,'La Caisse d&#39;Assurance Vieillesse des Officiers Minist&eacute;riels, des officiers publics et des compagnies judiciaires',NULL,'snthdk',1,0,1,1,NULL,'fr'),(29448,'nos-services/docs-et-sites-utiles/votre-couverture-sociale/la-caisse-d-allocation-vieillesse-des-experts-comptables','La Caisse d\'Allocation Vieillesse des Experts-Comptables','La Caisse d\'Allocation Vieillesse des Experts-Comptables',NULL,'La Caisse d&#39;Allocation Vieillesse des Experts-Comptables',NULL,'snthdk',1,0,1,1,NULL,'fr'),(29449,'nos-services/docs-et-sites-utiles/votre-couverture-sociale/la-caisse-d-assurance-vieillesse-des-pharmaciens','La Caisse d\'Assurance Vieillesse des Pharmaciens','La Caisse d\'Assurance Vieillesse des Pharmaciens',NULL,'La Caisse d&#39;Assurance Vieillesse des Pharmaciens',NULL,'snthdk',1,0,1,1,NULL,'fr'),(29450,'nos-services/docs-et-sites-utiles/votre-couverture-sociale/la-caisse-autonome-de-retraite-des-medecins-de-france','La Caisse Autonome de Retraite des Mdecins de France','La Caisse Autonome de Retraite des Mdecins de France',NULL,'La Caisse Autonome de Retraite des M&eacute;decins de France',NULL,'snthdk',1,0,1,1,NULL,'fr'),(29451,'nos-services/docs-et-sites-utiles/votre-couverture-sociale/la-caisse-autonome-de-retraite-et-de-prevoyance-des-infirmiers-masseurs-kinesitherapeuthes-pedicures-podologues-orthophonistes-et-orthoptistes','La Caisse Autonome de Retraite et de Prvoyance des Infirmiers, Masseurs-Kinesithrapeuthes, Pdicures-Podologues, Orthophonistes et Orthoptistes','La Caisse Autonome de Retraite et de Prvoyance des Infirmiers, Masseurs-Kinesit',NULL,'La Caisse Autonome de Retraite et de Pr&eacute;voyance des Infirmiers, Masseurs-Kinesith&eacute;rapeuthes, P&eacute;dicures-Podologues, Orthophonistes et Orthop',NULL,'snthdk',1,0,1,1,NULL,'fr'),(29452,'nos-services/docs-et-sites-utiles/votre-couverture-sociale/la-caisse-autonome-de-retraite-des-chirurgiens-dentistes-et-des-sages-femmes','La Caisse Autonome de Retraite des Chirurgiens Dentistes et des Sages-Femmes','La Caisse Autonome de Retraite des Chirurgiens Dentistes et des Sages-Femmes',NULL,'La Caisse Autonome de Retraite des Chirurgiens Dentistes et des Sages-Femmes',NULL,'snthdk',1,0,1,1,NULL,'fr'),(29453,'nos-services/docs-et-sites-utiles/vos-frais-kilometriques/le-bareme-des-frais-kilometriques-2011-en-format-pdf-a-telecharger','Le barme des frais kilomtriques 2011 en format pdf  tlcharger','Le barme des frais kilomtriques 2011 en format pdf  tlcharger',NULL,'Le bar&ecirc;me des frais kilom&eacute;triques 2011 en format pdf &agrave; t&eacute;l&eacute;charger',NULL,'snthdk',1,0,1,1,NULL,'fr'),(29454,'nos-services/docs-et-sites-utiles/vos-frais-kilometriques/le-calcul-en-ligne-de-vos-frais-kilometriques','Le calcul en ligne de vos frais kilomtriques','Le calcul en ligne de vos frais kilomtriques',NULL,'Le calcul en ligne de vos frais kilom&eacute;triques',NULL,'snthdk',1,0,1,1,NULL,'fr'),(29455,'nos-services/docs-et-sites-utiles/vos-representants/la-chambre-nationale-des-professions-liberales','La Chambre Nationale des Professions Librales','La Chambre Nationale des Professions Librales',NULL,'La Chambre Nationale des Professions Lib&eacute;rales',NULL,'snthdk',1,0,1,1,NULL,'fr'),(29456,'nos-services/docs-et-sites-utiles/vos-representants/l-union-nationale-des-professions-liberales','L\'Union Nationale des Professions Librales','L\'Union Nationale des Professions Librales',NULL,'L&#39;Union Nationale des Professions Lib&eacute;rales',NULL,'snthdk',1,0,1,1,NULL,'fr'),(29457,'nos-services/docs-et-sites-utiles/vos-representants/l-union-mondiale-des-professions-liberales','L\'Union Mondiale des Professions Librales','L\'Union Mondiale des Professions Librales',NULL,'L&#39;Union Mondiale des Professions Lib&eacute;rales',NULL,'snthdk',1,0,1,1,NULL,'fr'),(29459,'gestion-des-pages/le-nom-de-l-association/presentation-du-cabinet/presentation','Prsentation','Prsentation','','EXPERT INFOS a dvelopp pour les Associations de Gestion Agres des sites internet spcifiques avec des contenus et rubriqu','','nthk',1,0,1,1,'','fr'),(29460,'nos-services','Nos services','Nos services',NULL,NULL,NULL,'snthdk',1,0,1,1,NULL,'fr'),(29461,'gestion-des-pages/le-nom-de-l-association/vos-formations/root2','root2','Root2',NULL,NULL,NULL,'snthdk',1,0,1,1,NULL,'fr'),(29462,'rubriques/fiscal','Fiscal','Fiscal',NULL,'fiscal',NULL,'hk',1,0,0,1,NULL,'fr'),(29463,'rubriques/juridique','Juridique','Juridique',NULL,'juridique',NULL,'hk',1,0,0,1,NULL,'fr'),(29464,'rubriques/social','Social','Social',NULL,'social',NULL,'hk',1,0,0,1,NULL,'fr'),(29465,'rubriques/echeancier','chancier','chancier',NULL,'chancier',NULL,'hk',1,0,0,1,NULL,'fr'),(29466,'rubriques/fiscal/actualites','Actualits','Actualits',NULL,'actualits',NULL,'hk',1,0,0,1,NULL,'fr'),(29467,'rubriques/fiscal/chiffres','Chiffres','Chiffres',NULL,'chiffres',NULL,'hk',1,0,0,1,NULL,'fr'),(29468,'rubriques/juridique/actualites','Actualits','Actualits',NULL,'actualits',NULL,'hk',1,0,0,1,NULL,'fr'),(29469,'rubriques/juridique/chiffres','Chiffres','Chiffres',NULL,'chiffres',NULL,'hk',1,0,0,1,NULL,'fr'),(29470,'rubriques/social/actualites','Actualits','Actualits',NULL,'actualits',NULL,'hk',1,0,0,1,NULL,'fr'),(29471,'rubriques/social/chiffres','Chiffres','Chiffres',NULL,'chiffres',NULL,'hk',1,0,0,1,NULL,'fr'),(29472,'rubriques/echeancier/juin-2012','Juin 2012','Juin 2012',NULL,'juin 2012',NULL,'hk',1,0,0,1,NULL,'fr'),(29473,'rubriques/echeancier/juillet-2012','Juillet 2012','Juillet 2012',NULL,'juillet 2012',NULL,'hk',1,0,0,1,NULL,'fr'),(29474,'rubriques/echeancier/vacances-scolaires','vacances scolaires','vacances scolaires',NULL,'vacances scolaires',NULL,'hk',1,0,0,1,NULL,'fr'),(29475,'rubriques/fiscal/actualites/une-pension-alimentaire-versee-a-un-frere-ou-a-une-soeur-est-elle-deductible','une pension alimentaire verse  un frre ou  une soeur est-elle dductible ?','une pension alimentaire verse  un frre ou  une soeur est-elle dductible ?',NULL,'une pension alimentaire verse  un frre ou  une soeur est-elle dductible ?',NULL,'hk',1,0,0,1,NULL,'fr'),(29476,'rubriques/fiscal/actualites/quelle-fiscalite-pour-les-ventes-de-terrains-nus-constructibles','quelle fiscalit pour les ventes de terrains nus constructibles ?','quelle fiscalit pour les ventes de terrains nus constructibles ?',NULL,'quelle fiscalit pour les ventes de terrains nus constructibles ?',NULL,'hk',1,0,0,1,NULL,'fr'),(29477,'rubriques/fiscal/actualites/deduction-de-la-tva-en-l-absence-de-mentions-obligatoires-sur-la-facture','dduction de la tva en l\'absence de mentions obligatoires sur la facture','dduction de la tva en l\'absence de mentions obligatoires sur la facture',NULL,'dduction de la tva en l\'absence de mentions obligatoires sur la facture',NULL,'hk',1,0,0,1,NULL,'fr'),(29478,'rubriques/fiscal/actualites/doit-on-rapporter-a-la-succession-un-cheque-remis-a-un-enfant-lors-des-fetes-de-fin-d-annee','doit-on rapporter  la succession un chque remis  un enfant lors des ftes de fin d\'anne ?','doit-on rapporter  la succession un chque remis  un enfant lors des ftes de ',NULL,'doit-on rapporter  la succession un chque remis  un enfant lors des ftes de fin d\'anne ?',NULL,'hk',1,0,0,1,NULL,'fr'),(29479,'rubriques/fiscal/actualites/exoneration-d-impot-sur-les-benefices-en-zfu','exonration d\'impt sur les bnfices en zfu','exonration d\'impt sur les bnfices en zfu',NULL,'exonration d\'impt sur les bnfices en zfu',NULL,'hk',1,0,0,1,NULL,'fr'),(29480,'rubriques/fiscal/actualites/isf-les-formalites-necessaires-a-l-exoneration-partielle-des-bois-et-forets','isf : les formalits ncessaires  l\'exonration partielle des bois et forts','isf : les formalits ncessaires  l\'exonration partielle des bois et forts',NULL,'isf : les formalits ncessaires  l\'exonration partielle des bois et forts',NULL,'hk',1,0,0,1,NULL,'fr'),(29481,'rubriques/fiscal/actualites/succession-le-sort-des-retraits-d-especes-realises-un-an-avant-le-deces','succession : le sort des retraits d\'espces raliss un an avant le dcs','succession : le sort des retraits d\'espces raliss un an avant le dcs',NULL,'succession : le sort des retraits d\'espces raliss un an avant le dcs',NULL,'hk',1,0,0,1,NULL,'fr'),(29482,'rubriques/fiscal/actualites/plus-values-immobilieres-faut-il-tenir-compte-des-changements-intervenus-apres-l-acquisition-du-bien','plus-values immobilires : faut-il tenir compte des changements intervenus aprs l\'acquisition du bien ?','plus-values immobilires : faut-il tenir compte des changements intervenus aprs',NULL,'plus-values immobilires : faut-il tenir compte des changements intervenus aprs l\'acquisition du bien ?',NULL,'hk',1,0,0,1,NULL,'fr'),(29483,'rubriques/fiscal/actualites/augmentation-des-prelevements-sociaux-depuis-le-1er-juillet','augmentation des prlvements sociaux depuis le 1er juillet !','augmentation des prlvements sociaux depuis le 1er juillet !',NULL,'augmentation des prlvements sociaux depuis le 1er juillet !',NULL,'hk',1,0,0,1,NULL,'fr'),(29484,'rubriques/fiscal/actualites/collectif-budgetaire-a-quoi-doivent-s-attendre-les-entreprises','collectif budgtaire :  quoi doivent s\'attendre les entreprises ?','collectif budgtaire :  quoi doivent s\'attendre les entreprises ?',NULL,'collectif budgtaire :  quoi doivent s\'attendre les entreprises ?',NULL,'hk',1,0,0,1,NULL,'fr'),(29485,'rubriques/fiscal/actualites/collectif-budgetaire-les-mesures-qui-impactent-le-patrimoine-des-particuliers','collectif budgtaire : les mesures qui impactent le patrimoine des particuliers','collectif budgtaire : les mesures qui impactent le patrimoine des particuliers',NULL,'collectif budgtaire : les mesures qui impactent le patrimoine des particuliers',NULL,'hk',1,0,0,1,NULL,'fr'),(29486,'rubriques/fiscal/chiffres/tarifs-de-la-tascom','tarifs de la tascom','tarifs de la tascom',NULL,'tarifs de la tascom',NULL,'hk',1,0,0,1,NULL,'fr'),(29487,'rubriques/fiscal/chiffres/cession-de-fonds-de-commerce-et-biens-assimiles','cession de fonds de commerce et biens assimils','cession de fonds de commerce et biens assimils',NULL,'cession de fonds de commerce et biens assimils',NULL,'hk',1,0,0,1,NULL,'fr'),(29488,'rubriques/fiscal/chiffres/taxe-sur-les-salaires-2012','taxe sur les salaires 2012','taxe sur les salaires 2012',NULL,'taxe sur les salaires 2012',NULL,'hk',1,0,0,1,NULL,'fr'),(29489,'rubriques/fiscal/chiffres/bareme-de-l-impot-sur-les-revenus-2011-pour-une-part','barme de l\'impt sur les revenus 2011 pour une part','barme de l\'impt sur les revenus 2011 pour une part',NULL,'barme de l\'impt sur les revenus 2011 pour une part',NULL,'hk',1,0,0,1,NULL,'fr'),(29490,'rubriques/fiscal/chiffres/plus-values-immobilieres-des-particuliers','plus-values immobilires des particuliers','plus-values immobilires des particuliers',NULL,'plus-values immobilires des particuliers',NULL,'hk',1,0,0,1,NULL,'fr'),(29491,'rubriques/fiscal/chiffres/prelevements-liberatoires','prlvements libratoires','prlvements libratoires',NULL,'prlvements libratoires',NULL,'hk',1,0,0,1,NULL,'fr'),(29492,'rubriques/fiscal/chiffres/bareme-de-l-i-s-f-au-01-01-2012','barme de l\'i.s.f. au 01/01/2012','barme de l\'i.s.f. au 01/01/2012',NULL,'barme de l\'i.s.f. au 01/01/2012',NULL,'hk',1,0,0,1,NULL,'fr'),(29493,'rubriques/fiscal/chiffres/interets-des-comptes-courants-d-associes','intrts des comptes courants d\'associs','intrts des comptes courants d\'associs',NULL,'intrts des comptes courants d\'associs',NULL,'hk',1,0,0,1,NULL,'fr'),(29494,'rubriques/fiscal/chiffres/taxe-sur-les-vehicules-des-societes-sur-la-periode-du-1er-octobre-2011-au-30-septembre-2012','taxe sur les vhicules des socits sur la priode du 1eroctobre 2011 au 30septembre 2012','taxe sur les vhicules des socits sur la priode du 1eroctobre 2011 au 30sep',NULL,'taxe sur les vhicules des socits sur la priode du 1eroctobre 2011 au 30septembre 2012',NULL,'hk',1,0,0,1,NULL,'fr'),(29495,'rubriques/fiscal/chiffres/bareme-de-l-imposition-forfaitaire-annuelle-des-societes','barme de l\'imposition forfaitaire annuelle des socits','barme de l\'imposition forfaitaire annuelle des socits',NULL,'barme de l\'imposition forfaitaire annuelle des socits',NULL,'hk',1,0,0,1,NULL,'fr'),(29496,'rubriques/fiscal/chiffres/tva-intracommunautaire-taux-de-change-mensuels','tva intracommunautaire : taux de change mensuels','tva intracommunautaire : taux de change mensuels',NULL,'tva intracommunautaire : taux de change mensuels',NULL,'hk',1,0,0,1,NULL,'fr'),(29497,'rubriques/fiscal/chiffres/tarif-des-droits-de-donation-et-de-succession','tarif des droits de donation et de succession','tarif des droits de donation et de succession',NULL,'tarif des droits de donation et de succession',NULL,'hk',1,0,0,1,NULL,'fr'),(29498,'rubriques/juridique/actualites/depassement-du-nombre-de-mandats-autorises-dans-une-sa','dpassement du nombre de mandats autoriss dans une sa','dpassement du nombre de mandats autoriss dans une sa',NULL,'dpassement du nombre de mandats autoriss dans une sa',NULL,'hk',1,0,0,1,NULL,'fr'),(29499,'rubriques/juridique/actualites/liquidation-judiciaire-le-sort-du-produit-de-la-vente-d-un-bien-commun','liquidation judiciaire : le sort du produit de la vente d\'un bien commun','liquidation judiciaire : le sort du produit de la vente d\'un bien commun',NULL,'liquidation judiciaire : le sort du produit de la vente d\'un bien commun',NULL,'hk',1,0,0,1,NULL,'fr'),(29500,'rubriques/juridique/actualites/cautionnement-pas-de-mention-pas-de-solidarite','cautionnement : pas de mention, pas de solidarit !','cautionnement : pas de mention, pas de solidarit !',NULL,'cautionnement : pas de mention, pas de solidarit !',NULL,'hk',1,0,0,1,NULL,'fr'),(29501,'rubriques/juridique/actualites/voyagez-en-toute-tranquillite-avec-le-guide-des-vacances-2012-de-la-dgccrf','voyagez en toute tranquillit avec le guide des vacances 2012 de la dgccrf !','voyagez en toute tranquillit avec le guide des vacances 2012 de la dgccrf !',NULL,'voyagez en toute tranquillit avec le guide des vacances 2012 de la dgccrf !',NULL,'hk',1,0,0,1,NULL,'fr'),(29502,'rubriques/juridique/actualites/les-dispositions-a-prendre-avant-de-fermer-votre-entreprise-cet-ete','les dispositions  prendre avant de fermer votre entreprise cet t','les dispositions  prendre avant de fermer votre entreprise cet t',NULL,'les dispositions  prendre avant de fermer votre entreprise cet t',NULL,'hk',1,0,0,1,NULL,'fr'),(29503,'rubriques/juridique/actualites/sarl-sanction-du-non-respect-des-regles-de-majorite-fixees-par-les-statuts','sarl : sanction du non-respect des rgles de majorit fixes par les statuts','sarl : sanction du non-respect des rgles de majorit fixes par les statuts',NULL,'sarl : sanction du non-respect des rgles de majorit fixes par les statuts',NULL,'hk',1,0,0,1,NULL,'fr'),(29504,'rubriques/juridique/actualites/depot-des-comptes-annuels-vous-avez-dit-simplification','dpt des comptes annuels : vous avez dit  simplification  ?','dpt des comptes annuels : vous avez dit  simplification  ?',NULL,'dpt des comptes annuels : vous avez dit  simplification  ?',NULL,'hk',1,0,0,1,NULL,'fr'),(29505,'rubriques/juridique/actualites/l-emploi-principal-sujet-de-discriminations','l\'emploi, principal sujet de discriminations','l\'emploi, principal sujet de discriminations',NULL,'l\'emploi, principal sujet de discriminations',NULL,'hk',1,0,0,1,NULL,'fr'),(29506,'rubriques/juridique/chiffres/indice-des-loyers-des-activites-tertiaires','indice des loyers des activits tertiaires','indice des loyers des activits tertiaires',NULL,'indice des loyers des activits tertiaires',NULL,'hk',1,0,0,1,NULL,'fr'),(29507,'rubriques/juridique/chiffres/indice-des-loyers-commerciaux','indice des loyers commerciaux','indice des loyers commerciaux',NULL,'indice des loyers commerciaux',NULL,'hk',1,0,0,1,NULL,'fr'),(29508,'rubriques/juridique/chiffres/taux-de-base-bancaire','taux de base bancaire','taux de base bancaire',NULL,'taux de base bancaire',NULL,'hk',1,0,0,1,NULL,'fr'),(29509,'rubriques/juridique/chiffres/taux-eonia-ex-taux-du-marche-monetaire','taux eonia (ex-taux du march montaire)','taux eonia (ex-taux du march montaire)',NULL,'taux eonia (ex-taux du march montaire)',NULL,'hk',1,0,0,1,NULL,'fr'),(29510,'rubriques/juridique/chiffres/remuneration-de-l-epargne-reglementee','rmunration de l\'pargne rglemente','rmunration de l\'pargne rglemente',NULL,'rmunration de l\'pargne rglemente',NULL,'hk',1,0,0,1,NULL,'fr'),(29511,'rubriques/juridique/chiffres/taux-d-interet-legal','taux d\'intrt lgal','taux d\'intrt lgal',NULL,'taux d\'intrt lgal',NULL,'hk',1,0,0,1,NULL,'fr'),(29512,'rubriques/juridique/chiffres/taux-de-refinancement-taux-refi-ou-repo','taux de refinancement (taux \"refi\" ou \"repo\")','taux de refinancement (taux \"refi\" ou \"repo\")',NULL,'taux de refinancement (taux \"refi\" ou \"repo\")',NULL,'hk',1,0,0,1,NULL,'fr'),(29513,'rubriques/juridique/chiffres/taux-de-l-usure-en','taux de l\'usure en %','taux de l\'usure en %',NULL,'taux de l\'usure en %',NULL,'hk',1,0,0,1,NULL,'fr'),(29514,'rubriques/juridique/chiffres/taux-effectif-global-moyen-en','taux effectif global moyen en %','taux effectif global moyen en %',NULL,'taux effectif global moyen en %',NULL,'hk',1,0,0,1,NULL,'fr'),(29515,'rubriques/juridique/chiffres/taux-de-conversion-de-l-euro','taux de conversion de l\'euro','taux de conversion de l\'euro',NULL,'taux de conversion de l\'euro',NULL,'hk',1,0,0,1,NULL,'fr'),(29516,'rubriques/juridique/chiffres/indices-mensuels-des-prix-a-la-consommation','indices mensuels des prix  la consommation','indices mensuels des prix  la consommation',NULL,'indices mensuels des prix  la consommation',NULL,'hk',1,0,0,1,NULL,'fr'),(29517,'rubriques/juridique/chiffres/indice-trimestriel-du-cout-de-la-construction','indice trimestriel du cot de la construction','indice trimestriel du cot de la construction',NULL,'indice trimestriel du cot de la construction',NULL,'hk',1,0,0,1,NULL,'fr'),(29518,'rubriques/juridique/chiffres/indice-de-reference-des-loyers','indice de rfrence des loyers','indice de rfrence des loyers',NULL,'indice de rfrence des loyers',NULL,'hk',1,0,0,1,NULL,'fr'),(29519,'rubriques/juridique/chiffres/indice-national-du-batiment-bt01','indice national du btiment bt01','indice national du btiment bt01',NULL,'indice national du btiment bt01',NULL,'hk',1,0,0,1,NULL,'fr'),(29520,'rubriques/juridique/chiffres/credit-gratuit-prix-maximum-pour-paiement-comptant','crdit gratuit : prix maximum pour paiement comptant','crdit gratuit : prix maximum pour paiement comptant',NULL,'crdit gratuit : prix maximum pour paiement comptant',NULL,'hk',1,0,0,1,NULL,'fr'),(29521,'rubriques/juridique/chiffres/competence-des-tribunaux-de-commerce-en-dernier-ressort','comptence des tribunaux de commerce en dernier ressort','comptence des tribunaux de commerce en dernier ressort',NULL,'comptence des tribunaux de commerce en dernier ressort',NULL,'hk',1,0,0,1,NULL,'fr'),(29522,'rubriques/social/actualites/qu-est-ce-qu-un-travailleur-de-nuit','qu\'est-ce qu\'un travailleur de nuit ?','qu\'est-ce qu\'un travailleur de nuit ?',NULL,'qu\'est-ce qu\'un travailleur de nuit ?',NULL,'hk',1,0,0,1,NULL,'fr'),(29523,'rubriques/social/actualites/licenciement-discriminatoire-pour-port-de-boucles-d-oreilles','licenciement discriminatoire pour port de boucles d\'oreilles','licenciement discriminatoire pour port de boucles d\'oreilles',NULL,'licenciement discriminatoire pour port de boucles d\'oreilles',NULL,'hk',1,0,0,1,NULL,'fr'),(29524,'rubriques/social/actualites/prevention-des-risques-il-faut-se-faire-assister','prvention des risques : il faut se faire assister !','prvention des risques : il faut se faire assister !',NULL,'prvention des risques : il faut se faire assister !',NULL,'hk',1,0,0,1,NULL,'fr'),(29525,'rubriques/social/actualites/l-apprentissage-dans-plusieurs-entreprises-c-est-possible','l\'apprentissage dans plusieurs entreprises, c\'est possible !','l\'apprentissage dans plusieurs entreprises, c\'est possible !',NULL,'l\'apprentissage dans plusieurs entreprises, c\'est possible !',NULL,'hk',1,0,0,1,NULL,'fr'),(29526,'rubriques/social/actualites/aide-a-l-embauche-des-jeunes-en-alternance-plus-que-quelques-jours','aide  l\'embauche des jeunes en alternance : plus que quelques jours','aide  l\'embauche des jeunes en alternance : plus que quelques jours',NULL,'aide  l\'embauche des jeunes en alternance : plus que quelques jours',NULL,'hk',1,0,0,1,NULL,'fr'),(29527,'rubriques/social/actualites/augmentation-du-smic-au-1er-juillet-2012-tous-les-chiffres','augmentation du smic au 1er juillet 2012 : tous les chiffres !','augmentation du smic au 1er juillet 2012 : tous les chiffres !',NULL,'augmentation du smic au 1er juillet 2012 : tous les chiffres !',NULL,'hk',1,0,0,1,NULL,'fr'),(29528,'rubriques/social/actualites/revalorisation-du-minimum-garanti','revalorisation du minimum garanti','revalorisation du minimum garanti',NULL,'revalorisation du minimum garanti',NULL,'hk',1,0,0,1,NULL,'fr'),(29529,'rubriques/social/actualites/versement-de-transport-s-informer-sur-les-nouveaux-taux-applicables-au-1er-juillet-2012','versement de transport : s\'informer sur les nouveaux taux applicables au 1er juillet 2012','versement de transport : s\'informer sur les nouveaux taux applicables au 1er jui',NULL,'versement de transport : s\'informer sur les nouveaux taux applicables au 1er juillet 2012',NULL,'hk',1,0,0,1,NULL,'fr'),(29530,'rubriques/social/actualites/aide-a-l-embauche-tpe-bientot-la-fin','aide  l\'embauche tpe : bientt la fin!','aide  l\'embauche tpe : bientt la fin!',NULL,'aide  l\'embauche tpe : bientt la fin!',NULL,'hk',1,0,0,1,NULL,'fr'),(29531,'rubriques/social/actualites/les-jours-feries-de-l-ete','les jours fris de l\'t','les jours fris de l\'t',NULL,'les jours fris de l\'t',NULL,'hk',1,0,0,1,NULL,'fr'),(29532,'rubriques/social/actualites/la-cotisation-chomage-intemperies-encore-en-hausse','la cotisation chmage-intempries encore en hausse !','la cotisation chmage-intempries encore en hausse !',NULL,'la cotisation chmage-intempries encore en hausse !',NULL,'hk',1,0,0,1,NULL,'fr'),(29533,'rubriques/social/chiffres/contribution-sociale-generalisee-c-s-g','contribution sociale gnralise (c.s.g.)','contribution sociale gnralise (c.s.g.)',NULL,'contribution sociale gnralise (c.s.g.)',NULL,'hk',1,0,0,1,NULL,'fr'),(29534,'rubriques/social/chiffres/contribution-au-remboursement-de-la-dette-sociale-c-r-d-s','contribution au remboursement de la dette sociale (c.r.d.s.)','contribution au remboursement de la dette sociale (c.r.d.s.)',NULL,'contribution au remboursement de la dette sociale (c.r.d.s.)',NULL,'hk',1,0,0,1,NULL,'fr'),(29535,'rubriques/social/chiffres/cotisations-de-securite-sociale','cotisations de scurit sociale','cotisations de scurit sociale',NULL,'cotisations de scurit sociale',NULL,'hk',1,0,0,1,NULL,'fr'),(29536,'rubriques/social/chiffres/contribution-de-solidarite-pour-l-autonomie','contribution de solidarit pour l\'autonomie','contribution de solidarit pour l\'autonomie',NULL,'contribution de solidarit pour l\'autonomie',NULL,'hk',1,0,0,1,NULL,'fr'),(29537,'rubriques/social/chiffres/cotisations-logement','cotisations logement','cotisations logement',NULL,'cotisations logement',NULL,'hk',1,0,0,1,NULL,'fr'),(29538,'rubriques/social/chiffres/assurance-chomage-et-fngs','assurance chmage et fngs','assurance chmage et fngs',NULL,'assurance chmage et fngs',NULL,'hk',1,0,0,1,NULL,'fr'),(29539,'rubriques/social/chiffres/association-pour-l-emploi-des-cadres','association pour l\'emploi des cadres','association pour l\'emploi des cadres',NULL,'association pour l\'emploi des cadres',NULL,'hk',1,0,0,1,NULL,'fr'),(29540,'rubriques/social/chiffres/prevoyance-cadres-assurance-deces','prvoyance cadres (assurance dcs)','prvoyance cadres (assurance dcs)',NULL,'prvoyance cadres (assurance dcs)',NULL,'hk',1,0,0,1,NULL,'fr'),(29541,'rubriques/social/chiffres/smic-horaire-et-mensuel','smic horaire et mensuel','smic horaire et mensuel',NULL,'smic horaire et mensuel',NULL,'hk',1,0,0,1,NULL,'fr'),(29542,'rubriques/social/chiffres/reduction-fillon','rduction fillon','rduction fillon',NULL,'rduction fillon',NULL,'hk',1,0,0,1,NULL,'fr'),(29543,'rubriques/social/chiffres/smic-contrats-en-alternance','smic contrats en alternance','smic contrats en alternance',NULL,'smic contrats en alternance',NULL,'hk',1,0,0,1,NULL,'fr'),(29544,'rubriques/social/chiffres/plafond-de-la-securite-sociale-en-fonction-de-la-periodicite-de-la-paie','plafond de la scurit sociale en fonction de la priodicit de la paie','plafond de la scurit sociale en fonction de la priodicit de la paie',NULL,'plafond de la scurit sociale en fonction de la priodicit de la paie',NULL,'hk',1,0,0,1,NULL,'fr'),(29545,'rubriques/social/chiffres/principaux-taux-des-cotisations-d-accidents-du-travail-au-1er-janvier-2012','principaux taux des cotisations d\'accidents du travail au 1er janvier 2012','principaux taux des cotisations d\'accidents du travail au 1er janvier 2012',NULL,'principaux taux des cotisations d\'accidents du travail au 1er janvier 2012',NULL,'hk',1,0,0,1,NULL,'fr'),(29546,'rubriques/social/chiffres/remboursement-forfaitaire-des-frais-de-deplacement','remboursement forfaitaire des frais de dplacement','remboursement forfaitaire des frais de dplacement',NULL,'remboursement forfaitaire des frais de dplacement',NULL,'hk',1,0,0,1,NULL,'fr'),(29547,'rubriques/social/chiffres/evaluation-des-avantages-en-nature','valuation des avantages en nature','valuation des avantages en nature',NULL,'valuation des avantages en nature',NULL,'hk',1,0,0,1,NULL,'fr'),(29548,'rubriques/social/chiffres/hotels-cafes-restaurants-reduction-des-cotisations-patronales-sur-l-avantage-en-nature-nourriture','htels-cafs-restaurants : rduction des cotisations patronales sur l\'avantage en nature nourriture','htels-cafs-restaurants : rduction des cotisations patronales sur l\'avantage e',NULL,'htels-cafs-restaurants : rduction des cotisations patronales sur l\'avantage en nature nourriture',NULL,'hk',1,0,0,1,NULL,'fr'),(29549,'rubriques/social/chiffres/assurance-chomage-des-dirigeants','assurance chmage des dirigeants','assurance chmage des dirigeants',NULL,'assurance chmage des dirigeants',NULL,'hk',1,0,0,1,NULL,'fr'),(29550,'rubriques/social/chiffres/apprentis-charges-sociales','apprentis : charges sociales','apprentis : charges sociales',NULL,'apprentis : charges sociales',NULL,'hk',1,0,0,1,NULL,'fr'),(29551,'rubriques/social/chiffres/eleves-ou-etudiants-stagiaires-en-entreprise-franchise-de-cotisations','lves ou tudiants stagiaires en entreprise : franchise de cotisations','lves ou tudiants stagiaires en entreprise : franchise de cotisations',NULL,'lves ou tudiants stagiaires en entreprise : franchise de cotisations',NULL,'hk',1,0,0,1,NULL,'fr'),(29552,'rubriques/social/chiffres/formateurs-occasionnels-assiette-forfaitaire-des-cotisations-de-securite-sociale','formateurs occasionnels : assiette forfaitaire des cotisations de scurit sociale','formateurs occasionnels : assiette forfaitaire des cotisations de scurit socia',NULL,'formateurs occasionnels : assiette forfaitaire des cotisations de scurit sociale',NULL,'hk',1,0,0,1,NULL,'fr'),(29553,'rubriques/social/chiffres/fractions-saisissables-des-remunerations','fractions saisissables des rmunrations','fractions saisissables des rmunrations',NULL,'fractions saisissables des rmunrations',NULL,'hk',1,0,0,1,NULL,'fr'),(29554,'rubriques/social/chiffres/competence-des-prud-hommes-en-dernier-ressort','comptence des prud\'hommes en dernier ressort','comptence des prud\'hommes en dernier ressort',NULL,'comptence des prud\'hommes en dernier ressort',NULL,'hk',1,0,0,1,NULL,'fr'),(29555,'rubriques/social/chiffres/competence-du-tribunal-des-affaires-de-securite-sociale-en-dernier-ressort','comptence du tribunal des affaires de scurit sociale en dernier ressort','comptence du tribunal des affaires de scurit sociale en dernier ressort',NULL,'comptence du tribunal des affaires de scurit sociale en dernier ressort',NULL,'hk',1,0,0,1,NULL,'fr'),(29556,'rubriques/social/chiffres/cotisations-des-professions-liberales','cotisations des professions librales','cotisations des professions librales',NULL,'cotisations des professions librales',NULL,'hk',1,0,0,1,NULL,'fr'),(29557,'rubriques/social/chiffres/retraites-complementaires-et-cotisation-agff','retraites complmentaires et cotisation agff','retraites complmentaires et cotisation agff',NULL,'retraites complmentaires et cotisation agff',NULL,'hk',1,0,0,1,NULL,'fr'),(29558,'rubriques/social/chiffres/versement-transport','versement transport','versement transport',NULL,'versement transport',NULL,'hk',1,0,0,1,NULL,'fr'),(29559,'rubriques/echeancier/juin-2012/5-juin-2012','5 juin 2012','5 juin 2012',NULL,'5 juin 2012',NULL,'hk',1,0,0,1,NULL,'fr'),(29560,'rubriques/echeancier/juin-2012/8-juin-2012','8 juin 2012','8 juin 2012',NULL,'8 juin 2012',NULL,'hk',1,0,0,1,NULL,'fr'),(29561,'rubriques/echeancier/juin-2012/12-juin-2012','12 juin 2012','12 juin 2012',NULL,'12 juin 2012',NULL,'hk',1,0,0,1,NULL,'fr'),(29562,'rubriques/echeancier/juin-2012/15-juin-2012','15 juin 2012','15 juin 2012',NULL,'15 juin 2012',NULL,'hk',1,0,0,1,NULL,'fr'),(29563,'rubriques/echeancier/juin-2012/20-juin-2012','20 juin 2012','20 juin 2012',NULL,'20 juin 2012',NULL,'hk',1,0,0,1,NULL,'fr'),(29564,'rubriques/echeancier/juin-2012/25-juin-2012','25 juin 2012','25 juin 2012',NULL,'25 juin 2012',NULL,'hk',1,0,0,1,NULL,'fr'),(29565,'rubriques/echeancier/juin-2012/30-juin-2012','30 juin 2012','30 juin 2012',NULL,'30 juin 2012',NULL,'hk',1,0,0,1,NULL,'fr'),(29566,'rubriques/echeancier/juin-2012/juin-2012','juin 2012','juin 2012',NULL,'juin 2012',NULL,'hk',1,0,0,1,NULL,'fr'),(29567,'rubriques/echeancier/juillet-2012/juillet-2012','juillet 2012','juillet 2012',NULL,'juillet 2012',NULL,'hk',1,0,0,1,NULL,'fr'),(29568,'rubriques/echeancier/juillet-2012/5-juillet-2012','5 juillet 2012','5 juillet 2012',NULL,'5 juillet 2012',NULL,'hk',1,0,0,1,NULL,'fr'),(29569,'rubriques/echeancier/juillet-2012/8-juillet-2012','8 juillet 2012','8 juillet 2012',NULL,'8 juillet 2012',NULL,'hk',1,0,0,1,NULL,'fr'),(29570,'rubriques/echeancier/juillet-2012/12-juillet-2012','12 juillet 2012','12 juillet 2012',NULL,'12 juillet 2012',NULL,'hk',1,0,0,1,NULL,'fr'),(29571,'rubriques/echeancier/juillet-2012/15-juillet-2012','15 juillet 2012','15 juillet 2012',NULL,'15 juillet 2012',NULL,'hk',1,0,0,1,NULL,'fr'),(29572,'rubriques/echeancier/juillet-2012/20-juillet-2012','20 juillet 2012','20 juillet 2012',NULL,'20 juillet 2012',NULL,'hk',1,0,0,1,NULL,'fr'),(29573,'rubriques/echeancier/juillet-2012/25-juillet-2012','25 juillet 2012','25 juillet 2012',NULL,'25 juillet 2012',NULL,'hk',1,0,0,1,NULL,'fr'),(29574,'rubriques/echeancier/juillet-2012/31-juillet-2012','31 juillet 2012','31 juillet 2012',NULL,'31 juillet 2012',NULL,'hk',1,0,0,1,NULL,'fr'),(29575,'rubriques/echeancier/vacances-scolaires/calendrier-des-vacances-scolaires','calendrier des vacances scolaires','calendrier des vacances scolaires',NULL,'calendrier des vacances scolaires',NULL,'hk',1,0,0,1,NULL,'fr'),(29576,'rubriques/fiscal/questions-reponses','Questions/rponses','Questions/rponses',NULL,'questions/rponses',NULL,'hk',1,0,0,1,NULL,'fr'),(29577,'rubriques/juridique/questions-reponses','Questions/rponses','Questions/rponses',NULL,'questions/rponses',NULL,'hk',1,0,0,1,NULL,'fr'),(29578,'rubriques/social/dossiers-aides-a-l-embauche','Dossiers aides  l\'embauche','Dossiers aides  l\'embauche',NULL,'dossiers aides  l\'embauche',NULL,'hk',1,0,0,1,NULL,'fr'),(29579,'rubriques/social/aides-a-l-embauche','Aides  l\'embauche','Aides  l\'embauche',NULL,'aides  l\'embauche',NULL,'hk',1,0,0,1,NULL,'fr'),(29580,'rubriques/social/questions-reponses','Questions/rponses','Questions/rponses',NULL,'questions/rponses',NULL,'hk',1,0,0,1,NULL,'fr'),(29581,'rubriques/social/paie','Paie','Paie',NULL,'paie',NULL,'hk',1,0,0,1,NULL,'fr'),(29582,'rubriques/social/actualites/validite-du-plan-de-sauvegarde-de-l-emploi','Validit du plan de sauvegarde de l\'emploi','Validit du plan de sauvegarde de l\'emploi',NULL,'Validit du plan de sauvegarde de l\'emploi',NULL,'snthdk',1,0,0,1,NULL,'fr'),(29583,'rubriques/fiscal/questions-reponses/plan-d-epargne-logement','plan d\'pargne logement','plan d\'pargne logement',NULL,'plan d\'pargne logement',NULL,'hk',1,0,0,1,NULL,'fr'),(29584,'rubriques/juridique/questions-reponses/decouverte-d-un-tresor','dcouverte d\'un trsor','dcouverte d\'un trsor',NULL,'dcouverte d\'un trsor',NULL,'hk',1,0,0,1,NULL,'fr'),(29585,'rubriques/social/dossiers-aides-a-l-embauche/embauche-du-1er-au-50e-salarie-dans-les-zones-de-revitalisation-rurale-zrr-et-dans-les-zones-de-redynamisation-urbaine-zru','embauche du 1erau 50e salari dans les zones de revitalisation rurale (zrr) et dans les zones de redynamisation urbaine (zru)','embauche du 1erau 50e salari dans les zones de revitalisation rurale (zrr) et ',NULL,'embauche du 1erau 50e salari dans les zones de revitalisation rurale (zrr) et dans les zones de redynamisation urbaine (zru)',NULL,'hk',1,0,0,1,NULL,'fr'),(29586,'rubriques/social/dossiers-aides-a-l-embauche/contrat-d-accompagnement-dans-l-emploi-cae-outre-mer','contrat d\'accompagnement dans l\'emploi (cae) - outre-mer','contrat d\'accompagnement dans l\'emploi (cae) - outre-mer',NULL,'contrat d\'accompagnement dans l\'emploi (cae) - outre-mer',NULL,'hk',1,0,0,1,NULL,'fr'),(29587,'rubriques/social/dossiers-aides-a-l-embauche/contrat-d-avenir','contrat d\'avenir','contrat d\'avenir',NULL,'contrat d\'avenir',NULL,'hk',1,0,0,1,NULL,'fr'),(29588,'rubriques/social/aides-a-l-embauche/exoneration-de-cotisations-sociales-pour-les-zones-de-restructuration-de-la-defense','exonration de cotisations sociales pour les zones de restructuration de la dfense','exonration de cotisations sociales pour les zones de restructuration de la dfe',NULL,'exonration de cotisations sociales pour les zones de restructuration de la dfense',NULL,'hk',1,0,0,1,NULL,'fr'),(29589,'rubriques/social/aides-a-l-embauche/contrat-unique-d-insertion-cui-volet-contrat-initiative-emploi-cie','contrat unique d\'insertion (cui) volet contrat initiative emploi (cie)','contrat unique d\'insertion (cui) volet contrat initiative emploi (cie)',NULL,'contrat unique d\'insertion (cui) volet contrat initiative emploi (cie)',NULL,'hk',1,0,0,1,NULL,'fr'),(29590,'rubriques/social/aides-a-l-embauche/contrat-unique-d-insertion-cui-volet-contrat-d-accompagnement-dans-l-emploi-cae','contrat unique d\'insertion (cui) volet contrat d\'accompagnement dans l\'emploi (cae)','contrat unique d\'insertion (cui) volet contrat d\'accompagnement dans l\'emploi (c',NULL,'contrat unique d\'insertion (cui) volet contrat d\'accompagnement dans l\'emploi (cae)',NULL,'hk',1,0,0,1,NULL,'fr'),(29591,'rubriques/social/aides-a-l-embauche/1re-a-50e-embauche-dans-les-zfu','1re  50e embauche dans les zfu','1re  50e embauche dans les zfu',NULL,'1re  50e embauche dans les zfu',NULL,'hk',1,0,0,1,NULL,'fr'),(29592,'rubriques/social/aides-a-l-embauche/1re-a-15e-embauche-dans-les-associations-situees-en-zru-ou-zfu','1re  15e embauche dans les associations situes en zru ou zfu','1re  15e embauche dans les associations situes en zru ou zfu',NULL,'1re  15e embauche dans les associations situes en zru ou zfu',NULL,'hk',1,0,0,1,NULL,'fr'),(29593,'rubriques/social/aides-a-l-embauche/contrat-d-insertion-dans-la-vie-sociale-civis','contrat d\'insertion dans la vie sociale (civis)','contrat d\'insertion dans la vie sociale (civis)',NULL,'contrat d\'insertion dans la vie sociale (civis)',NULL,'hk',1,0,0,1,NULL,'fr'),(29594,'rubriques/social/aides-a-l-embauche/contrat-insertion-revenu-minimum-d-activite-cirma','contrat insertion-revenu minimum d\'activit (cirma)','contrat insertion-revenu minimum d\'activit (cirma)',NULL,'contrat insertion-revenu minimum d\'activit (cirma)',NULL,'hk',1,0,0,1,NULL,'fr'),(29595,'rubriques/social/aides-a-l-embauche/reduction-generale-de-cotisations-patronales-de-securite-sociale-sur-les-salaires','rduction gnrale de cotisations patronales de scurit sociale sur les salaires','rduction gnrale de cotisations patronales de scurit sociale sur les salaire',NULL,'rduction gnrale de cotisations patronales de scurit sociale sur les salaires',NULL,'hk',1,0,0,1,NULL,'fr'),(29596,'rubriques/social/aides-a-l-embauche/exonerations-fiscales-et-sociales-relatives-aux-heures-supplementaires','exonrations fiscales et sociales relatives aux heures supplmentaires','exonrations fiscales et sociales relatives aux heures supplmentaires',NULL,'exonrations fiscales et sociales relatives aux heures supplmentaires',NULL,'hk',1,0,0,1,NULL,'fr'),(29597,'rubriques/social/aides-a-l-embauche/exoneration-des-charges-sociales-pour-l-outre-mer','exonration des charges sociales pour l\'outre-mer','exonration des charges sociales pour l\'outre-mer',NULL,'exonration des charges sociales pour l\'outre-mer',NULL,'hk',1,0,0,1,NULL,'fr'),(29598,'rubriques/social/aides-a-l-embauche/exoneration-pour-les-jeunes-entreprises-innovantes','exonration pour les jeunes entreprises innovantes','exonration pour les jeunes entreprises innovantes',NULL,'exonration pour les jeunes entreprises innovantes',NULL,'hk',1,0,0,1,NULL,'fr'),(29599,'rubriques/social/aides-a-l-embauche/contrat-d-apprentissage','contrat d\'apprentissage','contrat d\'apprentissage',NULL,'contrat d\'apprentissage',NULL,'hk',1,0,0,1,NULL,'fr'),(29600,'rubriques/social/aides-a-l-embauche/contrat-de-professionnalisation','contrat de professionnalisation','contrat de professionnalisation',NULL,'contrat de professionnalisation',NULL,'hk',1,0,0,1,NULL,'fr'),(29601,'rubriques/social/questions-reponses/procedure-a-suivre-pour-un-avertissement-disciplinaire','procdure  suivre pour un avertissement disciplinaire','procdure  suivre pour un avertissement disciplinaire',NULL,'procdure  suivre pour un avertissement disciplinaire',NULL,'hk',1,0,0,1,NULL,'fr'),(29602,'rubriques/social/questions-reponses/periode-d-essai-d-un-contrat-a-duree-determinee','priode d\'essai d\'un contrat  dure dtermine','priode d\'essai d\'un contrat  dure dtermine',NULL,'priode d\'essai d\'un contrat  dure dtermine',NULL,'hk',1,0,0,1,NULL,'fr'),(29603,'rubriques/social/paie/calcul-des-taux-mixtes-ou-individuels-de-cotisations-d-accidents-du-travail-et-de-maladies-professionnelles','calcul des taux mixtes ou individuels de cotisations d\'accidents du travail et de maladies professionnelles','calcul des taux mixtes ou individuels de cotisations d\'accidents du travail et d',NULL,'calcul des taux mixtes ou individuels de cotisations d\'accidents du travail et de maladies professionnelles',NULL,'hk',1,0,0,1,NULL,'fr'),(29604,'rubriques/social/paie/contribution-sociale-generalisee-c-s-g','contribution sociale gnralise (c.s.g.)','contribution sociale gnralise (c.s.g.)',NULL,'contribution sociale gnralise (c.s.g.)',NULL,'hk',1,0,0,1,NULL,'fr'),(29605,'rubriques/social/paie/contribution-au-remboursement-de-la-dette-sociale-c-r-d-s','contribution au remboursement de la dette sociale (c.r.d.s.)','contribution au remboursement de la dette sociale (c.r.d.s.)',NULL,'contribution au remboursement de la dette sociale (c.r.d.s.)',NULL,'hk',1,0,0,1,NULL,'fr'),(29606,'rubriques/social/paie/cotisations-de-securite-sociale','cotisations de scurit sociale','cotisations de scurit sociale',NULL,'cotisations de scurit sociale',NULL,'hk',1,0,0,1,NULL,'fr'),(29607,'rubriques/social/paie/contribution-de-solidarite-pour-l-autonomie','contribution de solidarit pour l\'autonomie','contribution de solidarit pour l\'autonomie',NULL,'contribution de solidarit pour l\'autonomie',NULL,'hk',1,0,0,1,NULL,'fr'),(29608,'rubriques/social/paie/cotisations-logement','cotisations logement','cotisations logement',NULL,'cotisations logement',NULL,'hk',1,0,0,1,NULL,'fr'),(29609,'rubriques/social/paie/assurance-chomage-et-fngs','assurance chmage et fngs','assurance chmage et fngs',NULL,'assurance chmage et fngs',NULL,'hk',1,0,0,1,NULL,'fr'),(29610,'rubriques/social/paie/association-pour-l-emploi-des-cadres','association pour l\'emploi des cadres','association pour l\'emploi des cadres',NULL,'association pour l\'emploi des cadres',NULL,'hk',1,0,0,1,NULL,'fr'),(29611,'rubriques/social/paie/prevoyance-cadres-assurance-deces','prvoyance cadres (assurance dcs)','prvoyance cadres (assurance dcs)',NULL,'prvoyance cadres (assurance dcs)',NULL,'hk',1,0,0,1,NULL,'fr'),(29612,'rubriques/social/paie/smic-horaire-et-mensuel','smic horaire et mensuel','smic horaire et mensuel',NULL,'smic horaire et mensuel',NULL,'hk',1,0,0,1,NULL,'fr'),(29613,'rubriques/social/paie/reduction-fillon','rduction fillon','rduction fillon',NULL,'rduction fillon',NULL,'hk',1,0,0,1,NULL,'fr'),(29614,'rubriques/social/paie/smic-contrats-en-alternance','smic contrats en alternance','smic contrats en alternance',NULL,'smic contrats en alternance',NULL,'hk',1,0,0,1,NULL,'fr'),(29615,'rubriques/social/paie/plafond-de-la-securite-sociale-en-fonction-de-la-periodicite-de-la-paie','plafond de la scurit sociale en fonction de la priodicit de la paie','plafond de la scurit sociale en fonction de la priodicit de la paie',NULL,'plafond de la scurit sociale en fonction de la priodicit de la paie',NULL,'hk',1,0,0,1,NULL,'fr'),(29616,'rubriques/social/paie/principaux-taux-des-cotisations-d-accidents-du-travail-au-1er-janvier-2012','principaux taux des cotisations d\'accidents du travail au 1er janvier 2012','principaux taux des cotisations d\'accidents du travail au 1er janvier 2012',NULL,'principaux taux des cotisations d\'accidents du travail au 1er janvier 2012',NULL,'hk',1,0,0,1,NULL,'fr'),(29617,'rubriques/social/paie/remboursement-forfaitaire-des-frais-de-deplacement','remboursement forfaitaire des frais de dplacement','remboursement forfaitaire des frais de dplacement',NULL,'remboursement forfaitaire des frais de dplacement',NULL,'hk',1,0,0,1,NULL,'fr'),(29618,'rubriques/social/paie/evaluation-des-avantages-en-nature','valuation des avantages en nature','valuation des avantages en nature',NULL,'valuation des avantages en nature',NULL,'hk',1,0,0,1,NULL,'fr'),(29619,'rubriques/social/paie/hotels-cafes-restaurants-reduction-des-cotisations-patronales-sur-l-avantage-en-nature-nourriture','htels-cafs-restaurants : rduction des cotisations patronales sur l\'avantage en nature nourriture','htels-cafs-restaurants : rduction des cotisations patronales sur l\'avantage e',NULL,'htels-cafs-restaurants : rduction des cotisations patronales sur l\'avantage en nature nourriture',NULL,'hk',1,0,0,1,NULL,'fr'),(29620,'rubriques/social/paie/assurance-chomage-des-dirigeants','assurance chmage des dirigeants','assurance chmage des dirigeants',NULL,'assurance chmage des dirigeants',NULL,'hk',1,0,0,1,NULL,'fr'),(29621,'rubriques/social/paie/apprentis-charges-sociales','apprentis : charges sociales','apprentis : charges sociales',NULL,'apprentis : charges sociales',NULL,'hk',1,0,0,1,NULL,'fr'),(29622,'rubriques/social/paie/eleves-ou-etudiants-stagiaires-en-entreprise-franchise-de-cotisations','lves ou tudiants stagiaires en entreprise : franchise de cotisations','lves ou tudiants stagiaires en entreprise : franchise de cotisations',NULL,'lves ou tudiants stagiaires en entreprise : franchise de cotisations',NULL,'hk',1,0,0,1,NULL,'fr'),(29623,'rubriques/social/paie/formateurs-occasionnels-assiette-forfaitaire-des-cotisations-de-securite-sociale','formateurs occasionnels : assiette forfaitaire des cotisations de scurit sociale','formateurs occasionnels : assiette forfaitaire des cotisations de scurit socia',NULL,'formateurs occasionnels : assiette forfaitaire des cotisations de scurit sociale',NULL,'hk',1,0,0,1,NULL,'fr'),(29624,'rubriques/social/paie/fractions-saisissables-des-remunerations','fractions saisissables des rmunrations','fractions saisissables des rmunrations',NULL,'fractions saisissables des rmunrations',NULL,'hk',1,0,0,1,NULL,'fr'),(29625,'rubriques/social/paie/competence-des-prud-hommes-en-dernier-ressort','comptence des prud\'hommes en dernier ressort','comptence des prud\'hommes en dernier ressort',NULL,'comptence des prud\'hommes en dernier ressort',NULL,'hk',1,0,0,1,NULL,'fr'),(29626,'rubriques/social/paie/competence-du-tribunal-des-affaires-de-securite-sociale-en-dernier-ressort','comptence du tribunal des affaires de scurit sociale en dernier ressort','comptence du tribunal des affaires de scurit sociale en dernier ressort',NULL,'comptence du tribunal des affaires de scurit sociale en dernier ressort',NULL,'hk',1,0,0,1,NULL,'fr'),(29627,'rubriques/social/paie/cotisations-des-professions-liberales','cotisations des professions librales','cotisations des professions librales',NULL,'cotisations des professions librales',NULL,'hk',1,0,0,1,NULL,'fr'),(29628,'rubriques/social/paie/retraites-complementaires-et-cotisation-agff','retraites complmentaires et cotisation agff','retraites complmentaires et cotisation agff',NULL,'retraites complmentaires et cotisation agff',NULL,'hk',1,0,0,1,NULL,'fr'),(29629,'rubriques/social/paie/versement-transport','versement transport','versement transport',NULL,'versement transport',NULL,'hk',1,0,0,1,NULL,'fr'),(29630,'rubriques/social/paie/exoneration-des-charges-sociales-pour-l-outre-mer','exonration des charges sociales pour l\'outre-mer','exonration des charges sociales pour l\'outre-mer',NULL,'exonration des charges sociales pour l\'outre-mer',NULL,'hk',1,0,0,1,NULL,'fr'),(29631,'rubriques/social/paie/exoneration-pour-les-jeunes-entreprises-innovantes','exonration pour les jeunes entreprises innovantes','exonration pour les jeunes entreprises innovantes',NULL,'exonration pour les jeunes entreprises innovantes',NULL,'hk',1,0,0,1,NULL,'fr'),(29632,'rubriques/professions','Professions','Professions',NULL,'professions',NULL,'hk',1,0,0,1,NULL,'fr'),(29633,'rubriques/professions/actualites','actualits','actualits',NULL,'actualits',NULL,'hk',1,0,0,1,NULL,'fr'),(29634,'rubriques/professions/actualites/pedicures-podologues-affiliation-au-rsi','pdicures-podologues : affiliation au rsi','pdicures-podologues : affiliation au rsi',NULL,'pdicures-podologues : affiliation au rsi',NULL,'hk',1,0,0,1,NULL,'fr'),(29635,'rubriques/professions/actualites/professionnels-de-sante-developpement-professionnel-continu','professionnels de sant : dveloppement professionnel continu','professionnels de sant : dveloppement professionnel continu',NULL,'professionnels de sant : dveloppement professionnel continu',NULL,'hk',1,0,0,1,NULL,'fr'),(29636,'rubriques/professions/actualites/professionnels-de-sante-teletransmission-des-feuilles-de-soins','professionnels de sant : tltransmission des feuilles de soins','professionnels de sant : tltransmission des feuilles de soins',NULL,'professionnels de sant : tltransmission des feuilles de soins',NULL,'hk',1,0,0,1,NULL,'fr'),(29637,'rubriques/professions/actualites/avoues-indemnisation-de-la-perte-du-droit-de-presentation','avous : indemnisation de la perte du droit de prsentation','avous : indemnisation de la perte du droit de prsentation',NULL,'avous : indemnisation de la perte du droit de prsentation',NULL,'hk',1,0,0,1,NULL,'fr'),(29638,'rubriques/professions/actualites/chiropracteurs-exoneration-de-tva','chiropracteurs : exonration de tva','chiropracteurs : exonration de tva',NULL,'chiropracteurs : exonration de tva',NULL,'hk',1,0,0,1,NULL,'fr'),(29639,'rubriques/professions/actualites/experts-comptables-cotisations-de-retraite','experts-comptables : cotisations de retraite','experts-comptables : cotisations de retraite',NULL,'experts-comptables : cotisations de retraite',NULL,'hk',1,0,0,1,NULL,'fr'),(29640,'rubriques/professions/actualites/avocats-modification-du-regime-des-specialisations','avocats : modification du rgime des spcialisations','avocats : modification du rgime des spcialisations',NULL,'avocats : modification du rgime des spcialisations',NULL,'hk',1,0,0,1,NULL,'fr'),(29641,'rubriques/professions/actualites/sages-femmes-cotisations-de-retraite-complementaire','sages-femmes : cotisations de retraite complmentaire','sages-femmes : cotisations de retraite complmentaire',NULL,'sages-femmes : cotisations de retraite complmentaire',NULL,'hk',1,0,0,1,NULL,'fr'),(29642,'rubriques/fiscal/actualites/isf-les-consequences-d-un-prejudice-esthetique-sur-l-evaluation-d-un-bien','ISF : les consquences d\'un prjudice esthtique sur l\'valuation d\'un bien','ISF : les consquences d\'un prjudice esthtique sur l\'valuation d\'un bien',NULL,'ISF : les consquences d\'un prjudice esthtique sur l\'valuation d\'un bien',NULL,'snthdk',1,0,0,1,NULL,'fr'),(29643,'rubriques/fiscal/questions-reponses/bail-de-locaux-a-usage-professionnel-et-option-pour-la-tva','Bail de locaux  usage professionnel et option pour la TVA','Bail de locaux  usage professionnel et option pour la TVA',NULL,'Bail de locaux  usage professionnel et option pour la TVA',NULL,'snthdk',1,0,0,1,NULL,'fr'),(29644,'rubriques/professions/actualites/toutes-professions-cotisations-de-retraite-complementaire-et-d-invalidite-deces','Toutes professions : cotisations de retraite complmentaire et d\'invalidit-dcs','Toutes professions : cotisations de retraite complmentaire et d\'invalidit-dc',NULL,'Toutes professions : cotisations de retraite complmentaire et d\'invalidit-dcs',NULL,'snthdk',1,0,0,1,NULL,'fr'),(29645,'rubriques/professions/actualites/notaires-garantie-collective','Notaires : garantie collective','Notaires : garantie collective',NULL,'Notaires : garantie collective',NULL,'snthdk',1,0,0,1,NULL,'fr'),(29646,'rubriques/professions/actualites/commissaires-priseurs-judiciaires-exercice-en-qualite-de-salarie','Commissaires-priseurs judiciaires : exercice en qualit de salari','Commissaires-priseurs judiciaires : exercice en qualit de salari',NULL,'Commissaires-priseurs judiciaires : exercice en qualit de salari',NULL,'snthdk',1,0,0,1,NULL,'fr'),(29647,'rubriques/professions/actualites/professionnels-de-sante-amelioration-de-la-repartition-geographique','Professionnels de sant : amlioration de la rpartition gographique','Professionnels de sant : amlioration de la rpartition gographique',NULL,'Professionnels de sant : amlioration de la rpartition gographique',NULL,'snthdk',1,0,0,1,NULL,'fr'),(29648,'rubriques/professions/actualites/professionnels-de-sante-bilan-2011-des-remboursements-des-soins','Professionnels de sant : bilan 2011 des remboursements des soins','Professionnels de sant : bilan 2011 des remboursements des soins',NULL,'Professionnels de sant : bilan 2011 des remboursements des soins',NULL,'snthdk',1,0,0,1,NULL,'fr'),(29649,'rubriques/professions/actualites/toutes-professions-definition-des-professions-liberales','Toutes professions : dfinition des professions librales','Toutes professions : dfinition des professions librales',NULL,'Toutes professions : dfinition des professions librales',NULL,'snthdk',1,0,0,1,NULL,'fr'),(29650,'rubriques/professions/actualites/geometres-experts-exercice-en-qualite-de-salarie','Gomtres-experts : exercice en qualit de salari','Gomtres-experts : exercice en qualit de salari',NULL,'Gomtres-experts : exercice en qualit de salari',NULL,'snthdk',1,0,0,1,NULL,'fr'),(29651,'rubriques/professions/actualites/masseurs-kinesitherapeutes-actes-en-serie','Masseurs-kinsithrapeutes : actes en srie','Masseurs-kinsithrapeutes : actes en srie',NULL,'Masseurs-kinsithrapeutes : actes en srie',NULL,'snthdk',1,0,0,1,NULL,'fr'),(29652,'rubriques/professions/actualites/toutes-professions-cotisations-de-retraite-complementaire-et-d-invalidite-deces-29652','Toutes professions : cotisations de retraite complmentaire et d\'invalidit-dcs','Toutes professions : cotisations de retraite complmentaire et d\'invalidit-dc',NULL,'Toutes professions : cotisations de retraite complmentaire et d\'invalidit-dcs',NULL,'snthdk',1,0,0,1,NULL,'fr'),(29653,'rubriques/professions/actualites/huissiers-de-justice-mode-de-signification-des-actes','Huissiers de justice : mode de signification des actes','Huissiers de justice : mode de signification des actes',NULL,'Huissiers de justice : mode de signification des actes',NULL,'snthdk',1,0,0,1,NULL,'fr'),(29654,'rubriques/professions/actualites/professions-judiciaires-et-juridiques-societes-de-participations-financieres','Professions judiciaires et juridiques : socits de participations financires','Professions judiciaires et juridiques : socits de participations financires',NULL,'Professions judiciaires et juridiques : socits de participations financires',NULL,'snthdk',1,0,0,1,NULL,'fr'),(29655,'rubriques/juridique/actualites/interets-de-retard-de-paiement-baisse-du-taux-refi','Intrts de retard de paiement : baisse du taux Refi','Intrts de retard de paiement : baisse du taux Refi',NULL,'Intrts de retard de paiement : baisse du taux Refi',NULL,'snthdk',1,0,0,1,NULL,'fr'),(29656,'rubriques/fiscal/questions-reponses/reduction-d-isf-dons-au-chu','Rduction d\'ISF: dons au CHU','Rduction d\'ISF: dons au CHU',NULL,'Rduction d\'ISF: dons au CHU',NULL,'snthdk',1,0,0,1,NULL,'fr'),(29657,'rubriques/professions/actualites/professionnels-de-sante-cooperation-interprofessionnelle','Professionnels de sant : coopration interprofessionnelle','Professionnels de sant : coopration interprofessionnelle',NULL,'Professionnels de sant : coopration interprofessionnelle',NULL,'snthdk',1,0,0,1,NULL,'fr'),(29658,'rubriques/professions/actualites/auteurs-d-uvres-de-l-esprit-modification-du-regime-des-droits-d-auteur','Auteurs d\'uvres de l\'esprit : modification du rgime des droits d\'auteur','Auteurs d\'uvres de l\'esprit : modification du rgime des droits d\'auteur',NULL,'Auteurs d\'uvres de l\'esprit : modification du rgime des droits d\'auteur',NULL,'snthdk',1,0,0,1,NULL,'fr'),(29659,'rubriques/professions/actualites/medecine-esthetique-exoneration-de-tva','Mdecine esthtique : exonration de TVA','Mdecine esthtique : exonration de TVA',NULL,'Mdecine esthtique : exonration de TVA',NULL,'snthdk',1,0,0,1,NULL,'fr'),(29660,'rubriques/professions/actualites/huissiers-de-justice-creation-d-une-chambre-europeenne','Huissiers de justice : cration d\'une Chambre europenne','Huissiers de justice : cration d\'une Chambre europenne',NULL,'Huissiers de justice : cration d\'une Chambre europenne',NULL,'snthdk',1,0,0,1,NULL,'fr'),(29661,'rubriques/professions/actualites/avocats-acces-a-la-profession','Avocats : accs  la profession','Avocats : accs  la profession',NULL,'Avocats : accs  la profession',NULL,'snthdk',1,0,0,1,NULL,'fr'),(29662,'rubriques/professions/actualites/administrateurs-et-mandataires-judiciaires-societes-d-exercice-liberal-et-societes-de-participations-financierespour-des-raisons-deontologiques-et-d-independance-des-professions-concernees-un-recent-decret-interdit-aux-gre','Administrateurs et mandataires judiciaires : socits d\'exercice libral et socits de participations financiresPour des raisons dontologiques et d\'indpendance des professions concernes, un rcent dcret interdit aux greffiers des tribunaux de commer','Administrateurs et mandataires judiciaires : socits d\'exercice libral et soci',NULL,'Administrateurs et mandataires judiciaires : socits d\'exercice libral et socits de participations financiresPour des raisons dontologiques et d\'indpenda',NULL,'snthdk',1,0,0,1,NULL,'fr'),(29663,'rubriques/professions/actualites/professionnels-de-sante-demande-d-admission-en-ehpad','Professionnels de sant : demande d\'admission en Ehpad','Professionnels de sant : demande d\'admission en Ehpad',NULL,'Professionnels de sant : demande d\'admission en Ehpad',NULL,'snthdk',1,0,0,1,NULL,'fr'),(29664,'rubriques/professions/actualites/architectes-surface-de-plancher','Architectes : surface de plancher','Architectes : surface de plancher',NULL,'Architectes : surface de plancher',NULL,'snthdk',1,0,0,1,NULL,'fr'),(29665,'rubriques/professions/actualites/medecins-medecine-foraine','Mdecins : mdecine foraine','Mdecins : mdecine foraine',NULL,'Mdecins : mdecine foraine',NULL,'snthdk',1,0,0,1,NULL,'fr'),(29666,'rubriques/professions/actualites/architectes-montant-des-travaux-declares','Architectes : montant des travaux dclars','Architectes : montant des travaux dclars',NULL,'Architectes : montant des travaux dclars',NULL,'snthdk',1,0,0,1,NULL,'fr'),(29667,'rubriques/professions/actualites/experts-comptables-societes-de-participations-financieres','Experts-comptables : socits de participations financires','Experts-comptables : socits de participations financires',NULL,'Experts-comptables : socits de participations financires',NULL,'snthdk',1,0,0,1,NULL,'fr'),(29668,'rubriques/professions/actualites/chirurgiens-demographie-au-bloc-operatoire','Chirurgiens : dmographie au bloc opratoire','Chirurgiens : dmographie au bloc opratoire',NULL,'Chirurgiens : dmographie au bloc opratoire',NULL,'snthdk',1,0,0,1,NULL,'fr'),(29669,'rubriques/professions/actualites/professionnels-de-sante-accord-cadre-interprofessionnel','Professionnels de sant : accord-cadre interprofessionnel','Professionnels de sant : accord-cadre interprofessionnel',NULL,'Professionnels de sant : accord-cadre interprofessionnel',NULL,'snthdk',1,0,0,1,NULL,'fr'),(29670,'rubriques/professions/actualites/avocats-secret-professionnel','Avocats : secret professionnel','Avocats : secret professionnel',NULL,'Avocats : secret professionnel',NULL,'snthdk',1,0,0,1,NULL,'fr'),(29671,'rubriques/professions/actualites/professionnels-de-sante-campagne-nationale-de-valorisation','Professionnels de sant : campagne nationale de valorisation','Professionnels de sant : campagne nationale de valorisation',NULL,'Professionnels de sant : campagne nationale de valorisation',NULL,'snthdk',1,0,0,1,NULL,'fr'),(29672,'rubriques/professions/actualites/masseurs-kinesitherapeutes-statistiques','Masseurs-kinsithrapeutes : statistiques','Masseurs-kinsithrapeutes : statistiques',NULL,'Masseurs-kinsithrapeutes : statistiques',NULL,'snthdk',1,0,0,1,NULL,'fr'),(29673,'rubriques/professions/actualites/masseurs-kinesitherapeutes-actes-non-soumis-a-referentiels','Masseurs-kinsithrapeutes : actes non soumis  rfrentiels','Masseurs-kinsithrapeutes : actes non soumis  rfrentiels',NULL,'Masseurs-kinsithrapeutes : actes non soumis  rfrentiels',NULL,'snthdk',1,0,0,1,NULL,'fr'),(29674,'rubriques/fiscal/actualites/la-mauvaise-foi-d-un-contribuable-lors-d-un-controle-fiscal','La mauvaise foi d\'un contribuable lors d\'un contrle fiscal','La mauvaise foi d\'un contribuable lors d\'un contrle fiscal',NULL,'La mauvaise foi d\'un contribuable lors d\'un contrle fiscal',NULL,'snthdk',1,0,0,1,NULL,'fr'),(29675,'rubriques/social/actualites/paie-des-salaries-les-nouveautes-qui-attendent-les-employeurs-a-la-rentree','Paie des salaris : les nouveauts qui attendent les employeurs  la rentre !','Paie des salaris : les nouveauts qui attendent les employeurs  la rentre !',NULL,'Paie des salaris : les nouveauts qui attendent les employeurs  la rentre !',NULL,'snthdk',1,0,0,1,NULL,'fr'),(29676,'rubriques/fiscal/questions-reponses/exoneration-d-isf-des-vehicules-de-competition','Exonration d\'ISF des vhicules de comptition','Exonration d\'ISF des vhicules de comptition',NULL,'Exonration d\'ISF des vhicules de comptition',NULL,'snthdk',1,0,0,1,NULL,'fr'),(29677,'rubriques/fiscal/questions-reponses/incidence-de-l-obtention-de-la-garde-d-un-enfant-en-cours-d-annee-sur-l-impot-sur-le-revenu','Incidence de l\'obtention de la garde d\'un enfant en cours d\'anne sur l\'impt sur le revenu','Incidence de l\'obtention de la garde d\'un enfant en cours d\'anne sur l\'impt su',NULL,'Incidence de l\'obtention de la garde d\'un enfant en cours d\'anne sur l\'impt sur le revenu',NULL,'snthdk',1,0,0,1,NULL,'fr'),(29678,'rubriques/fiscal/questions-reponses/exoneration-de-taxe-d-habitation-pour-un-etudiant-loge-dans-une-residence-universitaire','Exonration de taxe d\'habitation pour un tudiant log dans une rsidence universitaire','Exonration de taxe d\'habitation pour un tudiant log dans une rsidence univer',NULL,'Exonration de taxe d\'habitation pour un tudiant log dans une rsidence universitaire',NULL,'snthdk',1,0,0,1,NULL,'fr'),(29679,'rubriques/juridique/questions-reponses/pouvoir-d-engager-une-societe','Pouvoir d\'engager une socit','Pouvoir d\'engager une socit',NULL,'Pouvoir d\'engager une socit',NULL,'snthdk',1,0,0,1,NULL,'fr'),(29680,'rubriques/juridique/questions-reponses/opposition-d-un-cogerant-a-la-conclusion-d-un-contrat-par-l-autre-gerant','Opposition d\'un cogrant  la conclusion d\'un contrat par l\'autre grant','Opposition d\'un cogrant  la conclusion d\'un contrat par l\'autre grant',NULL,'Opposition d\'un cogrant  la conclusion d\'un contrat par l\'autre grant',NULL,'snthdk',1,0,0,1,NULL,'fr'),(29681,'rubriques/social/questions-reponses/formalites-prealables-a-la-fermeture-estivale-de-l-entreprise','Formalits pralables  la fermeture estivale de l\'entreprise','Formalits pralables  la fermeture estivale de l\'entreprise',NULL,'Formalits pralables  la fermeture estivale de l\'entreprise',NULL,'snthdk',1,0,0,1,NULL,'fr'),(29682,'rubriques/social/questions-reponses/fractionnement-des-conges-payes-et-droit-a-des-jours-supplementaires','Fractionnement des congs pays et droit  des jours supplmentaires','Fractionnement des congs pays et droit  des jours supplmentaires',NULL,'Fractionnement des congs pays et droit  des jours supplmentaires',NULL,'snthdk',1,0,0,1,NULL,'fr'),(29683,'rubriques/social/questions-reponses/exoneration-de-cotisations-sociales-des-cadeaux-aux-salaries','Exonration de cotisations sociales des cadeaux aux salaris','Exonration de cotisations sociales des cadeaux aux salaris',NULL,'Exonration de cotisations sociales des cadeaux aux salaris',NULL,'snthdk',1,0,0,1,NULL,'fr'),(29684,'rubriques/social/questions-reponses/clause-de-non-concurrence-d-un-salarie-et-dispense-de-preavis','Clause de non-concurrence d\'un salari et dispense de pravis','Clause de non-concurrence d\'un salari et dispense de pravis',NULL,'Clause de non-concurrence d\'un salari et dispense de pravis',NULL,'snthdk',1,0,0,1,NULL,'fr'),(29685,'rubriques/social/questions-reponses/contrepartie-au-temps-passe-par-un-salarie-pour-revetir-une-tenue-de-travail','Contrepartie au temps pass par un salari pour revtir une tenue de travail','Contrepartie au temps pass par un salari pour revtir une tenue de travail',NULL,'Contrepartie au temps pass par un salari pour revtir une tenue de travail',NULL,'snthdk',1,0,0,1,NULL,'fr'),(29686,'rubriques/social/questions-reponses/exercice-d-une-activite-professionnelle-pendant-un-arret-de-travail','Exercice d\'une activit professionnelle pendant un arrt de travail','Exercice d\'une activit professionnelle pendant un arrt de travail',NULL,'Exercice d\'une activit professionnelle pendant un arrt de travail',NULL,'snthdk',1,0,0,1,NULL,'fr'),(29687,'rubriques/social/questions-reponses/modification-des-horaires-de-travail-d-un-salarie','Modification des horaires de travail d\'un salari','Modification des horaires de travail d\'un salari',NULL,'Modification des horaires de travail d\'un salari',NULL,'snthdk',1,0,0,1,NULL,'fr'),(29688,'rubriques/social/actualites/cotisations-sociales-de-debut-d-activite-des-independants-nouveautes','Cotisations sociales de dbut d\'activit des indpendants : nouveauts','Cotisations sociales de dbut d\'activit des indpendants : nouveauts',NULL,'Cotisations sociales de dbut d\'activit des indpendants : nouveauts',NULL,'snthdk',1,0,0,1,NULL,'fr'),(29689,'rubriques/fiscal/questions-reponses/tva-facturee-a-tort-sur-une-indemnite-de-resiliation','TVA facture  tort sur une indemnit de rsiliation','TVA facture  tort sur une indemnit de rsiliation',NULL,'TVA facture  tort sur une indemnit de rsiliation',NULL,'snthdk',1,0,0,1,NULL,'fr'),(29690,'rubriques/fiscal/questions-reponses/declaration-des-comptes-detenus-a-l-etranger','Dclaration des comptes dtenus  l\'tranger','Dclaration des comptes dtenus  l\'tranger',NULL,'Dclaration des comptes dtenus  l\'tranger',NULL,'snthdk',1,0,0,1,NULL,'fr'),(29691,'rubriques/fiscal/questions-reponses/credit-d-impot-pour-frais-de-garde-des-jeunes-enfants','Crdit d\'impt pour frais de garde des jeunes enfants','Crdit d\'impt pour frais de garde des jeunes enfants',NULL,'Crdit d\'impt pour frais de garde des jeunes enfants',NULL,'snthdk',1,0,0,1,NULL,'fr'),(29692,'rubriques/fiscal/questions-reponses/prise-en-compte-du-cout-de-travaux-d-agrandissement-pour-le-calcul-d-une-plus-value-immobiliere','Prise en compte du cot de travaux d\'agrandissement pour le calcul d\'une plus-value immobilire','Prise en compte du cot de travaux d\'agrandissement pour le calcul d\'une plus-va',NULL,'Prise en compte du cot de travaux d\'agrandissement pour le calcul d\'une plus-value immobilire',NULL,'snthdk',1,0,0,1,NULL,'fr'),(29693,'rubriques/fiscal/questions-reponses/exoneration-d-impot-sur-le-revenu-des-salaires-percus-par-un-etudiant','Exonration d\'impt sur le revenu des salaires perus par un tudiant','Exonration d\'impt sur le revenu des salaires perus par un tudiant',NULL,'Exonration d\'impt sur le revenu des salaires perus par un tudiant',NULL,'snthdk',1,0,0,1,NULL,'fr'),(29694,'rubriques/fiscal/questions-reponses/bail-de-locaux-a-usage-professionnel-et-option-pour-la-tva-29694','Bail de locaux  usage professionnel et option pour la TVA','Bail de locaux  usage professionnel et option pour la TVA',NULL,'Bail de locaux  usage professionnel et option pour la TVA',NULL,'snthdk',1,0,0,1,NULL,'fr'),(29695,'rubriques/fiscal/questions-reponses/declaration-d-isf-et-jetons-de-presence','Dclaration d\'ISF et jetons de prsence','Dclaration d\'ISF et jetons de prsence',NULL,'Dclaration d\'ISF et jetons de prsence',NULL,'snthdk',1,0,0,1,NULL,'fr'),(29696,'rubriques/fiscal/questions-reponses/tva-sur-les-amenagements-exterieurs','TVA sur les amnagements extrieurs','TVA sur les amnagements extrieurs',NULL,'TVA sur les amnagements extrieurs',NULL,'snthdk',1,0,0,1,NULL,'fr'),(29697,'rubriques/juridique/questions-reponses/loyer-du-bail-commercial-et-extension-de-l-activite','Loyer du bail commercial et extension de l\'activit','Loyer du bail commercial et extension de l\'activit',NULL,'Loyer du bail commercial et extension de l\'activit',NULL,'snthdk',1,0,0,1,NULL,'fr'),(29698,'rubriques/juridique/questions-reponses/retractation-d-une-promesse-de-vente-d-actions','Rtractation d\'une promesse de vente d\'actions','Rtractation d\'une promesse de vente d\'actions',NULL,'Rtractation d\'une promesse de vente d\'actions',NULL,'snthdk',1,0,0,1,NULL,'fr'),(29699,'rubriques/juridique/questions-reponses/sort-du-cautionnement-en-cas-d-absence-de-declaration-de-creance','Sort du cautionnement en cas d\'absence de dclaration de crance','Sort du cautionnement en cas d\'absence de dclaration de crance',NULL,'Sort du cautionnement en cas d\'absence de dclaration de crance',NULL,'snthdk',1,0,0,1,NULL,'fr'),(29700,'rubriques/juridique/questions-reponses/notification-par-lettre-recommandee-non-retiree-par-le-destinataire','Notification par lettre recommande non retire par le destinataire','Notification par lettre recommande non retire par le destinataire',NULL,'Notification par lettre recommande non retire par le destinataire',NULL,'snthdk',1,0,0,1,NULL,'fr'),(29701,'rubriques/juridique/questions-reponses/demarchage-par-sms','Dmarchage par SMS','Dmarchage par SMS',NULL,'Dmarchage par SMS',NULL,'snthdk',1,0,0,1,NULL,'fr'),(29702,'rubriques/juridique/questions-reponses/attribution-d-un-droit-de-vote-double-aux-actionnaires-de-societe-anonyme','Attribution d\'un droit de vote double aux actionnaires de socit anonyme','Attribution d\'un droit de vote double aux actionnaires de socit anonyme',NULL,'Attribution d\'un droit de vote double aux actionnaires de socit anonyme',NULL,'snthdk',1,0,0,1,NULL,'fr'),(29703,'rubriques/juridique/questions-reponses/cheque-sans-provision-et-recouvrement-de-la-creance','Chque sans provision et recouvrement de la crance','Chque sans provision et recouvrement de la crance',NULL,'Chque sans provision et recouvrement de la crance',NULL,'snthdk',1,0,0,1,NULL,'fr'),(29704,'rubriques/social/questions-reponses/local-de-restauration-des-salaries','Local de restauration des salaris','Local de restauration des salaris',NULL,'Local de restauration des salaris',NULL,'snthdk',1,0,0,1,NULL,'fr'),(29705,'rubriques/social/questions-reponses/contrat-de-securisation-professionnelle-et-priorite-de-reembauche','Contrat de scurisation professionnelle et priorit de rembauche','Contrat de scurisation professionnelle et priorit de rembauche',NULL,'Contrat de scurisation professionnelle et priorit de rembauche',NULL,'snthdk',1,0,0,1,NULL,'fr'),(29706,'rubriques/social/questions-reponses/externalisation-de-la-procedure-de-licenciement','Externalisation de la procdure de licenciement','Externalisation de la procdure de licenciement',NULL,'Externalisation de la procdure de licenciement',NULL,'snthdk',1,0,0,1,NULL,'fr'),(29707,'rubriques/social/questions-reponses/formalites-a-respecter-pour-accorder-un-pont-aux-salaries','Formalits  respecter pour accorder un pont aux salaris','Formalits  respecter pour accorder un pont aux salaris',NULL,'Formalits  respecter pour accorder un pont aux salaris',NULL,'snthdk',1,0,0,1,NULL,'fr'),(29708,'rubriques/social/questions-reponses/report-des-conges-payes-pour-maladie','Report des congs pays pour maladie','Report des congs pays pour maladie',NULL,'Report des congs pays pour maladie',NULL,'snthdk',1,0,0,1,NULL,'fr'),(29709,'rubriques/social/questions-reponses/demande-de-conge-parental-d-education','Demande de cong parental d\'ducation','Demande de cong parental d\'ducation',NULL,'Demande de cong parental d\'ducation',NULL,'snthdk',1,0,0,1,NULL,'fr'),(29710,'rubriques/social/questions-reponses/signature-par-le-salarie-d-un-contrat-a-duree-determinee','Signature par le salari d\'un contrat  dure dtermine','Signature par le salari d\'un contrat  dure dtermine',NULL,'Signature par le salari d\'un contrat  dure dtermine',NULL,'snthdk',1,0,0,1,NULL,'fr'),(29711,'rubriques/social/actualites/travailleurs-independants-comment-sont-calculees-les-cotisations-sociales','Travailleurs indpendants : comment sont calcules les cotisations sociales ?','Travailleurs indpendants : comment sont calcules les cotisations sociales ?',NULL,'Travailleurs indpendants : comment sont calcules les cotisations sociales ?',NULL,'snthdk',1,0,0,1,NULL,'fr'),(29712,'rubriques/fiscal/actualites/les-nouveautes-de-la-participation-construction-des-employeurs','Les nouveauts de la participation-construction des employeurs','Les nouveauts de la participation-construction des employeurs',NULL,'Les nouveauts de la participation-construction des employeurs',NULL,'snthdk',1,0,0,1,NULL,'fr'),(29713,'rubriques/juridique/actualites/donation-d-une-somme-d-argent-les-consequences-sur-une-succession','Donation d\'une somme d\'argent : les consquences sur une succession !','Donation d\'une somme d\'argent : les consquences sur une succession !',NULL,'Donation d\'une somme d\'argent : les consquences sur une succession !',NULL,'snthdk',1,0,0,1,NULL,'fr'),(29714,'rubriques/social/actualites/fermeture-estivale-avez-vous-bien-respecte-les-formalites-prealables','Fermeture estivale : avez-vous bien respect les formalits pralables ?','Fermeture estivale : avez-vous bien respect les formalits pralables ?',NULL,'Fermeture estivale : avez-vous bien respect les formalits pralables ?',NULL,'snthdk',1,0,0,1,NULL,'fr'),(29715,'rubriques/social/actualites/jobs-d-ete-privilegier-les-enfants-du-personnel-est-discriminatoire','Jobs d\'t : privilgier les enfants du personnel est discriminatoire !','Jobs d\'t : privilgier les enfants du personnel est discriminatoire !',NULL,'Jobs d\'t : privilgier les enfants du personnel est discriminatoire !',NULL,'snthdk',1,0,0,1,NULL,'fr'),(29716,'rubriques/social/actualites/un-bonus-alternants-pour-les-grandes-entreprises','Un bonus  alternants  pour les grandes entreprises','Un bonus  alternants  pour les grandes entreprises',NULL,'Un bonus  alternants  pour les grandes entreprises',NULL,'snthdk',1,0,0,1,NULL,'fr'),(29717,'rubriques/fiscal/actualites/controle-fiscal-le-droit-d-acces-du-contribuable-aux-informations-utilisees-contre-lui-est-etendu','Contrle fiscal : le droit d\'accs du contribuable aux informations utilises contre lui est tendu !','Contrle fiscal : le droit d\'accs du contribuable aux informations utilises co',NULL,'Contrle fiscal : le droit d\'accs du contribuable aux informations utilises contre lui est tendu !',NULL,'snthdk',1,0,0,1,NULL,'fr'),(29718,'rubriques/social/actualites/employeurs-que-faire-en-cas-de-fortes-chaleurs','Employeurs : que faire en cas de fortes chaleurs ?','Employeurs : que faire en cas de fortes chaleurs ?',NULL,'Employeurs : que faire en cas de fortes chaleurs ?',NULL,'snthdk',1,0,0,1,NULL,'fr'),(29719,'rubriques/social/dossiers-aides-a-l-embauche/feuille-de-paie-d-un-contrat-d-accompagnement-dans-l-emploi','Feuille de paie d\'un Contrat d\'Accompagnement dans l\'Emploi','Feuille de paie d\'un Contrat d\'Accompagnement dans l\'Emploi',NULL,'Feuille de paie d\'un Contrat d\'Accompagnement dans l\'Emploi',NULL,'snthdk',1,0,0,1,NULL,'fr'),(29720,'rubriques/echeancier/aout-2012','Aot 2012','Aot 2012',NULL,'aot 2012',NULL,'hk',1,0,0,1,NULL,'fr'),(29721,'rubriques/fiscal/actualites/le-credit-d-impot-recherche-beneficie-aussi-aux-petites-entreprises','Le crdit d\'impt recherche bnficie aussi aux petites entreprises !','Le crdit d\'impt recherche bnficie aussi aux petites entreprises !',NULL,'Le crdit d\'impt recherche bnficie aussi aux petites entreprises !',NULL,'snthdk',1,0,0,1,NULL,'fr'),(29722,'rubriques/echeancier/aout-2012/aout-2012','aot 2012','aot 2012',NULL,'aot 2012',NULL,'hk',1,0,0,1,NULL,'fr'),(29723,'rubriques/echeancier/aout-2012/5-aout-2012','5 aot 2012','5 aot 2012',NULL,'5 aot 2012',NULL,'hk',1,0,0,1,NULL,'fr'),(29724,'rubriques/echeancier/aout-2012/8-aout-2012','8 aot 2012','8 aot 2012',NULL,'8 aot 2012',NULL,'hk',1,0,0,1,NULL,'fr'),(29725,'rubriques/echeancier/aout-2012/11-aout-2012','11 aot 2012','11 aot 2012',NULL,'11 aot 2012',NULL,'hk',1,0,0,1,NULL,'fr'),(29726,'rubriques/echeancier/aout-2012/15-aout-2012','15 aot 2012','15 aot 2012',NULL,'15 aot 2012',NULL,'hk',1,0,0,1,NULL,'fr'),(29727,'rubriques/echeancier/aout-2012/20-aout-2012','20 aot 2012','20 aot 2012',NULL,'20 aot 2012',NULL,'hk',1,0,0,1,NULL,'fr'),(29728,'rubriques/echeancier/aout-2012/25-aout-2012','25 aot 2012','25 aot 2012',NULL,'25 aot 2012',NULL,'hk',1,0,0,1,NULL,'fr'),(29729,'rubriques/echeancier/aout-2012/31-aout-2012','31 aot 2012','31 aot 2012',NULL,'31 aot 2012',NULL,'hk',1,0,0,1,NULL,'fr'),(29730,'rubriques/social/dossiers-aides-a-l-embauche/regime-juridique','Rgime juridique','Rgime juridique',NULL,'Rgime juridique',NULL,'snthdk',1,0,0,1,NULL,'fr'),(29731,'rubriques/social/dossiers-aides-a-l-embauche/feuille-de-paie-pour-une-embauche-dans-les-zrr-et-zru','Feuille de paie pour une embauche dans les ZRR et ZRU','Feuille de paie pour une embauche dans les ZRR et ZRU',NULL,'Feuille de paie pour une embauche dans les ZRR et ZRU',NULL,'snthdk',1,0,0,1,NULL,'fr'),(29732,'rubriques/social/dossiers-aides-a-l-embauche/regime-juridique-29732','Rgime juridique','Rgime juridique',NULL,'Rgime juridique',NULL,'snthdk',1,0,0,1,NULL,'fr'),(29733,'rubriques/social/dossiers-aides-a-l-embauche/regime-juridique-29733','Rgime juridique','Rgime juridique',NULL,'Rgime juridique',NULL,'snthdk',1,0,0,1,NULL,'fr'),(29734,'rubriques/social/dossiers-aides-a-l-embauche/feuille-de-paie-d-un-contrat-d-avenir','Feuille de paie d\'un contrat d\'avenir','Feuille de paie d\'un contrat d\'avenir',NULL,'Feuille de paie d\'un contrat d\'avenir',NULL,'snthdk',1,0,0,1,NULL,'fr'),(29735,'rubriques/echeancier/septembre-2012','Septembre 2012','Septembre 2012',NULL,'septembre 2012',NULL,'hk',1,0,0,1,NULL,'fr'),(29736,'rubriques/echeancier/septembre-2012/septembre-2012','septembre 2012','septembre 2012',NULL,'septembre 2012',NULL,'hk',1,0,0,1,NULL,'fr'),(29737,'rubriques/echeancier/septembre-2012/5-septembre-2012','5 septembre 2012','5 septembre 2012',NULL,'5 septembre 2012',NULL,'hk',1,0,0,1,NULL,'fr'),(29738,'rubriques/echeancier/septembre-2012/8-septembre-2012','8 septembre 2012','8 septembre 2012',NULL,'8 septembre 2012',NULL,'hk',1,0,0,1,NULL,'fr'),(29739,'rubriques/echeancier/septembre-2012/12-septembre-2012','12 septembre 2012','12 septembre 2012',NULL,'12 septembre 2012',NULL,'hk',1,0,0,1,NULL,'fr'),(29740,'rubriques/echeancier/septembre-2012/15-septembre-2012','15 septembre 2012','15 septembre 2012',NULL,'15 septembre 2012',NULL,'hk',1,0,0,1,NULL,'fr'),(29741,'rubriques/echeancier/septembre-2012/20-septembre-2012','20 septembre 2012','20 septembre 2012',NULL,'20 septembre 2012',NULL,'hk',1,0,0,1,NULL,'fr'),(29742,'rubriques/echeancier/septembre-2012/25-septembre-2012','25 septembre 2012','25 septembre 2012',NULL,'25 septembre 2012',NULL,'hk',1,0,0,1,NULL,'fr'),(29743,'rubriques/echeancier/septembre-2012/30-septembre-2012','30 septembre 2012','30 septembre 2012',NULL,'30 septembre 2012',NULL,'hk',1,0,0,1,NULL,'fr'),(29744,'rubriques/social/actualites/suppression-definitive-de-la-ducs-papier','Suppression dfinitive de la Ducs papier','Suppression dfinitive de la Ducs papier',NULL,'Suppression dfinitive de la Ducs papier',NULL,'snthdk',1,0,0,1,NULL,'fr');
/*!40000 ALTER TABLE `dm_page_translation` ENABLE KEYS */;
UNLOCK TABLES;

--
-- Dumping data for table `dm_page_view`
--

LOCK TABLES `dm_page_view` WRITE;
/*!40000 ALTER TABLE `dm_page_view` DISABLE KEYS */;
INSERT INTO `dm_page_view` (`id`, `module`, `action`, `dm_layout_id`) VALUES (1,'main','root',1),(2,'main','error404',1),(3,'main','signin',1),(5,'rubrique','list',1),(9,'rubrique','show',1),(10,'section','show',10),(11,'article','show',9),(12,'main','contact',1),(16,'main','planDAcces',1),(33,'renseignements','list',1),(34,'renseignements','show',1),(35,'main','search',1),(38,'mission','list',1),(39,'recrutement','list',10),(44,'mission','show',1),(45,'recrutement','show',10),(48,'pageCabinet','list',1),(49,'pageCabinet','show',1),(58,'indexSitesUtiles','list',1),(59,'groupeSitesUtiles','list',1),(63,'sidActuRubrique','list',1),(66,'sidActuRubrique','show',1),(67,'sidActuArticle','show',1),(72,'indexSitesUtiles','show',1),(73,'groupeSitesUtiles','show',1),(74,'sitesUtiles','show',1),(76,'main','eco',1),(77,'rubrique','thematiquePlacement',1),(80,'sidActuArticle','list',1),(81,'main','filDActualite',10),(82,'main','dessin',10),(83,'main','planDuSite',1),(85,'main','presentationDuCabinet',1),(86,'main','bourse',1),(87,'main','simulateurs',1),(88,'main','valeurAcquiseParUnCapitalPlaceAInteretsComposesPendantUneDureeDeterminee',1),(89,'main','valeurAcquiseParUneSuiteDeVersementsConstants',1),(90,'main','tauxDeRendementDUnCapital',1),(91,'main','tauxDeRendementDUneSuiteDeVersement',1),(92,'main','calculDuCapitalEmprunte',1),(93,'main','calculDeLaDureeSelonVotreCapaciteDeRemboursement',1),(94,'main','calculDuVersementPeriodique',1),(95,'main','calculDuTaux',1),(96,'main','calculDesLoyersConstants',1),(97,'main','calculDuTauxReelCoutReelDuCreditBail',1),(98,'main','calculDeLaDuree',1),(99,'main','absencesEtCongesDuSalarie',1),(100,'main','correspondanceJoursOuvresJoursOuvrables',1),(101,'main','seuilDeRentabiliteEstimationRapide',1),(102,'main','calculDesFraisKilometriquesVehiculesAutomobiles',1),(103,'main','versementTransport',1),(104,'selectionPlacement','list',1),(105,'main','mentionsLegales',1),(106,'sidAddedPages','list',1),(107,'sidAddedPages','show',1),(109,'main','nosServices',1);
/*!40000 ALTER TABLE `dm_page_view` ENABLE KEYS */;
UNLOCK TABLES;

--
-- Dumping data for table `dm_record_permission`
--

LOCK TABLES `dm_record_permission` WRITE;
/*!40000 ALTER TABLE `dm_record_permission` DISABLE KEYS */;
/*!40000 ALTER TABLE `dm_record_permission` ENABLE KEYS */;
UNLOCK TABLES;

--
-- Dumping data for table `dm_record_permission_association`
--

LOCK TABLES `dm_record_permission_association` WRITE;
/*!40000 ALTER TABLE `dm_record_permission_association` DISABLE KEYS */;
/*!40000 ALTER TABLE `dm_record_permission_association` ENABLE KEYS */;
UNLOCK TABLES;

--
-- Dumping data for table `dm_record_permission_association_group`
--

LOCK TABLES `dm_record_permission_association_group` WRITE;
/*!40000 ALTER TABLE `dm_record_permission_association_group` DISABLE KEYS */;
/*!40000 ALTER TABLE `dm_record_permission_association_group` ENABLE KEYS */;
UNLOCK TABLES;

--
-- Dumping data for table `dm_record_permission_association_user`
--

LOCK TABLES `dm_record_permission_association_user` WRITE;
/*!40000 ALTER TABLE `dm_record_permission_association_user` DISABLE KEYS */;
/*!40000 ALTER TABLE `dm_record_permission_association_user` ENABLE KEYS */;
UNLOCK TABLES;

--
-- Dumping data for table `dm_record_permission_group`
--

LOCK TABLES `dm_record_permission_group` WRITE;
/*!40000 ALTER TABLE `dm_record_permission_group` DISABLE KEYS */;
/*!40000 ALTER TABLE `dm_record_permission_group` ENABLE KEYS */;
UNLOCK TABLES;

--
-- Dumping data for table `dm_record_permission_user`
--

LOCK TABLES `dm_record_permission_user` WRITE;
/*!40000 ALTER TABLE `dm_record_permission_user` DISABLE KEYS */;
/*!40000 ALTER TABLE `dm_record_permission_user` ENABLE KEYS */;
UNLOCK TABLES;

--
-- Dumping data for table `dm_redirect`
--

LOCK TABLES `dm_redirect` WRITE;
/*!40000 ALTER TABLE `dm_redirect` DISABLE KEYS */;
/*!40000 ALTER TABLE `dm_redirect` ENABLE KEYS */;
UNLOCK TABLES;

--
-- Dumping data for table `dm_tag`
--

LOCK TABLES `dm_tag` WRITE;
/*!40000 ALTER TABLE `dm_tag` DISABLE KEYS */;
INSERT INTO `dm_tag` (`id`, `name`) VALUES (83,'AIDE A L\'EMPLOI'),(103,'AIDES A L\'ENTREPRISE'),(114,'AUTO-ENTREPRENEUR'),(62,'AVANTAGES FISCAUX'),(94,'BAIL COMMERCIAL'),(74,'BAIL D\'HABITATION'),(91,'COMMERCE/CONSOMMATION'),(78,'COMMUNICATION'),(112,'COMPTABILITE'),(108,'CONDITIONS DE TRAVAIL'),(56,'CONJONCTURE ECONOMIQUE'),(90,'CONTRAT DE TRAVAIL'),(81,'CONTRATS'),(89,'COTISATIONS SOCIALES'),(98,'CREATION D\'ENTREPRISE'),(60,'DEFAILLANCE D\'ENTREPRISE'),(111,'DEVELOPPEMENT D\'ENTREPRISE'),(59,'DROIT'),(73,'DROIT D\'ENREGISTREMENT'),(87,'DROIT DES PARTICULIERS'),(82,'DROIT DES SOCIETES'),(86,'DROIT DU TRAVAIL'),(88,'EMBAUCHE'),(113,'ENVIRONNEMENT'),(101,'EQUIPEMENT'),(109,'ETUDE DE MARCHE'),(107,'EVENEMENT'),(95,'EXPORT'),(102,'FINANCEMENT D\'ENTREPRISE'),(61,'FISCALITE'),(63,'FISCALITE PERSONNELLE'),(65,'FISCALITE PROFESSIONNELLE'),(99,'FORMALITES/DECLARATIONS'),(118,'FRANCHISE'),(106,'GARANTIES/SURETES'),(76,'GESTION DE L\'ENTREPRISE'),(77,'IMMOBILIER'),(110,'IMPLANTATION D\'ENTREPRISE'),(71,'IMPOTS SUR LE REVENU'),(66,'IMPOTS SUR LES BENEFICES'),(97,'INVESTISSEMENT'),(64,'ISF'),(116,'MANAGEMENT'),(79,'MARKETING'),(104,'MARQUES ET BREVETS/PROPRIETE INDUSTRIELLE'),(105,'MULTIMEDIA'),(58,'PLACEMENT'),(96,'PRELEVEMENTS OBLIGATOIRES'),(67,'PROCEDURE FISCALE'),(85,'PROTECTION SOCIALE'),(93,'REMUNERATION'),(72,'REVENUS DU PATRIMOINE'),(92,'RUPTURE DE CONTRAT'),(100,'STATUT DE L\'ENTREPRISE'),(117,'SUCCESS STORY'),(68,'TAXES LOCALES/IMPOTS LOCAUX'),(57,'TENDANCES'),(115,'TRANSMISSION A TITRE GRATUIT'),(70,'TRANSMISSIONS D\'ENTREPRISES/CESSION D\'ENTREPRISE'),(84,'TRAVAIL'),(75,'TRESORERIE/DELAIS DE PAIEMENT'),(69,'TVA'),(80,'VIE DE L\'ENTREPRISE');
/*!40000 ALTER TABLE `dm_tag` ENABLE KEYS */;
UNLOCK TABLES;

--
-- Dumping data for table `dm_user`
--

LOCK TABLES `dm_user` WRITE;
/*!40000 ALTER TABLE `dm_user` DISABLE KEYS */;
INSERT INTO `dm_user` (`id`, `username`, `email`, `algorithm`, `salt`, `password`, `is_active`, `is_super_admin`, `last_login`, `forgot_password_code`, `created_at`, `updated_at`) VALUES (1,'admin','admin@_demo_aga-tenor.com','sha1','9c530a9ef0b75b540d71e1e7e76aec94','30d789db0fede5edefda41477c65fe2bcdf312cc',1,1,'2012-08-01 16:02:03',NULL,'2011-11-16 14:23:09','2011-11-16 14:23:09'),(2,'client','client@client.fr','sha1','1ecbcc7d51d509c40c13c00a9a62ee14','8cd8555aaff6805a9af5a16d397dd9fbf89580ab',1,0,'2012-07-11 15:54:31',NULL,'2011-11-16 14:45:56','2012-06-11 17:45:13');
/*!40000 ALTER TABLE `dm_user` ENABLE KEYS */;
UNLOCK TABLES;

--
-- Dumping data for table `dm_user_group`
--

LOCK TABLES `dm_user_group` WRITE;
/*!40000 ALTER TABLE `dm_user_group` DISABLE KEYS */;
INSERT INTO `dm_user_group` (`dm_user_id`, `dm_group_id`) VALUES (2,1);
/*!40000 ALTER TABLE `dm_user_group` ENABLE KEYS */;
UNLOCK TABLES;

--
-- Dumping data for table `dm_user_permission`
--

LOCK TABLES `dm_user_permission` WRITE;
/*!40000 ALTER TABLE `dm_user_permission` DISABLE KEYS */;
/*!40000 ALTER TABLE `dm_user_permission` ENABLE KEYS */;
UNLOCK TABLES;

--
-- Dumping data for table `dm_widget`
--

LOCK TABLES `dm_widget` WRITE;
/*!40000 ALTER TABLE `dm_widget` DISABLE KEYS */;
INSERT INTO `dm_widget` (`id`, `dm_zone_id`, `module`, `action`, `css_class`, `position`, `updated_at`) VALUES (1,1,'dmWidgetContent','title',NULL,-1,'2011-08-05 12:20:30'),(2,2,'dmUser','signin',NULL,-2,'2011-08-05 12:20:30'),(5,103,'dmWidgetNavigation','breadCrumb','',4,'2012-02-13 16:37:09'),(7,7,'contactData','form','',1,'2011-08-05 12:41:35'),(8,103,'dmWidgetNavigation','menu','',1,'2012-02-13 16:37:09'),(11,11,'article','listBySection','',3,'2011-09-26 18:43:30'),(92,41,'dmWidgetSearch','results',NULL,-3,'2011-08-10 14:33:05'),(93,103,'dmWidgetSearch','form','search',3,'2012-03-30 13:53:00'),(95,42,'dmWidgetSearch','results','',1,'2011-08-10 14:53:46'),(249,39,'dmUser','signin','',1,'2011-09-14 09:27:15'),(277,136,'bandeau','smartBandeau',NULL,2,'2012-02-27 12:01:46'),(278,128,'bandeau','smartBandeau',NULL,2,'2012-02-13 18:10:11'),(293,6,'dmWidgetContent','text','',2,'2012-04-23 11:42:23'),(296,74,'indexSitesUtiles','show','',1,'2011-09-19 16:26:40'),(297,74,'groupeSitesUtiles','list','',3,'2011-09-19 17:58:50'),(299,78,'sitesUtiles','listByGroupeSitesUtiles','',1,'2011-09-19 17:28:30'),(300,79,'groupeSitesUtiles','list','',2,'2012-02-14 15:22:22'),(303,74,'dmWidgetContent','title','',2,'2011-09-19 18:00:46'),(342,79,'indexSitesUtiles','show','',1,'2011-09-27 00:52:39'),(352,69,'sidActuRubrique','list','',1,'2011-09-28 00:19:04'),(353,68,'sidActuArticle','listParRubrique','',1,'2011-09-28 00:23:46'),(354,84,'dmWidgetFeedReader','show','',1,'2011-09-28 01:47:44'),(355,85,'handWidgets','listSousHomeByRubrique','',1,'2011-09-28 12:11:42'),(362,40,'dmWidgetNavigation','menu','',1,'2012-04-04 17:43:45'),(371,65,'dmWidgetContent','nivoGallery','',1,'2012-06-12 17:35:15'),(422,53,'pagesDuCabinet','pageCabinet','',1,'2012-03-13 10:48:34'),(423,65,'pagesDuCabinet','introPageCabinet','',2,'2012-06-12 17:35:15'),(424,45,'missions','missionShow','',2,'2011-12-02 08:56:31'),(425,45,'missions','missionsList','',4,'2011-12-02 08:57:26'),(430,77,'specifiquesBaseEditoriale','listAgenda','',5,'2012-02-27 12:07:04'),(431,65,'actusDuCabinet','actuArticlesContextuel','',3,'2012-04-05 12:22:02'),(432,65,'missions','missionsContextuel','',4,'2012-04-05 12:22:02'),(433,101,'actusDuCabinet','actuArticlesList','',2,'2012-07-05 14:16:37'),(434,71,'actusDuCabinet','actuArticleShow','',2,'2011-12-02 09:59:09'),(435,71,'actusDuCabinet','actuArticlesList','',3,'2011-12-02 10:00:15'),(437,55,'recrutementsCabinet','recrutementsList','',2,'2011-12-02 10:03:59'),(438,75,'recrutementsCabinet','recrutementShow','',1,'2011-12-02 10:05:19'),(439,75,'recrutementsCabinet','recrutementsList','',3,'2011-12-02 10:06:02'),(440,102,'specifiquesBaseEditoriale','filActualite','',2,'2012-01-03 16:51:05'),(442,102,'specifiquesBaseEditoriale','filActualite','',4,'2012-01-03 16:51:05'),(443,77,'specifiquesBaseEditoriale','filActualite','',1,'2012-04-05 12:21:28'),(444,125,'article','listArticlesAvecMemeTag','',4,'2012-04-20 11:42:43'),(452,47,'missions','missionsList','',2,'2011-12-05 15:07:04'),(454,81,'adresses','multiples','',2,'2011-12-06 15:23:19'),(496,121,'specifiquesBaseEditoriale','dessinSemaine','',1,'2011-12-29 12:22:42'),(497,104,'adresses','multiples','',1,'2011-12-29 13:57:56'),(499,128,'dmWidgetSearch','form','search',3,'2012-03-30 13:53:30'),(500,123,'dmWidgetNavigation','menu','',1,'2012-04-04 17:55:48'),(501,124,'dmWidgetContent','text','',2,'2012-04-23 11:52:51'),(506,125,'equipeCabinet','equipesContextuel','',2,'2012-04-20 11:42:43'),(508,125,'specifiquesBaseEditoriale','listAgenda','',7,'2012-03-13 12:24:38'),(511,125,'specifiquesBaseEditoriale','articlesBySectionContextuel','dossiers',5,'2012-03-13 12:24:38'),(512,127,'adresses','multiples','',2,'2011-12-06 15:23:19'),(513,128,'dmWidgetNavigation','breadCrumb','',4,'2012-01-10 16:13:12'),(514,128,'dmWidgetNavigation','menu','',1,'2011-12-16 14:11:55'),(515,129,'adresses','multiples','',1,'2011-12-29 13:57:56'),(517,136,'dmWidgetSearch','form','search',3,'2012-03-30 13:53:51'),(518,131,'dmWidgetNavigation','menu','',1,'2012-04-04 17:54:12'),(519,132,'dmWidgetContent','text','',2,'2012-04-23 11:48:07'),(523,133,'actusDuCabinet','actuArticlesContextuel','',1,'2012-06-13 09:30:17'),(526,133,'specifiquesBaseEditoriale','listAgenda','',6,'2012-02-27 12:00:48'),(530,135,'adresses','multiples','',2,'2011-12-06 15:23:19'),(531,136,'dmWidgetNavigation','breadCrumb','',4,'2012-02-27 12:02:13'),(532,136,'dmWidgetNavigation','menu','',1,'2011-12-16 14:11:55'),(533,137,'adresses','multiples','',1,'2011-12-29 13:57:56'),(536,125,'lienContact','blocVersPageContact','',3,'2012-04-20 11:42:43'),(537,77,'lienContact','blocVersPageContact','',3,'2012-02-27 12:04:02'),(539,138,'sitemap','planDuSite','',1,'2012-01-03 17:06:32'),(542,125,'specifiquesBaseEditoriale','articlesBySectionContextuel','actualites',6,'2012-03-13 12:24:38'),(547,103,'bandeau','smartBandeau',NULL,2,'2012-02-13 16:38:14'),(551,77,'dmWidgetContent','blocDePubEnFlash','',4,'2012-01-13 09:40:06'),(553,133,'dmWidgetContent','blocDePubEnFlash','',4,'2012-02-27 12:00:48'),(554,12,'affichage','article','',1,'2012-03-06 15:41:56'),(571,18,'dmWidgetContent','image','logoLight',3,'2012-06-01 15:40:43'),(577,18,'dmWidgetContent','ckEditor','printInfo',4,'2012-06-01 15:40:43'),(580,18,'socialNetwork','logos','',5,'2012-06-01 15:40:43'),(582,122,'dmWidgetContent','image','logoLight',3,'2012-07-02 15:24:08'),(583,122,'dmWidgetContent','ckEditor','printInfo',4,'2012-07-02 15:24:08'),(584,122,'socialNetwork','logos','',5,'2012-07-02 15:24:08'),(585,130,'socialNetwork','logos','',5,'2012-07-02 15:24:43'),(586,130,'dmWidgetContent','image','logoLight',3,'2012-07-02 15:24:43'),(587,130,'dmWidgetContent','ckEditor','printInfo',4,'2012-07-02 15:24:43'),(597,149,'actusDuCabinet','actuArticlesContextuel','',2,'2012-02-28 13:09:18'),(598,149,'recrutementsCabinet','recrutementsList','',3,'2012-02-28 13:09:53'),(599,54,'pagesDuCabinet','pageCabinetList','',1,'2012-02-28 13:11:20'),(600,150,'dmWidgetFeedReader','show','',1,'2012-02-29 16:07:13'),(601,125,'actusDuCabinet','actuArticlesContextuel','',1,'2012-04-20 11:42:43'),(602,12,'specifiquesBaseEditoriale','listActualite','',3,'2012-03-13 12:24:20'),(605,35,'dmWidgetContent','ckEditor','',3,'2012-03-13 15:23:01'),(606,53,'pagesDuCabinet','pageCabinetList','',2,'2012-03-13 15:50:52'),(613,63,'implantationCabinet','implantation','',1,'2012-03-14 14:43:13'),(615,49,'implantationCabinet','listImplantation','',1,'2012-03-14 14:44:47'),(616,63,'implantationCabinet','listImplantation','',3,'2012-03-15 09:09:15'),(621,21,'dmWidgetGoogleMap','smartGoogleMap','',2,'2012-03-15 15:05:11'),(622,63,'dmWidgetGoogleMap','show','',2,'2012-03-15 16:35:24'),(623,149,'pagesDuCabinet','introPageCabinet','',1,'2012-03-21 16:01:43'),(625,152,'vacpicpdd','form','',1,'2012-03-23 12:25:09'),(626,153,'vasvc','form',NULL,-4,'2012-03-23 12:25:53'),(627,154,'trc','form','',1,'2012-03-23 12:32:27'),(628,155,'trsvc','form','',1,'2012-03-23 12:33:08'),(629,156,'cce','form','',1,'2012-03-23 12:33:28'),(630,157,'cd','form','',1,'2012-03-23 12:33:48'),(631,158,'cvp','form','',1,'2012-03-23 12:34:10'),(632,159,'ct','form','',1,'2012-03-23 12:34:41'),(633,160,'cl','form','',1,'2012-03-23 12:35:04'),(634,161,'ctr','form','',1,'2012-03-23 12:35:34'),(636,162,'cld','form','',1,'2012-03-23 12:36:54'),(637,163,'acs','form','',1,'2012-03-23 12:37:13'),(638,164,'cjo','form',NULL,-5,'2012-03-23 12:37:30'),(639,165,'srtb','form',NULL,-6,'2012-03-23 12:39:42'),(640,166,'fk','form','',1,'2012-03-23 12:40:53'),(641,167,'vt','form',NULL,-7,'2012-03-23 12:41:15'),(642,151,'dmWidgetContent','ckEditor','',1,'2012-03-23 14:26:28'),(647,10,'affichage','listSection','',1,'2012-04-05 14:40:09'),(648,18,'dmWidgetContent','image','logoFull',2,'2012-07-02 15:23:41'),(649,130,'dmWidgetContent','image','logoFull',2,'2012-07-02 15:24:43'),(650,122,'dmWidgetContent','image','logoFull',2,'2012-07-02 15:24:08'),(651,6,'dmWidgetNavigation','menu','',1,'2012-04-23 11:43:15'),(652,132,'dmWidgetNavigation','menu','',1,'2012-04-23 11:49:04'),(653,124,'dmWidgetNavigation','menu','',1,'2012-04-23 11:54:21'),(656,169,'dmWidgetContent','legalNotices','',1,'2012-05-21 15:40:46'),(658,133,'lienContact','blocVersPageContact','',3,'2012-06-13 09:32:12'),(659,9,'rubrique','listSections','',1,'2012-06-14 16:05:09'),(663,171,'sidAddedPages','listRoot','',1,'2012-07-02 09:45:36'),(665,18,'dmWidgetNavigation','menu','',1,'2012-07-02 15:23:56'),(666,122,'dmWidgetNavigation','menu','',1,'2012-07-02 15:24:31'),(667,130,'dmWidgetNavigation','menu','',1,'2012-07-02 15:24:57'),(668,170,'affichageAddedPages','affichagePage','',1,'2012-07-05 12:18:36'),(672,173,'indexSitesUtiles','show','',1,'2012-07-09 11:34:41'),(673,170,'affichageAddedPages','listPageChildren','',3,'2012-07-10 17:18:01');
/*!40000 ALTER TABLE `dm_widget` ENABLE KEYS */;
UNLOCK TABLES;

--
-- Dumping data for table `dm_widget_translation`
--

LOCK TABLES `dm_widget_translation` WRITE;
/*!40000 ALTER TABLE `dm_widget_translation` DISABLE KEYS */;
INSERT INTO `dm_widget_translation` (`id`, `value`, `lang`) VALUES (1,'{\"text\":\"Page introuvable\",\"tag\":\"h1\"}','fr'),(2,'[]','fr'),(5,'{\"separator\":\">\",\"includeCurrent\":true,\"includeInactivePages\":true}','fr'),(7,'{\"contactForm\":[\"2\"]}','fr'),(8,'{\"menuType\":\"dropdown\",\"ulClass\":\"\",\"menuName\":\"\",\"liClass\":\"\",\"menuClass\":\"\",\"widthImage\":\"\",\"heightImage\":\"\",\"length\":null,\"withImage\":false,\"nbArticles\":null,\"lien\":\"\",\"titreBloc\":\"\",\"chapo\":null,\"items\":[{\"link\":\"page:1\",\"text\":\"Accueil\",\"groupdisplayed\":\"\",\"secure\":0,\"nofollow\":0,\"depth\":\"0\",\"target\":\"\"},{\"link\":\"page:29410\",\"text\":\"Le nom de l\'association\",\"groupdisplayed\":\"\",\"secure\":0,\"nofollow\":0,\"depth\":\"3\",\"target\":\"\"},{\"link\":\"page:1595\",\"text\":\"Nos prestations\",\"groupdisplayed\":\"\",\"secure\":0,\"nofollow\":0,\"depth\":\"2\",\"target\":\"\"},{\"link\":\"page:29460\",\"text\":\"Nos services\",\"groupdisplayed\":\"\",\"secure\":0,\"nofollow\":0,\"depth\":\"1\",\"target\":\"\"}]}','fr'),(11,'{\"orderField\":\"created_at\",\"orderType\":\"desc\",\"maxPerPage\":10,\"navBottom\":true,\"sectionFilter\":null,\"navTop\":false}','fr'),(92,'{\"maxPerPage\":10,\"navBottom\":true,\"widthImage\":\"\",\"heightImage\":\"\",\"length\":null,\"withImage\":false,\"nbArticles\":null,\"lien\":\"\",\"titreBloc\":\"\",\"chapo\":null,\"navTop\":false}','fr'),(93,'[]','fr'),(95,'{\"maxPerPage\":10,\"navBottom\":true,\"widthImage\":\"\",\"heightImage\":\"\",\"length\":null,\"withImage\":false,\"nbArticles\":null,\"lien\":\"\",\"titreBloc\":\"\",\"chapo\":null,\"navTop\":false}','fr'),(249,'[]','fr'),(277,'{\"cssClass\":null}','fr'),(278,'{\"cssClass\":null}','fr'),(293,'{\"title\":\"\",\"text\":\"2011 - SID Presse - [mentions l\\u00e9gales](\\/mentions-legales \\\"Mentions L\\u00e9gales\\\")\\n\",\"mediaId\":null,\"titleLink\":\"\",\"mediaLink\":\"\",\"titlePosition\":\"outside\",\"width\":\"\",\"height\":\"\",\"legend\":\"\",\"method\":\"center\",\"background\":\"FFFFFF\",\"quality\":null}','fr'),(296,'{\"recordId\":\"1\"}','fr'),(297,'{\"orderField\":\"position\",\"orderType\":\"asc\",\"maxPerPage\":50,\"navTop\":false,\"navBottom\":false}','fr'),(299,'{\"orderField\":\"position\",\"orderType\":\"asc\",\"maxPerPage\":10,\"navBottom\":true,\"groupeSitesUtilesFilter\":null,\"navTop\":false}','fr'),(300,'{\"orderField\":\"position\",\"orderType\":\"asc\",\"maxPerPage\":50,\"navTop\":false,\"navBottom\":false}','fr'),(303,'{\"text\":\"Les diff\\u00e9rents groupes de sites\",\"tag\":\"h3\",\"href\":\"page:3216 Les groupes de sites utiles\"}','fr'),(342,'{\"recordId\":\"1\"}','fr'),(352,'{\"orderField\":\"position\",\"orderType\":\"asc\",\"maxPerPage\":10,\"navTop\":false,\"navBottom\":false}','fr'),(353,'{\"orderField\":\"position\",\"orderType\":\"asc\",\"maxPerPage\":5,\"sidActuRubriqueFilter\":null,\"navTop\":false,\"navBottom\":false}','fr'),(354,'{\"url\":\"http:\\/\\/www.lesechos.fr\\/rss\\/rss_articles_gratuit.xml\",\"title\":\"L\'actualit\\u00e9 \\u00e9conomique des Echos\",\"nbArticles\":20,\"length\":200,\"life_time\":86400,\"logo_les_echos\":true,\"widthImage\":\"\",\"heightImage\":\"\",\"withImage\":false,\"lien\":\"\",\"titreBloc\":\"\",\"chapo\":null}','fr'),(355,'{\"photo\":true,\"titreBloc\":true}','fr'),(362,'{\"menuType\":\"accordion\",\"ulClass\":\"\",\"menuName\":\"\",\"liClass\":\"\",\"menuClass\":\"\",\"widthImage\":\"\",\"heightImage\":\"\",\"length\":null,\"withImage\":false,\"nbArticles\":null,\"lien\":\"\",\"titreBloc\":\"\",\"chapo\":null,\"items\":[{\"link\":\"page:6561\",\"text\":\"Fil d\'actualit\\u00e9\",\"groupdisplayed\":\"\",\"secure\":0,\"nofollow\":0,\"depth\":\"0\",\"target\":\"\"},{\"link\":\"page:29464\",\"text\":\"Social\",\"groupdisplayed\":\"\",\"secure\":0,\"nofollow\":0,\"depth\":\"1\",\"target\":\"\"},{\"link\":\"page:29462\",\"text\":\"Fiscal\",\"groupdisplayed\":\"\",\"secure\":0,\"nofollow\":0,\"depth\":\"1\",\"target\":\"\"},{\"link\":\"page:29463\",\"text\":\"Juridique\",\"groupdisplayed\":\"\",\"secure\":0,\"nofollow\":0,\"depth\":\"1\",\"target\":\"\"},{\"link\":\"page:29632\",\"text\":\"Professions\",\"groupdisplayed\":\"\",\"secure\":0,\"nofollow\":0,\"depth\":\"1\",\"target\":\"\"},{\"link\":\"page:29465\",\"text\":\"\\u00e9ch\\u00e9ancier\",\"groupdisplayed\":\"\",\"secure\":0,\"nofollow\":0,\"depth\":\"1\",\"target\":\"\"}]}','fr'),(371,'{\"media_alt\":[\"\",\"\",\"\",\"\",\"\",\"\",\"\",\"\"],\"width\":\"622\",\"height\":\"270\",\"method\":\"center\",\"background\":\"\",\"quality\":null,\"fx\":\"fade\",\"animspeed\":0.5,\"pausetime\":3,\"widget_width\":634,\"widthImage\":\"\",\"heightImage\":\"\",\"length\":null,\"withImage\":false,\"nbArticles\":null,\"lien\":\"\",\"titreBloc\":\"\",\"chapo\":null,\"medias\":[{\"id\":\"452\",\"link\":\"\",\"alt\":\"\"},{\"id\":\"444\",\"link\":\"\",\"alt\":\"\"},{\"id\":\"369\",\"link\":\"\",\"alt\":\"\"},{\"id\":\"402\",\"link\":\"\",\"alt\":\"\"},{\"id\":\"308\",\"link\":\"\",\"alt\":\"\"},{\"id\":\"280\",\"link\":\"\",\"alt\":\"\"},{\"id\":\"642\",\"link\":\"\",\"alt\":\"\"},{\"id\":\"415\",\"link\":\"\",\"alt\":\"\"}]}','fr'),(422,'{\"titreBloc\":\"\",\"lien\":\"Contactez-nous pour en savoir plus sur notre accompagnement et nos services\",\"withImage\":true,\"widthImage\":\"622\",\"heightImage\":\"\",\"length\":null,\"nbArticles\":null,\"chapo\":null}','fr'),(423,'{\"page\":\"1\",\"length\":250,\"titreBloc\":\"\",\"lien\":\"en savoir plus sur le cabinet\",\"widthImage\":\"238\",\"heightImage\":\"\",\"withImage\":false,\"nbArticles\":null,\"chapo\":null}','fr'),(424,'{\"titreBloc\":\"Nos prestations\",\"withImage\":true,\"widthImage\":\"622\",\"heightImage\":\"\",\"length\":null,\"nbArticles\":null,\"lien\":\"\",\"chapo\":null}','fr'),(425,'{\"titreBloc\":\"Les autres prestations du Cabinet\",\"nbArticles\":0,\"length\":0,\"chapo\":\"0\",\"withImage\":true,\"nbImagesMissions\":null,\"widthImage\":\"238\",\"heightImage\":\"\",\"lien\":\"\"}','fr'),(430,'{\"titreBloc\":\"AGENDA\",\"lien\":\"Ech\\u00e9ances du mois\",\"nbArticles\":3,\"length\":70,\"widthImage\":\"\",\"heightImage\":\"\",\"withImage\":false,\"chapo\":null}','fr'),(431,'{\"type\":\"2\",\"titreBloc\":\"\",\"lien\":\"TOUTES LES ACTUALITES DU CABINET\",\"nbArticles\":1,\"length\":250,\"chapo\":\"0\",\"withImage\":true,\"widthImage\":\"238\",\"heightImage\":\"\"}','fr'),(432,'{\"titreBloc\":\"\",\"lien\":\"Toutes nos prestations\",\"nbArticles\":1,\"length\":350,\"chapo\":\"0\",\"withImage\":true,\"widthImage\":\"238\",\"heightImage\":\"\"}','fr'),(433,'{\"type\":\"2\",\"maxPerPage\":null,\"titreBloc\":\"\",\"nbArticles\":0,\"length\":0,\"chapo\":\"0\",\"withImage\":true,\"widthImage\":\"238\",\"heightImage\":\"\",\"lien\":\"\",\"navTop\":false,\"navBottom\":false}','fr'),(434,'{\"type\":\"2\",\"titreBloc\":\"\",\"withImage\":true,\"heightImage\":\"270\",\"widthImage\":\"\",\"length\":null,\"nbArticles\":null,\"lien\":\"\",\"chapo\":null}','fr'),(435,'{\"type\":\"2\",\"titreBloc\":\"Les autres actualit\\u00e9s de l\'association\",\"nbArticles\":0,\"length\":0,\"chapo\":\"0\",\"withImage\":true,\"widthImage\":\"200\",\"heightImage\":\"\",\"lien\":\"\"}','fr'),(437,'{\"titreBloc\":\"Les autres offres de recrutement\",\"nbArticles\":0,\"length\":200,\"lien\":\"\",\"withImage\":true,\"widthImage\":\"200\",\"heightImage\":\"\",\"chapo\":null}','fr'),(438,'{\"titreBloc\":\"Recrutement\",\"withImage\":true,\"widthImage\":\"200\",\"heightImage\":\"\",\"length\":null,\"nbArticles\":null,\"lien\":\"\",\"chapo\":null}','fr'),(439,'{\"titreBloc\":\"Les autres offres de recrutement\",\"nbArticles\":0,\"length\":100,\"lien\":\"\",\"withImage\":true,\"widthImage\":\"200\",\"heightImage\":\"\",\"chapo\":null}','fr'),(440,'{\"titreBloc\":\"Actualit\\u00e9s \\u00e0 la une\",\"length\":300,\"nbArticles\":3,\"section\":[\"556\",\"552\",\"554\"],\"lien\":\"Les actus en \",\"withImage\":true,\"widthImage\":\"\",\"heightImage\":\"\",\"chapo\":null,\"justTitle\":false}','fr'),(442,'{\"titreBloc\":\"La question \\u00e0 la une\",\"length\":0,\"nbArticles\":1,\"section\":[\"562\",\"565\",\"561\"],\"lien\":\"Les autres questions r\\u00e9ponses en\",\"widthImage\":\"\",\"heightImage\":\"\",\"withImage\":false,\"chapo\":null,\"justTitle\":false}','fr'),(443,'{\"titreBloc\":\"Actualit\\u00e9s\",\"length\":80,\"nbArticles\":3,\"section\":[\"556\",\"552\",\"554\"],\"lien\":\"Les autres actualit\\u00e9s en\",\"widthImage\":\"238\",\"heightImage\":\"\",\"withImage\":false,\"chapo\":null,\"justTitle\":false}','fr'),(444,'{\"orderField\":\"position\",\"orderType\":\"asc\",\"maxPerPage\":5,\"navTop\":false,\"navBottom\":false}','fr'),(452,'{\"titreBloc\":\"Toutes nos prestations\",\"nbArticles\":0,\"length\":0,\"chapo\":\"0\",\"withImage\":true,\"nbImagesMissions\":null,\"widthImage\":\"238\",\"heightImage\":\"\",\"lien\":\"\"}','fr'),(454,'{\"titreBloc\":\"\"}','fr'),(496,'{\"titreBloc\":\"Dessin de la semaine\",\"effect\":\"fade\",\"lien\":\"LES AUTRES DESSINS\",\"widthImage\":\"\",\"heightImage\":\"\",\"length\":null,\"withImage\":false,\"nbArticles\":null,\"chapo\":null,\"filDActu\":false}','fr'),(497,'{\"titreBloc\":\"\"}','fr'),(499,'[]','fr'),(500,'{\"menuType\":\"accordion\",\"ulClass\":\"\",\"menuName\":\"\",\"liClass\":\"\",\"menuClass\":\"\",\"widthImage\":\"\",\"heightImage\":\"\",\"length\":null,\"withImage\":false,\"nbArticles\":null,\"lien\":\"\",\"titreBloc\":\"\",\"chapo\":null,\"items\":[{\"link\":\"page:6561\",\"text\":\"Fil d\'actualit\\u00e9\",\"groupdisplayed\":\"\",\"secure\":0,\"nofollow\":0,\"depth\":\"0\",\"target\":\"\"},{\"link\":\"page:29464\",\"text\":\"Social\",\"groupdisplayed\":\"\",\"secure\":0,\"nofollow\":0,\"depth\":\"1\",\"target\":\"\"},{\"link\":\"page:29462\",\"text\":\"Fiscal\",\"groupdisplayed\":\"\",\"secure\":0,\"nofollow\":0,\"depth\":\"1\",\"target\":\"\"},{\"link\":\"page:29463\",\"text\":\"Juridique\",\"groupdisplayed\":\"\",\"secure\":0,\"nofollow\":0,\"depth\":\"1\",\"target\":\"\"},{\"link\":\"page:29632\",\"text\":\"Professions\",\"groupdisplayed\":\"\",\"secure\":0,\"nofollow\":0,\"depth\":\"1\",\"target\":\"\"},{\"link\":\"page:29465\",\"text\":\"\\u00c9ch\\u00e9ancier\",\"groupdisplayed\":\"\",\"secure\":0,\"nofollow\":0,\"depth\":\"1\",\"target\":\"\"}]}','fr'),(501,'{\"title\":\"\",\"text\":\"2011 - SID Presse - [mentions l\\u00e9gales](\\/mentions-legales \\\"Mentions L\\u00e9gales\\\")\\n\",\"mediaId\":null,\"titleLink\":\"\",\"mediaLink\":\"\",\"titlePosition\":\"outside\",\"width\":\"\",\"height\":\"\",\"legend\":\"\",\"method\":\"center\",\"background\":\"FFFFFF\",\"quality\":null}','fr'),(506,'{\"titreBloc\":\"Votre contact\",\"lien\":\"\",\"nbArticles\":1,\"mailTo\":true,\"withImage\":true,\"widthImage\":\"80\",\"heightImage\":\"\",\"length\":null,\"chapo\":null}','fr'),(508,'{\"titreBloc\":\"Agenda\",\"lien\":\"Ech\\u00e9ances du mois\",\"nbArticles\":3,\"length\":70,\"widthImage\":\"\",\"heightImage\":\"\",\"withImage\":false,\"chapo\":null}','fr'),(511,'{\"titreBloc\":\"DOSSIER\",\"section\":[\"511\",\"506\",\"495\",\"502\",\"498\"],\"lien\":\"\",\"nbArticles\":1,\"length\":0,\"isDossier\":true,\"widthImage\":\"\",\"heightImage\":\"\",\"withImage\":false,\"chapo\":null,\"visibleInDossier\":false}','fr'),(512,'{\"titreBloc\":\"\"}','fr'),(513,'{\"separator\":\">\",\"includeCurrent\":true,\"includeInactivePages\":true}','fr'),(514,'{\"menuType\":\"dropdown\",\"ulClass\":\"\",\"menuName\":\"\",\"liClass\":\"\",\"menuClass\":\"\",\"widthImage\":\"\",\"heightImage\":\"\",\"length\":null,\"withImage\":false,\"nbArticles\":null,\"lien\":\"\",\"titreBloc\":\"\",\"chapo\":null,\"items\":[{\"link\":\"page:1\",\"text\":\"Accueil\",\"groupdisplayed\":\"\",\"secure\":0,\"nofollow\":0,\"depth\":\"0\",\"target\":\"\"},{\"link\":\"page:20936\",\"text\":\"Le nom de l\'association\",\"groupdisplayed\":\"\",\"secure\":0,\"nofollow\":0,\"depth\":\"2\",\"target\":\"\"},{\"link\":\"page:1595\",\"text\":\"Nos prestations\",\"groupdisplayed\":\"\",\"secure\":0,\"nofollow\":0,\"depth\":\"2\",\"target\":\"\"},{\"link\":\"page:29460\",\"text\":\"Nos services\",\"groupdisplayed\":\"\",\"secure\":0,\"nofollow\":0,\"depth\":\"1\",\"target\":\"\"}]}','fr'),(515,'{\"titreBloc\":\"\"}','fr'),(517,'[]','fr'),(518,'{\"menuType\":\"accordion\",\"ulClass\":\"\",\"menuName\":\"\",\"liClass\":\"\",\"menuClass\":\"\",\"widthImage\":\"\",\"heightImage\":\"\",\"length\":null,\"withImage\":false,\"nbArticles\":null,\"lien\":\"\",\"titreBloc\":\"\",\"chapo\":null,\"items\":[{\"link\":\"page:6561\",\"text\":\"Fil d\'actualit\\u00e9\",\"groupdisplayed\":\"\",\"secure\":0,\"nofollow\":0,\"depth\":\"0\",\"target\":\"\"},{\"link\":\"page:29464\",\"text\":\"Social\",\"groupdisplayed\":\"\",\"secure\":0,\"nofollow\":0,\"depth\":\"1\",\"target\":\"\"},{\"link\":\"page:29462\",\"text\":\"Fiscal\",\"groupdisplayed\":\"\",\"secure\":0,\"nofollow\":0,\"depth\":\"1\",\"target\":\"\"},{\"link\":\"page:29463\",\"text\":\"Juridique\",\"groupdisplayed\":\"\",\"secure\":0,\"nofollow\":0,\"depth\":\"1\",\"target\":\"\"},{\"link\":\"page:29632\",\"text\":\"Professions\",\"groupdisplayed\":\"\",\"secure\":0,\"nofollow\":0,\"depth\":\"1\",\"target\":\"\"},{\"link\":\"page:29465\",\"text\":\"Ech\\u00e9ancier\",\"groupdisplayed\":\"\",\"secure\":0,\"nofollow\":0,\"depth\":\"1\",\"target\":\"\"}]}','fr'),(519,'{\"title\":\"\",\"text\":\"2011 - SID Presse - [mentions l\\u00e9gales](\\/mentions-legales \\\"Mentions L\\u00e9gales\\\")\\n\",\"mediaId\":null,\"titleLink\":\"\",\"mediaLink\":\"\",\"titlePosition\":\"outside\",\"width\":\"\",\"height\":\"\",\"legend\":\"\",\"method\":\"center\",\"background\":\"FFFFFF\",\"quality\":null}','fr'),(523,'{\"type\":\"2\",\"titreBloc\":\"Actu du cabinet\",\"lien\":\"TOUTES LES ACTUALITES DU CABINET\",\"nbArticles\":1,\"length\":200,\"chapo\":\"0\",\"withImage\":true,\"widthImage\":\"238\",\"heightImage\":\"\"}','fr'),(526,'{\"titreBloc\":\"Agenda\",\"lien\":\"Ech\\u00e9ances du mois\",\"nbArticles\":3,\"length\":70,\"widthImage\":\"\",\"heightImage\":\"\",\"withImage\":false,\"chapo\":null}','fr'),(530,'{\"titreBloc\":\"\"}','fr'),(531,'{\"separator\":\">\",\"includeCurrent\":true,\"includeInactivePages\":true}','fr'),(532,'{\"menuType\":\"dropdown\",\"ulClass\":\"\",\"menuName\":\"\",\"liClass\":\"\",\"menuClass\":\"\",\"widthImage\":\"\",\"heightImage\":\"\",\"length\":null,\"withImage\":false,\"nbArticles\":null,\"lien\":\"\",\"titreBloc\":\"\",\"chapo\":null,\"items\":[{\"link\":\"page:1\",\"text\":\"Accueil\",\"groupdisplayed\":\"\",\"secure\":0,\"nofollow\":0,\"depth\":\"0\",\"target\":\"\"},{\"link\":\"page:29410\",\"text\":\"Le nom de l\'association\",\"groupdisplayed\":\"\",\"secure\":0,\"nofollow\":0,\"depth\":\"3\",\"target\":\"\"},{\"link\":\"page:1595\",\"text\":\"Nos prestations\",\"groupdisplayed\":\"\",\"secure\":0,\"nofollow\":0,\"depth\":\"2\",\"target\":\"\"},{\"link\":\"page:29460\",\"text\":\"Nos services\",\"groupdisplayed\":\"\",\"secure\":0,\"nofollow\":0,\"depth\":\"1\",\"target\":\"\"}]}','fr'),(533,'{\"titreBloc\":\"\"}','fr'),(536,'{\"titreBloc\":\"Contact\",\"message\":\"Vous recherchez un expert-comptable ?\",\"lien\":\"Contactez nous\",\"href\":\"page:1548 Contact\",\"widthImage\":\"\",\"heightImage\":\"\",\"length\":null,\"withImage\":false,\"nbArticles\":null,\"chapo\":null}','fr'),(537,'{\"titreBloc\":\"Contact\",\"message\":\"Vous recherchez un expert-comptable ?\",\"lien\":\"Contactez nous\",\"href\":\"page:1548 Contact\",\"widthImage\":\"\",\"heightImage\":\"\",\"length\":null,\"withImage\":false,\"nbArticles\":null,\"chapo\":null}','fr'),(539,'{\"titreBloc\":\"Plan du site\"}','fr'),(542,'{\"titreBloc\":\"Actualit\\u00e9s\",\"section\":[\"500\",\"486\",\"505\",\"508\",\"504\",\"493\"],\"lien\":\"\",\"nbArticles\":1,\"length\":0,\"visibleInDossier\":true,\"widthImage\":\"\",\"heightImage\":\"\",\"withImage\":false,\"chapo\":null,\"isDossier\":false}','fr'),(547,'{\"cssClass\":null}','fr'),(551,'{\"pubsId\":[\"espacecol-250x250.swf\",\"generique-250x250.swf\",\"gestion-250x250.swf\",\"recrutement-250x250.swf\",\"services-250x250.swf\"],\"width\":250,\"height\":250,\"widthImage\":\"\",\"heightImage\":\"\",\"length\":null,\"withImage\":false,\"nbArticles\":null,\"lien\":\"\",\"titreBloc\":\"\",\"chapo\":null}','fr'),(553,'{\"pubsId\":[\"espacecol-250x250.swf\",\"generique-250x250.swf\",\"gestion-250x250.swf\",\"recrutement-250x250.swf\",\"services-250x250.swf\"],\"width\":250,\"height\":250,\"widthImage\":\"\",\"heightImage\":\"\",\"length\":null,\"withImage\":false,\"nbArticles\":null,\"lien\":\"\",\"titreBloc\":\"\",\"chapo\":null}','fr'),(554,'{\"recordId\":null,\"withImage\":true,\"widthImage\":\"622\",\"heightImage\":\"\",\"length\":null,\"nbArticles\":null,\"lien\":\"\",\"titreBloc\":\"\",\"chapo\":null}','fr'),(571,'{\"mediaId\":\"250\",\"legend\":\"\",\"width\":\"112\",\"height\":\"90\",\"method\":\"center\",\"background\":\"FFFFFF\",\"quality\":null,\"link\":\"\",\"widthImage\":\"\",\"heightImage\":\"\",\"length\":null,\"withImage\":false,\"nbArticles\":null,\"lien\":\"\",\"titreBloc\":\"\",\"chapo\":null}','fr'),(577,'{\"html\":\"<h1 class=\\\"dm_site_title\\\">{{Nomcabinet}}<\\/h1>\\n<p class=\\\"dm_site_slogan\\\">{{Slogancabinet}}<\\/p>\\n\"}','fr'),(580,'{\"facebook\":\"http:\\/\\/www.facebook.com\\/xxxx\",\"googleplus\":\"http:\\/\\/www.googleplus.com\\/xxxx\",\"linkedin\":\"http:\\/\\/www.linkedin.com\\/xxxx\",\"twitter\":\"http:\\/\\/www.twitter.com\\/xxx\"}','fr'),(582,'{\"mediaId\":\"250\",\"legend\":\"\",\"width\":\"112\",\"height\":\"90\",\"method\":\"center\",\"background\":\"FFFFFF\",\"quality\":null,\"link\":\"\",\"widthImage\":\"\",\"heightImage\":\"\",\"length\":null,\"withImage\":false,\"nbArticles\":null,\"lien\":\"\",\"titreBloc\":\"\",\"chapo\":null}','fr'),(583,'{\"html\":\"<h1 class=\\\"dm_site_title\\\">{{Nomcabinet}}<\\/h1>\\n<p class=\\\"dm_site_slogan\\\">{{Slogancabinet}}<\\/p>\"}','fr'),(584,'{\"facebook\":\"http:\\/\\/www.facebook.com\\/xxxx\",\"googleplus\":\"http:\\/\\/www.googleplus.com\\/xxxx\",\"linkedin\":\"http:\\/\\/www.linkedin.com\\/xxxx\",\"twitter\":\"http:\\/\\/www.twitter.com\\/xxx\"}','fr'),(585,'{\"facebook\":\"http:\\/\\/www.facebook.com\\/xxxx\",\"googleplus\":\"http:\\/\\/www.googleplus.com\\/xxxx\",\"linkedin\":\"http:\\/\\/www.linkedin.com\\/xxxx\",\"twitter\":\"http:\\/\\/www.twitter.com\\/xxx\"}','fr'),(586,'{\"mediaId\":\"250\",\"legend\":\"\",\"width\":\"112\",\"height\":\"90\",\"method\":\"center\",\"background\":\"FFFFFF\",\"quality\":null,\"link\":\"\",\"widthImage\":\"\",\"heightImage\":\"\",\"length\":null,\"withImage\":false,\"nbArticles\":null,\"lien\":\"\",\"titreBloc\":\"\",\"chapo\":null}','fr'),(587,'{\"html\":\"<h1 class=\\\"dm_site_title\\\">\\n\\t{{Nomcabinet}}<\\/h1>\\n<p class=\\\"dm_site_slogan\\\">\\n\\t{{Slogancabinet}}<\\/p>\\n\",\"widthImage\":\"\",\"heightImage\":\"\",\"length\":null,\"withImage\":false,\"nbArticles\":null,\"lien\":\"\",\"titreBloc\":\"\",\"chapo\":null}','fr'),(597,'{\"type\":\"2\",\"titreBloc\":\"\",\"lien\":\"vers les actus du cabinet\",\"nbArticles\":1,\"length\":300,\"chapo\":\"0\",\"withImage\":true,\"widthImage\":\"200\",\"heightImage\":\"\"}','fr'),(598,'{\"titreBloc\":\"\",\"nbArticles\":1,\"length\":200,\"lien\":\"Les autres annonces de recrutements\",\"withImage\":true,\"widthImage\":\"200\",\"heightImage\":\"\",\"chapo\":null}','fr'),(599,'{\"length\":300,\"titreBloc\":\"\",\"withImage\":true,\"widthImage\":\"200\",\"heightImage\":\"\",\"nbArticles\":null,\"lien\":\"\",\"chapo\":null}','fr'),(600,'{\"url\":\"http:\\/\\/www.lesechos.fr\\/rss\\/rss_anafi.xml\",\"title\":\"L\'actualit\\u00e9 de la bourse\",\"nbArticles\":10,\"length\":120,\"life_time\":86400,\"logo_les_echos\":true,\"widthImage\":\"\",\"heightImage\":\"\",\"withImage\":false,\"lien\":\"\",\"titreBloc\":\"\",\"chapo\":null}','fr'),(601,'{\"type\":\"2\",\"titreBloc\":\"actus du cabinet\",\"lien\":\"\",\"nbArticles\":2,\"length\":200,\"chapo\":\"0\",\"withImage\":true,\"widthImage\":\"238\",\"heightImage\":\"\"}','fr'),(602,'{\"titreBloc\":\"Dans la m\\u00eame rubrique\",\"nbArticles\":5,\"length\":200,\"chapo\":\"0\",\"withImage\":true,\"widthImage\":\"\",\"heightImage\":\"100\",\"lien\":\"\",\"justTitle\":false}','fr'),(605,'{\"html\":\"<p style=\\\"text-align: center;\\\">\\n\\t<img alt=\\\"\\\" id=\\\"ck-media-205\\\" src=\\\"\\/uploads\\/widget\\/404.jpg\\\" style=\\\"width: 496px; height: 395px;\\\" \\/><\\/p>\\n<p style=\\\"text-align: center;\\\">\\n\\t<span style=\\\"font-size:14px;\\\"><span style=\\\"color: rgb(128, 0, 0);\\\"><strong>Erreur 404<br \\/>\\n\\t<\\/strong><\\/span><\\/span><\\/p>\\n<p style=\\\"text-align: center;\\\">\\n\\t<span style=\\\"font-size: 14px;\\\"><span style=\\\"color: rgb(128, 0, 0);\\\"><strong>Cette page est introuvable.<\\/strong><\\/span><\\/span><\\/p>\\n\",\"widthImage\":\"\",\"heightImage\":\"\",\"length\":null,\"withImage\":false,\"nbArticles\":null,\"lien\":\"\",\"titreBloc\":\"\",\"chapo\":null}','fr'),(606,'{\"length\":200,\"titreBloc\":\"En savoir plus sur le cabinet\",\"withImage\":true,\"widthImage\":\"200\",\"heightImage\":\"\",\"nbArticles\":null,\"lien\":\"\",\"chapo\":null}','fr'),(613,'{\"titreBloc\":\"\",\"civ\":true,\"resume_team\":true,\"withImage\":true,\"widthImage\":\"110\",\"heightImage\":\"\",\"length\":null,\"nbArticles\":null,\"lien\":\"\",\"chapo\":null}','fr'),(615,'{\"titreBloc\":\"\",\"resume_town\":true,\"length\":0,\"withImage\":true,\"widthImage\":\"200\",\"heightImage\":\"\",\"nbArticles\":null,\"lien\":\"\",\"chapo\":null}','fr'),(616,'{\"titreBloc\":\"Nos autres implantations\",\"length\":0,\"withImage\":true,\"widthImage\":\"200\",\"heightImage\":\"\",\"nbArticles\":null,\"lien\":\"\",\"chapo\":null,\"resume_town\":false}','fr'),(621,'{\"titreBloc\":\"Nos implantations\",\"length\":0,\"withResume\":true,\"smartGoogleMap\":true,\"widthImage\":\"\",\"heightImage\":\"\",\"withImage\":false,\"nbArticles\":null,\"lien\":\"\",\"chapo\":null}','fr'),(622,'{\"address\":\"\",\"mapTypeId\":\"roadmap\",\"zoom\":\"14\",\"navigationControl\":true,\"width\":\"494px\",\"height\":\"252px\",\"splash\":\"\",\"titreBloc\":\"\",\"length\":0,\"withResume\":true,\"smartGoogleMap\":false,\"widthImage\":\"\",\"heightImage\":\"\",\"withImage\":false,\"nbArticles\":null,\"lien\":\"\",\"chapo\":null,\"mapTypeControl\":false,\"scaleControl\":false,\"idCabinet\":null}','fr'),(623,'{\"page\":\"1\",\"length\":300,\"titreBloc\":\"\",\"lien\":\"Vers la pr\\u00e9sentation du cabinet\",\"withImage\":true,\"widthImage\":\"200\",\"heightImage\":\"\",\"nbArticles\":null,\"chapo\":null}','fr'),(625,'[]','fr'),(626,'{\"cssClass\":null}','fr'),(627,'[]','fr'),(628,'[]','fr'),(629,'[]','fr'),(630,'[]','fr'),(631,'[]','fr'),(632,'[]','fr'),(633,'[]','fr'),(634,'[]','fr'),(636,'[]','fr'),(637,'[]','fr'),(638,'{\"cssClass\":null}','fr'),(639,'{\"cssClass\":null}','fr'),(640,'[]','fr'),(641,'{\"cssClass\":null}','fr'),(642,'{\"html\":\"<h1 class=\\\"title\\\">\\n\\tSimulateurs<\\/h1>\\n<div class=\\\"text_content\\\">\\n\\t<div class=\\\"markdown text_markdown\\\">\\n\\t\\t<h2 id=\\\"calculs-financiers-placements\\\">\\n\\t\\t\\tCalculs financiers : placements<\\/h2>\\n\\t\\t<p class=\\\"dm_first_p\\\">\\n\\t\\t\\tCe module vous permet de calculer la valeur acquise et le taux de rendement d&#39;un placement selon deux modes de versement : un capital plac&eacute; &agrave; int&eacute;r&ecirc;ts compos&eacute;s et une suite de versements constants ou non.<\\/p>\\n\\t\\t<ul>\\n\\t\\t\\t<li>\\n\\t\\t\\t\\t<a class=\\\"link\\\" href=\\\"simulateurs\\/valeur-acquise-par-un-capital-place-a-interets-composes-pendant-une-duree-determinee\\\" title=\\\"Valeur acquise par un capital plac\\u00e9 \\u00e0 int\\u00e9r\\u00eats compos\\u00e9s pendant une dur\\u00e9e d\\u00e9termin\\u00e9e \\\">Valeur acquise par un capital plac&eacute; &agrave; int&eacute;r&ecirc;ts compos&eacute;s pendant une dur&eacute;e d&eacute;termin&eacute;e<\\/a><\\/li>\\n\\t\\t\\t<li>\\n\\t\\t\\t\\t<a class=\\\"link\\\" href=\\\"simulateurs\\/valeur-acquise-par-une-suite-de-versements-constants\\\">Valeur acquise par une suite de versements constants<\\/a><\\/li>\\n\\t\\t\\t<li>\\n\\t\\t\\t\\t<a class=\\\"link\\\" href=\\\"simulateurs\\/taux-de-rendement-dun-capital\\\" title=\\\"Taux de rendement d\'un capital \\\">Taux de rendement d&#39;un capital<\\/a><\\/li>\\n\\t\\t\\t<li>\\n\\t\\t\\t\\t<a class=\\\"link\\\" href=\\\"simulateurs\\/taux-de-rendement-dune-suite-de-versement\\\" title=\\\"Taux de rendement d\'une suite de versement \\\">Taux de rendement d&#39;une suite de versement<\\/a><\\/li>\\n\\t\\t<\\/ul>\\n\\t\\t<h2 id=\\\"calculs-financiers-emprunts\\\">\\n\\t\\t\\tCalculs financiers : emprunts<\\/h2>\\n\\t\\t<p>\\n\\t\\t\\tCe module vous permet de calculer une donn&eacute;e connaissant les 3 autres ; les donn&eacute;es &eacute;tant : le capital emprunt&eacute;, la dur&eacute;e, le montant du versement p&eacute;riodique et le taux.<\\/p>\\n\\t\\t<ul>\\n\\t\\t\\t<li>\\n\\t\\t\\t\\t<a class=\\\"link\\\" href=\\\"simulateurs\\/calcul-du-capital-emprunte\\\" title=\\\"Calcul du capital emprunt\\u00e9 \\\">Calcul du capital emprunt&eacute;<\\/a><\\/li>\\n\\t\\t\\t<li>\\n\\t\\t\\t\\t<a class=\\\"link\\\" href=\\\"simulateurs\\/calcul-de-la-duree-selon-votre-capacite-de-remboursement\\\" title=\\\"Calcul de la dur\\u00e9e (selon votre capacit\\u00e9 de remboursement) \\\">Calcul de la dur&eacute;e (selon votre capacit&eacute; de remboursement)<\\/a><\\/li>\\n\\t\\t\\t<li>\\n\\t\\t\\t\\t<a class=\\\"link\\\" href=\\\"simulateurs\\/calcul-du-versement-periodique\\\" title=\\\"Calcul du versement p\\u00e9riodique \\\">Calcul du versement p&eacute;riodique<\\/a><\\/li>\\n\\t\\t\\t<li>\\n\\t\\t\\t\\t<a class=\\\"link\\\" href=\\\"simulateurs\\/calcul-du-taux\\\" title=\\\"Calcul du taux \\\">Calcul du taux<\\/a><\\/li>\\n\\t\\t<\\/ul>\\n\\t\\t<h2 id=\\\"calculs-financiers-credit-bail\\\">\\n\\t\\t\\tCalculs financiers : cr&eacute;dit-bail<\\/h2>\\n\\t\\t<p>\\n\\t\\t\\tCette fonction permet de conna&icirc;tre le taux d&#39;int&eacute;r&ecirc;t r&eacute;el (proportionnel et &eacute;quivalent) d&#39;un cr&eacute;dit-bail.<br \\/>\\n\\t\\t\\tUne soci&eacute;t&eacute; de cr&eacute;dit-bail propose le financement d&#39;un v&eacute;hicule, vous souhaitez comparer le taux d&#39;int&eacute;r&ecirc;t de ce cr&eacute;dit-bail avec les taux en vigueur sur le march&eacute; bancaire. Ce calcul vous aide &agrave; faire le choix du financement : emprunt ou cr&eacute;dit-bail.<\\/p>\\n\\t\\t<ul>\\n\\t\\t\\t<li>\\n\\t\\t\\t\\t<a class=\\\"link\\\" href=\\\"simulateurs\\/calcul-des-loyers-constants\\\" title=\\\"Calcul des loyers (constants) \\\">Calcul des loyers (constants)<\\/a><\\/li>\\n\\t\\t\\t<li>\\n\\t\\t\\t\\t<a class=\\\"link\\\" href=\\\"simulateurs\\/calcul-du-taux-reel-cout-reel-du-credit-bail\\\" title=\\\"Calcul du taux r\\u00e9el (co\\u00fbt r\\u00e9el du cr\\u00e9dit-bail) \\\">Calcul du taux r&eacute;el (co&ucirc;t r&eacute;el du cr&eacute;dit-bail)<\\/a><\\/li>\\n\\t\\t\\t<li>\\n\\t\\t\\t\\t<a class=\\\"link\\\" href=\\\"simulateurs\\/calcul-de-la-duree\\\">Calcul de la dur&eacute;e<\\/a><\\/li>\\n\\t\\t<\\/ul>\\n\\t\\t<h2 id=\\\"conges-payes\\\">\\n\\t\\t\\tCong&eacute;s pay&eacute;s<\\/h2>\\n\\t\\t<ul>\\n\\t\\t\\t<li>\\n\\t\\t\\t\\t<a class=\\\"link\\\" href=\\\"simulateurs\\/absences-et-conges-du-salarie\\\" title=\\\"Absences et cong\\u00e9s du salari\\u00e9 \\\">Absences et cong&eacute;s du salari&eacute;<\\/a><\\/li>\\n\\t\\t\\t<li>\\n\\t\\t\\t\\t<a class=\\\"link\\\" href=\\\"simulateurs\\/correspondance-jours-ouvres\\/jours-ouvrables\\\" title=\\\"Correspondance jours ouvr\\u00e9s\\/jours ouvrables \\\">Correspondance jours ouvr&eacute;s\\/jours ouvrables<\\/a><\\/li>\\n\\t\\t<\\/ul>\\n\\t\\t<h2 id=\\\"autres-simulateurs\\\">\\n\\t\\t\\tAutres simulateurs<\\/h2>\\n\\t\\t<ul>\\n\\t\\t\\t<li>\\n\\t\\t\\t\\t<a class=\\\"link\\\" href=\\\"simulateurs\\/seuil-de-rentabilite-estimation-rapide\\\" title=\\\"Seuil de rentabilit\\u00e9 (estimation rapide) \\\">Seuil de rentabilit&eacute; (estimation rapide)<\\/a><\\/li>\\n\\t\\t\\t<li>\\n\\t\\t\\t\\t<a class=\\\"link\\\" href=\\\"simulateurs\\/calcul-des-frais-kilometriques-vehicules-automobiles\\\">Calcul des frais kilom&eacute;triques : v&eacute;hicules automobiles<\\/a><\\/li>\\n\\t\\t\\t<li>\\n\\t\\t\\t\\t<a class=\\\"link\\\" href=\\\"simulateurs\\/versement-transport\\\" title=\\\"Versement transport \\\">Versement transport<\\/a><\\/li>\\n\\t\\t<\\/ul>\\n\\t<\\/div>\\n<\\/div>\",\"widthImage\":\"\",\"heightImage\":\"\",\"length\":null,\"withImage\":false,\"nbArticles\":null,\"lien\":\"\",\"titreBloc\":\"\",\"chapo\":null}','fr'),(647,'{\"recordId\":null,\"nbSections\":0,\"nbArticles\":1,\"withImage\":true,\"widthImage\":\"200\",\"heightImage\":\"\",\"length\":null,\"lien\":\"\",\"titreBloc\":\"\",\"chapo\":null}','fr'),(648,'{\"mediaId\":\"253\",\"legend\":\"\",\"width\":\"622\",\"height\":\"90\",\"method\":\"center\",\"background\":\"FFFFFF\",\"quality\":null,\"link\":\"page:1 Accueil\",\"widthImage\":\"\",\"heightImage\":\"\",\"length\":null,\"withImage\":false,\"nbArticles\":null,\"lien\":\"\",\"titreBloc\":\"\",\"chapo\":null}','fr'),(649,'{\"mediaId\":\"253\",\"legend\":\"\",\"width\":\"622\",\"height\":\"90\",\"method\":\"center\",\"background\":\"FFFFFF\",\"quality\":null,\"link\":\"page:1 Accueil\",\"widthImage\":\"\",\"heightImage\":\"\",\"length\":null,\"withImage\":false,\"nbArticles\":null,\"lien\":\"\",\"titreBloc\":\"\",\"chapo\":null}','fr'),(650,'{\"mediaId\":\"253\",\"legend\":\"\",\"width\":\"622\",\"height\":\"90\",\"method\":\"center\",\"background\":\"FFFFFF\",\"quality\":null,\"link\":\"page:1 Accueil\",\"widthImage\":\"\",\"heightImage\":\"\",\"length\":null,\"withImage\":false,\"nbArticles\":null,\"lien\":\"\",\"titreBloc\":\"\",\"chapo\":null}','fr'),(651,'{\"menuType\":\"default\",\"ulClass\":\"\",\"menuName\":\"\",\"liClass\":\"\",\"menuClass\":\"\",\"widthImage\":\"\",\"heightImage\":\"\",\"length\":null,\"withImage\":false,\"nbArticles\":null,\"lien\":\"\",\"titreBloc\":\"\",\"chapo\":null,\"items\":[{\"link\":\"page:8418\",\"text\":\"Plan du site\",\"groupdisplayed\":\"\",\"secure\":0,\"nofollow\":0,\"depth\":\"0\",\"target\":\"\"},{\"link\":\"page:1548\",\"text\":\"Contact\",\"groupdisplayed\":\"\",\"secure\":0,\"nofollow\":0,\"depth\":\"0\",\"target\":\"\"},{\"link\":\"page:23218\",\"text\":\"Plan d\'acc\\u00e8s\",\"groupdisplayed\":\"\",\"secure\":0,\"nofollow\":0,\"depth\":\"0\",\"target\":\"\"},{\"link\":\"http:\\/\\/abonnes.expertinfos.com\\/login.php\",\"text\":\"Administration\",\"groupdisplayed\":\"\",\"secure\":0,\"nofollow\":0,\"depth\":\"0\",\"target\":\"\"}]}','fr'),(652,'{\"menuType\":\"default\",\"ulClass\":\"\",\"menuName\":\"\",\"liClass\":\"\",\"menuClass\":\"\",\"widthImage\":\"\",\"heightImage\":\"\",\"length\":null,\"withImage\":false,\"nbArticles\":null,\"lien\":\"\",\"titreBloc\":\"\",\"chapo\":null,\"items\":[{\"link\":\"page:8418\",\"text\":\"Plan du site\",\"groupdisplayed\":\"\",\"secure\":0,\"nofollow\":0,\"depth\":\"0\",\"target\":\"\"},{\"link\":\"page:1548\",\"text\":\"Contact\",\"groupdisplayed\":\"\",\"secure\":0,\"nofollow\":0,\"depth\":\"0\",\"target\":\"\"},{\"link\":\"page:23218\",\"text\":\"Plan d\'acc\\u00e8s\",\"groupdisplayed\":\"\",\"secure\":0,\"nofollow\":0,\"depth\":\"0\",\"target\":\"\"},{\"link\":\"http:\\/\\/abonnes.expertinfos.com\\/login.php\",\"text\":\"Administration\",\"groupdisplayed\":\"\",\"secure\":0,\"nofollow\":0,\"depth\":\"0\",\"target\":\"\"}]}','fr'),(653,'{\"menuType\":\"default\",\"ulClass\":\"\",\"menuName\":\"\",\"liClass\":\"\",\"menuClass\":\"\",\"widthImage\":\"\",\"heightImage\":\"\",\"length\":null,\"withImage\":false,\"nbArticles\":null,\"lien\":\"\",\"titreBloc\":\"\",\"chapo\":null,\"items\":[{\"link\":\"page:8418\",\"text\":\"Plan du site\",\"groupdisplayed\":\"\",\"secure\":0,\"nofollow\":0,\"depth\":\"0\",\"target\":\"\"},{\"link\":\"page:1548\",\"text\":\"Contact\",\"groupdisplayed\":\"\",\"secure\":0,\"nofollow\":0,\"depth\":\"0\",\"target\":\"\"},{\"link\":\"page:23218\",\"text\":\"Plan d\'acc\\u00e8s\",\"groupdisplayed\":\"\",\"secure\":0,\"nofollow\":0,\"depth\":\"0\",\"target\":\"\"},{\"link\":\"http:\\/\\/abonnes.expertinfos.com\\/login.php\",\"text\":\"Administration\",\"groupdisplayed\":\"\",\"secure\":0,\"nofollow\":0,\"depth\":\"0\",\"target\":\"\"}]}','fr'),(656,'{\"titreBloc\":\"\",\"defaultInfos\":true,\"text\":\"\",\"widthImage\":\"\",\"heightImage\":\"\",\"length\":null,\"withImage\":false,\"nbArticles\":null,\"lien\":\"\",\"chapo\":null}','fr'),(658,'{\"titreBloc\":\"Contact\",\"message\":\"Vous recherchez un expert-comptable ?\",\"lien\":\"Contactez nous\",\"href\":\"page:1548 Contact\",\"widthImage\":\"\",\"heightImage\":\"\",\"length\":null,\"withImage\":false,\"nbArticles\":null,\"chapo\":null}','fr'),(659,'{\"orderField\":\"position\",\"orderType\":\"asc\",\"maxPerPage\":50,\"navTop\":false,\"navBottom\":false}','fr'),(663,'{\"orderField\":\"id\",\"orderType\":\"asc\",\"maxPerPage\":5,\"navTop\":false,\"navBottom\":false}','fr'),(665,'{\"menuType\":\"default\",\"ulClass\":\"\",\"menuName\":\"\",\"liClass\":\"\",\"menuClass\":\"\",\"widthImage\":\"\",\"heightImage\":\"\",\"length\":null,\"withImage\":false,\"nbArticles\":null,\"lien\":\"\",\"titreBloc\":\"\",\"chapo\":null,\"items\":[{\"link\":\"page:1548\",\"text\":\"Contact\",\"groupdisplayed\":\"\",\"secure\":0,\"nofollow\":0,\"depth\":\"0\",\"target\":\"\"},{\"link\":\"page:23218\",\"text\":\"Plan d\'acc\\u00e8s\",\"groupdisplayed\":\"\",\"secure\":0,\"nofollow\":0,\"depth\":\"0\",\"target\":\"\"}]}','fr'),(666,'{\"menuType\":\"default\",\"ulClass\":\"\",\"menuName\":\"\",\"liClass\":\"\",\"menuClass\":\"\",\"widthImage\":\"\",\"heightImage\":\"\",\"length\":null,\"withImage\":false,\"nbArticles\":null,\"lien\":\"\",\"titreBloc\":\"\",\"chapo\":null,\"items\":[{\"link\":\"page:1548\",\"text\":\"Contact\",\"groupdisplayed\":\"\",\"secure\":0,\"nofollow\":0,\"depth\":\"0\",\"target\":\"\"},{\"link\":\"page:23218\",\"text\":\"Plan d\'acc\\u00e8s\",\"groupdisplayed\":\"\",\"secure\":0,\"nofollow\":0,\"depth\":\"0\",\"target\":\"\"}]}','fr'),(667,'{\"menuType\":\"default\",\"ulClass\":\"\",\"menuName\":\"\",\"liClass\":\"\",\"menuClass\":\"\",\"widthImage\":\"\",\"heightImage\":\"\",\"length\":null,\"withImage\":false,\"nbArticles\":null,\"lien\":\"\",\"titreBloc\":\"\",\"chapo\":null,\"items\":[{\"link\":\"page:1548\",\"text\":\"Contact\",\"groupdisplayed\":\"\",\"secure\":0,\"nofollow\":0,\"depth\":\"0\",\"target\":\"\"},{\"link\":\"page:23218\",\"text\":\"Plan d\'acc\\u00e8s\",\"groupdisplayed\":\"\",\"secure\":0,\"nofollow\":0,\"depth\":\"0\",\"target\":\"\"}]}','fr'),(668,'{\"recordId\":null,\"titreBloc\":\"\",\"withImage\":true,\"widthImage\":\"622\",\"heightImage\":\"324\",\"length\":null,\"nbArticles\":null,\"lien\":\"\",\"chapo\":null,\"withDate\":false,\"withResume\":false}','fr'),(672,'{\"recordId\":\"1\"}','fr'),(673,'{\"titreBloc\":\"\",\"nbArticles\":0,\"length\":0,\"withImage\":true,\"nbImages\":1,\"widthImage\":\"238\",\"heightImage\":\"85\",\"withDate\":true,\"withResume\":true,\"lien\":\"\",\"chapo\":null}','fr');
/*!40000 ALTER TABLE `dm_widget_translation` ENABLE KEYS */;
UNLOCK TABLES;

--
-- Dumping data for table `dm_zone`
--

LOCK TABLES `dm_zone` WRITE;
/*!40000 ALTER TABLE `dm_zone` DISABLE KEYS */;
INSERT INTO `dm_zone` (`id`, `dm_area_id`, `css_class`, `width`, `position`) VALUES (1,1,NULL,NULL,-1),(2,2,NULL,NULL,-2),(6,6,NULL,NULL,-6),(7,7,NULL,NULL,-7),(9,9,NULL,NULL,-9),(10,10,NULL,NULL,-10),(11,11,NULL,NULL,-11),(12,12,NULL,NULL,-12),(18,3,NULL,NULL,4),(21,15,NULL,NULL,-15),(35,29,NULL,NULL,-29),(39,31,NULL,NULL,-31),(40,4,'derniers_articles_colonne','',2),(41,32,NULL,NULL,-32),(42,33,NULL,NULL,-33),(45,34,NULL,NULL,-34),(47,36,NULL,NULL,-36),(49,38,NULL,NULL,-38),(53,42,NULL,NULL,-42),(54,43,NULL,NULL,-43),(55,44,NULL,NULL,-44),(63,52,NULL,NULL,-52),(65,5,NULL,NULL,2),(68,56,NULL,NULL,-56),(69,57,NULL,NULL,-57),(71,59,NULL,NULL,-59),(74,62,NULL,NULL,-62),(75,63,NULL,NULL,-63),(76,64,NULL,NULL,-64),(77,65,NULL,NULL,1),(78,66,NULL,NULL,-65),(79,67,NULL,NULL,-66),(80,68,NULL,NULL,-67),(81,69,NULL,NULL,-68),(83,71,NULL,NULL,-70),(84,72,NULL,NULL,-71),(85,73,NULL,NULL,-72),(100,88,NULL,NULL,-80),(101,89,NULL,NULL,-81),(102,90,NULL,NULL,-82),(103,91,NULL,NULL,-83),(104,92,NULL,NULL,-84),(121,109,NULL,NULL,-85),(122,110,NULL,NULL,4),(123,111,'derniers_articles_colonne','',2),(124,112,NULL,NULL,-6),(125,113,'toto','',1),(126,114,NULL,NULL,-67),(127,115,NULL,NULL,-68),(128,116,NULL,NULL,-83),(129,117,NULL,NULL,-84),(130,118,NULL,NULL,4),(131,119,'derniers_articles_colonne','',2),(132,120,NULL,NULL,-6),(133,121,NULL,NULL,1),(134,122,NULL,NULL,-67),(135,123,NULL,NULL,-68),(136,124,NULL,NULL,-83),(137,125,NULL,NULL,-84),(138,126,NULL,NULL,-86),(149,137,NULL,NULL,-89),(150,138,NULL,NULL,-90),(151,139,NULL,NULL,-91),(152,140,NULL,NULL,-92),(153,141,NULL,NULL,-93),(154,142,NULL,NULL,-94),(155,143,NULL,NULL,-95),(156,144,NULL,NULL,-96),(157,145,NULL,NULL,-97),(158,146,NULL,NULL,-98),(159,147,NULL,NULL,-99),(160,148,NULL,NULL,-100),(161,149,NULL,NULL,-101),(162,150,NULL,NULL,-102),(163,151,NULL,NULL,-103),(164,152,NULL,NULL,-104),(165,153,NULL,NULL,-105),(166,154,NULL,NULL,-106),(167,155,NULL,NULL,-107),(168,156,NULL,NULL,-108),(169,157,NULL,NULL,-109),(170,158,NULL,NULL,-110),(171,159,NULL,NULL,-111),(173,161,NULL,NULL,-112);
/*!40000 ALTER TABLE `dm_zone` ENABLE KEYS */;
UNLOCK TABLES;

--
-- Dumping data for table `sid_actu_article`
--

LOCK TABLES `sid_actu_article` WRITE;
/*!40000 ALTER TABLE `sid_actu_article` DISABLE KEYS */;
INSERT INTO `sid_actu_article` (`id`, `image`, `file`, `title_file`, `is_active`, `created_by`, `updated_by`, `position`) VALUES (32,NULL,NULL,'',1,1,1,-1),(33,NULL,NULL,'',1,1,1,-2),(34,NULL,NULL,'',1,1,1,-3);
/*!40000 ALTER TABLE `sid_actu_article` ENABLE KEYS */;
UNLOCK TABLES;

--
-- Dumping data for table `sid_actu_article_sid_rubrique`
--

LOCK TABLES `sid_actu_article_sid_rubrique` WRITE;
/*!40000 ALTER TABLE `sid_actu_article_sid_rubrique` DISABLE KEYS */;
/*!40000 ALTER TABLE `sid_actu_article_sid_rubrique` ENABLE KEYS */;
UNLOCK TABLES;

--
-- Dumping data for table `sid_actu_article_translation`
--

LOCK TABLES `sid_actu_article_translation` WRITE;
/*!40000 ALTER TABLE `sid_actu_article_translation` DISABLE KEYS */;
INSERT INTO `sid_actu_article_translation` (`id`, `title`, `resume`, `text`, `debut_date`, `fin_date`, `lang`, `version`, `created_at`, `updated_at`) VALUES (32,'Nouveau bureau  Ville !','Dbut juillet, le nom de lassociation ouvrira un nouvel espace pour vous  Ville, adresse nouveau bureau.','Des formations sont pr&eacute;vues d&egrave;s le mois &laquo;nom du mois&nbsp;&raquo;sur ce site o&ugrave; &laquo;Nom Permanent&nbsp;&raquo;, notre permanent, vous accueillera.<br />\r\nPLAN D&#39;ACCES (avec Google Maps) : <a href=\"http://maps.google.fr/maps?f=q&amp;source=s_q&amp;hl=fr&amp;geocode=&amp;q=4+Rue+Bisson,+Nantes&amp;sll=46.75984,1.738281&amp;sspn=11.035102,18.061523&amp;ie=UTF8&amp;hq=&amp;hnear=4+Rue+Bisson,+44100+Nantes,+Loire-Atlantique,+Pays+de+la+Loire&amp;t=h&amp;z=16\">maps.google.fr/maps</a>',NULL,NULL,'fr',2,'2012-07-05 14:06:02','2012-07-05 14:25:48'),(33,'Assemble gnrale','Lassociation nom de lassociation vous convie  son assemble gnrale le JJ/MM   HH:MM. Nous vous prsenterons le bilan de lanne passe et les orientations possibles pour lanne prochaine.','Nous vous remettrons le programme de formation du &laquo;&nbsp;num&eacute;ro&nbsp;&raquo; semestre. A l&rsquo;issue de l&rsquo;assembl&eacute;e, nous aurions le plaisir de pouvoir poursuivre la discussion de mani&egrave;re plus informelle autour d&rsquo;un cocktail.<br />\r\nPour conna&icirc;tre les modalit&eacute;s d&rsquo;inscription, contactez notre permanent ou t&eacute;l&eacute;chargez votre bulletin de participation&nbsp;:<br />\r\n&laquo;Nom permanent&nbsp;&raquo;<br />\r\n&laquo;Email permanent&nbsp;&raquo;<br />\r\n&laquo;T&eacute;l permanent&nbsp;&raquo;',NULL,NULL,'fr',2,'2012-07-05 14:09:00','2012-07-05 14:25:00'),(34,'Les actualits du centre','EXPERT INFOS a dvelopp pour les Associations de Gestion Agres des sites internet spcifiques avec des contenus et rubriques adapts et modulables comme par exemple cette rubrique Les actualits de lassociation.','<style type=\"text/css\">\r\n<!--\r\n		@page { margin: 2cm }\r\n		P { margin-bottom: 0.21cm }\r\n	--></style>\r\n<p style=\"margin-bottom: 0cm\">\r\n	<i>Contactez-nous pour en savoir plus&nbsp;: T&eacute;l. 05 49 60 31 92 / Email <a href=\"mailto:contact@expertinfos.com\">contact@expertinfos.com</a></i></p>\r\n',NULL,NULL,'fr',3,'2012-07-05 14:18:23','2012-07-05 14:24:49');
/*!40000 ALTER TABLE `sid_actu_article_translation` ENABLE KEYS */;
UNLOCK TABLES;

--
-- Dumping data for table `sid_actu_article_translation_version`
--

LOCK TABLES `sid_actu_article_translation_version` WRITE;
/*!40000 ALTER TABLE `sid_actu_article_translation_version` DISABLE KEYS */;
INSERT INTO `sid_actu_article_translation_version` (`id`, `lang`, `title`, `resume`, `text`, `debut_date`, `fin_date`, `version`) VALUES (32,'fr','NOUVEAU BUREAU A VILLE!','Dbut juillet, le nom de lassociation ouvrira un nouvel espace pour vous  Ville, adresse nouveau bureau.','Des formations sont pr&eacute;vues d&egrave;s le mois &laquo;nom du mois&nbsp;&raquo;sur ce site o&ugrave; &laquo;Nom Permanent&nbsp;&raquo;, notre permanent, vous accueillera.<br />\r\nPLAN D&#39;ACCES (avec Google Maps) : <a href=\"http://maps.google.fr/maps?f=q&amp;source=s_q&amp;hl=fr&amp;geocode=&amp;q=4+Rue+Bisson,+Nantes&amp;sll=46.75984,1.738281&amp;sspn=11.035102,18.061523&amp;ie=UTF8&amp;hq=&amp;hnear=4+Rue+Bisson,+44100+Nantes,+Loire-Atlantique,+Pays+de+la+Loire&amp;t=h&amp;z=16\">maps.google.fr/maps</a>',NULL,NULL,1),(32,'fr','Nouveau bureau  Ville !','Dbut juillet, le nom de lassociation ouvrira un nouvel espace pour vous  Ville, adresse nouveau bureau.','Des formations sont pr&eacute;vues d&egrave;s le mois &laquo;nom du mois&nbsp;&raquo;sur ce site o&ugrave; &laquo;Nom Permanent&nbsp;&raquo;, notre permanent, vous accueillera.<br />\r\nPLAN D&#39;ACCES (avec Google Maps) : <a href=\"http://maps.google.fr/maps?f=q&amp;source=s_q&amp;hl=fr&amp;geocode=&amp;q=4+Rue+Bisson,+Nantes&amp;sll=46.75984,1.738281&amp;sspn=11.035102,18.061523&amp;ie=UTF8&amp;hq=&amp;hnear=4+Rue+Bisson,+44100+Nantes,+Loire-Atlantique,+Pays+de+la+Loire&amp;t=h&amp;z=16\">maps.google.fr/maps</a>',NULL,NULL,2),(33,'fr','ASSEMBLEE GENERALE','Lassociation nom de lassociation vous convie  son assemble gnrale le JJ/MM   HH:MM. Nous vous prsenterons le bilan de lanne passe et les orientations possibles pour lanne prochaine.','Nous vous remettrons le programme de formation du &laquo;&nbsp;num&eacute;ro&nbsp;&raquo; semestre. A l&rsquo;issue de l&rsquo;assembl&eacute;e, nous aurions le plaisir de pouvoir poursuivre la discussion de mani&egrave;re plus informelle autour d&rsquo;un cocktail.<br />\r\nPour conna&icirc;tre les modalit&eacute;s d&rsquo;inscription, contactez notre permanent ou t&eacute;l&eacute;chargez votre bulletin de participation&nbsp;:<br />\r\n&laquo;Nom permanent&nbsp;&raquo;<br />\r\n&laquo;Email permanent&nbsp;&raquo;<br />\r\n&laquo;T&eacute;l permanent&nbsp;&raquo;',NULL,NULL,1),(33,'fr','Assemble gnrale','Lassociation nom de lassociation vous convie  son assemble gnrale le JJ/MM   HH:MM. Nous vous prsenterons le bilan de lanne passe et les orientations possibles pour lanne prochaine.','Nous vous remettrons le programme de formation du &laquo;&nbsp;num&eacute;ro&nbsp;&raquo; semestre. A l&rsquo;issue de l&rsquo;assembl&eacute;e, nous aurions le plaisir de pouvoir poursuivre la discussion de mani&egrave;re plus informelle autour d&rsquo;un cocktail.<br />\r\nPour conna&icirc;tre les modalit&eacute;s d&rsquo;inscription, contactez notre permanent ou t&eacute;l&eacute;chargez votre bulletin de participation&nbsp;:<br />\r\n&laquo;Nom permanent&nbsp;&raquo;<br />\r\n&laquo;Email permanent&nbsp;&raquo;<br />\r\n&laquo;T&eacute;l permanent&nbsp;&raquo;',NULL,NULL,2),(34,'fr','LES ACTUALITES DU CENTRE','EXPERT INFOS a dvelopp pour les Associations de Gestion Agres des sites internet spcifiques avec des contenus et rubriques adapts et modulables comme par exemple cette rubrique Les actualits de lassociation.','<style type=\"text/css\">\r\n<!--\r\n		@page { margin: 2cm }\r\n		P { margin-bottom: 0.21cm }\r\n	--></style>\r\n<p style=\"margin-bottom: 0cm\">\r\n	<i>Contactez-nous pour en savoir plus&nbsp;: T&eacute;l. 05 49 60 31 92 / Email contact@expertinfos.com</i></p>\r\n',NULL,NULL,1),(34,'fr','LES ACTUALITES DU CENTRE','EXPERT INFOS a dvelopp pour les Associations de Gestion Agres des sites internet spcifiques avec des contenus et rubriques adapts et modulables comme par exemple cette rubrique Les actualits de lassociation.','<style type=\"text/css\">\r\n<!--\r\n		@page { margin: 2cm }\r\n		P { margin-bottom: 0.21cm }\r\n	--></style>\r\n<p style=\"margin-bottom: 0cm\">\r\n	<i>Contactez-nous pour en savoir plus&nbsp;: T&eacute;l. 05 49 60 31 92 / Email <a href=\"mailto:contact@expertinfos.com\">contact@expertinfos.com</a></i></p>\r\n',NULL,NULL,2),(34,'fr','Les actualits du centre','EXPERT INFOS a dvelopp pour les Associations de Gestion Agres des sites internet spcifiques avec des contenus et rubriques adapts et modulables comme par exemple cette rubrique Les actualits de lassociation.','<style type=\"text/css\">\r\n<!--\r\n		@page { margin: 2cm }\r\n		P { margin-bottom: 0.21cm }\r\n	--></style>\r\n<p style=\"margin-bottom: 0cm\">\r\n	<i>Contactez-nous pour en savoir plus&nbsp;: T&eacute;l. 05 49 60 31 92 / Email <a href=\"mailto:contact@expertinfos.com\">contact@expertinfos.com</a></i></p>\r\n',NULL,NULL,3);
/*!40000 ALTER TABLE `sid_actu_article_translation_version` ENABLE KEYS */;
UNLOCK TABLES;

--
-- Dumping data for table `sid_actu_type`
--

LOCK TABLES `sid_actu_type` WRITE;
/*!40000 ALTER TABLE `sid_actu_type` DISABLE KEYS */;
INSERT INTO `sid_actu_type` (`id`, `is_active`, `position`) VALUES (2,1,-2);
/*!40000 ALTER TABLE `sid_actu_type` ENABLE KEYS */;
UNLOCK TABLES;

--
-- Dumping data for table `sid_actu_type_article`
--

LOCK TABLES `sid_actu_type_article` WRITE;
/*!40000 ALTER TABLE `sid_actu_type_article` DISABLE KEYS */;
INSERT INTO `sid_actu_type_article` (`id`, `sid_actu_type_id`, `sid_actu_article_id`) VALUES (25,2,32),(26,2,33),(27,2,34);
/*!40000 ALTER TABLE `sid_actu_type_article` ENABLE KEYS */;
UNLOCK TABLES;

--
-- Dumping data for table `sid_actu_type_translation`
--

LOCK TABLES `sid_actu_type_translation` WRITE;
/*!40000 ALTER TABLE `sid_actu_type_translation` DISABLE KEYS */;
INSERT INTO `sid_actu_type_translation` (`id`, `title`, `lang`, `version`, `created_at`, `updated_at`) VALUES (2,'publi sur le site','fr',2,'2011-08-19 02:05:04','2011-08-19 02:05:04');
/*!40000 ALTER TABLE `sid_actu_type_translation` ENABLE KEYS */;
UNLOCK TABLES;

--
-- Dumping data for table `sid_actu_type_translation_version`
--

LOCK TABLES `sid_actu_type_translation_version` WRITE;
/*!40000 ALTER TABLE `sid_actu_type_translation_version` DISABLE KEYS */;
INSERT INTO `sid_actu_type_translation_version` (`id`, `lang`, `title`, `version`) VALUES (2,'fr','diter sur le site',1);
/*!40000 ALTER TABLE `sid_actu_type_translation_version` ENABLE KEYS */;
UNLOCK TABLES;

--
-- Dumping data for table `sid_added_pages`
--

LOCK TABLES `sid_added_pages` WRITE;
/*!40000 ALTER TABLE `sid_added_pages` DISABLE KEYS */;
INSERT INTO `sid_added_pages` (`id`, `image`, `file1`, `file2`, `file3`, `file4`, `file5`, `title_file1`, `title_file2`, `title_file3`, `title_file4`, `title_file5`, `is_active`, `created_by`, `updated_by`, `root_id`, `lft`, `rgt`, `level`) VALUES (6,NULL,NULL,NULL,NULL,NULL,NULL,'','','','','',1,1,1,6,1,28,0),(8,NULL,NULL,NULL,NULL,NULL,NULL,'','','','','',1,1,1,6,8,9,1),(9,678,NULL,NULL,NULL,NULL,NULL,'','','','','',1,1,1,6,6,7,1),(11,NULL,NULL,NULL,NULL,NULL,NULL,'','','','','',1,1,1,6,10,27,1),(12,678,NULL,NULL,NULL,NULL,NULL,'','','','','',1,1,1,6,11,12,2),(13,NULL,NULL,NULL,NULL,NULL,NULL,'','','','','',1,1,1,6,13,20,2),(14,NULL,NULL,NULL,NULL,NULL,NULL,'','','','','',1,1,1,6,14,15,3),(15,NULL,NULL,NULL,NULL,NULL,NULL,'','','','','',1,1,1,6,16,17,3),(16,NULL,NULL,NULL,NULL,NULL,NULL,'','','','','',1,1,1,6,18,19,3),(17,NULL,NULL,NULL,NULL,NULL,NULL,'','','','','',1,1,1,6,21,26,2),(18,NULL,NULL,NULL,NULL,NULL,NULL,'','','','','',1,1,1,6,22,23,3),(19,NULL,NULL,NULL,NULL,NULL,NULL,'','','','','',1,1,1,6,24,25,3),(20,NULL,NULL,NULL,NULL,NULL,NULL,'','','','','',1,1,1,20,1,2,0);
/*!40000 ALTER TABLE `sid_added_pages` ENABLE KEYS */;
UNLOCK TABLES;

--
-- Dumping data for table `sid_added_pages_translation`
--

LOCK TABLES `sid_added_pages_translation` WRITE;
/*!40000 ALTER TABLE `sid_added_pages_translation` DISABLE KEYS */;
INSERT INTO `sid_added_pages_translation` (`id`, `title`, `resume`, `text`, `lang`, `version`, `created_at`, `updated_at`) VALUES (6,'Le nom de l\'association','','','fr',1,'2012-07-05 11:33:21','2012-07-05 11:33:21'),(8,'Votre adhsion','EXPERT INFOS a dvelopp pour les Associations de Gestion Agres des sites internet spcifiques avec des contenus et rubriques adapts et modulables comme par exemple cette rubrique Votre adhsion.','<em>EXPERT INFOS a d&eacute;velopp&eacute; pour les Associations de Gestion Agr&eacute;&eacute;es des sites internet sp&eacute;cifiques avec des contenus et rubriques adapt&eacute;s et modulables comme par exemple cette rubrique &laquo;Votre adh&eacute;sion&nbsp;&raquo;. Contactez-nous pour en savoir plus&nbsp;: T&eacute;l. 05 49 60 31 92 / Email contact@expertinfos.com</em><br />\r\n<br />\r\n<br />\r\n<strong>Qui peut adh&eacute;rer&nbsp;?</strong><br />\r\n<br />\r\n<br />\r\nVous pouvez adh&eacute;rer &agrave; &laquo;nom de l&rsquo;association&raquo; si :<br />\r\n-vous exercez une profession lib&eacute;rale ou une activit&eacute; professionnelle assimil&eacute;e dont les r&eacute;sultats sont soumis &agrave; l&#39;imp&ocirc;t sur le revenu dans la cat&eacute;gorie des b&eacute;n&eacute;fices non commerciaux (BNC),<br />\r\nvous &ecirc;tes titulaire de b&eacute;n&eacute;fices non commerciaux non professionnels (revenus de sous-location, droits d&rsquo;auteur per&ccedil;us par les h&eacute;ritiers ... )<br />\r\n-vous &ecirc;tes titulaire d&rsquo;une charge ou d&rsquo;un office.<br />\r\n<br />\r\nL&rsquo;adh&eacute;sion est possible quel que soit votre r&eacute;gime juridique (cabinet individuel ou groupement d&rsquo;exercice - SCP, soci&eacute;t&eacute; de fait, convention d&#39;exercice conjoint) ou votre mode d&rsquo;imposition (r&eacute;gime d&eacute;claratif sp&eacute;cial -micro-BNC), auto-entrepreneur ou d&eacute;claration contr&ocirc;l&eacute;e)<br />\r\n<br />\r\n<br />\r\n<strong>Quelles sont vos obligations&nbsp;?</strong><br />\r\n<br />\r\nL&rsquo;adh&eacute;sion &agrave; &laquo;nom de l&rsquo;association&raquo; vous engage au respect de certaines obligations, notamment :<br />\r\n-tenir une comptabilit&eacute; conforme aux textes en vigueur, un livre de recettes et de d&eacute;penses, un registre des immobilisations<br />\r\n-transmettre &agrave; &laquo;nom de l&rsquo;association&raquo;, chaque ann&eacute;e, dans les d&eacute;lais pr&eacute;vus, la d&eacute;claration fiscale de l&rsquo;exercice avant de la d&eacute;poser &agrave; son centre des imp&ocirc;ts<br />\r\n-informer sa client&egrave;le de sa qualit&eacute; d&rsquo;adh&eacute;rent &agrave; une association agr&eacute;&eacute;e<br />\r\n-accepter le r&egrave;glement des honoraires par ch&egrave;que libell&eacute; &agrave; son nom<br />\r\n<br />\r\n<br />\r\n<strong>Quels sont avantages fiscaux d&rsquo;une adh&eacute;sion&nbsp;?</strong><br />\r\n<br />\r\n<br />\r\nVotre adh&eacute;sion vous permet d&#39;obtenir dans des cas pr&eacute;cis (entreprise soumise au r&eacute;gime fiscal des BIC ou BA quel que soit son r&eacute;gime juridique) :<br />\r\n<br />\r\n<br />\r\n-Imposition sur le b&eacute;n&eacute;fice r&eacute;alis&eacute; (les entreprises non adh&eacute;rentes d&#39;un centre de gestion et soumises &agrave; l&#39;imp&ocirc;t sur le revenu voient leur b&eacute;n&eacute;fice major&eacute; de 25 %).<br />\r\n-R&eacute;duction d&#39;imp&ocirc;t sur le revenu : les adh&eacute;rents soumis &agrave; un r&eacute;gime simplifi&eacute; d&#39;imposition sur option peuvent, dans la limite de 915 euros, d&eacute;duire de l&#39;imp&ocirc;t les frais de tenue de comptabilit&eacute; et d&#39;adh&eacute;sion &agrave; un centre de gestion agr&eacute;&eacute;.<br />\r\n-D&eacute;duction totale du salaire du conjoint travaillant dans l&#39;entreprise (&laquo;conjoint salari&eacute;&raquo;). Pour une entreprise non adh&eacute;rente, la limite est de 2 600 euros par an.<br />\r\n<br />\r\n<br />\r\nDe surcroit, votre adh&eacute;sion au &laquo;nom de l&rsquo;association&raquo; &raquo;vous fait aussi b&eacute;n&eacute;ficier d&rsquo;une s&eacute;curit&eacute; fiscale&nbsp;: nous v&eacute;rifions la coh&eacute;rence et la vraisemblance de vos d&eacute;clarations fiscales. Nous rep&eacute;rons les &eacute;ventuelles erreurs qui peuvent, vis-&agrave;-vis de l&rsquo;administration fiscale, vous &ecirc;tre pr&eacute;judiciables. Nous vous indiquons comment les corriger.<br />\r\n<br />\r\n<br />\r\nNaturellement, vous b&eacute;n&eacute;ficiez &eacute;galement, outre les avantages fiscaux, de toutes les prestations de &laquo;nom de l&rsquo;association&raquo;(assistance gestion, formations). Consultez la rubrique &laquo;<a class=\"link\" href=\"http://aga-tenor.com/dev.php/nos-prestations\" id=\"dmPage-1595\">Nos Prestations</a><u> </u>&raquo;pour en savoir plus.<br />\r\n<br />\r\n<br />\r\nPour nous rejoindre, rendez-vous dans notre rubrique &laquo;<a class=\"link\" href=\"http://aga-tenor.com/dev.php/le-nom-de-lassociation/contact\" id=\"dmPage-1548\">Contact</a>&raquo; ou contactez-nous&nbsp;: &laquo;nom du permanent en charge des adh&eacute;sions&nbsp;&raquo;/ &laquo;email du permanent en charge des adh&eacute;sions&nbsp;&raquo;/ &laquo;T&eacute;l&eacute;phone du permanent en charge des adh&eacute;sions&nbsp;&raquo;','fr',3,'2012-07-05 11:37:42','2012-07-05 13:56:39'),(9,'Vos avantages fiscaux','EXPERT INFOS a dvelopp pour les Associations de Gestion Agres des sites internet spcifiques avec des contenus et rubriques adapts et modulables comme par exemple cette rubrique Vos Avantages fiscaux.','<em>EXPERT INFOS a d&eacute;velopp&eacute; pour les Associations de Gestion Agr&eacute;&eacute;es des sites internet sp&eacute;cifiques avec des contenus et rubriques adapt&eacute;s et modulables comme par exemple cette rubrique &laquo;Vos Avantages fiscaux&nbsp;&raquo;. Contactez-nous pour en savoir plus&nbsp;: T&eacute;l. 05 49 60 31 92 / Email contact@expertinfos.com</em><br />\r\n<br />\r\n<br />\r\nLe &laquo;nom de l&rsquo;association&raquo; &raquo;est titulaire d&rsquo;un agr&eacute;ment de l&rsquo;Administration Fiscale En adh&eacute;rant au &laquo;nom de l&rsquo;association&raquo;, vous b&eacute;n&eacute;ficiez non seulement d&rsquo;un programme de formations sp&eacute;cifiques, d&rsquo;une assistance en gestion mais &eacute;galement d&rsquo;avantages fiscaux substantiels&nbsp;:<br />\r\n<br />\r\n<br />\r\nLes permanents de &laquo;nom de l&rsquo;association&raquo; v&eacute;rifient et certifient la coh&eacute;rence et la vraisemblance de vos d&eacute;clarations vis-&agrave;-vis de l&rsquo;Administration fiscale pour vous permettre de b&eacute;n&eacute;ficier d&rsquo;avantages particuliers aux professionnels lib&eacute;raux adh&eacute;rents d&rsquo;une association de gestion agr&eacute;&eacute;e&nbsp;:<br />\r\n<br />\r\n<br />\r\n-Vous b&eacute;n&eacute;ficiez<br />\r\n-du nouveau bar&egrave;me d&rsquo;imp&ocirc;t sur le revenu qui int&egrave;gre l&rsquo;ancien abattement de 20&nbsp;%. Les b&eacute;n&eacute;fices des non-adh&eacute;rents sont major&eacute;s de 25&nbsp;%.<br />\r\n-d&rsquo;une d&eacute;duction int&eacute;grale du salaire du conjoint. (il est plafonn&eacute; &agrave; 13&nbsp;800&nbsp;&euro; pour les non-adh&eacute;rents)<br />\r\n-d&rsquo;ne r&eacute;duction d&#39;imp&ocirc;t pour frais de comptabilit&eacute; et d&#39;adh&eacute;sion pouvant aller jusqu&rsquo;&agrave; 915&nbsp;&euro; si les recettes annuelles n&#39;exc&egrave;dent pas les limites du r&eacute;gime micro-BNC (32&nbsp;000&nbsp;&euro;&nbsp;HT en 2009, 32&nbsp;100&nbsp;&euro;&nbsp;HT en 2010) et si l&#39;adh&eacute;rent a opt&eacute; pour le r&eacute;gime de la d&eacute;claration contr&ocirc;l&eacute;e.<br />\r\n<br />\r\nCes avantages fiscaux font l&#39;objet d&#39;une actualisation annuelle dans le cadre de la loi de finances.<br />\r\n<br />\r\nOutre ces avantages fiscaux votre adh&eacute;sion &agrave; &laquo;nom de l&rsquo;association&raquo; vous permet de b&eacute;n&eacute;ficier d&rsquo;outils d&rsquo;information (gestion, actualit&eacute; fiscale), de l&rsquo;accompagnement de nos permanents dans votre gestion, et de sessions de formation d&eacute;di&eacute;es au management des professions lib&eacute;rales.<br />\r\n<br />\r\n<br />\r\n<br />\r\nPour nous rejoindre, rendez-vous dans notre rubrique &laquo;Contact&raquo; (lien vers formulaire contact) ou contactez-nous&nbsp;: &laquo;nom du permanent en charge des adh&eacute;sions&nbsp;&raquo;/ &laquo;email du permanent en charge des adh&eacute;sions&nbsp;&raquo;/ &laquo;T&eacute;l&eacute;phone du permanent en charge des adh&eacute;sions&nbsp;&raquo;','fr',1,'2012-07-05 11:44:50','2012-07-05 11:44:50'),(11,'Vos formations','EXPERT INFOS a dvelopp pour les Associations de Gestion Agres des sites internet spcifiques avec des contenus et rubriques adapts et modulables comme par exemple cette rubrique Vos Formations .','Contactez-nous pour en savoir plus : T&eacute;l. 05 49 60 31 92 / Email <a href=\"mailto:contact@expertinfos.com\">contact@expertinfos.com</a><br />\r\n<p style=\"margin-bottom: 0cm\">\r\n	Le &laquo;nom de l&rsquo;association&raquo; &laquo;organise chaque ann&eacute;e des conf&eacute;rences, r&eacute;unions d&rsquo;information et des stages de formation &agrave; destination des membres adh&eacute;rents. La participation des membres adh&eacute;rents et de leur personnel aux stages de formation est gratuite car incluse dans le prix de la cotisation annuelle.</p>\r\n<p style=\"margin-bottom: 0cm\">\r\n	Les th&egrave;mes abord&eacute;s lors des s&eacute;ances de formation concernent la gestion sp&eacute;cifique des professions lib&eacute;rales ainsi des focus sur vos secteurs d&rsquo;activit&eacute; (juridique, m&eacute;dical, etc.)</p>\r\n<p style=\"margin-bottom: 0cm\">\r\n	Pour la plupart des formations, vous serez accueilli dans nos locaux situ&eacute;s &laquo;adresse du bureau de l&rsquo;association&raquo;. <a class=\"link\" href=\"http://aga-tenor.com/dev.php/le-nom-de-lassociation/plan-dacces\" id=\"dmPage-23218\">Plan d&#39;acc&egrave;s</a></p>\r\n<p style=\"margin-bottom: 0cm\">\r\n	Consultez le programme et t&eacute;l&eacute;chargez les bulletins d&rsquo;inscription pour r&eacute;server vos places.</p>\r\n','fr',3,'2012-07-05 14:50:05','2012-07-05 15:06:51'),(12,'Prsentations des formations','EXPERT INFOS a dvelopp pour les Associations de Gestion Agres des sites internet spcifiques avec des contenus et rubriques adapts et modulables comme par exemple cette rubrique Vos Formations.','<style type=\"text/css\">\r\n<!--\r\n		@page { margin: 2cm }\r\n		P { margin-bottom: 0.21cm }\r\n	--></style>\r\n<p style=\"margin-bottom: 0cm\">\r\n	Le &laquo;nom de l&rsquo;association&raquo; &laquo;organise chaque ann&eacute;e des conf&eacute;rences, r&eacute;unions d&rsquo;information et des stages de formation &agrave; destination des membres adh&eacute;rents. La participation des membres adh&eacute;rents et de leur personnel aux stages de formation est gratuite car incluse dans le prix de la cotisation annuelle.</p>\r\n<p style=\"margin-bottom: 0cm\">\r\n	&nbsp;</p>\r\n<p style=\"margin-bottom: 0cm\">\r\n	Les th&egrave;mes abord&eacute;s lors des s&eacute;ances de formation concernent la gestion sp&eacute;cifique des professions lib&eacute;rales ainsi des focus sur vos secteurs d&rsquo;activit&eacute; (juridique, m&eacute;dical, etc.)</p>\r\n<p style=\"margin-bottom: 0cm\">\r\n	Pour la plupart des formations, vous serez accueilli dans nos locaux situ&eacute;s &laquo;adresse du bureau de l&rsquo;association&raquo;. <a class=\"link\" href=\"http://aga-tenor.com/dev.php/le-nom-de-lassociation/plan-dacces\" id=\"dmPage-23218\">Plan d&#39;acc&egrave;s</a></p>\r\n<p style=\"margin-bottom: 0cm\">\r\n	&nbsp;</p>\r\n<p style=\"margin-bottom: 0cm\">\r\n	Consultez le programme et t&eacute;l&eacute;chargez les bulletins d&rsquo;inscription pour r&eacute;server vos places.</p>\r\n<p style=\"margin-bottom: 0cm\">\r\n	&nbsp;</p>\r\n<p style=\"margin-bottom: 0cm\">\r\n	<u>VOS FORMATIONS 1</u><sup><u>er</u></sup><u> SEMESTRE (lien vers page D niveau 3)</u></p>\r\n<p style=\"margin-bottom: 0cm\">\r\n	<u>VOS FORMATIONS 2</u><sup><u>e</u></sup><u> SEMESTRE (lien vers page E niveau 3)</u></p>\r\n','fr',1,'2012-07-05 14:52:39','2012-07-05 14:52:39'),(13,'Vos formation 1er semestre','EXPERT INFOS a dvelopp pour les Associations de Gestion Agres des sites internet spcifiques avec des contenus et rubriques adapts et modulables comme par exemple cette rubrique Vos Formations. ','<style type=\"text/css\">\r\n<!--\r\n		@page { margin: 2cm }\r\n		P { margin-bottom: 0.21cm }\r\n	--></style>\r\n<p style=\"margin-bottom: 0cm\">\r\n	Le &laquo;nom de l&rsquo;association&raquo; organise sur le &laquo;num&eacute;ro&raquo; semestre &laquo;nombre&raquo; formations &agrave; destination exclusive de ses adh&eacute;rents. Les places &eacute;tant limit&eacute;es, ne tardez pas &agrave; nous retourner vos bulletins d&rsquo;inscription.</p>\r\n','fr',2,'2012-07-05 15:05:38','2012-07-05 15:07:20'),(14,'LA TENUE DU LIVRE-JOURNAL DE RECETTES / DEPENSES','','<strong>Lieu :</strong> &laquo;nom ville 1&nbsp;&raquo;<br />\r\n<strong>Date : JJ/MM/AAAA - De&nbsp;:</strong> HH.MM &agrave; HH.MM<br />\r\n<strong>Objectif :</strong> A prendre &agrave; enregistrer vos &eacute;critures comptables en respectant la nomenclature des professions lib&eacute;rales<br />\r\n<strong>Extrait du programme :</strong> R&egrave;gles et recommandations pour organiser votre comptabilit&eacute;, la tenue du livre-journal (enregistrement des recettes et cas particuliers), cas pratique, etc.<br />\r\n<strong>R&eacute;serv&eacute; aux Adh&eacute;rents</strong><br />\r\nPour obtenir le programme d&eacute;taill&eacute; et vous inscrire, contactez le bureau de &laquo;&nbsp;nom de l&rsquo;association&nbsp;&raquo; &agrave; ville 1&nbsp;&raquo; : T&eacute;l : &laquo;&nbsp;num&eacute;ro bureau ville 1&nbsp;&raquo; - email : &laquo;&nbsp;email bureau ville 1&raquo; ou t&eacute;l&eacute;chargez directement votre bulletin ci-dessous.','fr',1,'2012-07-05 15:09:16','2012-07-05 15:09:16'),(15,'LE VEHICULE DU PROFESSIONNEL LIBERAL','','<style type=\"text/css\">\r\n<!--\r\n		@page { margin: 2cm }\r\n		P { margin-bottom: 0.21cm }\r\n	--></style>\r\n<p style=\"margin-top: 0.05cm; margin-bottom: 0.05cm\">\r\n	<font face=\"Times New Roman, serif\"><font size=\"3\"><font face=\"Calibri, serif\"><font size=\"2\" style=\"font-size: 11pt\"><strong>Lieu :</strong> &laquo;nom ville 1&nbsp;&raquo;<br />\r\n	<strong>Date :</strong> JJ/MM/AAAA - De&nbsp;: HH.MM &agrave; HH.MM<br />\r\n	<strong>Objectif :</strong> Ma&icirc;triser les cons&eacute;quences fiscales des diff&eacute;rents choix op&eacute;r&eacute;s lors de l&rsquo;acquisition et de l&rsquo;exploitation d&rsquo;un v&eacute;hicule</font></font><font face=\"Calibri, serif\"><font size=\"2\" style=\"font-size: 11pt\"></font></font><br />\r\n	<font face=\"Calibri, serif\"><font size=\"2\" style=\"font-size: 11pt\"><strong>Extrait du programme :</strong> V&eacute;hicule de tourisme ou v&eacute;hicule de loisir ? Frais r&eacute;els ou Indemnit&eacute;s kilom&eacute;triques ? Cas particuliers (cr&eacute;dit-bail, auto-&eacute;coles, etc.)</font></font><font face=\"Calibri, serif\"><font size=\"2\" style=\"font-size: 11pt\"></font></font><br />\r\n	<font face=\"Calibri, serif\"><font size=\"2\" style=\"font-size: 11pt\"><strong>R&eacute;serv&eacute; aux Adh&eacute;rents</strong><br />\r\n	Pour obtenir le programme d&eacute;taill&eacute; et vous inscrire, contactez le bureau de &laquo;&nbsp;nom de l&rsquo;association&nbsp;&raquo; &agrave; ville 1&nbsp;&raquo; :</font></font><font face=\"Calibri, serif\"><font size=\"2\" style=\"font-size: 11pt\"></font></font><font face=\"Calibri, serif\"><font size=\"2\" style=\"font-size: 11pt\"> T&eacute;l : &laquo;&nbsp;num&eacute;ro bureau ville 1&nbsp;&raquo; - email : &laquo;&nbsp;email bureau ville 1&raquo; ou t&eacute;l&eacute;chargez directement votre bulletin ci-dessous.</font></font></font></font></p>\r\n','fr',1,'2012-07-05 15:09:59','2012-07-05 15:09:59'),(16,'DIFFERENTES POSSIBILITES DE CUMUL \"EMPLOI/RETRAITE\"','','<style type=\"text/css\">\r\n<!--\r\n		@page { margin: 2cm }\r\n		P { margin-bottom: 0.21cm }\r\n	--></style>\r\n<p style=\"margin-top: 0.05cm; margin-bottom: 0.05cm\">\r\n	<font face=\"Times New Roman, serif\"><font size=\"3\"><font face=\"Calibri, serif\"><font size=\"2\" style=\"font-size: 11pt\"><strong>Lieu :</strong> &laquo;nom ville 1&nbsp;&raquo;<br />\r\n	<strong>Date :</strong> JJ/MM/AAAA - De&nbsp;: HH.MM &agrave; HH.MM<br />\r\n	<strong>Objectif :</strong> Conna&icirc;tre les opportunit&eacute;s de prolonger une activit&eacute; professionnelle &agrave; l&rsquo;&acirc;ge de la retraite</font></font><font face=\"Calibri, serif\"><font size=\"2\" style=\"font-size: 11pt\"></font></font><font face=\"Calibri, serif\"><font size=\"2\" style=\"font-size: 11pt\">Extrait du programme : La diff&eacute;renciation des r&eacute;gimes de retraite (professions lib&eacute;rales, commer&ccedil;ants, salari&eacute;s et autres), la prise en compte des &eacute;carts de retraite, les conditions de reprise d&rsquo;une activit&eacute; pendant la retraite, etc.</font></font><font face=\"Calibri, serif\"><font size=\"2\" style=\"font-size: 11pt\"></font></font><br />\r\n	<font face=\"Calibri, serif\"><font size=\"2\" style=\"font-size: 11pt\"><strong>R&eacute;serv&eacute; aux Adh&eacute;rents</strong><br />\r\n	Pour obtenir le programme d&eacute;taill&eacute; et vous inscrire, contactez le bureau de &laquo;&nbsp;nom de l&rsquo;association&nbsp;&raquo; &agrave; ville 1&nbsp;&raquo; :</font></font><font face=\"Calibri, serif\"><font size=\"2\" style=\"font-size: 11pt\"></font></font><font face=\"Calibri, serif\"><font size=\"2\" style=\"font-size: 11pt\"> T&eacute;l : &laquo;&nbsp;num&eacute;ro bureau ville 1&nbsp;&raquo; - email : &laquo;&nbsp;email bureau ville 1&raquo; ou t&eacute;l&eacute;chargez directement votre bulletin ci-dessous.</font></font></font></font></p>\r\n','fr',1,'2012-07-05 15:10:54','2012-07-05 15:10:54'),(17,'Vos formation 2me semestre','','','fr',1,'2012-07-05 15:14:40','2012-07-05 15:14:40'),(18,'LE VEHICULE DU PROFESSIONNEL LIBERAL','','<style type=\"text/css\">\r\n<!--\r\n		@page { margin: 2cm }\r\n		P { margin-bottom: 0.21cm }\r\n	--></style>\r\n<p style=\"margin-top: 0.05cm; margin-bottom: 0.05cm\">\r\n	<font face=\"Times New Roman, serif\"><font size=\"3\"><font face=\"Calibri, serif\"><font size=\"2\" style=\"font-size: 11pt\"><strong>Lieu :</strong> &laquo;nom ville 1&nbsp;&raquo;<br />\r\n	<strong>Date :</strong> JJ/MM/AAAA - De&nbsp;: HH.MM &agrave; HH.MM<br />\r\n	<strong>Objectif :</strong> Ma&icirc;triser les cons&eacute;quences fiscales des diff&eacute;rents choix op&eacute;r&eacute;s lors de l&rsquo;acquisition et de l&rsquo;exploitation d&rsquo;un v&eacute;hicule</font></font><font face=\"Calibri, serif\"><font size=\"2\" style=\"font-size: 11pt\"></font></font><br />\r\n	<font face=\"Calibri, serif\"><font size=\"2\" style=\"font-size: 11pt\"><strong>Extrait du programme :</strong> V&eacute;hicule de tourisme ou v&eacute;hicule de loisir ? Frais r&eacute;els ou Indemnit&eacute;s kilom&eacute;triques ? Cas particuliers (cr&eacute;dit-bail, auto-&eacute;coles, etc.)</font></font><font face=\"Calibri, serif\"><font size=\"2\" style=\"font-size: 11pt\"></font></font><br />\r\n	<font face=\"Calibri, serif\"><font size=\"2\" style=\"font-size: 11pt\"><strong>R&eacute;serv&eacute; aux Adh&eacute;rents</strong><br />\r\n	Pour obtenir le programme d&eacute;taill&eacute; et vous inscrire, contactez le bureau de &laquo;&nbsp;nom de l&rsquo;association&nbsp;&raquo; &agrave; ville 1&nbsp;&raquo; :</font></font><font face=\"Calibri, serif\"><font size=\"2\" style=\"font-size: 11pt\"></font></font><font face=\"Calibri, serif\"><font size=\"2\" style=\"font-size: 11pt\"> T&eacute;l : &laquo;&nbsp;num&eacute;ro bureau ville 1&nbsp;&raquo; - email : &laquo;&nbsp;email bureau ville 1&raquo; ou t&eacute;l&eacute;chargez directement votre bulletin ci-dessous.</font></font></font></font></p>\r\n','fr',1,'2012-07-05 15:15:10','2012-07-05 15:15:10'),(19,'DIFFERENTES FORMES D\'EXERCICE DE L\'ACTIVITE LIBERALE, COMMENT FAIRE LE BON CHOIX ?','','<style type=\"text/css\">\r\n<!--\r\n		@page { margin: 2cm }\r\n		P { margin-bottom: 0.21cm }\r\n	--></style>\r\n<p style=\"margin-top: 0.05cm; margin-bottom: 0.05cm\">\r\n	<font face=\"Times New Roman, serif\"><font size=\"3\"><font face=\"Calibri, serif\"><font size=\"2\" style=\"font-size: 11pt\"><strong>Lieu :</strong> &laquo;nom ville 2&nbsp;&raquo;<br />\r\n	<strong>Date :</strong> JJ/MM/AAAA - De&nbsp;: HH.MM &agrave; HH.MM<br />\r\n	<strong>Objectif :</strong> D&eacute;terminer la structure adapt&eacute;e &agrave; vos besoins<br />\r\n	<strong>Extrait du programme :</strong> Travailler avec un conjoint (structure juridique), la soci&eacute;t&eacute; civile de moyens (SCM), les Soci&eacute;t&eacute;s commerciales, etc.</font></font><font face=\"Calibri, serif\"><font size=\"2\" style=\"font-size: 11pt\"></font></font><br />\r\n	<font face=\"Calibri, serif\"><font size=\"2\" style=\"font-size: 11pt\"><strong>R&eacute;serv&eacute; aux Adh&eacute;rents</strong><br />\r\n	Pour obtenir le programme d&eacute;taill&eacute; et vous inscrire, contactez le bureau de &laquo;&nbsp;nom de l&rsquo;association&nbsp;&raquo; &agrave; ville 2&nbsp;&raquo; :</font></font><font face=\"Calibri, serif\"><font size=\"2\" style=\"font-size: 11pt\"></font></font><font face=\"Calibri, serif\"><font size=\"2\" style=\"font-size: 11pt\"> T&eacute;l : &laquo;&nbsp;num&eacute;ro bureau ville 2&nbsp;&raquo; - email : &laquo;&nbsp;email bureau ville 2&raquo; ou t&eacute;l&eacute;chargez directement votre bulletin ci-dessous.</font></font></font></font></p>\r\n','fr',1,'2012-07-05 15:15:50','2012-07-05 15:15:50'),(20,'root2','','','fr',1,'2012-07-10 15:58:18','2012-07-10 15:58:18');
/*!40000 ALTER TABLE `sid_added_pages_translation` ENABLE KEYS */;
UNLOCK TABLES;

--
-- Dumping data for table `sid_added_pages_translation_version`
--

LOCK TABLES `sid_added_pages_translation_version` WRITE;
/*!40000 ALTER TABLE `sid_added_pages_translation_version` DISABLE KEYS */;
INSERT INTO `sid_added_pages_translation_version` (`id`, `lang`, `title`, `resume`, `text`, `version`) VALUES (6,'fr','Le nom de l\'association','','',1),(8,'fr','Votre adhsion','','<div class=\"text\">\r\n	<b class=\"couleur\">CONDITIONS</b><br />\r\n	<br />\r\n	Vous pouvez adh&eacute;rer &agrave; NOM DE MON ASSOCIATION AGR&Eacute;&Eacute;E si :\r\n	<ul class=\"sous-liste-puce\">\r\n		<li>\r\n			vous exercez une profession lib&eacute;rale ou une activit&eacute; professionnelle assimil&eacute;e dont les r&eacute;sultats sont soumis &agrave; l&#39;imp&ocirc;t sur le revenu dans la cat&eacute;gorie des b&eacute;n&eacute;fices non commerciaux (BNC),</li>\r\n		<li>\r\n			vous &ecirc;tes titulaire de b&eacute;n&eacute;fices non commerciaux non professionnels (revenus de sous-location, droits d&rsquo;auteur per&ccedil;us par les h&eacute;ritiers, ... )</li>\r\n		<li>\r\n			vous &ecirc;tes titulaire d&rsquo;une charge ou d&rsquo;un office.</li>\r\n	</ul>\r\n	<br />\r\n	L&rsquo;adh&eacute;sion est possible quel que soit votre r&eacute;gime juridique (cabinet individuel ou groupement d&rsquo;exercice - SCP, soci&eacute;t&eacute; de fait, convention d&#39;exercice conjoint) ou votre mode d&rsquo;imposition (r&eacute;gime d&eacute;claratif sp&eacute;cial -micro-BNC), auto-entrepreneur ou d&eacute;claration contr&ocirc;l&eacute;e).<br />\r\n	<br />\r\n	<div class=\"ref\">\r\n		<a href=\"http://aga-pop.expert-infos.com/expertise-comptable/association/contact.asp\" target=\"_blank\">Contact/Adh&eacute;sion</a></div>\r\n	<br />\r\n	<b class=\"couleur\">VOS AVANTAGES</b><br />\r\n	<br />\r\n	Nos permanents v&eacute;rifient et certifient la coh&eacute;rence et la vraisemblance de vos d&eacute;clarations vis-&agrave;-vis de l&rsquo;Administration fiscale pour vous permettre de b&eacute;n&eacute;ficier d&rsquo;avantages particuliers&nbsp;:\r\n	<ul class=\"sous-liste-puce\">\r\n		<li>\r\n			Vous b&eacute;n&eacute;ficiez du nouveau bar&egrave;me d&rsquo;imp&ocirc;t sur le revenu qui int&egrave;gre l&rsquo;ancien abattement de 20&nbsp;%. Les b&eacute;n&eacute;fices des non-adh&eacute;rents sont major&eacute;s de 25&nbsp;%.</li>\r\n		<li>\r\n			Une d&eacute;duction int&eacute;grale du salaire du conjoint. (il est plafonn&eacute; &agrave; 13&nbsp;800&nbsp;&euro; pour les non-adh&eacute;rents)</li>\r\n		<li>\r\n			Une r&eacute;duction d&#39;imp&ocirc;t pour frais de comptabilit&eacute; et d&#39;adh&eacute;sion pouvant aller jusqu&rsquo;&agrave; 915&nbsp;&euro; si les recettes annuelles n&#39;exc&egrave;dent pas les limites du r&eacute;gime micro-BNC (32&nbsp;000&nbsp;&euro;&nbsp;HT en 2009, 32&nbsp;100&nbsp;&euro;&nbsp;HT en 2010) et si l&#39;adh&eacute;rent a opt&eacute; pour le r&eacute;gime de la d&eacute;claration contr&ocirc;l&eacute;e.</li>\r\n	</ul>\r\n	<br />\r\n	Ces avantages fiscaux font l&#39;objet d&#39;une actualisation annuelle dans le cadre de la loi de finances.<br />\r\n	<br />\r\n	Outre ces avantages fiscaux votre adh&eacute;sion &agrave; NOM DE MON ASSOCIATION AGREEE vous permet de b&eacute;n&eacute;ficier d&rsquo;outils d&rsquo;information (gestion, actualit&eacute; fiscale), de l&rsquo;accompagnement de nos permanents dans votre gestion, et de sessions de formation d&eacute;di&eacute;es au management des professions lib&eacute;rales.<br />\r\n	<br />\r\n	<div class=\"ref\">\r\n		<a href=\"http://aga-pop.expert-infos.com/expertise-comptable/association/contact.asp\" target=\"_blank\">Contact/Adh&eacute;sion</a></div>\r\n	<br />\r\n	<b class=\"couleur\">VOS OBLIGATIONS</b><br />\r\n	<br />\r\n	L&rsquo;adh&eacute;sion &agrave; NOM DE MON ASSOCIATION AGREEE vous engage au respect de certaines obligations, notamment :\r\n	<ul class=\"sous-liste-puce\">\r\n		<li>\r\n			tenir une comptabilit&eacute; conforme aux textes en vigueur, un livre de recettes et de d&eacute;penses, un registre des immobilisations</li>\r\n		<li>\r\n			transmettre &agrave; NOM DE MON ASSOCIATION AGREE, chaque ann&eacute;e, dans les d&eacute;lais pr&eacute;vus, la d&eacute;claration fiscale de l&rsquo;exercice avant de la d&eacute;poser &agrave; son centre des imp&ocirc;ts</li>\r\n		<li>\r\n			informer sa client&egrave;le de sa qualit&eacute; d&rsquo;adh&eacute;rent &agrave; une association agr&eacute;&eacute;e</li>\r\n		<li>\r\n			accepter le r&egrave;glement des honoraires par ch&egrave;que libell&eacute; &agrave; son nom</li>\r\n	</ul>\r\n	<br />\r\n	<b class=\"couleur\">NOUS REJOINDRE</b><br />\r\n	<br />\r\n	Toute demande d&rsquo;adh&eacute;sion doit &ecirc;tre faite par &eacute;crit. La cotisation annuelle est de 299 &euro; TTC.<br />\r\n	Nous disposons d&rsquo;un bulletin type que nous vous adressons par email ou par courrier sur simple demande :<br />\r\n	<br />\r\n	Le point de d&eacute;part de votre adh&eacute;sion sera sa date d&rsquo;arriv&eacute;e &agrave; l&rsquo;association.<br />\r\n	<br />\r\n	&Agrave; noter : L&rsquo;adh&eacute;sion peut intervenir &agrave; tout moment mais elle n&rsquo;ouvre droit aux avantages fiscaux que si elle intervient :\r\n	<ul class=\"sous-liste-puce\">\r\n		<li>\r\n			dans les cinq mois qui suivent la date de cr&eacute;ation de l&rsquo;activit&eacute;</li>\r\n		<li>\r\n			avant le 31 mai de chaque ann&eacute;e pour l&rsquo;exercice en cours, s&rsquo;il s&rsquo;agit d&rsquo;une premi&egrave;re adh&eacute;sion</li>\r\n		<li>\r\n			avant le 31 d&eacute;cembre pour l&rsquo;ann&eacute;e suivante s&rsquo;il ne s&rsquo;agit pas d&rsquo;une premi&egrave;re adh&eacute;sion ou en cas de changement d&rsquo;association</li>\r\n	</ul>\r\n	<br />\r\n	Attention au changement d&rsquo;association en cours d&rsquo;ann&eacute;e ! N&rsquo;h&eacute;sitez pas &agrave; nous appeler. Le non respect de certaines r&egrave;gles de date d&rsquo;adh&eacute;sion peut entra&icirc;ner la perte de la non majoration.<br />\r\n	<br />\r\n	<div class=\"ref\">\r\n		<a href=\"http://aga-pop.expert-infos.com/expertise-comptable/association/contact.asp\" target=\"_blank\">Contact/Adh&eacute;sion</a></div>\r\n</div>\r\n',1),(8,'fr','Votre adhsion','EXPERT INFOS a dvelopp pour les Associations de Gestion Agres des sites internet spcifiques avec des contenus et rubriques adapts et modulables comme par exemple cette rubrique Votre adhsion.','<em>EXPERT INFOS a d&eacute;velopp&eacute; pour les Associations de Gestion Agr&eacute;&eacute;es des sites internet sp&eacute;cifiques avec des contenus et rubriques adapt&eacute;s et modulables comme par exemple cette rubrique &laquo;Votre adh&eacute;sion&nbsp;&raquo;. Contactez-nous pour en savoir plus&nbsp;: T&eacute;l. 05 49 60 31 92 / Email contact@expertinfos.com</em><br />\r\n<br />\r\n<br />\r\n<strong>Qui peut adh&eacute;rer&nbsp;?</strong><br />\r\n<br />\r\n<br />\r\nVous pouvez adh&eacute;rer &agrave; &laquo;nom de l&rsquo;association&raquo; si :<br />\r\n-vous exercez une profession lib&eacute;rale ou une activit&eacute; professionnelle assimil&eacute;e dont les r&eacute;sultats sont soumis &agrave; l&#39;imp&ocirc;t sur le revenu dans la cat&eacute;gorie des b&eacute;n&eacute;fices non commerciaux (BNC),<br />\r\nvous &ecirc;tes titulaire de b&eacute;n&eacute;fices non commerciaux non professionnels (revenus de sous-location, droits d&rsquo;auteur per&ccedil;us par les h&eacute;ritiers ... )<br />\r\n-vous &ecirc;tes titulaire d&rsquo;une charge ou d&rsquo;un office.<br />\r\n<br />\r\nL&rsquo;adh&eacute;sion est possible quel que soit votre r&eacute;gime juridique (cabinet individuel ou groupement d&rsquo;exercice - SCP, soci&eacute;t&eacute; de fait, convention d&#39;exercice conjoint) ou votre mode d&rsquo;imposition (r&eacute;gime d&eacute;claratif sp&eacute;cial -micro-BNC), auto-entrepreneur ou d&eacute;claration contr&ocirc;l&eacute;e)<br />\r\n<br />\r\n<br />\r\n<strong>Quelles sont vos obligations&nbsp;?</strong><br />\r\n<br />\r\nL&rsquo;adh&eacute;sion &agrave; &laquo;nom de l&rsquo;association&raquo; vous engage au respect de certaines obligations, notamment :<br />\r\n-tenir une comptabilit&eacute; conforme aux textes en vigueur, un livre de recettes et de d&eacute;penses, un registre des immobilisations<br />\r\n-transmettre &agrave; &laquo;nom de l&rsquo;association&raquo;, chaque ann&eacute;e, dans les d&eacute;lais pr&eacute;vus, la d&eacute;claration fiscale de l&rsquo;exercice avant de la d&eacute;poser &agrave; son centre des imp&ocirc;ts<br />\r\n-informer sa client&egrave;le de sa qualit&eacute; d&rsquo;adh&eacute;rent &agrave; une association agr&eacute;&eacute;e<br />\r\n-accepter le r&egrave;glement des honoraires par ch&egrave;que libell&eacute; &agrave; son nom<br />\r\n<br />\r\n<br />\r\n<strong>Quels sont avantages fiscaux d&rsquo;une adh&eacute;sion&nbsp;?</strong><br />\r\n<br />\r\n<br />\r\nVotre adh&eacute;sion vous permet d&#39;obtenir dans des cas pr&eacute;cis (entreprise soumise au r&eacute;gime fiscal des BIC ou BA quel que soit son r&eacute;gime juridique) :<br />\r\n<br />\r\n<br />\r\n-Imposition sur le b&eacute;n&eacute;fice r&eacute;alis&eacute; (les entreprises non adh&eacute;rentes d&#39;un centre de gestion et soumises &agrave; l&#39;imp&ocirc;t sur le revenu voient leur b&eacute;n&eacute;fice major&eacute; de 25 %).<br />\r\n-R&eacute;duction d&#39;imp&ocirc;t sur le revenu : les adh&eacute;rents soumis &agrave; un r&eacute;gime simplifi&eacute; d&#39;imposition sur option peuvent, dans la limite de 915 euros, d&eacute;duire de l&#39;imp&ocirc;t les frais de tenue de comptabilit&eacute; et d&#39;adh&eacute;sion &agrave; un centre de gestion agr&eacute;&eacute;.<br />\r\n-D&eacute;duction totale du salaire du conjoint travaillant dans l&#39;entreprise (&laquo;conjoint salari&eacute;&raquo;). Pour une entreprise non adh&eacute;rente, la limite est de 2 600 euros par an.<br />\r\n<br />\r\n<br />\r\nDe surcroit, votre adh&eacute;sion au &laquo;nom de l&rsquo;association&raquo; &raquo;vous fait aussi b&eacute;n&eacute;ficier d&rsquo;une s&eacute;curit&eacute; fiscale&nbsp;: nous v&eacute;rifions la coh&eacute;rence et la vraisemblance de vos d&eacute;clarations fiscales. Nous rep&eacute;rons les &eacute;ventuelles erreurs qui peuvent, vis-&agrave;-vis de l&rsquo;administration fiscale, vous &ecirc;tre pr&eacute;judiciables. Nous vous indiquons comment les corriger.<br />\r\n<br />\r\n<br />\r\nNaturellement, vous b&eacute;n&eacute;ficiez &eacute;galement, outre les avantages fiscaux, de toutes les prestations de &laquo;nom de l&rsquo;association&raquo;(assistance gestion, formations). Consultez la rubrique &laquo;<u>NOS PRESTATIONS&nbsp;</u>&raquo;pour en savoir plus.<br />\r\n<br />\r\n<br />\r\nPour nous rejoindre, rendez-vous dans notre rubrique &laquo;Contact&raquo; (lien vers formulaire contact) ou contactez-nous&nbsp;: &laquo;nom du permanent en charge des adh&eacute;sions&nbsp;&raquo;/ &laquo;email du permanent en charge des adh&eacute;sions&nbsp;&raquo;/ &laquo;T&eacute;l&eacute;phone du permanent en charge des adh&eacute;sions&nbsp;&raquo;',2),(8,'fr','Votre adhsion','EXPERT INFOS a dvelopp pour les Associations de Gestion Agres des sites internet spcifiques avec des contenus et rubriques adapts et modulables comme par exemple cette rubrique Votre adhsion.','<em>EXPERT INFOS a d&eacute;velopp&eacute; pour les Associations de Gestion Agr&eacute;&eacute;es des sites internet sp&eacute;cifiques avec des contenus et rubriques adapt&eacute;s et modulables comme par exemple cette rubrique &laquo;Votre adh&eacute;sion&nbsp;&raquo;. Contactez-nous pour en savoir plus&nbsp;: T&eacute;l. 05 49 60 31 92 / Email contact@expertinfos.com</em><br />\r\n<br />\r\n<br />\r\n<strong>Qui peut adh&eacute;rer&nbsp;?</strong><br />\r\n<br />\r\n<br />\r\nVous pouvez adh&eacute;rer &agrave; &laquo;nom de l&rsquo;association&raquo; si :<br />\r\n-vous exercez une profession lib&eacute;rale ou une activit&eacute; professionnelle assimil&eacute;e dont les r&eacute;sultats sont soumis &agrave; l&#39;imp&ocirc;t sur le revenu dans la cat&eacute;gorie des b&eacute;n&eacute;fices non commerciaux (BNC),<br />\r\nvous &ecirc;tes titulaire de b&eacute;n&eacute;fices non commerciaux non professionnels (revenus de sous-location, droits d&rsquo;auteur per&ccedil;us par les h&eacute;ritiers ... )<br />\r\n-vous &ecirc;tes titulaire d&rsquo;une charge ou d&rsquo;un office.<br />\r\n<br />\r\nL&rsquo;adh&eacute;sion est possible quel que soit votre r&eacute;gime juridique (cabinet individuel ou groupement d&rsquo;exercice - SCP, soci&eacute;t&eacute; de fait, convention d&#39;exercice conjoint) ou votre mode d&rsquo;imposition (r&eacute;gime d&eacute;claratif sp&eacute;cial -micro-BNC), auto-entrepreneur ou d&eacute;claration contr&ocirc;l&eacute;e)<br />\r\n<br />\r\n<br />\r\n<strong>Quelles sont vos obligations&nbsp;?</strong><br />\r\n<br />\r\nL&rsquo;adh&eacute;sion &agrave; &laquo;nom de l&rsquo;association&raquo; vous engage au respect de certaines obligations, notamment :<br />\r\n-tenir une comptabilit&eacute; conforme aux textes en vigueur, un livre de recettes et de d&eacute;penses, un registre des immobilisations<br />\r\n-transmettre &agrave; &laquo;nom de l&rsquo;association&raquo;, chaque ann&eacute;e, dans les d&eacute;lais pr&eacute;vus, la d&eacute;claration fiscale de l&rsquo;exercice avant de la d&eacute;poser &agrave; son centre des imp&ocirc;ts<br />\r\n-informer sa client&egrave;le de sa qualit&eacute; d&rsquo;adh&eacute;rent &agrave; une association agr&eacute;&eacute;e<br />\r\n-accepter le r&egrave;glement des honoraires par ch&egrave;que libell&eacute; &agrave; son nom<br />\r\n<br />\r\n<br />\r\n<strong>Quels sont avantages fiscaux d&rsquo;une adh&eacute;sion&nbsp;?</strong><br />\r\n<br />\r\n<br />\r\nVotre adh&eacute;sion vous permet d&#39;obtenir dans des cas pr&eacute;cis (entreprise soumise au r&eacute;gime fiscal des BIC ou BA quel que soit son r&eacute;gime juridique) :<br />\r\n<br />\r\n<br />\r\n-Imposition sur le b&eacute;n&eacute;fice r&eacute;alis&eacute; (les entreprises non adh&eacute;rentes d&#39;un centre de gestion et soumises &agrave; l&#39;imp&ocirc;t sur le revenu voient leur b&eacute;n&eacute;fice major&eacute; de 25 %).<br />\r\n-R&eacute;duction d&#39;imp&ocirc;t sur le revenu : les adh&eacute;rents soumis &agrave; un r&eacute;gime simplifi&eacute; d&#39;imposition sur option peuvent, dans la limite de 915 euros, d&eacute;duire de l&#39;imp&ocirc;t les frais de tenue de comptabilit&eacute; et d&#39;adh&eacute;sion &agrave; un centre de gestion agr&eacute;&eacute;.<br />\r\n-D&eacute;duction totale du salaire du conjoint travaillant dans l&#39;entreprise (&laquo;conjoint salari&eacute;&raquo;). Pour une entreprise non adh&eacute;rente, la limite est de 2 600 euros par an.<br />\r\n<br />\r\n<br />\r\nDe surcroit, votre adh&eacute;sion au &laquo;nom de l&rsquo;association&raquo; &raquo;vous fait aussi b&eacute;n&eacute;ficier d&rsquo;une s&eacute;curit&eacute; fiscale&nbsp;: nous v&eacute;rifions la coh&eacute;rence et la vraisemblance de vos d&eacute;clarations fiscales. Nous rep&eacute;rons les &eacute;ventuelles erreurs qui peuvent, vis-&agrave;-vis de l&rsquo;administration fiscale, vous &ecirc;tre pr&eacute;judiciables. Nous vous indiquons comment les corriger.<br />\r\n<br />\r\n<br />\r\nNaturellement, vous b&eacute;n&eacute;ficiez &eacute;galement, outre les avantages fiscaux, de toutes les prestations de &laquo;nom de l&rsquo;association&raquo;(assistance gestion, formations). Consultez la rubrique &laquo;<a class=\"link\" href=\"http://aga-tenor.com/dev.php/nos-prestations\" id=\"dmPage-1595\">Nos Prestations</a><u> </u>&raquo;pour en savoir plus.<br />\r\n<br />\r\n<br />\r\nPour nous rejoindre, rendez-vous dans notre rubrique &laquo;<a class=\"link\" href=\"http://aga-tenor.com/dev.php/le-nom-de-lassociation/contact\" id=\"dmPage-1548\">Contact</a>&raquo; ou contactez-nous&nbsp;: &laquo;nom du permanent en charge des adh&eacute;sions&nbsp;&raquo;/ &laquo;email du permanent en charge des adh&eacute;sions&nbsp;&raquo;/ &laquo;T&eacute;l&eacute;phone du permanent en charge des adh&eacute;sions&nbsp;&raquo;',3),(9,'fr','Vos avantages fiscaux','EXPERT INFOS a dvelopp pour les Associations de Gestion Agres des sites internet spcifiques avec des contenus et rubriques adapts et modulables comme par exemple cette rubrique Vos Avantages fiscaux.','<em>EXPERT INFOS a d&eacute;velopp&eacute; pour les Associations de Gestion Agr&eacute;&eacute;es des sites internet sp&eacute;cifiques avec des contenus et rubriques adapt&eacute;s et modulables comme par exemple cette rubrique &laquo;Vos Avantages fiscaux&nbsp;&raquo;. Contactez-nous pour en savoir plus&nbsp;: T&eacute;l. 05 49 60 31 92 / Email contact@expertinfos.com</em><br />\r\n<br />\r\n<br />\r\nLe &laquo;nom de l&rsquo;association&raquo; &raquo;est titulaire d&rsquo;un agr&eacute;ment de l&rsquo;Administration Fiscale En adh&eacute;rant au &laquo;nom de l&rsquo;association&raquo;, vous b&eacute;n&eacute;ficiez non seulement d&rsquo;un programme de formations sp&eacute;cifiques, d&rsquo;une assistance en gestion mais &eacute;galement d&rsquo;avantages fiscaux substantiels&nbsp;:<br />\r\n<br />\r\n<br />\r\nLes permanents de &laquo;nom de l&rsquo;association&raquo; v&eacute;rifient et certifient la coh&eacute;rence et la vraisemblance de vos d&eacute;clarations vis-&agrave;-vis de l&rsquo;Administration fiscale pour vous permettre de b&eacute;n&eacute;ficier d&rsquo;avantages particuliers aux professionnels lib&eacute;raux adh&eacute;rents d&rsquo;une association de gestion agr&eacute;&eacute;e&nbsp;:<br />\r\n<br />\r\n<br />\r\n-Vous b&eacute;n&eacute;ficiez<br />\r\n-du nouveau bar&egrave;me d&rsquo;imp&ocirc;t sur le revenu qui int&egrave;gre l&rsquo;ancien abattement de 20&nbsp;%. Les b&eacute;n&eacute;fices des non-adh&eacute;rents sont major&eacute;s de 25&nbsp;%.<br />\r\n-d&rsquo;une d&eacute;duction int&eacute;grale du salaire du conjoint. (il est plafonn&eacute; &agrave; 13&nbsp;800&nbsp;&euro; pour les non-adh&eacute;rents)<br />\r\n-d&rsquo;ne r&eacute;duction d&#39;imp&ocirc;t pour frais de comptabilit&eacute; et d&#39;adh&eacute;sion pouvant aller jusqu&rsquo;&agrave; 915&nbsp;&euro; si les recettes annuelles n&#39;exc&egrave;dent pas les limites du r&eacute;gime micro-BNC (32&nbsp;000&nbsp;&euro;&nbsp;HT en 2009, 32&nbsp;100&nbsp;&euro;&nbsp;HT en 2010) et si l&#39;adh&eacute;rent a opt&eacute; pour le r&eacute;gime de la d&eacute;claration contr&ocirc;l&eacute;e.<br />\r\n<br />\r\nCes avantages fiscaux font l&#39;objet d&#39;une actualisation annuelle dans le cadre de la loi de finances.<br />\r\n<br />\r\nOutre ces avantages fiscaux votre adh&eacute;sion &agrave; &laquo;nom de l&rsquo;association&raquo; vous permet de b&eacute;n&eacute;ficier d&rsquo;outils d&rsquo;information (gestion, actualit&eacute; fiscale), de l&rsquo;accompagnement de nos permanents dans votre gestion, et de sessions de formation d&eacute;di&eacute;es au management des professions lib&eacute;rales.<br />\r\n<br />\r\n<br />\r\n<br />\r\nPour nous rejoindre, rendez-vous dans notre rubrique &laquo;Contact&raquo; (lien vers formulaire contact) ou contactez-nous&nbsp;: &laquo;nom du permanent en charge des adh&eacute;sions&nbsp;&raquo;/ &laquo;email du permanent en charge des adh&eacute;sions&nbsp;&raquo;/ &laquo;T&eacute;l&eacute;phone du permanent en charge des adh&eacute;sions&nbsp;&raquo;',1),(11,'fr','Vos formations','','',1),(11,'fr','Vos formations','','Contactez-nous pour en savoir plus : T&eacute;l. 05 49 60 31 92 / Email <a href=\"mailto:contact@expertinfos.com\">contact@expertinfos.com</a><br />\r\n<p style=\"margin-bottom: 0cm\">\r\n	Le &laquo;nom de l&rsquo;association&raquo; &laquo;organise chaque ann&eacute;e des conf&eacute;rences, r&eacute;unions d&rsquo;information et des stages de formation &agrave; destination des membres adh&eacute;rents. La participation des membres adh&eacute;rents et de leur personnel aux stages de formation est gratuite car incluse dans le prix de la cotisation annuelle.</p>\r\n<p style=\"margin-bottom: 0cm\">\r\n	Les th&egrave;mes abord&eacute;s lors des s&eacute;ances de formation concernent la gestion sp&eacute;cifique des professions lib&eacute;rales ainsi des focus sur vos secteurs d&rsquo;activit&eacute; (juridique, m&eacute;dical, etc.)</p>\r\n<p style=\"margin-bottom: 0cm\">\r\n	Pour la plupart des formations, vous serez accueilli dans nos locaux situ&eacute;s &laquo;adresse du bureau de l&rsquo;association&raquo;. <a class=\"link\" href=\"http://aga-tenor.com/dev.php/le-nom-de-lassociation/plan-dacces\" id=\"dmPage-23218\">Plan d&#39;acc&egrave;s</a></p>\r\n<p style=\"margin-bottom: 0cm\">\r\n	Consultez le programme et t&eacute;l&eacute;chargez les bulletins d&rsquo;inscription pour r&eacute;server vos places.</p>\r\n',2),(11,'fr','Vos formations','EXPERT INFOS a dvelopp pour les Associations de Gestion Agres des sites internet spcifiques avec des contenus et rubriques adapts et modulables comme par exemple cette rubrique Vos Formations .','Contactez-nous pour en savoir plus : T&eacute;l. 05 49 60 31 92 / Email <a href=\"mailto:contact@expertinfos.com\">contact@expertinfos.com</a><br />\r\n<p style=\"margin-bottom: 0cm\">\r\n	Le &laquo;nom de l&rsquo;association&raquo; &laquo;organise chaque ann&eacute;e des conf&eacute;rences, r&eacute;unions d&rsquo;information et des stages de formation &agrave; destination des membres adh&eacute;rents. La participation des membres adh&eacute;rents et de leur personnel aux stages de formation est gratuite car incluse dans le prix de la cotisation annuelle.</p>\r\n<p style=\"margin-bottom: 0cm\">\r\n	Les th&egrave;mes abord&eacute;s lors des s&eacute;ances de formation concernent la gestion sp&eacute;cifique des professions lib&eacute;rales ainsi des focus sur vos secteurs d&rsquo;activit&eacute; (juridique, m&eacute;dical, etc.)</p>\r\n<p style=\"margin-bottom: 0cm\">\r\n	Pour la plupart des formations, vous serez accueilli dans nos locaux situ&eacute;s &laquo;adresse du bureau de l&rsquo;association&raquo;. <a class=\"link\" href=\"http://aga-tenor.com/dev.php/le-nom-de-lassociation/plan-dacces\" id=\"dmPage-23218\">Plan d&#39;acc&egrave;s</a></p>\r\n<p style=\"margin-bottom: 0cm\">\r\n	Consultez le programme et t&eacute;l&eacute;chargez les bulletins d&rsquo;inscription pour r&eacute;server vos places.</p>\r\n',3),(12,'fr','Prsentations des formations','EXPERT INFOS a dvelopp pour les Associations de Gestion Agres des sites internet spcifiques avec des contenus et rubriques adapts et modulables comme par exemple cette rubrique Vos Formations.','<style type=\"text/css\">\r\n<!--\r\n		@page { margin: 2cm }\r\n		P { margin-bottom: 0.21cm }\r\n	--></style>\r\n<p style=\"margin-bottom: 0cm\">\r\n	Le &laquo;nom de l&rsquo;association&raquo; &laquo;organise chaque ann&eacute;e des conf&eacute;rences, r&eacute;unions d&rsquo;information et des stages de formation &agrave; destination des membres adh&eacute;rents. La participation des membres adh&eacute;rents et de leur personnel aux stages de formation est gratuite car incluse dans le prix de la cotisation annuelle.</p>\r\n<p style=\"margin-bottom: 0cm\">\r\n	&nbsp;</p>\r\n<p style=\"margin-bottom: 0cm\">\r\n	Les th&egrave;mes abord&eacute;s lors des s&eacute;ances de formation concernent la gestion sp&eacute;cifique des professions lib&eacute;rales ainsi des focus sur vos secteurs d&rsquo;activit&eacute; (juridique, m&eacute;dical, etc.)</p>\r\n<p style=\"margin-bottom: 0cm\">\r\n	Pour la plupart des formations, vous serez accueilli dans nos locaux situ&eacute;s &laquo;adresse du bureau de l&rsquo;association&raquo;. <a class=\"link\" href=\"http://aga-tenor.com/dev.php/le-nom-de-lassociation/plan-dacces\" id=\"dmPage-23218\">Plan d&#39;acc&egrave;s</a></p>\r\n<p style=\"margin-bottom: 0cm\">\r\n	&nbsp;</p>\r\n<p style=\"margin-bottom: 0cm\">\r\n	Consultez le programme et t&eacute;l&eacute;chargez les bulletins d&rsquo;inscription pour r&eacute;server vos places.</p>\r\n<p style=\"margin-bottom: 0cm\">\r\n	&nbsp;</p>\r\n<p style=\"margin-bottom: 0cm\">\r\n	<u>VOS FORMATIONS 1</u><sup><u>er</u></sup><u> SEMESTRE (lien vers page D niveau 3)</u></p>\r\n<p style=\"margin-bottom: 0cm\">\r\n	<u>VOS FORMATIONS 2</u><sup><u>e</u></sup><u> SEMESTRE (lien vers page E niveau 3)</u></p>\r\n',1),(13,'fr','Vos formation 1er semestre','EXPERT INFOS a dvelopp pour les Associations de Gestion Agres des sites internet spcifiques avec des contenus et rubriques adapts et modulables comme par exemple cette rubrique Vos Formations. ','Contactez-nous pour en savoir plus : T&eacute;l. 05 49 60 31 92 / Email <a href=\"mailto:contact@expertinfos.com\">contact@expertinfos.com</a><br />\r\n<p style=\"margin-bottom: 0cm\">\r\n	Le &laquo;nom de l&rsquo;association&raquo; &laquo;organise chaque ann&eacute;e des conf&eacute;rences, r&eacute;unions d&rsquo;information et des stages de formation &agrave; destination des membres adh&eacute;rents. La participation des membres adh&eacute;rents et de leur personnel aux stages de formation est gratuite car incluse dans le prix de la cotisation annuelle.</p>\r\n<p style=\"margin-bottom: 0cm\">\r\n	Les th&egrave;mes abord&eacute;s lors des s&eacute;ances de formation concernent la gestion sp&eacute;cifique des professions lib&eacute;rales ainsi des focus sur vos secteurs d&rsquo;activit&eacute; (juridique, m&eacute;dical, etc.)</p>\r\n<p style=\"margin-bottom: 0cm\">\r\n	Pour la plupart des formations, vous serez accueilli dans nos locaux situ&eacute;s &laquo;adresse du bureau de l&rsquo;association&raquo;. <a class=\"link\" href=\"http://aga-tenor.com/dev.php/le-nom-de-lassociation/plan-dacces\" id=\"dmPage-23218\">Plan d&#39;acc&egrave;s</a></p>\r\n<p style=\"margin-bottom: 0cm\">\r\n	Consultez le programme et t&eacute;l&eacute;chargez les bulletins d&rsquo;inscription pour r&eacute;server vos places.</p>\r\n',1),(13,'fr','Vos formation 1er semestre','EXPERT INFOS a dvelopp pour les Associations de Gestion Agres des sites internet spcifiques avec des contenus et rubriques adapts et modulables comme par exemple cette rubrique Vos Formations. ','<style type=\"text/css\">\r\n<!--\r\n		@page { margin: 2cm }\r\n		P { margin-bottom: 0.21cm }\r\n	--></style>\r\n<p style=\"margin-bottom: 0cm\">\r\n	Le &laquo;nom de l&rsquo;association&raquo; organise sur le &laquo;num&eacute;ro&raquo; semestre &laquo;nombre&raquo; formations &agrave; destination exclusive de ses adh&eacute;rents. Les places &eacute;tant limit&eacute;es, ne tardez pas &agrave; nous retourner vos bulletins d&rsquo;inscription.</p>\r\n',2),(14,'fr','LA TENUE DU LIVRE-JOURNAL DE RECETTES / DEPENSES','','<strong>Lieu :</strong> &laquo;nom ville 1&nbsp;&raquo;<br />\r\n<strong>Date : JJ/MM/AAAA - De&nbsp;:</strong> HH.MM &agrave; HH.MM<br />\r\n<strong>Objectif :</strong> A prendre &agrave; enregistrer vos &eacute;critures comptables en respectant la nomenclature des professions lib&eacute;rales<br />\r\n<strong>Extrait du programme :</strong> R&egrave;gles et recommandations pour organiser votre comptabilit&eacute;, la tenue du livre-journal (enregistrement des recettes et cas particuliers), cas pratique, etc.<br />\r\n<strong>R&eacute;serv&eacute; aux Adh&eacute;rents</strong><br />\r\nPour obtenir le programme d&eacute;taill&eacute; et vous inscrire, contactez le bureau de &laquo;&nbsp;nom de l&rsquo;association&nbsp;&raquo; &agrave; ville 1&nbsp;&raquo; : T&eacute;l : &laquo;&nbsp;num&eacute;ro bureau ville 1&nbsp;&raquo; - email : &laquo;&nbsp;email bureau ville 1&raquo; ou t&eacute;l&eacute;chargez directement votre bulletin ci-dessous.',1),(15,'fr','LE VEHICULE DU PROFESSIONNEL LIBERAL','','<style type=\"text/css\">\r\n<!--\r\n		@page { margin: 2cm }\r\n		P { margin-bottom: 0.21cm }\r\n	--></style>\r\n<p style=\"margin-top: 0.05cm; margin-bottom: 0.05cm\">\r\n	<font face=\"Times New Roman, serif\"><font size=\"3\"><font face=\"Calibri, serif\"><font size=\"2\" style=\"font-size: 11pt\"><strong>Lieu :</strong> &laquo;nom ville 1&nbsp;&raquo;<br />\r\n	<strong>Date :</strong> JJ/MM/AAAA - De&nbsp;: HH.MM &agrave; HH.MM<br />\r\n	<strong>Objectif :</strong> Ma&icirc;triser les cons&eacute;quences fiscales des diff&eacute;rents choix op&eacute;r&eacute;s lors de l&rsquo;acquisition et de l&rsquo;exploitation d&rsquo;un v&eacute;hicule</font></font><font face=\"Calibri, serif\"><font size=\"2\" style=\"font-size: 11pt\"></font></font><br />\r\n	<font face=\"Calibri, serif\"><font size=\"2\" style=\"font-size: 11pt\"><strong>Extrait du programme :</strong> V&eacute;hicule de tourisme ou v&eacute;hicule de loisir ? Frais r&eacute;els ou Indemnit&eacute;s kilom&eacute;triques ? Cas particuliers (cr&eacute;dit-bail, auto-&eacute;coles, etc.)</font></font><font face=\"Calibri, serif\"><font size=\"2\" style=\"font-size: 11pt\"></font></font><br />\r\n	<font face=\"Calibri, serif\"><font size=\"2\" style=\"font-size: 11pt\"><strong>R&eacute;serv&eacute; aux Adh&eacute;rents</strong><br />\r\n	Pour obtenir le programme d&eacute;taill&eacute; et vous inscrire, contactez le bureau de &laquo;&nbsp;nom de l&rsquo;association&nbsp;&raquo; &agrave; ville 1&nbsp;&raquo; :</font></font><font face=\"Calibri, serif\"><font size=\"2\" style=\"font-size: 11pt\"></font></font><font face=\"Calibri, serif\"><font size=\"2\" style=\"font-size: 11pt\"> T&eacute;l : &laquo;&nbsp;num&eacute;ro bureau ville 1&nbsp;&raquo; - email : &laquo;&nbsp;email bureau ville 1&raquo; ou t&eacute;l&eacute;chargez directement votre bulletin ci-dessous.</font></font></font></font></p>\r\n',1),(16,'fr','DIFFERENTES POSSIBILITES DE CUMUL \"EMPLOI/RETRAITE\"','','<style type=\"text/css\">\r\n<!--\r\n		@page { margin: 2cm }\r\n		P { margin-bottom: 0.21cm }\r\n	--></style>\r\n<p style=\"margin-top: 0.05cm; margin-bottom: 0.05cm\">\r\n	<font face=\"Times New Roman, serif\"><font size=\"3\"><font face=\"Calibri, serif\"><font size=\"2\" style=\"font-size: 11pt\"><strong>Lieu :</strong> &laquo;nom ville 1&nbsp;&raquo;<br />\r\n	<strong>Date :</strong> JJ/MM/AAAA - De&nbsp;: HH.MM &agrave; HH.MM<br />\r\n	<strong>Objectif :</strong> Conna&icirc;tre les opportunit&eacute;s de prolonger une activit&eacute; professionnelle &agrave; l&rsquo;&acirc;ge de la retraite</font></font><font face=\"Calibri, serif\"><font size=\"2\" style=\"font-size: 11pt\"></font></font><font face=\"Calibri, serif\"><font size=\"2\" style=\"font-size: 11pt\">Extrait du programme : La diff&eacute;renciation des r&eacute;gimes de retraite (professions lib&eacute;rales, commer&ccedil;ants, salari&eacute;s et autres), la prise en compte des &eacute;carts de retraite, les conditions de reprise d&rsquo;une activit&eacute; pendant la retraite, etc.</font></font><font face=\"Calibri, serif\"><font size=\"2\" style=\"font-size: 11pt\"></font></font><br />\r\n	<font face=\"Calibri, serif\"><font size=\"2\" style=\"font-size: 11pt\"><strong>R&eacute;serv&eacute; aux Adh&eacute;rents</strong><br />\r\n	Pour obtenir le programme d&eacute;taill&eacute; et vous inscrire, contactez le bureau de &laquo;&nbsp;nom de l&rsquo;association&nbsp;&raquo; &agrave; ville 1&nbsp;&raquo; :</font></font><font face=\"Calibri, serif\"><font size=\"2\" style=\"font-size: 11pt\"></font></font><font face=\"Calibri, serif\"><font size=\"2\" style=\"font-size: 11pt\"> T&eacute;l : &laquo;&nbsp;num&eacute;ro bureau ville 1&nbsp;&raquo; - email : &laquo;&nbsp;email bureau ville 1&raquo; ou t&eacute;l&eacute;chargez directement votre bulletin ci-dessous.</font></font></font></font></p>\r\n',1),(17,'fr','Vos formation 2me semestre','','',1),(18,'fr','LE VEHICULE DU PROFESSIONNEL LIBERAL','','<style type=\"text/css\">\r\n<!--\r\n		@page { margin: 2cm }\r\n		P { margin-bottom: 0.21cm }\r\n	--></style>\r\n<p style=\"margin-top: 0.05cm; margin-bottom: 0.05cm\">\r\n	<font face=\"Times New Roman, serif\"><font size=\"3\"><font face=\"Calibri, serif\"><font size=\"2\" style=\"font-size: 11pt\"><strong>Lieu :</strong> &laquo;nom ville 1&nbsp;&raquo;<br />\r\n	<strong>Date :</strong> JJ/MM/AAAA - De&nbsp;: HH.MM &agrave; HH.MM<br />\r\n	<strong>Objectif :</strong> Ma&icirc;triser les cons&eacute;quences fiscales des diff&eacute;rents choix op&eacute;r&eacute;s lors de l&rsquo;acquisition et de l&rsquo;exploitation d&rsquo;un v&eacute;hicule</font></font><font face=\"Calibri, serif\"><font size=\"2\" style=\"font-size: 11pt\"></font></font><br />\r\n	<font face=\"Calibri, serif\"><font size=\"2\" style=\"font-size: 11pt\"><strong>Extrait du programme :</strong> V&eacute;hicule de tourisme ou v&eacute;hicule de loisir ? Frais r&eacute;els ou Indemnit&eacute;s kilom&eacute;triques ? Cas particuliers (cr&eacute;dit-bail, auto-&eacute;coles, etc.)</font></font><font face=\"Calibri, serif\"><font size=\"2\" style=\"font-size: 11pt\"></font></font><br />\r\n	<font face=\"Calibri, serif\"><font size=\"2\" style=\"font-size: 11pt\"><strong>R&eacute;serv&eacute; aux Adh&eacute;rents</strong><br />\r\n	Pour obtenir le programme d&eacute;taill&eacute; et vous inscrire, contactez le bureau de &laquo;&nbsp;nom de l&rsquo;association&nbsp;&raquo; &agrave; ville 1&nbsp;&raquo; :</font></font><font face=\"Calibri, serif\"><font size=\"2\" style=\"font-size: 11pt\"></font></font><font face=\"Calibri, serif\"><font size=\"2\" style=\"font-size: 11pt\"> T&eacute;l : &laquo;&nbsp;num&eacute;ro bureau ville 1&nbsp;&raquo; - email : &laquo;&nbsp;email bureau ville 1&raquo; ou t&eacute;l&eacute;chargez directement votre bulletin ci-dessous.</font></font></font></font></p>\r\n',1),(19,'fr','DIFFERENTES FORMES D\'EXERCICE DE L\'ACTIVITE LIBERALE, COMMENT FAIRE LE BON CHOIX ?','','<style type=\"text/css\">\r\n<!--\r\n		@page { margin: 2cm }\r\n		P { margin-bottom: 0.21cm }\r\n	--></style>\r\n<p style=\"margin-top: 0.05cm; margin-bottom: 0.05cm\">\r\n	<font face=\"Times New Roman, serif\"><font size=\"3\"><font face=\"Calibri, serif\"><font size=\"2\" style=\"font-size: 11pt\"><strong>Lieu :</strong> &laquo;nom ville 2&nbsp;&raquo;<br />\r\n	<strong>Date :</strong> JJ/MM/AAAA - De&nbsp;: HH.MM &agrave; HH.MM<br />\r\n	<strong>Objectif :</strong> D&eacute;terminer la structure adapt&eacute;e &agrave; vos besoins<br />\r\n	<strong>Extrait du programme :</strong> Travailler avec un conjoint (structure juridique), la soci&eacute;t&eacute; civile de moyens (SCM), les Soci&eacute;t&eacute;s commerciales, etc.</font></font><font face=\"Calibri, serif\"><font size=\"2\" style=\"font-size: 11pt\"></font></font><br />\r\n	<font face=\"Calibri, serif\"><font size=\"2\" style=\"font-size: 11pt\"><strong>R&eacute;serv&eacute; aux Adh&eacute;rents</strong><br />\r\n	Pour obtenir le programme d&eacute;taill&eacute; et vous inscrire, contactez le bureau de &laquo;&nbsp;nom de l&rsquo;association&nbsp;&raquo; &agrave; ville 2&nbsp;&raquo; :</font></font><font face=\"Calibri, serif\"><font size=\"2\" style=\"font-size: 11pt\"></font></font><font face=\"Calibri, serif\"><font size=\"2\" style=\"font-size: 11pt\"> T&eacute;l : &laquo;&nbsp;num&eacute;ro bureau ville 2&nbsp;&raquo; - email : &laquo;&nbsp;email bureau ville 2&raquo; ou t&eacute;l&eacute;chargez directement votre bulletin ci-dessous.</font></font></font></font></p>\r\n',1),(20,'fr','root2','','',1);
/*!40000 ALTER TABLE `sid_added_pages_translation_version` ENABLE KEYS */;
UNLOCK TABLES;

--
-- Dumping data for table `sid_article`
--

LOCK TABLES `sid_article` WRITE;
/*!40000 ALTER TABLE `sid_article` DISABLE KEYS */;
INSERT INTO `sid_article` (`id`, `filename`, `section_id`, `is_active`, `is_dossier`, `position`) VALUES (18954,'10019728',552,1,0,-1),(18955,'10019781',552,1,0,-2),(18956,'10019911',552,1,0,-3),(18957,'10019946',552,1,0,-4),(18958,'10020032',552,1,0,-5),(18959,'10020075',552,1,0,-6),(18960,'10020142',552,1,0,-7),(18961,'10020311',552,1,0,-8),(18962,'10020368',552,1,0,-9),(18963,'10020370',552,1,0,-10),(18964,'10020386',552,1,0,-11),(18965,'15242',553,1,0,-12),(18966,'713',553,1,0,-13),(18967,'723',553,1,0,-14),(18968,'726',553,1,0,-15),(18969,'729',553,1,0,-16),(18970,'732',553,1,0,-17),(18971,'733',553,1,0,-18),(18972,'736',553,1,0,-19),(18973,'737',553,1,0,-20),(18974,'740',553,1,0,-21),(18975,'743',553,1,0,-22),(18976,'744',553,1,0,-23),(18977,'10019808',554,1,0,-24),(18978,'10020004',554,1,0,-25),(18979,'10020106',554,1,0,-26),(18980,'10020172',554,1,0,-27),(18981,'10020197',554,1,0,-28),(18982,'10020332',554,1,0,-29),(18983,'10020360',554,1,0,-30),(18984,'10020469',554,1,0,-31),(18985,'10016400',555,1,0,-32),(18986,'2291',555,1,0,-33),(18987,'770',555,1,0,-34),(18988,'773',555,1,0,-35),(18989,'776',555,1,0,-36),(18990,'777',555,1,0,-37),(18991,'778',555,1,0,-38),(18992,'779',555,1,0,-39),(18993,'780',555,1,0,-40),(18994,'781',555,1,0,-41),(18995,'782',555,1,0,-42),(18996,'787',555,1,0,-43),(18997,'790',555,1,0,-44),(18998,'791',555,1,0,-45),(18999,'794',555,1,0,-46),(19000,'797',555,1,0,-47),(19001,'10019726',556,1,0,-48),(19002,'10019744',556,1,0,-49),(19003,'10019849',556,1,0,-50),(19004,'10019924',556,1,0,-51),(19005,'10019966',556,1,0,-52),(19006,'10020083',556,1,0,-53),(19007,'10020084',556,1,0,-54),(19008,'10020133',556,1,0,-55),(19009,'10020213',556,1,0,-56),(19010,'10020298',556,1,0,-57),(19011,'10020444',556,1,0,-58),(19012,'268',557,1,0,-59),(19013,'269',557,1,0,-60),(19014,'270',557,1,0,-61),(19015,'271',557,1,0,-62),(19016,'272',557,1,0,-63),(19017,'273',557,1,0,-64),(19018,'274',557,1,0,-65),(19019,'275',557,1,0,-66),(19020,'621',557,1,0,-67),(19021,'628',557,1,0,-68),(19022,'631',557,1,0,-69),(19023,'634',557,1,0,-70),(19024,'637',557,1,0,-71),(19025,'640',557,1,0,-72),(19026,'646',557,1,0,-73),(19027,'651',557,1,0,-74),(19028,'652',557,1,0,-75),(19029,'658',557,1,0,-76),(19030,'662',557,1,0,-77),(19031,'663',557,1,0,-78),(19032,'666',557,1,0,-79),(19033,'672',557,1,0,-80),(19034,'673',557,1,0,-81),(19035,'674',557,1,0,-82),(19036,'679',557,1,0,-83),(19037,'683',557,1,0,-84),(19038,'10018436',558,1,0,2),(19039,'10018437',558,1,0,3),(19040,'10018439',558,1,0,4),(19041,'10018440',558,1,0,5),(19042,'10018441',558,1,0,6),(19043,'10018442',558,1,0,7),(19044,'10018443',558,1,0,8),(19045,'10018435',558,1,0,1),(19046,'10019423',559,1,0,1),(19047,'10019427',559,1,0,2),(19048,'10019428',559,1,0,3),(19049,'10019429',559,1,0,4),(19050,'10019430',559,1,0,5),(19051,'10019431',559,1,0,6),(19052,'10019432',559,1,0,7),(19053,'10019433',559,1,0,8),(19054,'10017654',560,1,0,1),(19055,'10013976',561,1,0,-85),(19056,'10014058',562,1,0,-86),(19057,'10020573',556,1,0,-87),(19058,'tpepme_000701',563,1,1,-88),(19059,'tpepme_000704',563,1,1,-89),(19060,'tpepme_000707',563,1,1,-90),(19061,'10014611',564,1,0,-91),(19062,'14020',564,1,0,-92),(19063,'14022',564,1,0,-93),(19064,'33',564,1,0,-94),(19065,'34',564,1,0,-95),(19066,'35',564,1,0,-96),(19067,'36',564,1,0,-97),(19068,'687',564,1,0,-98),(19069,'688',564,1,0,-99),(19070,'692',564,1,0,-100),(19071,'693',564,1,0,-101),(19072,'696',564,1,0,-102),(19073,'699',564,1,0,-103),(19074,'10014052',565,1,0,-104),(19075,'10014055',565,1,0,-105),(19076,'10016279',566,1,0,-106),(19077,'268',566,1,0,-107),(19078,'269',566,1,0,-108),(19079,'270',566,1,0,-109),(19080,'271',566,1,0,-110),(19081,'272',566,1,0,-111),(19082,'273',566,1,0,-112),(19083,'274',566,1,0,-113),(19084,'275',566,1,0,-114),(19085,'621',566,1,0,-115),(19086,'628',566,1,0,-116),(19087,'631',566,1,0,-117),(19088,'634',566,1,0,-118),(19089,'637',566,1,0,-119),(19090,'640',566,1,0,-120),(19091,'646',566,1,0,-121),(19092,'651',566,1,0,-122),(19093,'652',566,1,0,-123),(19094,'658',566,1,0,-124),(19095,'662',566,1,0,-125),(19096,'663',566,1,0,-126),(19097,'666',566,1,0,-127),(19098,'672',566,1,0,-128),(19099,'673',566,1,0,-129),(19100,'674',566,1,0,-130),(19101,'679',566,1,0,-131),(19102,'683',566,1,0,-132),(19103,'692',566,1,0,-133),(19104,'693',566,1,0,-134),(19105,'10020586',567,1,0,-135),(19106,'10020594',567,1,0,-136),(19107,'10020597',567,1,0,-137),(19108,'10020600',567,1,0,-138),(19109,'10020601',567,1,0,-139),(19110,'10020602',567,1,0,-140),(19111,'10020603',567,1,0,-141),(19112,'10020604',567,1,0,-142),(19113,'10020624',552,1,0,-143),(19114,'10020614',561,1,0,-144),(19115,'10020637',567,1,0,-145),(19116,'10020638',567,1,0,-146),(19117,'10020639',567,1,0,-147),(19118,'10020640',567,1,0,-148),(19119,'10020641',567,1,0,-149),(19120,'10020642',567,1,0,-150),(19121,'10020643',567,1,0,-151),(19122,'10020644',567,1,0,-152),(19123,'10020645',567,1,0,-153),(19124,'10020647',567,1,0,-154),(19125,'10020649',567,1,0,-155),(19126,'10020616',561,1,0,-156),(19127,'10020650',554,1,0,-157),(19128,'10020657',567,1,0,-158),(19129,'10020658',567,1,0,-159),(19130,'10020659',567,1,0,-160),(19131,'10020660',567,1,0,-161),(19132,'10020662',567,1,0,-162),(19133,'10020663',567,1,0,-163),(19134,'10020664',567,1,0,-164),(19135,'10020665',567,1,0,-165),(19136,'10020666',567,1,0,-166),(19137,'10020667',567,1,0,-167),(19138,'10020668',567,1,0,-168),(19139,'10020669',567,1,0,-169),(19140,'10020670',567,1,0,-170),(19141,'10020671',567,1,0,-171),(19142,'10020673',567,1,0,-172),(19143,'10020674',567,1,0,-173),(19144,'10020675',567,1,0,-174),(19145,'10020694',552,1,0,-175),(19146,'10020704',561,1,0,-176),(19147,'10020706',561,1,0,-177),(19148,'10020709',561,1,0,-178),(19149,'10020708',562,1,0,-179),(19150,'10020714',562,1,0,-180),(19151,'10020617',556,1,0,-181),(19152,'10020701',565,1,0,-182),(19153,'10020702',565,1,0,-183),(19154,'10020705',565,1,0,-184),(19155,'10020707',565,1,0,-185),(19156,'10020712',565,1,0,-186),(19157,'10020713',565,1,0,-187),(19158,'10020717',565,1,0,-188),(19159,'10020726',561,1,0,-189),(19160,'10020732',561,1,0,-190),(19161,'10020733',561,1,0,-191),(19162,'10020738',561,1,0,-192),(19163,'10020745',561,1,0,-193),(19164,'10020748',561,1,0,-194),(19165,'10020749',561,1,0,-195),(19166,'10020750',561,1,0,-196),(19167,'10020720',562,1,0,-197),(19168,'10020722',562,1,0,-198),(19169,'10020723',562,1,0,-199),(19170,'10020727',562,1,0,-200),(19171,'10020734',562,1,0,-201),(19172,'10020735',562,1,0,-202),(19173,'10020746',562,1,0,-203),(19174,'10020635',556,1,0,-204),(19175,'10020728',565,1,0,-205),(19176,'10020729',565,1,0,-206),(19177,'10020737',565,1,0,-207),(19178,'10020739',565,1,0,-208),(19179,'10020741',565,1,0,-209),(19180,'10020747',565,1,0,-210),(19181,'10020751',565,1,0,-211),(19182,'10020618',556,1,0,-212),(19183,'10020371',552,1,0,-213),(19184,'10020753',554,1,0,-214),(19185,'10020619',556,1,0,-215),(19186,'10020620',556,1,0,-216),(19187,'10020621',556,1,0,-217),(19188,'10020372',552,1,0,-218),(19189,'10020840',556,1,0,-219),(19190,'tpepme_000706',563,1,0,-220),(19191,'10020373',552,1,0,-221),(19192,'10020930',568,1,0,1),(19193,'10020931',568,1,0,2),(19194,'10020932',568,1,0,3),(19195,'10020933',568,1,0,4),(19196,'10020934',568,1,0,5),(19197,'10020935',568,1,0,6),(19198,'10020936',568,1,0,7),(19199,'10020937',568,1,0,8),(19200,'tpepme_000702',563,1,0,-222),(19201,'tpepme_000703',563,1,0,-223),(19202,'tpepme_000705',563,1,0,-224),(19203,'tpepme_000708',563,1,0,-225),(19204,'tpepme_000709',563,1,0,-226),(19205,'10020938',569,1,0,1),(19206,'10020939',569,1,0,2),(19207,'10020940',569,1,0,3),(19208,'10020941',569,1,0,4),(19209,'10020942',569,1,0,5),(19210,'10020943',569,1,0,6),(19211,'10020944',569,1,0,7),(19212,'10020945',569,1,0,8),(19213,'10020841',556,1,0,-227);
/*!40000 ALTER TABLE `sid_article` ENABLE KEYS */;
UNLOCK TABLES;

--
-- Dumping data for table `sid_article_dm_tag`
--

LOCK TABLES `sid_article_dm_tag` WRITE;
/*!40000 ALTER TABLE `sid_article_dm_tag` DISABLE KEYS */;
INSERT INTO `sid_article_dm_tag` (`id`, `dm_tag_id`) VALUES (18987,56),(18988,56),(18989,56),(18990,56),(18991,56),(18992,56),(18993,56),(18994,56),(18995,56),(18996,56),(18997,56),(18998,56),(18999,56),(18972,59),(18977,59),(18980,59),(18982,59),(19000,59),(19033,59),(19034,59),(19098,59),(19099,59),(19127,59),(19000,60),(18956,61),(18958,61),(18962,61),(18963,61),(18968,61),(18969,61),(18970,61),(18971,61),(18972,61),(18989,61),(19183,61),(19188,61),(19191,61),(19191,62),(18962,63),(18971,64),(18956,65),(18958,65),(18962,65),(18963,65),(19183,65),(19188,65),(19191,65),(18958,66),(18963,66),(19191,66),(19188,67),(18956,69),(18966,70),(18968,71),(18972,71),(19191,71),(18962,72),(18969,72),(18970,72),(18989,72),(18991,75),(19127,75),(18991,76),(18969,77),(18996,77),(18997,77),(18998,77),(18999,78),(18999,79),(18966,80),(19000,80),(19000,81),(19127,81),(18972,82),(18977,82),(18982,82),(18983,82),(19004,83),(19005,83),(19009,83),(19021,83),(19027,83),(19029,83),(19030,83),(19058,83),(19059,83),(19060,83),(19061,83),(19062,83),(19063,83),(19064,83),(19065,83),(19066,83),(19067,83),(19068,83),(19069,83),(19070,83),(19071,83),(19072,83),(19073,83),(19086,83),(19092,83),(19094,83),(19095,83),(19103,83),(19104,83),(19187,83),(19190,83),(19200,83),(19201,83),(19202,83),(19203,83),(19204,83),(19021,84),(19027,84),(19029,84),(19030,84),(19068,84),(19069,84),(19070,84),(19071,84),(19086,84),(19092,84),(19094,84),(19095,84),(19103,84),(19104,84),(19024,85),(19028,85),(19035,85),(19089,85),(19093,85),(19100,85),(19033,86),(19034,86),(19098,86),(19099,86),(18980,87),(18984,87),(19034,87),(19099,87),(18984,88),(19005,88),(19009,88),(19186,88),(19187,88),(19008,89),(19011,89),(19076,89),(19151,89),(19174,89),(19182,89),(19213,89),(19005,90),(19058,90),(19059,90),(19060,90),(19072,90),(19073,90),(19190,90),(19200,90),(19202,90),(19203,90),(19204,90),(18980,91),(19002,92),(19057,92),(19006,93),(19007,93),(19201,93),(18962,96),(18963,96),(18981,99),(18983,99),(18979,102),(18979,106),(19001,108),(19003,108),(19004,108),(19010,108),(19185,108),(19189,108);
/*!40000 ALTER TABLE `sid_article_dm_tag` ENABLE KEYS */;
UNLOCK TABLES;

--
-- Dumping data for table `sid_article_translation`
--

LOCK TABLES `sid_article_translation` WRITE;
/*!40000 ALTER TABLE `sid_article_translation` DISABLE KEYS */;
INSERT INTO `sid_article_translation` (`id`, `title`, `chapeau`, `lang`, `created_at`, `updated_at`) VALUES (18954,'Une pension alimentaire verse  un frre ou  une soeur est-elle dductible ?','Une pension alimentaire verse par un contribuable  ses frres et surs ne peut tre dduite de son revenu global.','fr','2012-06-12 14:00:00','2012-06-22 15:54:02'),(18955,'Quelle fiscalit pour les ventes de terrains nus constructibles ?','L\'administration fiscale apporte des prcisions sur l\'application du rgime des plus-values aux ventes de terrains nus constructibles.','fr','2012-06-14 10:24:00','2012-06-27 17:43:39'),(18956,'Dduction de la TVA en l\'absence de mentions obligatoires sur la facture','Une entreprise peut dduire la TVA figurant sur une facture ne mentionnant pas certaines informations obligatoires  condition de justifier du paiement effectif, par elle-mme, de cette facture.','fr','2012-06-20 14:00:00','2012-06-22 15:36:15'),(18957,'Doit-on rapporter  la succession un chque remis  un enfant lors des ftes de fin d\'anne ?','La distinction entre le prsent d\'usage, qui n\'est pas impos et n\'a pas  tre rapport  la succession du donateur, et le don manuel est tablie par les juges au cas par cas.','fr','2012-06-20 10:47:00','2012-06-20 13:48:11'),(18958,'Exonration d\'impt sur les bnfices en ZFU','L\'exonration d\'impt sur les bnfices dont bnficient les entreprises implantes dans une zone franche urbaine (ZFU) s\'applique en totalit mme si l\'exonration de cotisations sociales ne concerne qu\'une partie des salaris.','fr','2012-06-25 14:00:00','2012-06-29 14:57:25'),(18959,'ISF : les formalits ncessaires  l\'exonration partielle des bois et forts','Le contribuable qui bnficie de l\'exonration partielle des bois et forts au titre de l\'ISF doit apporter  l\'administration fiscale, conjointement au renouvellement du certificat de gestion durable, un bilan de mise en uvre du document de gestion durable.','fr','2012-06-26 10:51:00','2012-06-29 14:59:26'),(18960,'Succession : le sort des retraits d\'espces raliss un an avant le dcs','Les retraits d\'espces importants effectus par une personne un an avant son dcs doivent tre justifis sous peine d\'tre rintgres  l\'actif successoral par l\'administration fiscale.','fr','2012-06-28 13:44:00','2012-06-28 16:02:13'),(18961,'Plus-values immobilires : faut-il tenir compte des changements intervenus aprs l\'acquisition du bien ?','Les circonstances postrieures  l\'acquisition d\'un bien immobilier n\'ont pas d\'incidence sur le prix d\'acquisition  retenir pour le calcul de la plus-value ralise lors de la revente de tout ou partie de ce bien.','fr','2012-07-04 11:51:00','2012-07-09 09:52:16'),(18962,'Augmentation des prlvements sociaux depuis le 1er juillet !','L\'augmentation du taux global d\'imposition des prlvements sociaux de 13,5  15,5 % sur les produits de placement est entre en vigueur le 1er juillet dernier.','fr','2012-07-09 10:00:00','2012-07-13 11:38:34'),(18963,'Collectif budgtaire :  quoi doivent s\'attendre les entreprises ?','Prsent en conseil des ministres ce mercredi, le projet de loi de finances rectificative pour 2012 prvoit, sans surprise, des hausses d\'impts, notamment  la charge des entreprises.','fr','2012-07-06 10:00:00','2012-07-06 15:15:54'),(18964,'Collectif budgtaire : les mesures qui impactent le patrimoine des particuliers','Le collectif budgtaire prvoit l\'instauration d\'une contribution exceptionnelle sur la fortune et une augmentation des droits de donation et de succession.','fr','2012-07-06 12:00:00','2012-07-06 15:02:33'),(18965,'Tarifs de la TASCOM','La taxe sur les surfaces commerciales (TASCOM) est due par les exploitants de surfaces commerciales de plus de 400 m et dont le chiffre d\'affaires est suprieur  460 000 .','fr','2010-06-01 17:19:00','2011-01-28 15:26:22'),(18966,'Cession de fonds de commerce et biens assimils','La cession d\'un fonds de commerce fait l\'objet d\'un paiement de droits de mutation auprs de l\'administration fiscale dont le montant varie par fraction de prix et peut bnficier d\'un rgime spcial dans certaines zones d\'amnagement.','fr','2008-08-06 00:00:00','2011-02-02 15:38:13'),(18967,'Taxe sur les salaires 2012','La taxe sur les salaires est due par les employeurs qui ne sont pas soumis  la TVA sur la totalit de leur chiffre d\'affaires. Elle est calcule sur les rmunrations verses au cours de l\'anne par application d\'un barme progressif.','fr','2010-01-15 00:00:00','2012-01-10 14:57:33'),(18968,'Barme de l\'impt sur les revenus 2011 pour une part','Les limites des tranches du barme de l\'impt sur les revenus restent fixes pour les revenus de l\'anne 2011 aux mmes montants que ceux applicables pour les revenus de 2010.','fr','2009-01-13 00:00:00','2012-01-10 14:35:16'),(18969,'Plus-values immobilires des particuliers','La plus-value ralise lors de la vente d\'un bien immobilier est, en principe, fiscalement impose.','fr','2008-05-05 00:00:00','2012-07-01 01:00:03'),(18970,'Prlvements libratoires','Certains revenus financiers ne sont pas soumis au barme de l\'impt sur le revenu mais  un taux forfaitaire d\'imposition.','fr','2008-05-05 00:00:00','2012-07-01 01:00:02'),(18971,'Barme de l\'I.S.F. au 01/01/2012','Seuls les contribuables dtenant un patrimoine dont la valeur nette taxable est suprieure  1 300 000  sont redevables de l\'ISF.','fr','2010-01-15 00:00:00','2012-01-26 10:59:30'),(18972,'Intrts des comptes courants d\'associs','Les intrts des sommes mises en compte courant par un associ sont dductibles dans la limite de la moyenne annuelle des taux effectifs moyens pratiqus par les tablissements de crdit pour des prts  taux variable aux entreprises d\'une dure initiale suprieure  deux ans.','fr','2010-04-01 00:00:00','2012-06-29 14:53:00'),(18973,'Taxe sur les vhicules des socits sur la priode du 1eroctobre 2011 au 30septembre 2012','Chaque anne, les dirigeants doivent dclarer l\'ensemble des voitures particulires que possde leur socit et s\'acquitter de la taxe sur les vhicules des socits (TVS). Deux barmes coexistent. L\'un est fonction de la production de CO2 du vhicule. L\'autre, qui disparatra  l\'avenir, en fonction de la puissance du vhicule.','fr','2007-10-17 00:00:00','2012-01-30 15:34:20'),(18974,'Barme de l\'Imposition Forfaitaire Annuelle des socits','Le montant de l\'IFA varie en fonction du chiffre d\'affaires major des produits financiers ralis par la personne morale. Les personnes morales dont le chiffre d\'affaires hors taxes, major des produits financiers, est infrieur  15 000 000  sont exonres d\'IFA. En 2014, l\'IFA sera totalement supprime.','fr','2009-01-13 00:00:00','2011-01-08 16:15:17'),(18975,'TVA intracommunautaire : taux de change mensuels','Les oprations intracommunautaires doivent faire l\'objet d\'une dclaration mensuelle aux douanes. Pour remplir cette dclaration, les entreprises doivent convertir les monnaies trangres utilises dans le cadre de ces oprations  l\'aide de cours de conversion en euros publis chaque mois par l\'administration.','fr','2009-12-01 10:00:00','2012-08-01 01:00:04'),(18976,'Tarif des droits de donation et de succession','Les tranches des barmes et les abattements applicables aux droits de mutation  titre gratuit applicables en 2012 sont identiques  ceux de 2011.','fr','2010-01-15 00:00:00','2012-01-10 18:31:24'),(18977,'Dpassement du nombre de mandats autoriss dans une SA','\nDans une socit anonyme, la dmission d\'office d\'un mandataire social en cas de dpassement du nombre de mandats autoris pour une mme personne peut-elle avoir des consquences sur la rmunration de l\'intress et les dlibrations auxquelles il a particip ?','fr','2012-06-14 14:00:00','2012-06-14 14:56:46'),(18978,'Liquidation judiciaire : le sort du produit de la vente d\'un bien commun','Lorsque l\'un des poux est en liquidation judiciaire, la somme d\'argent issue de la vente d\'un bien commun peut tre intgralement redistribue aux cranciers sans attribuer une part au conjoint.','fr','2012-06-22 10:15:00','2012-06-25 16:58:25'),(18979,'Cautionnement : pas de mention, pas de solidarit !','Pour qu\'un cautionnement soit solidaire, une mention spcifique doit tre inscrite dans l\'acte.','fr','2012-06-27 10:47:00','2012-06-27 14:03:19'),(18980,'Voyagez en toute tranquillit avec le guide des vacances 2012 de la DGCCRF !','Comme chaque anne, la DGCCRF publie en ligne un guide  destination des vacanciers. Au sommaire : informations pratiques et conseils !','fr','2012-06-29 10:03:00','2012-06-29 10:10:10'),(18981,'Les dispositions  prendre avant de fermer votre entreprise cet t','Anticipez vos chances fiscales et sociales avant la fermeture estivale !','fr','2012-07-02 14:00:00','2012-07-06 15:02:59'),(18982,'SARL : sanction du non-respect des rgles de majorit fixes par les statuts','Dans les SARL, une dcision des associs modifiant les statuts ne peut pas tre annule pour non-respect d\'une clause de majorit renforce car la loi ne le prvoit pas.','fr','2012-07-05 10:05:00','2012-07-05 10:11:33'),(18983,'Dpt des comptes annuels : vous avez dit  simplification  ?','Bien que la formalit ait t allge par la rcente loi de simplification du droit, les socits commerciales doivent continuer  dposer leurs comptes annuels au greffe du tribunal de commerce en deux exemplaires.','fr','2012-07-05 14:20:00','2012-07-06 15:59:45'),(18984,'L\'emploi, principal sujet de discriminations','Prs de la moiti des rclamations portes en 2011 devant le Dfenseur des droits en matire de discriminations concerne l\'emploi.','fr','2012-07-10 12:25:00','2012-07-13 11:37:12'),(18985,'Indice des loyers des activits tertiaires','L\'indice des loyers des activits tertiaires peut servir de rfrence pour la rvision des loyers des baux professionnels en lieu et place de l\'indice du cot de la construction.\nPlus prcisment, il peut tre utilis pour les baux de locaux  usage de bureaux et de locaux occups pour l\'exercice d\'une activit tertiaire autre que commerciale ou artisanale (baux des professions librales).','fr','2012-01-16 16:57:00','2012-07-06 15:30:52'),(18986,'Indice des loyers commerciaux','Institu par la loi de modernisation de l\'conomie du 4 aot 2008, l\'indice des loyers commerciaux (ILC) peut tre utilis en lieu et place de l\'indice du cot de la construction (ICC) pour la rvision du loyer d\'un bail commercial. Compos pour 50 % de l\'indice des prix  la consommation, pour 25 % de l\'indice du cot de la construction et pour 25 % de l\'indice du chiffre d\'affaires du commerce de dtail en valeur, cet indice est cens varier de faon moins forte que l\'ICC.\nAttention, l\'indice des loyers commerciaux concerne uniquement les locataires commerants immatriculs au registre du commerce et des socits (RCS) et artisans inscrits au rpertoire des mtiers. Il ne peut tre utilis pour les activits industrielles (fabriques, usines, ateliers...) et pour les activits exerces dans des immeubles  usage exclusif de bureaux ou dans des plates-formes logistiques (entrepts...).','fr','2009-10-09 11:42:00','2012-07-06 15:21:24'),(18987,'Taux de base bancaire','Le taux de base bancaire est dfini  partir des pratiques de la profession bancaire, chaque banque fixant elle-mme librement son taux de base, c\'est--dire le taux minimum, qu\'elle entend retenir pour ses oprations. Il sert de rfrence  la tarification des crdits  court et moyen terme consentis aux entreprises.','fr','2010-01-04 11:00:00','2012-08-01 01:00:04'),(18988,'Taux EONIA (ex-Taux du march montaire)','EONIA (pour Euro Overnight Index Average) est le taux au jour le jour du march montaire europen. C\'est un taux moyen pondr par les transactions dclares par un chantillon reprsentatif d\'tablissements de la zone euro.','fr','2009-12-01 00:00:00','2012-07-03 09:09:27'),(18989,'Rmunration de l\'pargne rglemente','L\'pargne rglemente consiste en un compte ouvert auprs d\'une banque et pour lequel tous les dpts d\'argent sont rmunrs selon un taux fix par l\'Etat (le terme de livret rglement est utilis dans ce cas).','fr','2009-07-16 00:00:00','2011-07-12 09:36:59'),(18990,'Taux d\'intrt lgal','Le taux de l\'intrt lgal, fix pour la dure de l\'anne civile, est gal  la moyenne arithmtique des douze dernires moyennes mensuelles des taux de rendement actuariel des adjudications de bons du Trsor  treize semaines.','fr','2008-02-26 00:00:00','2012-02-08 10:22:10'),(18991,'Taux de refinancement (taux \"refi\" ou \"repo\")','Le taux refi, fix par la Banque Centrale Europenne (BCE) sert notamment  calculer les pnalits de retard sur les factures impayes. Le taux des pnalits de retard correspond au taux refi major de10points. Cependant, le fournisseur peut appliquer un taux diffrent pour les pnalits de retard, le taux choisi ne peut tre infrieur  3fois letaux de l\'intrt lgal.','fr','2009-03-09 00:00:00','2012-07-06 15:52:54'),(18992,'Taux de l\'usure en %','Le taux de l\'usure correspond au taux maximum d\'intrt qu\'un prteur ne peut lgalement dpasser. Ainsi, le taux effectif global d\'un prt doit obligatoirement tre infrieur au taux de l\'usure.','fr','2009-09-28 10:00:00','2012-06-28 21:58:46'),(18993,'Taux Effectif Global moyen en %','Le taux effectif global (TEG) correspond au taux d\'intrt annuel, tout frais compris, pay effectivement pour un crdit. Il comprend, outre les intrts proprement dits, les frais, commissions ou rmunrations lis  l\'octroi du crdit.','fr','2009-09-28 11:00:00','2012-06-28 22:05:44'),(18994,'Taux de conversion de l\'Euro','Le 1er janvier 1999, l\'euro devenait une monnaie lgale et les monnaies nationales des 11 pays europens ayant adopt l\'euro des subdivisions de l\'euro. Pour chacune de ces monnaies, un taux de conversion fixe est arrt.','fr','2005-03-10 00:00:00','2008-10-27 11:58:10'),(18995,'Indices mensuels des prix  la consommation','L\'indice des prix  la consommation est l\'instrument de mesure de l\'inflation. Il permet d\'estimer, entre deux priodes donnes, la variation moyenne des prix des produits consomms par les mnages.','fr','2010-04-13 10:30:00','2012-07-12 09:18:22'),(18996,'Indice trimestriel du cot de la construction','L\'indice du cot de la construction, calcul par l\'INSEE, traduit l\'volution des prix dans le secteur immobilier. Il sert de rfrence pour l\'indexation des mensualits de certaines formules de prts et pour la rvision des loyers commerciaux.','fr','2009-10-09 12:00:00','2012-07-06 15:36:06'),(18997,'Indice de rfrence des loyers','Le 1er janvier 2006, l\'indice de rfrence des loyers s\'est substitu  la moyenne associe de l\'indice du cot de la construction comme rfrence pour la rvision des loyers en cours de bail dans le parc locatif priv. Modifi par la loi n 2008-111 du 8 fvrier 2008, il correspond aujourd\'hui  la moyenne, sur les douze derniers mois, de l\'indice des prix  la consommation hors tabac et hors loyers.','fr','2009-07-17 10:00:00','2012-07-13 10:15:28'),(18998,'Indice National du Btiment BT01','Publi chaque mois par le ministre charg de la Construction et de l\'Habitation, l\'Indice BT01 est la rfrence officielle de rvision des prix de construction qui mesure l\'volution du cot des facteurs de production dans le btiment.','fr','2009-11-30 09:00:00','2012-06-29 09:07:20'),(18999,'Crdit gratuit : prix maximum pour paiement comptant','En cas de paiement comptant d\'un article pour lequel un crdit gratuit est propos, le vendeur est tenu de consentir une rduction de prix dont le montant est calcul selon un barme tabli semestriellement et publi au Journal Officiel.','fr','2010-01-07 00:00:00','2010-07-05 08:32:26'),(19000,'Comptence des tribunaux de commerce en dernier ressort','Les tribunaux de commerce statuent en dernier ressort lorsque le montant du litige n\'excde pas 3 800  pour les instances introduites devant eux depuis le 1er janvier 2003. Les dcisions rendues en dernier ressort ne sont pas susceptibles d\'appel, seul un pourvoi en cassation est possible.','fr','2005-03-10 00:00:00','2008-10-27 11:58:11'),(19001,'Qu\'est-ce qu\'un travailleur de nuit ?','La Cour de cassation vient de prciser que toutes les heures de nuit comprises dans l\'horaire de travail habituel d\'un salari doivent tre comptabilises pour dterminer si celui-ci bnficie ou non du statut de travailleur de nuit.','fr','2012-06-12 09:46:00','2012-06-12 10:55:12'),(19002,'Licenciement discriminatoire pour port de boucles d\'oreilles','Interdire  un homme de porter des boucles d\'oreilles au travail peut tre discriminatoire.','fr','2012-06-13 14:00:00','2012-06-14 10:06:21'),(19003,'Prvention des risques : il faut se faire assister !','L\'employeur doit se faire assister en interne ou,  dfaut, par un intervenant extrieur.','fr','2012-06-15 09:12:00','2012-06-15 14:17:30'),(19004,'L\'apprentissage dans plusieurs entreprises, c\'est possible !','Un apprenti peut effectuer sa formation pratique dans deux autres entreprises que celle qui l\'emploie  condition que cet accueil ne dpasse pas la moiti du temps de formation prvu par le contrat d\'apprentissage.','fr','2012-06-19 14:00:00','2012-06-19 14:03:20'),(19005,'Aide  l\'embauche des jeunes en alternance : plus que quelques jours','La prime exceptionnelle accorde en cas d\'embauche d\'un jeune en apprentissage ou en contrat de professionnalisation prend fin au 30 juin 2012.','fr','2012-06-21 09:42:00','2012-06-21 10:04:33'),(19006,'Augmentation du Smic au 1er juillet 2012 : tous les chiffres !','Le gouvernement a dcid de revaloriser le montant du Smic de 2 %  compter du 1er juillet 2012.','fr','2012-06-26 15:00:00','2012-07-06 16:04:41'),(19007,'Revalorisation du minimum garanti',' compter du 1er juillet 2012, le minimum garanti est port  3,49 .','fr','2012-06-26 14:50:00','2012-06-29 14:54:52'),(19008,'Versement de transport : s\'informer sur les nouveaux taux applicables au 1er juillet 2012','Alors que de nombreux taux de versement de transport changent au 1er juillet 2012, l\'administration prcise les modalits d\'information actuelles et futures des assujettis sur les nouveaux taux applicables.','fr','2012-06-28 09:51:00','2012-06-29 14:54:13'),(19009,'Aide  l\'embauche TPE : bientt la fin!','Les trs petites entreprises souhaitant bnficier d\'un dispositif  zro charges  en cas d\'embauche d\'un jeune de moins de 26 ans ont jusqu\'au 17 juillet 2012 pour recruter.','fr','2012-07-02 12:00:00','2012-07-02 14:12:32'),(19010,'Les jours fris de l\'t','Quelles sont les consquences du 14 juillet et du 15 aot pour les employeurs ?','fr','2012-07-04 09:33:49','2012-07-04 10:00:02'),(19011,'La cotisation chmage-intempries encore en hausse !','Le taux de la cotisation chmage-intempries, verse par les entreprises du BTP, vient de connatre une double augmentation.','fr','2012-07-09 11:48:00','2012-07-13 12:09:53'),(19012,'Contribution Sociale Gnralise (C.S.G.)','La Contribution sociale gnralise, comme la Contribution au remboursement de la dette sociale, est un prlvement de nature fiscale, destin au financement de la Scurit Sociale, et est due par tous les salaris.','fr','2012-01-03 09:00:00','2012-01-03 14:54:42'),(19013,'Contribution au Remboursement de la Dette Sociale (C.R.D.S.)','La Contribution au remboursement de la dette sociale, comme la Contribution sociale gnralise, est un prlvement de nature fiscale, destin au financement de la Scurit Sociale, et est due par tous les salaris.','fr','2012-01-03 09:00:00','2012-01-03 14:53:15'),(19014,'Cotisations de Scurit Sociale','Les taux des cotisations destines au financement des prestations de maladie - vieillesse - allocations familiales - accident du travail comportent une part patronale et une part salariale. Selon les cas, ils peuvent s\'appliquer sur la totalit du salaire (base) ou sur un montant maximum.','fr','2012-01-16 00:00:00','2012-01-16 15:18:01'),(19015,'Contribution de solidarit pour l\'autonomie','La loi du 30 juin 2004 relative  la solidarit pour l\'autonomie des personnes ges et handicapes a instaur depuis le 1erjuillet 2004, une nouvelle contribution  la charge des employeurs, destine  financer les ressources de la Caisse nationale de solidarit pour l\'autonomie.','fr','2009-02-02 00:00:00','2011-01-13 23:48:53'),(19016,'Cotisations logement','Tout employeur doit verser une cotisation au Fonds national d\'aide au logement (FNAL). Une cotisation supplmentaire est mme due pour les entreprises dont l\'effectif dpasse 9 salaris. Les sommes perues sont mises  la disposition des caisses d\'allocations familiales charges du paiement de l\'APL et de l\'allocation logement.','fr','2009-02-02 00:00:00','2010-12-29 12:01:44'),(19017,'Assurance chmage et FNGS','Les cotisations verses aux Assedic sont de deux ordres : la cotisation assurance-chmage, qui sert  financer les prestations de chmage verses par les Assedic, et la cotisation FNGS (fonds national de garantie des salaires) qui permet de garantir les salaires en cas d\'ouverture d\'une procdure de sauvegarde, de redressement ou de liquidation judiciaire.','fr','2011-04-01 09:00:00','2011-04-01 12:22:15'),(19018,'Association Pour l\'Emploi des Cadres','Les cadres et leurs employeurs cotisent chaque mois  l\'Association pour l\'emploi des cadres (Apec).','fr','2009-12-01 00:00:00','2011-01-13 23:44:53'),(19019,'Prvoyance cadres (assurance dcs)','La convention collective interprofessionnelle de retraite et de prvoyance des cadres de 1947 oblige les employeurs  verser une cotisation  un organisme de prvoyance pour chacun de leurs cadres. Et plus de la moiti de cette cotisation doit tre consacre  la couverture du risque dcs.','fr','2009-02-02 00:00:00','2011-01-13 23:50:21'),(19020,'SMIC horaire et mensuel','Le SMIC, ou salaire minimum de croissance, augmente chaque anne en fonction de l\'volution de l\'conomie et de la conjoncture, tout comme le minimum garanti, qui sert notamment de rfrence  l\'valuation des avantages en nature consentis aux salaris.','fr','2009-11-25 14:31:00','2012-08-01 01:00:04'),(19021,'Rduction Fillon','La rduction Fillon consiste en une rduction des cotisations patronales de Scurit sociale assises sur les bas salaires. Applicable depuis le 1er juillet 2003 sur les salaires verss  compter de cette date, ce dispositif a remplac deux mesures d\'allgement de charges qui existaient auparavant (la rduction unique dgressive sur les bas salaires et l\'allgement Aubry II vers dans le cadre de la rduction du temps de travail).','fr','2012-01-03 09:00:00','2012-01-09 17:57:03'),(19022,'SMIC contrats en alternance','La rmunration des salaris sous contrats en alternance, c\'est--dire qui alternent formation et travail en entreprise (les contrats apprentissage ou de professionnalisation), correspond  un pourcentage du Smic qui varie selon l\'ge du salari, sa progression dans le cycle de formation et/ou son niveau de qualification.','fr','2005-03-10 00:00:00','2008-12-29 17:08:17'),(19023,'Plafond de la Scurit sociale en fonction de la priodicit de la paie','Le plafond de la Scurit sociale constitue la limite au-del de laquelle les rmunrations ne sont plus prises en compte pour le calcul de certaines cotisations sociales plafonnes. Ce plafond, dtermin par rapport  la priodicit de la paie, est rvalu chaque anne en fonction de l\'volution du cot de la vie.','fr','2008-11-28 00:00:00','2012-01-03 15:38:37'),(19024,'Principaux taux des cotisations d\'accidents du travail au 1er janvier 2012','La cotisation accidents du travail est une charge sociale patronale verse  l\'URSSAF qui couvre les risques accidents du travail, accidents de trajet et maladies professionnelles. Son taux est dtermin en fonction de la nature de l\'activit de l\'entreprise, de son effectif et de son dpartement d\'implantation.','fr','2012-01-10 00:00:00','2012-01-10 15:13:44'),(19025,'Remboursement forfaitaire des frais de dplacement','Les frais engags par un salari  l\'occasion de dplacements dans le cadre de son travail doivent lui tre rembourss. Ces remboursements sont exonrs de cotisations sociales et d\'impt sur le revenu s\'ils respectent certaines limites d\'exonration tablies chaque anne par l\'administration.','fr','2012-01-03 14:00:00','2012-03-26 10:46:25'),(19026,'valuation des avantages en nature','Les avantages en nature, c\'est--dire les prestations fournies gratuitement (ou moyennant une faible participation) par l\'employeur  son salari, doivent s\'ajouter  son salaire pour le calcul des cotisations sociales et de l\'impt sur le revenu. Certains de ces avantages (nourriture, logement, voiture de fonction, nouvelles technologies...) font l\'objet d\'valuations forfaitaires minimales publies chaque anne par l\'administration.','fr','2012-07-02 09:00:00','2012-07-03 10:35:15'),(19027,'Htels-cafs-restaurants : rduction des cotisations patronales sur l\'avantage en nature nourriture','Les employeurs du secteur htels-cafs-restaurants bnficient d\'une rduction de cotisations patronales d\'assurances sociales et d\'allocations familiales sur la partie de la rmunration correspondant  l\'avantage en nature nourriture.','fr','2008-04-29 00:00:00','2008-12-29 17:08:16'),(19028,'Assurance chmage des dirigeants','Les dirigeants de socit sont exclus du rgime d\'assurance-chmage de l\'Unedic, mme s\'ils relvent du rgime gnral de la Scurit sociale. Des rgimes spcifiques ont toutefois t crs pour eux, notamment la GSC et l\'APPI, dont les cotisations et les indemnits annuelles sont fonction d\'un revenu forfaitaire et d\'un barme fixs chaque anne.','fr','2012-01-12 00:00:00','2012-01-12 11:54:11'),(19029,'Apprentis : charges sociales','Les entreprises qui embauchent un apprenti peuvent notamment bnficier d\'une exonration de certaines cotisations sociales (voire d\'une exonration totale, sauf pour la cotisation AT/MP, pour les entreprises de moins de 11 salaris). Les cotisations restant dues sont prleves sur une assiette forfaitaire calcule sur la base de la rmunration verse  l\'apprenti.','fr','2012-01-03 09:00:00','2012-02-23 10:46:28'),(19030,'lves ou tudiants stagiaires en entreprise : franchise de cotisations','Les sommes verses aux stagiaires en entreprise sont exonres de cotisations et contributions sociales dans la limite d\'un plafond modifi chaque anne au 1er janvier.','fr','2012-01-10 00:00:00','2012-04-20 09:42:33'),(19031,'Formateurs occasionnels : assiette forfaitaire des cotisations de Scurit sociale','Les cotisations de Scurit sociale sont en principe assises sur tous les avantages consentis aux salaris (salaires, primes, avantages en nature...). Toutefois, des assiettes forfaitaires sont prvues pour certaines catgories professionnelles. C\'est le cas des formateurs occasionnels.','fr','2012-02-15 00:00:00','2012-02-16 10:24:19'),(19032,'Fractions saisissables des rmunrations','Le salaire est protg contre les saisies des cranciers d\'un salari auprs de l\'employeur. Seule une partie des sommes peut en effet tre retenue, dont le montant varie selon un barme tabli par l\'administration.','fr','2012-01-03 09:00:00','2012-01-03 14:58:32'),(19033,'Comptence des prud\'hommes en dernier ressort','Les conseils de prud\'hommes statuent en dernier ressort lorsque le montant du litige n\'excde pas 4 000  pour les instances introduites devant eux  compter du 1eroctobre 2005. Les dcisions rendues en dernier ressort ne sont pas susceptibles d\'appel, seul un pourvoi en cassation est possible.','fr','2005-09-26 00:00:00','2008-12-29 17:08:17'),(19034,'Comptence du tribunal des affaires de Scurit Sociale en dernier ressort','Le tribunal des affaires de Scurit Sociale statue en dernier ressort lorsque le montant du litige n\'excde pas 4 000  pour les instances introduites devant lui depuis le 15 mai 2005. Les dcisions rendues en dernier ressort ne sont pas susceptibles d\'appel, seul un pourvoi en cassation est possible.','fr','2006-03-27 00:00:00','2008-12-29 17:08:17'),(19035,'Cotisations des professions librales','Les revenus des professions librales sont soumis  des cotisations dont le montant varie annuellement selon les professions, except la cotisation du rgime d\'assurance vieillesse de base qui, depuis le 1erjanvier 2004, est unique et dtermine en pourcentage des revenus professionnels non salaris.','fr','2010-11-19 00:00:00','2012-04-17 15:23:41'),(19036,'Retraites complmentaires et cotisation AGFF','Tous les salaris assujettis  l\'assurance vieillesse du rgime gnral doivent tre affilis  un rgime complmentaire de retraite. Ce rgime est gr par l\'Arrco pour les non-cadres et les cadres (pour une partie de leur rmunration), et par l\'Agirc pour les cadres. La cotisation AGFF sert, quant  elle,  assurer le financement de la retraite complmentaire  60 ans.','fr','2012-01-10 00:00:00','2012-03-26 10:33:11'),(19037,'Versement transport','Les employeurs des secteurs public et priv qui emploient plus de 9 salaris et dont l\'entreprise est situe dans une zone o ce dispositif a t institu, sont redevables de la contribution versement transport.','fr','2012-07-02 09:00:00','2012-07-03 10:37:45'),(19038,'5 juin 2012','\nEmployeurs occupant au moins 50 salaris : dclaration et paiement des charges sociales sur les salaires de mai 2012 pays au plus tard le 31 mai 2012.\nArtisans, commerants et industriels : paiement par prlvement mensuel des cotisations d\'assurance maladie-maternit, d\'assurance vieillesse, d\'invalidit-dcs, d\'allocations familiales, de la CSG et de la CRDS.\nProfessionnels libraux : paiement par prlvement mensuel des cotisations d\'assurance maladie-maternit, d\'allocations familiales, de la CSG et de la CRDS.\n\n','fr','2012-06-05 12:00:00','2012-04-10 12:01:26'),(19039,'8 juin 2012','\nEmployeurs occupant au moins 50 salaris : relev des contrats de travail conclus ou rsilis en mai 2012  transmettre  la Direction de lanimation de la recherche, des tudes et des statistiques (DARES).\n\n','fr','2012-06-08 12:03:00','2012-04-10 12:04:20'),(19040,'12 juin 2012','\nAssujettis  la TVA ralisant des oprations intracommunautaires : dpt auprs des douanes de la dclaration dchanges de biens et de la dclaration europenne des services pour les oprations intervenues en mai 2012.\n\n','fr','2012-06-12 12:05:00','2012-04-10 12:05:56'),(19041,'15 juin 2012','\nEmployeurs assujettis  la taxe sur les salaires : paiement de la taxe sur les salaires verss en mai 2012 lorsque le total des sommes dues au titre de 2011 excdait 4 000 .\nSocits soumises  limpt sur les socits ayant clos leur exercice le 29 fvrier 2012 : paiement du solde de limpt sur les socits et de la contribution sociale.\nSocits soumises  limpt sur les socits : versement de lacompte dIS.\nRedevables de limpt de solidarit sur la fortune (ISF) dont le patrimoine net taxable est suprieur ou gal  3 millions deuros : dpt de la dclaration annuelle n 2725 et versement de limpt correspondant.\nAssujettis  la cotisation foncire des entreprises (CFE) : versement, le cas chant, de lacompte de CFE venu  chance le 31mai 2012 (sauf en cas de mensualisation).\nAssujettis  la cotisation sur la valeur ajoute des entreprises (CVAE) : paiement, le cas chant, de lacompte de CVAE.\nDclaration n 3350-SD et paiement de la taxe sur les surfaces commerciales.\nEntreprises dont leffectif est suprieur  9 et infrieur  50 salaris, et entreprises de 9 salaris au plus ayant opt pour le paiement mensuel des charges sociales : dclaration et paiement des charges sociales sur les salaires de mai 2012.\nEmployeurs occupant au moins 50 salaris : dclaration et paiement des charges sociales sur les salaires de mai 2012 pays dans les 10 premiers jours de juin 2012.\n\n','fr','2012-06-15 12:09:00','2012-04-10 12:12:45'),(19042,'20 juin 2012','\nArtisans, commerants et industriels : paiement par prlvement mensuel des cotisations d\'assurance maladie-maternit, d\'assurance vieillesse, d\'invalidit-dcs, d\'allocations familiales, de la CSG et de la CRDS (sur demande).\nProfessionnels libraux : paiement par prlvement mensuel des cotisations d\'assurance maladie-maternit, dallocations familiales, de la CSG et dela CRDS (sur demande).\n\n','fr','2012-06-20 12:14:00','2012-04-10 12:16:59'),(19043,'25 juin 2012','\nEmployeurs occupant au moins 50 salaris : dclaration et paiement des charges sociales sur les salaires de mai 2012 pays entre le 11 et le 20 juin 2012.\n\n','fr','2012-06-25 12:18:00','2012-04-10 12:19:57'),(19044,'30 juin 2012','\nContribuables ayant opt pour le paiement mensuel de leur impt sur le revenu et/ou de leurs impts locaux : dernire facult de rsiliation de cette option pour lanne en cours.\nContribuables nayant pas opt pour le paiement mensuel de leur impt sur le revenu et de leurs impts locaux : dernire facult doption pour lanne en cours.\nSocits soumises  limpt sur les socits ayant clos leur exercice le 31 mars 2012 : dpt de la dclaration annuelle des rsultats et des documents annexes.\n\n','fr','2012-06-30 12:21:00','2012-04-10 12:22:10'),(19045,'Juin 2012','\nDclaration et paiement de la TVA correspondant aux oprations de mai 2012 et, ventuellement, demande de remboursement du crdit de TVA au titre du mois de mai 2012.\n\n','fr','0000-00-00 00:00:00','2012-04-10 11:58:41'),(19046,'Juillet 2012','\nDclaration et paiement de la TVA correspondant aux oprations de juin 2012 ou du 2e trimestre 2012 et, ventuellement, demande de remboursement du crdit de TVA au titre du 2e trimestre 2012 ou du mois de juin 2012.\n\n','fr','0000-00-00 00:00:00','2012-05-29 11:42:35'),(19047,'5 juillet 2012','\nEmployeurs occupant au moins 50 salaris : dclaration et paiement des charges sociales sur les salaires de juin 2012 pays au plus tard le 30 juin 2012.\nArtisans, commerants et industriels : paiement par prlvement mensuel des cotisations d\'assurance maladie-maternit, d\'assurance vieillesse, d\'invalidit-dcs, d\'allocations familiales, de la CSG et de la CRDS.\nProfessionnels libraux : paiement par prlvement mensuel des cotisations d\'assurance maladie-maternit, d\'allocations familiales, de la CSG et de la CRDS.\n\n','fr','2012-07-05 11:43:00','2012-05-29 11:44:43'),(19048,'8 juillet 2012','\nEmployeurs occupant au moins 50 salaris : relev des contrats de travail conclus ou rsilis en juin 2012  transmettre  la Direction de lanimation de la recherche, des tudes et des statistiques (DARES).\n\n','fr','2012-07-08 11:45:00','2012-05-29 11:46:46'),(19049,'12 juillet 2012','\nAssujettis  la TVA ralisant des oprations intracommunautaires : dpt auprs des douanes de la dclaration dchanges de biens et de la dclaration europenne des services pour les oprations intervenues en juin 2012.\n\n','fr','2012-07-12 11:47:00','2012-05-29 11:48:43'),(19050,'15 juillet 2012','\nSocits soumises  limpt sur les socits ayant clos leur exercice le 31 mars 2012 : paiement du solde de limpt sur les socits et de la contribution sociale.\nEntreprises dont leffectif est suprieur  9 et infrieur  50 salaris, et entreprises de 9 salaris au plus ayant opt pour le paiement mensuel des charges sociales : dclaration et paiement des charges sociales sur les salaires de juin 2012.\nEmployeurs assujettis  la taxe sur les salaires : versement de la taxe sur les salaires pays en juin 2012 lorsque le total des sommes dues au titre de 2011 excdait 4 000 , ou au cours du 2e trimestre 2012 lorsque le total des sommes dues au titre de 2011 tait compris entre 1 000 et 4000 .\nEntreprises de 9 salaris au plus nayant pas opt pour le paiement mensuel des charges sociales : dclaration et paiement des charges sociales sur les salaires du 2e trimestre 2012.\nEmployeurs occupant au moins 50 salaris : dclaration et paiement des charges sociales sur les salaires de juin 2012 pays dans les 10 premiers jours de juillet 2012.\n\n','fr','2012-07-15 11:50:00','2012-05-29 11:51:39'),(19051,'20 juillet 2012','\nArtisans, commerants et industriels : paiement par prlvement mensuel des cotisations d\'assurance maladie-maternit, d\'assurance vieillesse, d\'invalidit-dcs, d\'allocations familiales, de la CSG et de la CRDS (sur demande).\nProfessionnels libraux : paiement par prlvement mensuel des cotisations d\'assurance maladie-maternit, d\'allocations familiales, de la CSG et de la CRDS (sur demande).\n\n','fr','2012-07-20 11:52:00','2012-05-29 11:53:43'),(19052,'25 juillet 2012','\nEmployeurs occupant au moins 50 salaris : dclaration et paiement des charges sociales sur les salaires de juin 2012 pays entre le 11 et le 20 juillet 2012.\n\n','fr','2012-07-25 11:54:00','2012-05-29 11:55:34'),(19053,'31 juillet 2012','\nSocits soumises  limpt sur les socits ayant clos leur exercice le 30 avril 2012 : dpt de la dclaration annuelle des rsultats et des documents annexes.\n\n','fr','2012-07-31 11:56:00','2012-05-29 11:57:48'),(19054,'Calendrier des vacances scolaires','','fr','2012-03-07 10:08:00','2012-08-01 14:14:46'),(19055,'Plan d\'pargne logement','Mon plan d\'pargne logement (PEL) est arriv  terme, mais je n\'ai aucun projet immobilier en vue. C\'est pourquoi je souhaiterais faire bnficier  mon petit-fils des droits  prt issus de ce PEL. Suis-je tenu de lui verser les sommes places sur mon PEL ?','fr','2011-09-20 13:44:00','2011-09-26 10:12:05'),(19056,'Dcouverte d\'un trsor','Une entreprise vient de rnover ma maison de campagne. Pour raliser ces travaux, les ouvriers ont d casser un mur dans lequel ils ont trouv deux lingots d\'or. Les ouvriers estiment en tre propritaires. Est-ce vrai ?','fr','2011-09-22 14:52:00','2011-09-26 09:39:56'),(19057,'Validit du plan de sauvegarde de l\'emploi','Seule l\'absence ou l\'insuffisance du plan de sauvegarde de l\'emploi peut aboutir  l\'annulation de la procdure de licenciement conomique.','fr','2012-07-12 14:00:00','2012-07-13 09:05:05'),(19058,'Embauche du 1erau 50e salari dans les Zones de Revitalisation Rurale (ZRR) et dans les Zones de Redynamisation Urbaine (ZRU)','Les entreprises situes en ZRR ou ZRU et dont l\'effectif s\'accrot dans la limite de 50 salaris peuvent, sous certaines conditions, bnficier d\'une exonration de cotisations patronales pour une dure de douze mois.','fr','2008-02-11 00:00:00','2012-07-18 16:19:32'),(19059,'Contrat d\'Accompagnement dans l\'Emploi (CAE) - Outre-mer','Rserv aux employeurs du secteur non marchand, le contrat d\'accompagnement dans l\'emploi (CAE) vise les emplois rpondant  des besoins collectifs non satisfaits. Il doit par la mme occasion faciliter l\'insertion professionnelle des personnes sans emploi rencontrant des difficults sociales et professionnelles particulires d\'accs  l\'emploi.','fr','2010-03-09 00:00:00','2012-07-18 16:50:49'),(19060,'Contrat d\'Avenir','Le contrat d\'avenir est destin  favoriser l\'insertion sociale et professionnelle des demandeurs d\'emploi titulaires du RSA (Revenu de solidarit active), de l\'ASS (Allocation Spcifique de Solidarit), ou de l\'AAH (Allocation aux Adultes Handicaps).','fr','2010-03-09 00:00:00','2012-05-22 15:46:42'),(19061,'Exonration de cotisations sociales pour les zones de restructuration de la dfense','La loi de finances rectificative pour 2008 a cr un nouveau dispositif d\'exonration de cotisations sociales patronales applicable aux rmunrations verses aux salaris des entreprises qui s\'implantent dans une zone de restructuration de la dfense ou qui s\'y crent pour y exercer une nouvelle activit.','fr','2011-10-20 16:10:00','2011-10-24 16:38:05'),(19062,'Contrat unique d\'insertion (CUI) volet contrat initiative emploi (CIE)','','fr','2010-03-08 11:00:00','2012-02-03 11:28:45'),(19063,'Contrat unique d\'insertion (CUI) volet contrat d\'accompagnement dans l\'emploi (CAE)','','fr','2010-03-08 11:25:00','2011-01-05 11:13:53'),(19064,'1re  50e embauche dans les ZFU','Les entreprises prsentes ou qui s\'implantent dans une ZFU (zone franche urbaine) peuvent, sous certaines conditions, bnficier d\'exonrations sociales.','fr','2012-01-10 00:00:00','2012-01-10 11:39:55'),(19065,'1re  15e embauche dans les associations situes en ZRU ou ZFU','Un dispositif spcifique d\'exonration de cotisations sociales patronales est prvu pour les associations  but lucratif ou non lucratif, implantes en zone de redynamisation urbaine ou en zone franche urbaine.','fr','2012-01-10 00:00:00','2012-01-10 11:29:11'),(19066,'Contrat d\'insertion dans la vie sociale (CIVIS)','','fr','2010-04-02 00:00:00','2010-12-06 16:42:59'),(19067,'Contrat Insertion-Revenu Minimum d\'Activit (CIRMA)','Le CIRMA a pour objet de faciliter l\'insertion ou la rinsertion sociale et professionnelle des personnes bnficiaires de du revenu de solidarit activte (RSA), de l\'allocation aux adultes handicaps (AAH) ou de l\'allocation de solidarit spcifique (ASS) rencontrant des difficults particulires d\'accs  l\'emploi.','fr','2010-03-09 00:00:00','2010-12-06 16:42:59'),(19068,'Rduction gnrale de cotisations patronales de Scurit sociale sur les salaires','Les salaires infrieurs ou gaux  1,6 fois le Smic ouvrent droit  un allgement des cotisations patronales de Scurit sociale. Accessible  toutes les entreprises sans condition lie  la dure du travail et sans formalit, ce dispositif a remplac la rduction dgressive sur les bas salaires et l\'allgement 35 heures.','fr','2012-01-03 09:00:00','2012-01-03 15:32:34'),(19069,'Exonrations fiscales et sociales relatives aux heures supplmentaires','La loi du 21 aot 2007 en faveur du travail, de l\'emploi et du pouvoir d\'achat contient toute une srie de mesures rformant le rgime des heures supplmentaires. Prsentation des principales nouveauts applicables depuis le 1er octobre 2007.','fr','2007-11-06 00:00:00','2008-06-26 09:39:26'),(19070,'Exonration des charges sociales pour l\'Outre-mer','Pour promouvoir l\'emploi et le dveloppement conomique dans les DOM, o le chmage est important et le travail illgal rpandu, un dispositif de cotisations sociales patronales propre  l\'outre-mer a t mis en place.','fr','2012-01-10 00:00:00','2012-01-10 12:14:01'),(19071,'Exonration pour les jeunes entreprises innovantes','Institu par la loi de finances pour 2004, le statut de \"jeune entreprise innovante ralisant des projets de recherche et de dveloppement\" donne aux entreprises qui en bnficient droit  une exonration de cotisations patronales de Scurit sociale sur les gains et rmunrations verss  leurs personnels participant  la recherche.','fr','2012-01-10 00:00:00','2012-01-10 14:26:23'),(19072,'Contrat d\'Apprentissage','Le contrat d\'apprentissage permet  un jeune d\'acqurir en alternance une formation thorique et pratique en vue d\'obtenir une qualification professionnelle et ouvre droit pour son employeur  une exonration de certaines cotisations sociales et  une indemnit compensatrice forfaitaire, voire un crdit d\'impt.','fr','2012-02-16 00:00:00','2012-02-16 10:27:52'),(19073,'Contrat de professionnalisation','Cr par la loi sur la formation professionnelle tout au long de la vie du 4 mai 2004 et applicable depuis le 1er octobre 2004, le contrat de professionnalisation a remplac, depuis le 16 novembre 2004, les contrats d\'orientation, d\'adaptation et de qualification. Il a pour objectif de permettre aux jeunes et aux demandeurs d\'emploi d\'acqurir une qualification afin de favoriser leur insertion ou rinsertion professionnelle par l\'accomplissement d\'actions de professionnalisation qui comportent des priodes de travail en entreprise et un enseignement thorique.','fr','2012-01-10 00:00:00','2012-05-21 16:36:23'),(19074,'Procdure  suivre pour un avertissement disciplinaire','L\'un de mes salaris ayant commis une faute, j\'envisage de le sanctionner par le biais d\'un avertissement crit. Suis-je tenu de respecter une procdure particulire et notamment de le convoquer  un entretien pralable ?','fr','2011-09-22 14:36:00','2011-09-26 10:08:34'),(19075,'Priode d\'essai d\'un contrat  dure dtermine','Je compte embaucher un salari en contrat  dure dtermine pendant six mois. Puis-je lui faire commencer son contrat de travail par une priode d\'essai ? Et, dans l\'affirmative, pour quelle dure ?','fr','2011-09-22 14:44:00','2011-09-26 10:03:42'),(19076,'Calcul des taux mixtes ou individuels de cotisations d\'accidents du travail et de maladies professionnelles','Les taux mixtes ou individuels de cotisations d\'accidents du travail et de maladies professionnelles sont dtermins, pour les sinistres intervenus depuis 2010, en fonction des cots moyens de sinistres comparables fixs par arrt. Pour 2012, les cots moyens ont t fixs comme suit :','fr','2012-01-10 15:05:00','2012-01-10 15:58:19'),(19077,'Contribution Sociale Gnralise (C.S.G.)','La Contribution sociale gnralise, comme la Contribution au remboursement de la dette sociale, est un prlvement de nature fiscale, destin au financement de la Scurit Sociale, et est due par tous les salaris.','fr','2012-01-03 09:00:00','2012-01-03 14:54:42'),(19078,'Contribution au Remboursement de la Dette Sociale (C.R.D.S.)','La Contribution au remboursement de la dette sociale, comme la Contribution sociale gnralise, est un prlvement de nature fiscale, destin au financement de la Scurit Sociale, et est due par tous les salaris.','fr','2012-01-03 09:00:00','2012-01-03 14:53:15'),(19079,'Cotisations de Scurit Sociale','Les taux des cotisations destines au financement des prestations de maladie - vieillesse - allocations familiales - accident du travail comportent une part patronale et une part salariale. Selon les cas, ils peuvent s\'appliquer sur la totalit du salaire (base) ou sur un montant maximum.','fr','2012-01-16 00:00:00','2012-01-16 15:18:01'),(19080,'Contribution de solidarit pour l\'autonomie','La loi du 30 juin 2004 relative  la solidarit pour l\'autonomie des personnes ges et handicapes a instaur depuis le 1erjuillet 2004, une nouvelle contribution  la charge des employeurs, destine  financer les ressources de la Caisse nationale de solidarit pour l\'autonomie.','fr','2009-02-02 00:00:00','2011-01-13 23:48:53'),(19081,'Cotisations logement','Tout employeur doit verser une cotisation au Fonds national d\'aide au logement (FNAL). Une cotisation supplmentaire est mme due pour les entreprises dont l\'effectif dpasse 9 salaris. Les sommes perues sont mises  la disposition des caisses d\'allocations familiales charges du paiement de l\'APL et de l\'allocation logement.','fr','2009-02-02 00:00:00','2010-12-29 12:01:44'),(19082,'Assurance chmage et FNGS','Les cotisations verses aux Assedic sont de deux ordres : la cotisation assurance-chmage, qui sert  financer les prestations de chmage verses par les Assedic, et la cotisation FNGS (fonds national de garantie des salaires) qui permet de garantir les salaires en cas d\'ouverture d\'une procdure de sauvegarde, de redressement ou de liquidation judiciaire.','fr','2011-04-01 09:00:00','2011-04-01 12:22:15'),(19083,'Association Pour l\'Emploi des Cadres','Les cadres et leurs employeurs cotisent chaque mois  l\'Association pour l\'emploi des cadres (Apec).','fr','2009-12-01 00:00:00','2011-01-13 23:44:53'),(19084,'Prvoyance cadres (assurance dcs)','La convention collective interprofessionnelle de retraite et de prvoyance des cadres de 1947 oblige les employeurs  verser une cotisation  un organisme de prvoyance pour chacun de leurs cadres. Et plus de la moiti de cette cotisation doit tre consacre  la couverture du risque dcs.','fr','2009-02-02 00:00:00','2011-01-13 23:50:21'),(19085,'SMIC horaire et mensuel','Le SMIC, ou salaire minimum de croissance, augmente chaque anne en fonction de l\'volution de l\'conomie et de la conjoncture, tout comme le minimum garanti, qui sert notamment de rfrence  l\'valuation des avantages en nature consentis aux salaris.','fr','2009-11-25 14:31:00','2012-08-01 01:00:04'),(19086,'Rduction Fillon','La rduction Fillon consiste en une rduction des cotisations patronales de Scurit sociale assises sur les bas salaires. Applicable depuis le 1er juillet 2003 sur les salaires verss  compter de cette date, ce dispositif a remplac deux mesures d\'allgement de charges qui existaient auparavant (la rduction unique dgressive sur les bas salaires et l\'allgement Aubry II vers dans le cadre de la rduction du temps de travail).','fr','2012-01-03 09:00:00','2012-01-09 17:57:03'),(19087,'SMIC contrats en alternance','La rmunration des salaris sous contrats en alternance, c\'est--dire qui alternent formation et travail en entreprise (les contrats apprentissage ou de professionnalisation), correspond  un pourcentage du Smic qui varie selon l\'ge du salari, sa progression dans le cycle de formation et/ou son niveau de qualification.','fr','2005-03-10 00:00:00','2008-12-29 17:08:17'),(19088,'Plafond de la Scurit sociale en fonction de la priodicit de la paie','Le plafond de la Scurit sociale constitue la limite au-del de laquelle les rmunrations ne sont plus prises en compte pour le calcul de certaines cotisations sociales plafonnes. Ce plafond, dtermin par rapport  la priodicit de la paie, est rvalu chaque anne en fonction de l\'volution du cot de la vie.','fr','2008-11-28 00:00:00','2012-01-03 15:38:37'),(19089,'Principaux taux des cotisations d\'accidents du travail au 1er janvier 2012','La cotisation accidents du travail est une charge sociale patronale verse  l\'URSSAF qui couvre les risques accidents du travail, accidents de trajet et maladies professionnelles. Son taux est dtermin en fonction de la nature de l\'activit de l\'entreprise, de son effectif et de son dpartement d\'implantation.','fr','2012-01-10 00:00:00','2012-01-10 15:13:44'),(19090,'Remboursement forfaitaire des frais de dplacement','Les frais engags par un salari  l\'occasion de dplacements dans le cadre de son travail doivent lui tre rembourss. Ces remboursements sont exonrs de cotisations sociales et d\'impt sur le revenu s\'ils respectent certaines limites d\'exonration tablies chaque anne par l\'administration.','fr','2012-01-03 14:00:00','2012-03-26 10:46:25'),(19091,'valuation des avantages en nature','Les avantages en nature, c\'est--dire les prestations fournies gratuitement (ou moyennant une faible participation) par l\'employeur  son salari, doivent s\'ajouter  son salaire pour le calcul des cotisations sociales et de l\'impt sur le revenu. Certains de ces avantages (nourriture, logement, voiture de fonction, nouvelles technologies...) font l\'objet d\'valuations forfaitaires minimales publies chaque anne par l\'administration.','fr','2012-07-02 09:00:00','2012-07-03 10:35:15'),(19092,'Htels-cafs-restaurants : rduction des cotisations patronales sur l\'avantage en nature nourriture','Les employeurs du secteur htels-cafs-restaurants bnficient d\'une rduction de cotisations patronales d\'assurances sociales et d\'allocations familiales sur la partie de la rmunration correspondant  l\'avantage en nature nourriture.','fr','2008-04-29 00:00:00','2008-12-29 17:08:16'),(19093,'Assurance chmage des dirigeants','Les dirigeants de socit sont exclus du rgime d\'assurance-chmage de l\'Unedic, mme s\'ils relvent du rgime gnral de la Scurit sociale. Des rgimes spcifiques ont toutefois t crs pour eux, notamment la GSC et l\'APPI, dont les cotisations et les indemnits annuelles sont fonction d\'un revenu forfaitaire et d\'un barme fixs chaque anne.','fr','2012-01-12 00:00:00','2012-01-12 11:54:11'),(19094,'Apprentis : charges sociales','Les entreprises qui embauchent un apprenti peuvent notamment bnficier d\'une exonration de certaines cotisations sociales (voire d\'une exonration totale, sauf pour la cotisation AT/MP, pour les entreprises de moins de 11 salaris). Les cotisations restant dues sont prleves sur une assiette forfaitaire calcule sur la base de la rmunration verse  l\'apprenti.','fr','2012-01-03 09:00:00','2012-02-23 10:46:28'),(19095,'lves ou tudiants stagiaires en entreprise : franchise de cotisations','Les sommes verses aux stagiaires en entreprise sont exonres de cotisations et contributions sociales dans la limite d\'un plafond modifi chaque anne au 1er janvier.','fr','2012-01-10 00:00:00','2012-04-20 09:42:33'),(19096,'Formateurs occasionnels : assiette forfaitaire des cotisations de Scurit sociale','Les cotisations de Scurit sociale sont en principe assises sur tous les avantages consentis aux salaris (salaires, primes, avantages en nature...). Toutefois, des assiettes forfaitaires sont prvues pour certaines catgories professionnelles. C\'est le cas des formateurs occasionnels.','fr','2012-02-15 00:00:00','2012-02-16 10:24:19'),(19097,'Fractions saisissables des rmunrations','Le salaire est protg contre les saisies des cranciers d\'un salari auprs de l\'employeur. Seule une partie des sommes peut en effet tre retenue, dont le montant varie selon un barme tabli par l\'administration.','fr','2012-01-03 09:00:00','2012-01-03 14:58:32'),(19098,'Comptence des prud\'hommes en dernier ressort','Les conseils de prud\'hommes statuent en dernier ressort lorsque le montant du litige n\'excde pas 4 000  pour les instances introduites devant eux  compter du 1eroctobre 2005. Les dcisions rendues en dernier ressort ne sont pas susceptibles d\'appel, seul un pourvoi en cassation est possible.','fr','2005-09-26 00:00:00','2008-12-29 17:08:17'),(19099,'Comptence du tribunal des affaires de Scurit Sociale en dernier ressort','Le tribunal des affaires de Scurit Sociale statue en dernier ressort lorsque le montant du litige n\'excde pas 4 000  pour les instances introduites devant lui depuis le 15 mai 2005. Les dcisions rendues en dernier ressort ne sont pas susceptibles d\'appel, seul un pourvoi en cassation est possible.','fr','2006-03-27 00:00:00','2008-12-29 17:08:17'),(19100,'Cotisations des professions librales','Les revenus des professions librales sont soumis  des cotisations dont le montant varie annuellement selon les professions, except la cotisation du rgime d\'assurance vieillesse de base qui, depuis le 1erjanvier 2004, est unique et dtermine en pourcentage des revenus professionnels non salaris.','fr','2010-11-19 00:00:00','2012-04-17 15:23:41'),(19101,'Retraites complmentaires et cotisation AGFF','Tous les salaris assujettis  l\'assurance vieillesse du rgime gnral doivent tre affilis  un rgime complmentaire de retraite. Ce rgime est gr par l\'Arrco pour les non-cadres et les cadres (pour une partie de leur rmunration), et par l\'Agirc pour les cadres. La cotisation AGFF sert, quant  elle,  assurer le financement de la retraite complmentaire  60 ans.','fr','2012-01-10 00:00:00','2012-03-26 10:33:11'),(19102,'Versement transport','Les employeurs des secteurs public et priv qui emploient plus de 9 salaris et dont l\'entreprise est situe dans une zone o ce dispositif a t institu, sont redevables de la contribution versement transport.','fr','2012-07-02 09:00:00','2012-07-03 10:37:45'),(19103,'Exonration des charges sociales pour l\'Outre-mer','Pour promouvoir l\'emploi et le dveloppement conomique dans les DOM, o le chmage est important et le travail illgal rpandu, un dispositif de cotisations sociales patronales propre  l\'outre-mer a t mis en place.','fr','2012-01-10 00:00:00','2012-01-10 12:14:01'),(19104,'Exonration pour les jeunes entreprises innovantes','Institu par la loi de finances pour 2004, le statut de \"jeune entreprise innovante ralisant des projets de recherche et de dveloppement\" donne aux entreprises qui en bnficient droit  une exonration de cotisations patronales de Scurit sociale sur les gains et rmunrations verss  leurs personnels participant  la recherche.','fr','2012-01-10 00:00:00','2012-01-10 14:26:23'),(19105,'Pdicures-podologues : affiliation au RSI','','fr','2012-07-12 15:15:11','2012-07-12 15:19:00'),(19106,'Professionnels de sant : dveloppement professionnel continu','','fr','2012-07-12 16:00:21','2012-07-12 16:33:01'),(19107,'Professionnels de sant : tltransmission des feuilles de soins','','fr','2012-07-12 16:34:00','2012-07-12 16:46:30'),(19108,'Avous : indemnisation de la perte du droit de prsentation','','fr','2012-07-12 16:58:24','2012-07-12 16:59:19'),(19109,'Chiropracteurs : exonration de TVA','','fr','2012-07-12 17:06:27','2012-07-12 17:07:11'),(19110,'Experts-comptables : cotisations de retraite','','fr','2012-07-12 17:08:27','2012-07-12 17:09:06'),(19111,'Avocats : modification du rgime des spcialisations','','fr','2012-07-12 17:14:47','2012-07-12 17:15:54'),(19112,'Sages-femmes : cotisations de retraite complmentaire','','fr','2012-07-12 17:17:09','2012-07-12 17:18:22'),(19113,'ISF : les consquences d\'un prjudice esthtique sur l\'valuation d\'un bien','Le simple constat d\'un prjudice esthtique n\'est pas suffisant pour minorer la valeur d\'un bien immobilier dans le cadre de l\'impt de solidarit sur la fortune.','fr','2012-07-13 11:39:00','2012-07-13 14:20:56'),(19114,'Bail de locaux  usage professionnel et option pour la TVA','Je suis en train de constituer une socit dont l\'activit consistera  louer des locaux nus  usage professionnel. Je souhaiterais que les loyers de ces locations soient soumis  la TVA. Ma socit peut-elle exercer cette option directement au sein de la dclaration d\'existence qu\'elle est tenue de souscrire auprs du Centre de formalits des entreprises lors de sa constitution?','fr','2012-07-13 10:30:00','2012-07-13 10:31:39'),(19115,'Toutes professions : cotisations de retraite complmentaire et d\'invalidit-dcs','','fr','2012-07-13 14:37:00','2012-07-13 14:40:19'),(19116,'Notaires : garantie collective','','fr','2012-07-13 14:45:16','2012-07-13 14:46:10'),(19117,'Commissaires-priseurs judiciaires : exercice en qualit de salari','','fr','2012-07-13 14:47:12','2012-07-13 14:50:23'),(19118,'Professionnels de sant : amlioration de la rpartition gographique','','fr','2012-07-13 14:52:59','2012-07-13 14:53:35'),(19119,'Professionnels de sant : bilan 2011 des remboursements des soins','','fr','2012-07-13 14:54:34','2012-07-13 14:55:24'),(19120,'Toutes professions : dfinition des professions librales','','fr','2012-07-13 15:05:12','2012-07-13 15:05:49'),(19121,'Gomtres-experts : exercice en qualit de salari','','fr','2012-07-13 15:09:51','2012-07-13 15:12:13'),(19122,'Masseurs-kinsithrapeutes : actes en srie','','fr','2012-07-13 15:13:33','2012-07-13 15:14:18'),(19123,'Toutes professions : cotisations de retraite complmentaire et d\'invalidit-dcs','','fr','2012-07-13 15:15:27','2012-07-13 15:16:06'),(19124,'Huissiers de justice : mode de signification des actes','','fr','2012-07-13 15:21:00','2012-07-13 15:36:30'),(19125,'Professions judiciaires et juridiques : socits de participations financires','','fr','2012-07-13 15:37:23','2012-07-13 15:47:36'),(19126,'Rduction d\'ISF: dons au CHU','J\'ai ralis un don d\'un montant de 7 000  au profit d\'un centre hospitalier universitaire (CHU) et je souhaiterais savoir s\'il est possible d\'imputer cette somme de mon impt de solidarit sur la fortune (ISF)?','fr','2012-07-13 10:34:13','2012-07-16 17:00:41'),(19127,'Intrts de retard de paiement : baisse du taux Refi','La Banque centrale europenne vient d\'abaisser son taux directeur de 0,25 point.','fr','2012-07-16 14:00:00','2012-07-17 10:50:13'),(19128,'Professionnels de sant : coopration interprofessionnelle','','fr','2012-07-16 09:28:05','2012-07-16 09:30:41'),(19129,'Auteurs d\'uvres de l\'esprit : modification du rgime des droits d\'auteur','','fr','2012-07-16 09:31:46','2012-07-16 09:32:24'),(19130,'Mdecine esthtique : exonration de TVA','','fr','2012-07-16 09:34:15','2012-07-16 09:34:58'),(19131,'Huissiers de justice : cration d\'une Chambre europenne','','fr','2012-07-16 09:35:47','2012-07-16 09:36:27'),(19132,'Avocats : accs  la profession','','fr','2012-07-16 09:38:57','2012-07-16 09:39:29'),(19133,'Administrateurs et mandataires judiciaires : socits d\'exercice libral et socits de participations financiresPour des raisons dontologiques et d\'indpendance des professions concernes, un rcent dcret interdit aux greffiers des tribunaux de commer','','fr','2012-07-16 09:42:11','2012-07-16 09:43:12'),(19134,'Professionnels de sant : demande d\'admission en Ehpad','','fr','2012-07-16 09:56:31','2012-07-16 09:57:12'),(19135,'Architectes : surface de plancher','','fr','2012-07-16 09:57:58','2012-07-16 09:58:33'),(19136,'Mdecins : mdecine foraine','','fr','2012-07-16 09:59:18','2012-07-16 09:59:54'),(19137,'Architectes : montant des travaux dclars','','fr','2012-07-16 10:01:32','2012-07-16 10:02:09'),(19138,'Experts-comptables : socits de participations financires','','fr','2012-07-16 10:08:18','2012-07-16 10:08:57'),(19139,'Chirurgiens : dmographie au bloc opratoire','','fr','2012-07-16 10:11:35','2012-07-16 10:12:14'),(19140,'Professionnels de sant : accord-cadre interprofessionnel','','fr','2012-07-16 10:13:06','2012-07-16 10:13:45'),(19141,'Avocats : secret professionnel','','fr','2012-07-16 10:14:48','2012-07-16 10:15:25'),(19142,'Professionnels de sant : campagne nationale de valorisation','','fr','2012-07-16 10:16:07','2012-07-16 10:16:42'),(19143,'Masseurs-kinsithrapeutes : statistiques','','fr','2012-07-16 10:17:24','2012-07-16 10:17:55'),(19144,'Masseurs-kinsithrapeutes : actes non soumis  rfrentiels','','fr','2012-07-16 10:18:47','2012-07-16 10:19:14'),(19145,'La mauvaise foi d\'un contribuable lors d\'un contrle fiscal','Un contribuable qui fait preuve de mauvaise foi lors d\'un contrle fiscal postrieur  sa dclaration de revenus ne peut pas tre sanctionn au titre de cette dclaration.','fr','2012-07-17 13:40:00','2012-07-18 18:18:27'),(19146,'Exonration d\'ISF des vhicules de comptition','Je viens de faire l\'acquisition d\'un vhicule de course automobile datant de la fin des annes 1960, dont il ne reste que trs peu d\'exemplaires. tant imposable  l\'ISF, puis-je bnficier  ce titre d\'un avantage particulier?','fr','2012-07-17 16:39:59','2012-07-17 16:40:32'),(19147,'Incidence de l\'obtention de la garde d\'un enfant en cours d\'anne sur l\'impt sur le revenu','J\'ai obtenu, le 2 novembre dernier, la garde  titre principal de mes enfants, celle-ci tant prcdemment confie  mon ex-pouse. Lorsque je dclarerai mes revenus de cette anne, pourrai-je prendre en compte mes enfants ou devrai-je attendre l\'anne suivante pour le faire?','fr','2012-07-17 16:44:25','2012-07-17 16:44:47'),(19148,'Exonration de taxe d\'habitation pour un tudiant log dans une rsidence universitaire','Ma fille, actuellement tudiante en deuxime anne de pharmacie, est locataire depuis 18 mois d\'un logement dans une rsidence universitaire gre par le Crous (tablissement public).  ce titre, elle n\'a toujours pas reu sa taxe d\'habitation. Est-ce normal?','fr','2012-07-17 16:52:22','2012-07-17 16:52:48'),(19149,'Pouvoir d\'engager une socit','J\'ai sign un contrat de vente de matriels pour un montant important avec le directeur commercial d\'une socit. Mais celle-ci refuse d\'honorer le contrat au motif que ce directeur commercial n\'avait pas le pouvoir de l\'engager. A-t-elle le droit?','fr','2012-07-17 16:51:21','2012-07-17 16:51:41'),(19150,'Opposition d\'un cogrant  la conclusion d\'un contrat par l\'autre grant','J\'assume la direction d\'une socit en tant que cogrant avec un autre associ. Or je viens d\'apprendre que celui-ci est en pourparlers avec un fournisseur pour signer un contrat qui me parat contraire aux intrts de la socit. Puis-je m\'y opposer?','fr','2012-07-17 17:01:45','2012-07-17 17:02:09'),(19151,'Paie des salaris : les nouveauts qui attendent les employeurs  la rentre !','Un projet de loi prvoit d\'augmenter certaines contributions sociales et de supprimer les exonrations sociales relatives aux heures supplmentaires ds le mois de septembre.','fr','2012-07-17 10:00:00','2012-07-17 13:55:43'),(19152,'Formalits pralables  la fermeture estivale de l\'entreprise','L\'activit de mon entreprise tant quasiment inexistante au mois d\'aot, j\'ai dcid de fermer l\'entreprise pendant les trois premires semaines de ce mois. Pourriez-vous m\'indiquer la marche  suivre  l\'gard des salaris?','fr','2012-07-17 16:28:50','2012-07-18 12:12:36'),(19153,'Fractionnement des congs pays et droit  des jours supplmentaires','L\'un de mes salaris a demand  prendre son cong principal de 24 jours ouvrables en deux fois: 14 jours au mois de juillet, et 10 jours  la fin du mois de novembre, ce que j\'ai accept. Mais il prtend maintenant avoir droit  2 jours de congs supplmentaires car il a fractionn ses congs pays. Est-ce exact?','fr','2012-07-17 16:35:23','2012-07-17 16:35:52'),(19154,'Exonration de cotisations sociales des cadeaux aux salaris',' l\'occasion des ftes de fin d\'anne, j\'envisage d\'offrir  chacun de mes salaris un bon d\'achat d\'une valeur de 100 . Ces bons d\'achat bnficieront-ils d\'une exonration de cotisations sociales?','fr','2012-07-17 16:42:53','2012-07-17 16:43:12'),(19155,'Clause de non-concurrence d\'un salari et dispense de pravis','J\'ai procd au licenciement d\'un salari en le dispensant d\'effectuer son pravis. Ce salari tant soumis  une clause de non-concurrence, quand dois-je lui verser la contrepartie financire attache  cette clause?','fr','2012-07-17 16:49:52','2012-07-17 16:50:19'),(19156,'Contrepartie au temps pass par un salari pour revtir une tenue de travail','Dans le cadre de leur activit professionnelle, mes salaris doivent revtir un uniforme que je leur fournis. L\'un d\'entre eux me demande de lui verser une compensation financire pour le temps d\'habillage et de dshabillage. Dois-je accder  sa requte?','fr','2012-07-17 16:58:37','2012-07-17 16:58:57'),(19157,'Exercice d\'une activit professionnelle pendant un arrt de travail','J\'ai appris qu\'un de mes salaris exerce une activit professionnelle alors qu\'il est actuellement en arrt de travail. Commet-il, de ce fait, une faute susceptible de justifier son licenciement?','fr','2012-07-17 17:00:11','2012-07-17 17:00:35'),(19158,'Modification des horaires de travail d\'un salari','Puis-je modifier les horaires d\'un de mes salaris sans obtenir pralablement son accord ds lors qu\'il continuera  travailler 35 heures par semaine comme auparavant?','fr','2012-07-17 17:14:36','2012-07-17 17:14:54'),(19159,'TVA facture  tort sur une indemnit de rsiliation','La socit que je dirige a dcid unilatralement de mettre fin  un contrat de commercialisation de produits qu\'elle avait conclu avec une autre socit. Elle a d, de ce fait, verser une indemnit de rsiliation  cette dernire, indemnit qui a t assujettie  la taxe sur la valeur ajoute (TVA). Elle a ensuite sollicit le remboursement de cette TVA, mais l\'administration fiscale a rejet cette demande en soulevant le fait que l\'indemnit n\'tait pas imposable  la TVA. A-t-elle raison?','fr','2012-07-18 09:39:33','2012-07-18 09:40:20'),(19160,'Dclaration des comptes dtenus  l\'tranger','Habitant dans une ville transfrontalire, j\'ai rcemment ouvert un compte en Belgique. Dois-je le dclarer  l\'administration fiscale?','fr','2012-07-18 10:18:59','2012-07-18 10:19:48'),(19161,'Crdit d\'impt pour frais de garde des jeunes enfants','J\'ai entendu dire que les grands-parents, dont les enfants sont rattachs  leur foyer fiscal, qui assument la charge de leurs petits-enfants pouvaient dsormais bnficier du crdit d\'impt pour frais de garde des jeunes enfants. Est-ce vrai?','fr','2012-07-18 10:23:44','2012-07-18 10:24:14'),(19162,'Prise en compte du cot de travaux d\'agrandissement pour le calcul d\'une plus-value immobilire','L\'anne dernire, j\'ai fait raliser dans ma rsidence secondaire des travaux d\'agrandissement par une entreprise  laquelle j\'ai fourni les matriaux. Je souhaite aujourd\'hui vendre cette rsidence achete en 2003. Pourrai-je prendre en compte le cot de ces travaux dans le prix d\'acquisition de la maison pour le calcul de la plus-value de cession?','fr','2012-07-18 10:37:52','2012-07-18 10:38:12'),(19163,'Exonration d\'impt sur le revenu des salaires perus par un tudiant','Mon fils, g de 22 ans, poursuit actuellement ses tudes de droit. Pour financer en partie la location de son logement, il a travaill pendant deux mois l\'t dernier dans un restaurant situ dans une station balnaire. Or j\'ai entendu dire que les salaires ainsi perus par un tudiant chappent  l\'impt sur le revenu. Est-ce vrai?','fr','2012-07-18 11:17:00','2012-07-18 11:19:27'),(19164,'Bail de locaux  usage professionnel et option pour la TVA','Je suis en train de constituer une socit dont l\'activit consistera  louer des locaux nus  usage professionnel. Je souhaiterais que les loyers de ces locations soient soumis  la TVA. Ma socit peut-elle exercer cette option directement au sein de la dclaration d\'existence qu\'elle est tenue de souscrire auprs du Centre de formalits des entreprises lors de sa constitution?','fr','2012-07-18 11:27:26','2012-07-18 12:14:14'),(19165,'Dclaration d\'ISF et jetons de prsence','En tant qu\'administrateur d\'une socit anonyme, le conseil d\'administration m\'a attribu en 2011, au titre des fonctions que j\'ai exerces cette mme anne, des jetons de prsence pour un montant de prs de 15000 . tant donn que je ne percevrais cette somme qu\' la fin de l\'anne 2012, je souhaiterais savoir si je dois l\'inclure dans ma dclaration d\'ISF de 2012?','fr','2012-07-18 11:28:34','2012-07-18 11:28:59'),(19166,'TVA sur les amnagements extrieurs','J\'envisage de faire construire une petite terrasse attenante  ma maison. Celle-ci ayant t btie en 2008, ces travaux bnficieront-ils du taux rduit de TVA de 7 %?','fr','2012-07-18 11:30:29','2012-07-18 11:30:56'),(19167,'Loyer du bail commercial et extension de l\'activit','J\'ai averti le bailleur du local lou  ma socit que celle-ci va adjoindre une activit  celle qu\'elle y exerce dj. Il ne s\'y est pas oppos mais veut augmenter le montant du loyer. En a-t-il le droit?','fr','2012-07-18 09:12:00','2012-07-18 09:12:45'),(19168,'Rtractation d\'une promesse de vente d\'actions','En 2009, l\'actionnaire d\'une socit avait promis de me vendre ses actions. Nous avions convenu de la priode pendant laquelle je pourrais les acheter, soit entre le 1er janvier et le 31 dcembre 2011. De nombreux litiges nous ayant oppos l\'un  l\'autre, il a finalement rtract sa promesse de vente en avril 2010. Mais j\'ai nanmoins fait connatre ma dcision d\'acqurir les actions en janvier 2011. Puis-je agir en justice en vue de le forcer  procder  la vente?','fr','2012-07-18 09:14:36','2012-07-18 09:20:20'),(19169,'Sort du cautionnement en cas d\'absence de dclaration de crance','La socit pour laquelle je me suis port caution a t mise en redressement judiciaire. Or le crancier bnficiaire du cautionnement a omis de dclarer sa crance auprs des organes de la procdure. Puis-je en conclure que je suis libr de mon engagement?','fr','2012-07-18 09:23:22','2012-07-18 09:29:07'),(19170,'Notification par lettre recommande non retire par le destinataire','Propritaire d\'un appartement lou, j\'ai souhait le reprendre pour l\'habiter et j\'ai donc donn cong  mon locataire par lettre recommande avec avis de rception. Mais ce courrier n\'a pas t retir par son destinataire. La notification est-elle nanmoins rgulire?','fr','2012-07-18 09:43:09','2012-07-18 09:43:40'),(19171,'Dmarchage par SMS','Nous sommes une socit spcialise dans la ralisation de diagnostics immobiliers (prsence d\'amiante ou de plomb, performance nergtique, termites). Pour tenter de conqurir de nouveaux clients, nous envisageons de dmarcher, par SMS car c\'est moins cher, des personnes dont nous saurions qu\'elles ont mis en vente leur maison d\'habitation et qui seraient donc susceptibles de faire appel  nos services. Pouvons-nous utiliser en toute lgalit les coordonnes de personnes rcoltes  partir d\'annonces immobilires diffuses sur des sites Internet destins  des particuliers?','fr','2012-07-18 10:30:25','2012-07-18 10:30:53'),(19172,'Attribution d\'un droit de vote double aux actionnaires de socit anonyme','Nous ouvrons le capital de notre socit anonyme  des nouveaux actionnaires. Afin de prserver le pouvoir dcisionnaire des actionnaires fondateurs au sein de la socit, peut-on attribuer  ces derniers des actions avec un droit de vote suprieur  celui des autres actions?','fr','2012-07-18 10:32:00','2012-07-18 10:32:51'),(19173,'Chque sans provision et recouvrement de la crance','J\'ai reu de la banque une attestation de rejet d\'un chque mis par l\'un de mes clients pour dfaut de provision. Que dois-je faire?','fr','2012-07-18 11:23:52','2012-07-18 11:24:25'),(19174,'Cotisations sociales de dbut d\'activit des indpendants : nouveauts','Quelles sont les modalits de calcul des cotisations sociales dues au titre des deux premires annes d\'activit par les travailleurs indpendants ?','fr','2012-07-18 10:00:00','2012-07-19 08:43:23'),(19175,'Local de restauration des salaris','Un certain nombre de mes salaris restent manger sur place le midi. Suis-je tenu de leur amnager un espace de restauration dans l\'entreprise?','fr','2012-07-18 09:44:59','2012-07-18 09:45:27'),(19176,'Contrat de scurisation professionnelle et priorit de rembauche','Deux de mes salaris m\'ont indiqu qu\'ils comptaient accepter la proposition de contrat de scurisation professionnelle qui leur sera faite prochainement dans le cadre d\'une procdure de licenciement conomique. Bnficieront-ils de la priorit de rembauche prvue par le Code du travail?','fr','2012-07-18 09:46:00','2012-07-18 09:55:25'),(19177,'Externalisation de la procdure de licenciement','Je vais prochainement procder au licenciement d\'un de mes salaris. Puis-je confier  un conseil extrieur le soin de se charger de la procdure de licenciement  ma place?','fr','2012-07-18 10:36:36','2012-07-18 10:36:53'),(19178,'Formalits  respecter pour accorder un pont aux salaris','Je souhaiterais autoriser mes salaris  faire le pont  l\'occasion de la fte de l\'Ascension. Dois-je respecter des formalits particulires?','fr','2012-07-18 10:39:28','2012-07-18 10:40:00'),(19179,'Report des congs pays pour maladie','L\'un de mes salaris, absent pendant plusieurs semaines pour maladie, n\'a pas pu prendre tous les jours de congs pays qu\'il avait acquis en 2011, avant la date limite de prise des congs fixe dans l\'entreprise. Puis-je considrer qu\'il a dfinitivement perdu ses droits  congs?','fr','2012-07-18 11:02:28','2012-07-18 11:02:48'),(19180,'Demande de cong parental d\'ducation','L\'une de mes salaries, qui devait reprendre le travail la semaine prochaine aprs son cong de maternit, vient de m\'informer qu\'elle souhaitait bnficier d\'un cong parental d\'ducation  l\'issue de ce cong de maternit. Sa demande ayant t formule tardivement, puis-je m\'y opposer?','fr','2012-07-18 11:25:22','2012-07-18 12:22:18'),(19181,'Signature par le salari d\'un contrat  dure dtermine','Je viens d\'embaucher un salari en contrat de travail  dure dtermine (CDD). Dois-je exiger de lui qu\'il me remette un exemplaire sign de son contrat avant son entre en fonction?','fr','2012-07-18 11:31:52','2012-07-18 11:32:09'),(19182,'Travailleurs indpendants : comment sont calcules les cotisations sociales ?','Prsentation des rgles de calcul des cotisations sociales verses par les travailleurs indpendants ayant plus de deux ans d\'activit.','fr','2012-07-19 10:00:00','2012-07-19 10:28:12'),(19183,'Les nouveauts de la participation-construction des employeurs','Les entreprises d\'au moins 20 salaris ont l\'obligation d\'investir dans la construction de logements.','fr','2012-07-20 10:00:00','2012-07-20 10:36:24'),(19184,'Donation d\'une somme d\'argent : les consquences sur une succession !','Le rapport  la succession d\'une somme d\'argent qui a t utilise afin d\'acqurir un bien est d sur la valeur du bien au moment du partage d\'aprs son tat  l\'poque de la donation sans que d\'ventuels travaux viennent influer sur la valeur de celui-ci.','fr','2012-07-18 12:10:00','2012-07-27 11:47:00'),(19185,'Fermeture estivale : avez-vous bien respect les formalits pralables ?','Si un employeur peut dcider de fermer son entreprise pour cong estival, il doit toutefois remplir certaines conditions.','fr','2012-07-20 14:00:00','2012-07-23 14:06:31'),(19186,'Jobs d\'t : privilgier les enfants du personnel est discriminatoire !','Des emplois saisonniers ne peuvent pas valablement tre rservs aux enfants des salaris de l\'entreprise.','fr','2012-07-23 10:00:00','2012-07-23 11:16:12'),(19187,'Un bonus  alternants  pour les grandes entreprises','Les entreprises de plus de 250 salaris employant plus de 4 % d\'alternants peuvent bnficier d\'une aide financire.','fr','2012-07-25 10:00:00','2012-07-25 10:00:03'),(19188,'Contrle fiscal : le droit d\'accs du contribuable aux informations utilises contre lui est tendu !','L\'administration fiscale doit communiquer au contribuable les informations recueillies sur des sites Internet ou des serveurs de donnes auxquels il n\'a pu avoir accs.','fr','2012-07-26 10:00:00','2012-07-26 10:00:02'),(19189,'Employeurs : que faire en cas de fortes chaleurs ?','Rappel des principales obligations des employeurs pour protger leurs salaris des effets de la canicule.','fr','2012-07-25 09:10:00','2012-07-30 10:03:27'),(19190,'Feuille de paie d\'un Contrat d\'Accompagnement dans l\'Emploi','','fr','2012-01-03 09:00:00','2012-07-31 16:22:05'),(19191,'Le crdit d\'impt recherche bnficie aussi aux petites entreprises !','Le bilan 2010 du crdit d\'impt recherche confirme l\'attractivit du dispositif pour les entreprises de petite taille.','fr','2012-08-01 10:00:00','2012-08-01 16:29:37'),(19192,'Aot 2012','\nDclaration et paiement de la TVA correspondant aux oprations de juillet 2012 et, ventuellement, demande de remboursement du crdit de TVA au titre du mois de juillet 2012.\n\n','fr','0000-00-00 00:00:00','2012-08-01 10:05:13'),(19193,'5 aot 2012','\nEmployeurs occupant au moins 50 salaris : dclaration et paiement des charges sociales sur les salaires de juillet 2012 pays au plus tard le 31 juillet 2012.\nArtisans, commerants et industriels : paiement par prlvement mensuel des cotisations d\'assurance maladie-maternit, d\'assurance vieillesse, d\'invalidit-dcs, d\'allocations familiales, de la CSG et de la CRDS.\nProfessionnels libraux : paiement par prlvement mensuel des cotisations d\'assurance maladie-maternit, d\'allocations familiales, de la CSG et de la CRDS.\nArtisans, commerants et industriels nayant pas choisi la mensualisation : paiement trimestriel des cotisations d\'assurance maladie-maternit, d\'assurance vieillesse, d\'invalidit-dcs, d\'allocations familiales, de la CSG et de la CRDS.\nProfessionnels libraux nayant pas choisi la mensualisation : paiement trimestriel des cotisations d\'assurance maladie-maternit, d\'allocations familiales, de la CSG et de la CRDS.\n\n','fr','2012-08-05 10:06:00','2012-08-01 10:07:32'),(19194,'8 aot 2012','\nEmployeurs occupant au moins 50 salaris : relev des contrats de travail conclus ou rsilis en juillet 2012  transmettre  la Direction de lanimation de la recherche, des tudes et des statistiques (DARES).\n\n','fr','2012-08-08 10:08:00','2012-08-01 10:09:06'),(19195,'11 aot 2012','\nAssujettis  la TVA ralisant des oprations intracommunautaires : dpt auprs des douanes de la dclaration dchanges de biens et de la dclaration europenne des services pour les oprations intervenues en juillet 2012.\n\n','fr','2012-08-11 10:15:00','2012-08-01 10:26:33'),(19196,'15 aot 2012','\nEmployeurs assujettis  la taxe sur les salaires : versement de la taxe sur les salaires pays en juillet 2012 lorsque le total des sommes dues au titre de 2011 excdait 4 000 .\nEntreprises dont leffectif est suprieur  9 et infrieur  50 salaris, et entreprises de 9 salaris au plus ayant opt pour le paiement mensuel des charges sociales : dclaration et paiement des charges sociales sur les salaires de juillet 2012.\nSocits soumises  limpt sur les socits ayant clos leur exercice le 30 avril 2012 : paiement du solde de limpt sur les socits et de la contribution sociale.\nEmployeurs occupant au moins 50 salaris : dclaration et paiement des charges sociales sur les salaires de juillet 2012 pays dans les 10 premiers jours daot 2012.\n\n','fr','2012-08-15 10:28:00','2012-08-01 10:31:51'),(19197,'20 aot 2012','\nArtisans, commerants et industriels : paiement par prlvement mensuel des cotisations d\'assurance maladie-maternit, d\'assurance vieillesse, d\'invalidit-dcs, d\'allocations familiales, de la CSG et de la CRDS (sur demande).\nProfessionnels libraux : paiement par prlvement mensuel des cotisations d\'assurance maladie-maternit, d\'allocations familiales, de la CSG et de la CRDS (sur demande).\n\n','fr','2012-08-20 10:32:00','2012-08-01 10:34:13'),(19198,'25 aot 2012','\nEmployeurs occupant au moins 50 salaris : dclaration et paiement des charges sociales sur les salaires de juillet 2012 pays entre le 11 et le 20 aot 2012.\n\n','fr','2012-08-25 10:35:00','2012-08-01 10:37:03'),(19199,'31 aot 2012','\nSocits soumises  limpt sur les socits ayant clos leur exercice le 31 mai 2012 : dpt de la dclaration annuelle des rsultats et des documents annexes.\n\n','fr','2012-08-31 10:38:00','2012-08-01 10:40:26'),(19200,'Rgime juridique','','fr','2009-05-05 00:00:00','2010-12-29 11:47:51'),(19201,'Feuille de paie pour une embauche dans les ZRR et ZRU','','fr','2012-01-03 09:00:00','2012-02-03 10:20:09'),(19202,'Rgime juridique','','fr','2010-03-09 00:00:00','2010-12-06 16:43:00'),(19203,'Rgime juridique','','fr','2010-03-09 00:00:00','2012-07-31 14:41:06'),(19204,'Feuille de paie d\'un contrat d\'avenir','','fr','2012-01-03 09:00:00','2012-02-03 10:24:28'),(19205,'Septembre 2012','\nDclaration et paiement de la TVA correspondant aux oprations daot 2012 et, ventuellement, demande de remboursement du crdit de TVA au titre du mois daot 2012.\n\n','fr','0000-00-00 00:00:00','2012-08-01 10:44:17'),(19206,'5 septembre 2012','\nEmployeurs occupant au moins 50 salaris : dclaration et paiement des charges sociales sur les salaires daot 2012 pays au plus tard le 31 aot 2012.\nArtisans, commerants et industriels : paiement par prlvement mensuel des cotisations d\'assurance maladie-maternit, d\'assurance vieillesse, d\'invalidit-dcs, d\'allocations familiales, de la CSG et de la CRDS.\nProfessionnels libraux : paiement par prlvement mensuel des cotisations d\'assurance maladie-maternit, d\'allocations familiales, de la CSG et de la CRDS.\n\n','fr','2012-09-05 10:45:00','2012-08-01 10:47:15'),(19207,'8 septembre 2012','\nEmployeurs occupant au moins 50 salaris : relev des contrats de travail conclus ou rsilis en aot 2012  transmettre  la Direction de lanimation de la recherche, des tudes et des statistiques (DARES).\n\n','fr','2012-09-08 10:00:00','2012-08-01 10:49:27'),(19208,'12 septembre 2012','\nAssujettis  la TVA ralisant des oprations intracommunautaires : dpt auprs des douanes de la dclaration dchanges de biens et de la dclaration europenne des services pour les oprations intervenues en aot 2012.\n\n','fr','2012-09-12 10:50:00','2012-08-01 10:50:51'),(19209,'15 septembre 2012','\nEntreprises dont leffectif est suprieur  9 et infrieur  50 salaris, et entreprises de 9 salaris au plus ayant opt pour le paiement mensuel des charges sociales : dclaration et paiement des charges sociales sur les salaires daot 2012.\nContribuables nayant pas opt pour le paiement mensuel de limpt sur le revenu : paiement du solde de limpt sur le revenu de 2011.\nSocits soumises  limpt sur les socits ayant clos leur exercice le 31 mai 2012 : versement du solde de limpt sur les socits et de la contribution sociale.\nSocits soumises  limpt sur les socits : paiement de lacompte dIS.\nEmployeurs assujettis  la taxe sur les salaires : versement de la taxe sur les salaires pays en aot 2012 lorsque le total des sommes dues au titre de 2011 excdait 4 000 .\nEmployeurs occupant au moins 50 salaris : dclaration et paiement des charges sociales sur les salaires daot 2012 pays dans les 10 premiers jours de septembre 2012.\nEntreprises assujetties  la cotisation sur la valeur ajoute des entreprises (CVAE) : versement, le cas chant, de lacompte de cotisation sur la valeur ajoute des entreprises.\n\n','fr','2012-09-15 10:52:00','2012-08-01 10:53:13'),(19210,'20 septembre 2012','\nArtisans, commerants et industriels : paiement par prlvement mensuel des cotisations d\'assurance maladie-maternit, d\'assurance vieillesse, d\'invalidit-dcs, d\'allocations familiales, de la CSG et de la CRDS (sur demande).\nProfessionnels libraux : paiement par prlvement mensuel des cotisations d\'assurance maladie-maternit, d\'allocations familiales, de la CSG et de la CRDS (sur demande).\n\n','fr','2012-09-20 10:54:00','2012-08-01 10:54:57'),(19211,'25 septembre 2012','\nEmployeurs occupant au moins 50 salaris : dclaration et paiement des charges sociales sur les salaires daot 2012 pays entre le 11 et le 20 septembre 2012.\n\n','fr','2012-09-25 10:56:00','2012-08-01 10:56:51'),(19212,'30 septembre 2012','\nSocits soumises  limpt sur les socits ayant clos leur exercice le 30 juin 2012 : dpt de la dclaration annuelle des rsultats et des documents annexes.\nContribuables ayant opt pour la mensualisation du paiement de leur cotisation foncire des entreprises (CFE) : dernire facult de rsiliation de loption pour lanne en cours.\nEmployeurs occupant au moins 11 salaris : consultation du comit dentreprise ou,  dfaut, des dlgus du personnel, sur lexcution du plan de formation du personnel.\n\n','fr','2012-09-30 10:58:00','2012-08-01 10:59:01'),(19213,'Suppression dfinitive de la Ducs papier','Les dclarations unifies des cotisations sociales papier sont dsormais supprimes sur l\'ensemble du territoire.','fr','2012-08-02 10:00:00','2012-08-02 10:00:04');
/*!40000 ALTER TABLE `sid_article_translation` ENABLE KEYS */;
UNLOCK TABLES;

--
-- Dumping data for table `sid_bandeau`
--

LOCK TABLES `sid_bandeau` WRITE;
/*!40000 ALTER TABLE `sid_bandeau` DISABLE KEYS */;
INSERT INTO `sid_bandeau` (`id`, `groupe_bandeau_id`, `is_active`, `category`, `scrollamount`, `scrolldelay`, `boucle`, `behavior`, `direction`, `height`, `width`, `position`) VALUES (8,1,1,'perso',2,0,0,'scroll','left',0,0,-1),(10,3,1,'perso',2,0,0,'scroll','left',0,0,-2);
/*!40000 ALTER TABLE `sid_bandeau` ENABLE KEYS */;
UNLOCK TABLES;

--
-- Dumping data for table `sid_bandeau_translation`
--

LOCK TABLES `sid_bandeau_translation` WRITE;
/*!40000 ALTER TABLE `sid_bandeau_translation` DISABLE KEYS */;
INSERT INTO `sid_bandeau_translation` (`id`, `title`, `debut_date`, `fin_date`, `lang`, `version`, `created_at`, `updated_at`) VALUES (8,'bandeau page accueil',NULL,NULL,'fr',2,'2012-01-03 16:40:19','2012-01-11 11:27:42'),(10,'les pages du cabinet',NULL,NULL,'fr',2,'2012-01-03 16:40:19','2012-01-11 11:27:42');
/*!40000 ALTER TABLE `sid_bandeau_translation` ENABLE KEYS */;
UNLOCK TABLES;

--
-- Dumping data for table `sid_bandeau_translation_version`
--

LOCK TABLES `sid_bandeau_translation_version` WRITE;
/*!40000 ALTER TABLE `sid_bandeau_translation_version` DISABLE KEYS */;
INSERT INTO `sid_bandeau_translation_version` (`id`, `lang`, `title`, `debut_date`, `fin_date`, `version`) VALUES (8,'fr','test',NULL,NULL,1),(8,'fr','bandeau page accueil',NULL,NULL,2),(10,'fr','actu cabinet',NULL,NULL,1),(10,'fr','les pages du cabinet',NULL,NULL,2);
/*!40000 ALTER TABLE `sid_bandeau_translation_version` ENABLE KEYS */;
UNLOCK TABLES;

--
-- Dumping data for table `sid_cabinet_equipe`
--

LOCK TABLES `sid_cabinet_equipe` WRITE;
/*!40000 ALTER TABLE `sid_cabinet_equipe` DISABLE KEYS */;
INSERT INTO `sid_cabinet_equipe` (`id`, `image`, `coord_name_id`, `is_active`, `position`) VALUES (1,498,4,1,6),(2,500,2,1,8),(3,499,4,1,10),(4,492,2,1,9),(5,506,4,1,7),(6,493,2,1,5),(7,503,4,1,4),(8,502,3,1,3),(9,490,3,1,2),(10,494,4,1,1);
/*!40000 ALTER TABLE `sid_cabinet_equipe` ENABLE KEYS */;
UNLOCK TABLES;

--
-- Dumping data for table `sid_cabinet_equipe_sid_rubrique`
--

LOCK TABLES `sid_cabinet_equipe_sid_rubrique` WRITE;
/*!40000 ALTER TABLE `sid_cabinet_equipe_sid_rubrique` DISABLE KEYS */;
/*!40000 ALTER TABLE `sid_cabinet_equipe_sid_rubrique` ENABLE KEYS */;
UNLOCK TABLES;

--
-- Dumping data for table `sid_cabinet_equipe_translation`
--

LOCK TABLES `sid_cabinet_equipe_translation` WRITE;
/*!40000 ALTER TABLE `sid_cabinet_equipe_translation` DISABLE KEYS */;
INSERT INTO `sid_cabinet_equipe_translation` (`id`, `title`, `name`, `first_name`, `statut`, `tel`, `fax`, `mobile`, `email`, `text`, `lang`, `version`, `created_at`, `updated_at`) VALUES (1,'Mr','Multimdia','','Service multimdia','05 49 60 20 61','','','lemultimedia@ec-tenor.com','<p>\r\n	Quisque lacinia ullamcorper orci, quis vulputate lectus porta at. Quisque id urna nunc, vehicula semper ipsum. Phasellus euismod adipiscing rutrum. Mauris a aliquam sapien. Nulla laoreet, odio ut vehicula hendrerit, turpis magna aliquet dolor, ac sollicitudin eros orci et turpis. Duis a ligula sapien, id tempus magna.</p>\r\n','fr',4,'2011-08-11 20:32:45','2012-03-14 14:09:20'),(2,'Mr','LaGestion','','Service gestion','01 23 45 67 89','','','lagestion@ec-tenor.com','<p>\r\n	Fusce sed leo leo. Sed vitae neque vel est sodales varius vel vel ante. Curabitur aliquet libero a nibh dignissim ullamcorper. Integer sit amet quam nunc. Duis lorem augue, semper et volutpat sit amet, mollis aliquam erat. Nullam rhoncus eleifend accumsan. Quisque sollicitudin viverra metus, sed pharetra leo faucibus eget.</p>\r\n','fr',4,'2011-08-11 20:32:45','2012-03-14 14:09:54'),(3,'Mr','LeSecrtaire','','Secrtariat','05 49 60 20 63','','','lesecretaire@ec-tenor.com','<p>\r\n	Phasellus eu mauris diam. Sed commodo facilisis tempus. Integer enim justo, vehicula sit amet dignissim quis, tincidunt in sapien. Etiam porttitor dolor in justo laoreet facilisis ullamcorper enim tristique. Nunc sodales imperdiet eros eget tincidunt. Donec eleifend ultrices leo, at aliquam felis blandit nec. Etiam et diam nec est gravida accumsan sit amet eu ipsum.</p>\r\n','fr',5,'2011-08-11 20:32:45','2012-03-14 14:10:22'),(4,'Miss','LaSecrtaire','','Secrtariat','05 49 60 20 61','','','lasecretaire@ec-tenor.com','<p>\r\n	Quisque pretium consectetur urna. Sed sagittis. Praesent pretium ultrices est. In consectetur ante. Sed auctor, ligula nec faucibus egestas, odio nisi tincidunt quam, a sollicitudin libero arcu sed mauris. Curabitur leo erat, dictum sit amet, euismod id, interdum et, ipsum. Aenean tristique est varius metus. Etiam tristique ornare justo. Praesent orci. Sed ut velit quis magna faucibus cursus. Proin tempor magna at purus. Integer odio erat, egestas at, facilisis ut, ullamcorper a, urna. Sed lorem urna, interdum egestas, dapibus in, facilisis ac, orci. Sed neque.</p>\r\n','fr',5,'2011-08-11 20:32:45','2012-03-14 14:10:08'),(5,'Mr','Lejuge','','Service juridique','05 49 60 20 66','','','lejuge@ec-tenor.com','<p>\r\n	Responsable du service juridique du cabinet depuis plus de 10 ans, Monsieur Lejuge a exerc au pralable dans un cabinet spcialis dans les fusions/acquisitions/transmissions aprs lobtention dun Master 1 en droit des socits.</p>\r\n','fr',6,'2011-08-11 20:32:45','2012-05-25 16:00:40'),(6,'Mrs','LeContrleur','','Service fiscal','05 49 60 20 65','','','lecontroleur@ec-tenor.com','<p>\r\n	Madame Lecontrleur dirige le service fiscal du cabinet et notamment toute lintermdiation avec les administrations relatives en France et en Europe. Elle est titulaire dun Master 2 Fiscalit internationale de lUniversit Panthon-Assas.</p>\r\n','fr',6,'2011-08-11 20:32:45','2012-05-25 16:00:06'),(7,'Mrs','Lesocial','','Service social','05 49 60 20 64','','','lesocial@ec-tenor.com','<p>\r\n	Madame Lesocial gre notre service social et paie au sein du cabinet avec une formation universitaire spcialise en droit des contrats (Master 1 Droit du travail, Universit de Rennes) conforte dune longue pratique acquise en entreprise.</p>\r\n','fr',7,'2011-08-11 20:32:45','2012-05-25 15:59:57'),(8,'Mrs','Lexperte','','Expert-Comptable Associ','05 49 60 20 63','','','lexpert@ec-tenor.com','<p>\r\n	Associe, Expert-comptable et Commissaire aux comptes, Madame Lexperte a rejoint le cabinet en 2007 pour prendre en charge les activits Expertise-comptable, Audit, Conseil en matire sociale et fiscale, Assistance juridique et Transmissions dentreprises.</p>\r\n','fr',9,'2011-08-11 20:32:45','2012-05-25 15:59:49'),(9,'Mr','Legrand','','Expert-Comptable Associ','05 49 60 20 61','','','legrand@ec-tenor.com','<p>\r\n	Diplm de l\'Institut du droit des affaires de l\'universit Paris-II, Monsieur Legrand est co-fondateur du cabinet, Expert-comptable et Commissaire aux comptes. Il est en charge des activits Cration dentreprise, Evaluation, Consolidation, Systmes dinformation, Outsourcing et Formation.</p>\r\n','fr',7,'2011-08-11 20:32:45','2012-04-17 11:01:05'),(10,'Mr','Lefort','','Fondateur','01 23 45 67 89','','','lioshi@lioshi.com','<p>\r\n	Monsieur Lefort a fond le cabinet avec M.Legrand, aprs une formation en science de gestion, lobtention du DSCG et DEC et plusieurs expriences dans les plus grands cabinets et rseaux. Vrai gnraliste de lexpertise comptable, il manage nos diffrents collaborateurs spcialiss sur Paris.</p>\r\n','fr',10,'2011-08-11 20:32:45','2012-07-02 10:21:57');
/*!40000 ALTER TABLE `sid_cabinet_equipe_translation` ENABLE KEYS */;
UNLOCK TABLES;

--
-- Dumping data for table `sid_cabinet_equipe_translation_version`
--

LOCK TABLES `sid_cabinet_equipe_translation_version` WRITE;
/*!40000 ALTER TABLE `sid_cabinet_equipe_translation_version` DISABLE KEYS */;
INSERT INTO `sid_cabinet_equipe_translation_version` (`id`, `lang`, `title`, `name`, `first_name`, `statut`, `tel`, `fax`, `mobile`, `email`, `text`, `version`) VALUES (1,'fr','Monsieur L','','','Expert-Comptable Associ','05 49 60 20 61','','','legrand@lesiteducabinetconcerto.com','<p>\r\n	Dipl&ocirc;m&eacute; de l&#39;Institut du droit des affaires de l&#39;universit&eacute; Paris-II, Monsieur Legrand est co-fondateur du cabinet, Expert-comptable et Commissaire aux comptes. Il est en charge des activit&eacute;s Cr&eacute;ation d&rsquo;entreprise, Evaluation, Consolidation, Syst&egrave;mes d&rsquo;information, Outsourcing et Formation.</p>\r\n',1),(1,'fr','Monsieur M','','','Service multimdia','05 49 60 20 61','','','lemultimedia@ec-tenor.com','<p>\r\n	&nbsp;Quisque lacinia ullamcorper orci, quis vulputate lectus porta at. Quisque id urna nunc, vehicula semper ipsum. Phasellus euismod adipiscing rutrum. Mauris a aliquam sapien. Nulla laoreet, odio ut vehicula hendrerit, turpis magna aliquet dolor, ac sollicitudin eros orci et turpis. Duis a ligula sapien, id tempus magna.</p>\r\n',2),(1,'fr','Monsieur M','','','Service multimdia','05 49 60 20 61','','','lemultimedia@ec-tenor.com','<p>\r\n	Quisque lacinia ullamcorper orci, quis vulputate lectus porta at. Quisque id urna nunc, vehicula semper ipsum. Phasellus euismod adipiscing rutrum. Mauris a aliquam sapien. Nulla laoreet, odio ut vehicula hendrerit, turpis magna aliquet dolor, ac sollicitudin eros orci et turpis. Duis a ligula sapien, id tempus magna.</p>\r\n',3),(1,'fr','Mr','Multimdia','','Service multimdia','05 49 60 20 61','','','lemultimedia@ec-tenor.com','<p>\r\n	Quisque lacinia ullamcorper orci, quis vulputate lectus porta at. Quisque id urna nunc, vehicula semper ipsum. Phasellus euismod adipiscing rutrum. Mauris a aliquam sapien. Nulla laoreet, odio ut vehicula hendrerit, turpis magna aliquet dolor, ac sollicitudin eros orci et turpis. Duis a ligula sapien, id tempus magna.</p>\r\n',4),(2,'fr','Monsieur L','','','Expert-Comptable Associ','01 23 45 67 89','','','lefort@lesiteducabinetconcerto.com','<p>\r\n	Monsieur Lefort a fond&eacute; le cabinet avec M.Legrand, apr&egrave;s une formation en science de gestion, l&rsquo;obtention du DSCG et DEC et plusieurs exp&eacute;riences dans les plus grands cabinets et r&eacute;seaux. Vrai g&eacute;n&eacute;raliste de l&rsquo;expertise comptable, il manage nos diff&eacute;rents collaborateurs sp&eacute;cialis&eacute;s sur Paris.</p>\r\n',1),(2,'fr','Monsieur L','','','Service gestion','01 23 45 67 89','','','lagestion@ec-tenor.com','<p>\r\n	&nbsp;Fusce sed leo leo. Sed vitae neque vel est sodales varius vel vel ante. Curabitur aliquet libero a nibh dignissim ullamcorper. Integer sit amet quam nunc. Duis lorem augue, semper et volutpat sit amet, mollis aliquam erat. Nullam rhoncus eleifend accumsan. Quisque sollicitudin viverra metus, sed pharetra leo faucibus eget.</p>\r\n',2),(2,'fr','Monsieur L','','','Service gestion','01 23 45 67 89','','','lagestion@ec-tenor.com','<p>\r\n	Fusce sed leo leo. Sed vitae neque vel est sodales varius vel vel ante. Curabitur aliquet libero a nibh dignissim ullamcorper. Integer sit amet quam nunc. Duis lorem augue, semper et volutpat sit amet, mollis aliquam erat. Nullam rhoncus eleifend accumsan. Quisque sollicitudin viverra metus, sed pharetra leo faucibus eget.</p>\r\n',3),(2,'fr','Mr','LaGestion','','Service gestion','01 23 45 67 89','','','lagestion@ec-tenor.com','<p>\r\n	Fusce sed leo leo. Sed vitae neque vel est sodales varius vel vel ante. Curabitur aliquet libero a nibh dignissim ullamcorper. Integer sit amet quam nunc. Duis lorem augue, semper et volutpat sit amet, mollis aliquam erat. Nullam rhoncus eleifend accumsan. Quisque sollicitudin viverra metus, sed pharetra leo faucibus eget.</p>\r\n',4),(3,'fr','Madame Lex','','','Expert-Comptable','05 49 60 20 63','','','lexpert@lesiteducabinetconcerto.com','<p>\r\n	Associ&eacute;e, Expert-comptable et Commissaire aux comptes, Madame Lexperte a rejoint le cabinet en 2007 pour prendre en charge les activit&eacute;s Expertise-comptable, Audit, Conseil en mati&egrave;re sociale et fiscale, Assistance juridique et Transmissions d&rsquo;entreprises.</p>\r\n',1),(3,'fr','Monsieur L','','','Secrtariat','05 49 60 20 63','','','lesecretaire@ec-tenor.com','<p>\r\n	Associ&eacute;e, Expert-comptable et Commissaire aux comptes, Madame Lexperte a rejoint le cabinet en 2007 pour prendre en charge les activit&eacute;s Expertise-comptable, Audit, Conseil en mati&egrave;re sociale et fiscale, Assistance juridique et Transmissions d&rsquo;entreprises.</p>\r\n',2),(3,'fr','Monsieur L','','','Secrtariat','05 49 60 20 63','','','lesecretaire@ec-tenor.com','<p>\r\n	&nbsp;Phasellus eu mauris diam. Sed commodo facilisis tempus. Integer enim justo, vehicula sit amet dignissim quis, tincidunt in sapien. Etiam porttitor dolor in justo laoreet facilisis ullamcorper enim tristique. Nunc sodales imperdiet eros eget tincidunt. Donec eleifend ultrices leo, at aliquam felis blandit nec. Etiam et diam nec est gravida accumsan sit amet eu ipsum.</p>\r\n',3),(3,'fr','Monsieur L','','','Secrtariat','05 49 60 20 63','','','lesecretaire@ec-tenor.com','<p>\r\n	Phasellus eu mauris diam. Sed commodo facilisis tempus. Integer enim justo, vehicula sit amet dignissim quis, tincidunt in sapien. Etiam porttitor dolor in justo laoreet facilisis ullamcorper enim tristique. Nunc sodales imperdiet eros eget tincidunt. Donec eleifend ultrices leo, at aliquam felis blandit nec. Etiam et diam nec est gravida accumsan sit amet eu ipsum.</p>\r\n',4),(3,'fr','Mr','LeSecrtaire','','Secrtariat','05 49 60 20 63','','','lesecretaire@ec-tenor.com','<p>\r\n	Phasellus eu mauris diam. Sed commodo facilisis tempus. Integer enim justo, vehicula sit amet dignissim quis, tincidunt in sapien. Etiam porttitor dolor in justo laoreet facilisis ullamcorper enim tristique. Nunc sodales imperdiet eros eget tincidunt. Donec eleifend ultrices leo, at aliquam felis blandit nec. Etiam et diam nec est gravida accumsan sit amet eu ipsum.</p>\r\n',5),(4,'fr','tur, quam ','','','tum sodales. Morbi velit massa, dapibus',NULL,'semper varius. Integer nec risus. Vivamus sc','placerat at, ultricies bibendum, mattis a, dolor. Aliquam bibendum mi eu mi. Donec varius dui','dc3rwsi081c0qshg@localhost.com','Quisque pretium consectetur urna. Sed sagittis. Praesent pretium ultrices est. In consectetur ante. Sed auctor, ligula nec faucibus egestas, odio nisi tincidunt quam, a sollicitudin libero arcu sed mauris. Curabitur leo erat, dictum sit amet, euismod id, interdum et, ipsum. Aenean tristique est varius metus. Etiam tristique ornare justo. Praesent orci. Sed ut velit quis magna faucibus cursus. Proin tempor magna at purus. Integer odio erat, egestas at, facilisis ut, ullamcorper a, urna. Sed lorem urna, interdum egestas, dapibus in, facilisis ac, orci. Sed neque.\n',1),(4,'fr','tur, quam ','','','tum sodales. Morbi velit massa, dapibus','','semper varius. Integer nec risus. Vivamus sc','placerat at, ultricies bibendum, mattis a, dolor. Aliquam bibendum mi eu mi. Donec varius dui','dc3rwsi081c0qshg@localhost.com','<p>\r\n	Quisque pretium consectetur urna. Sed sagittis. Praesent pretium ultrices est. In consectetur ante. Sed auctor, ligula nec faucibus egestas, odio nisi tincidunt quam, a sollicitudin libero arcu sed mauris. Curabitur leo erat, dictum sit amet, euismod id, interdum et, ipsum. Aenean tristique est varius metus. Etiam tristique ornare justo. Praesent orci. Sed ut velit quis magna faucibus cursus. Proin tempor magna at purus. Integer odio erat, egestas at, facilisis ut, ullamcorper a, urna. Sed lorem urna, interdum egestas, dapibus in, facilisis ac, orci. Sed neque.</p>\r\n',2),(4,'fr','Mademoisel','','','','05 49 60 20 61','','','lasecretaire@ec-tenor.com','<p>\r\n	Quisque pretium consectetur urna. Sed sagittis. Praesent pretium ultrices est. In consectetur ante. Sed auctor, ligula nec faucibus egestas, odio nisi tincidunt quam, a sollicitudin libero arcu sed mauris. Curabitur leo erat, dictum sit amet, euismod id, interdum et, ipsum. Aenean tristique est varius metus. Etiam tristique ornare justo. Praesent orci. Sed ut velit quis magna faucibus cursus. Proin tempor magna at purus. Integer odio erat, egestas at, facilisis ut, ullamcorper a, urna. Sed lorem urna, interdum egestas, dapibus in, facilisis ac, orci. Sed neque.</p>\r\n',3),(4,'fr','Mademoisel','','','Secrtariat','05 49 60 20 61','','','lasecretaire@ec-tenor.com','<p>\r\n	Quisque pretium consectetur urna. Sed sagittis. Praesent pretium ultrices est. In consectetur ante. Sed auctor, ligula nec faucibus egestas, odio nisi tincidunt quam, a sollicitudin libero arcu sed mauris. Curabitur leo erat, dictum sit amet, euismod id, interdum et, ipsum. Aenean tristique est varius metus. Etiam tristique ornare justo. Praesent orci. Sed ut velit quis magna faucibus cursus. Proin tempor magna at purus. Integer odio erat, egestas at, facilisis ut, ullamcorper a, urna. Sed lorem urna, interdum egestas, dapibus in, facilisis ac, orci. Sed neque.</p>\r\n',4),(4,'fr','Miss','LaSecrtaire','','Secrtariat','05 49 60 20 61','','','lasecretaire@ec-tenor.com','<p>\r\n	Quisque pretium consectetur urna. Sed sagittis. Praesent pretium ultrices est. In consectetur ante. Sed auctor, ligula nec faucibus egestas, odio nisi tincidunt quam, a sollicitudin libero arcu sed mauris. Curabitur leo erat, dictum sit amet, euismod id, interdum et, ipsum. Aenean tristique est varius metus. Etiam tristique ornare justo. Praesent orci. Sed ut velit quis magna faucibus cursus. Proin tempor magna at purus. Integer odio erat, egestas at, facilisis ut, ullamcorper a, urna. Sed lorem urna, interdum egestas, dapibus in, facilisis ac, orci. Sed neque.</p>\r\n',5),(5,'fr','ere cubili','','','. Vivamus libero sem, cursus vel, pharetra no','psum sit amet quam. Maece','a mollis, metus lacus consequat est, et suscipit massa orci sit amet diam. Curabitur','mus eleifend gravida elit. Etiam dolor. Duis rutrum. Donec varius aliquam enim. Phasellus tr','l7plvfcspss5@localhost.com','Suspendisse nec massa. Morbi scelerisque porttitor est. Morbi at dui sed elit convallis porta. Donec porttitor. Cras eu neque. Nunc consequat consectetur neque. Cras luctus bibendum velit. Vivamus pellentesque laoreet eros. Aliquam non augue. Suspendisse elementum gravida enim. Integer risus neque, interdum facilisis, pulvinar id, dictum consequat, massa. Cras at ante ac sapien viverra vestibulum. Mauris volutpat ipsum sit amet quam. Maecenas quam. Nam in nulla. Donec lacinia, lorem in pellentesque facilisis, nibh erat commodo ante, vel convallis dolor nisi quis dolor. Sed id nisl ac erat adipiscing pharetra. Curabitur sit amet lorem.\n',1),(5,'fr','Monsieur L','','','Service juridique','05 49 60 20 66','','','lejuge@lesiteducabinetconcerto.com','<p>\r\n	&nbsp;Responsable du service juridique du cabinet depuis plus de 10 ans, Monsieur Lejuge a exerc&eacute; au pr&eacute;alable dans un cabinet sp&eacute;cialis&eacute; dans les fusions/acquisitions/transmissions apr&egrave;s l&rsquo;obtention d&rsquo;un Master 1 en droit des soci&eacute;t&eacute;s.</p>',2),(5,'fr','Monsieur L','','','Service juridique','05 49 60 20 66','','','lejuge@ec-tenor.com','<p>\r\n	&nbsp;Responsable du service juridique du cabinet depuis plus de 10 ans, Monsieur Lejuge a exerc&eacute; au pr&eacute;alable dans un cabinet sp&eacute;cialis&eacute; dans les fusions/acquisitions/transmissions apr&egrave;s l&rsquo;obtention d&rsquo;un Master 1 en droit des soci&eacute;t&eacute;s.</p>\r\n',3),(5,'fr','Monsieur L','','','Service juridique','05 49 60 20 66','','','lejuge@ec-tenor.com','<p>\r\n	Responsable du service juridique du cabinet depuis plus de 10 ans, Monsieur Lejuge a exerc&eacute; au pr&eacute;alable dans un cabinet sp&eacute;cialis&eacute; dans les fusions/acquisitions/transmissions apr&egrave;s l&rsquo;obtention d&rsquo;un Master 1 en droit des soci&eacute;t&eacute;s.</p>\r\n',4),(5,'fr','Mr','Lejuge','','Service juridique','05 49 60 20 66','','','lejuge@ec-tenor.com','<p>\r\n	Responsable du service juridique du cabinet depuis plus de 10 ans, Monsieur Lejuge a exerc&eacute; au pr&eacute;alable dans un cabinet sp&eacute;cialis&eacute; dans les fusions/acquisitions/transmissions apr&egrave;s l&rsquo;obtention d&rsquo;un Master 1 en droit des soci&eacute;t&eacute;s.</p>\r\n',5),(5,'fr','Mr','Lejuge','','Service juridique','05 49 60 20 66','','','lejuge@ec-tenor.com','<p>\r\n	Responsable du service juridique du cabinet depuis plus de 10 ans, Monsieur Lejuge a exerc au pralable dans un cabinet spcialis dans les fusions/acquisitions/transmissions aprs lobtention dun Master 1 en droit des socits.</p>\r\n',6),(6,'fr','et ante. I','','','h sed fermentum accu','ittis magna sed nisi. Suspendisse condimen',NULL,'Curabitur iaculis. Sed augue. Sed sagittis nisl nec lacus. Nulla eget enim',NULL,'Etiam lorem nunc, tristique vel, gravida non, feugiat quis, elit. Pellentesque quis turpis non erat dapibus congue. Aliquam scelerisque nisl sit amet nunc. Suspendisse tellus nisl, tincidunt eu, pharetra in, ornare vitae, nunc. Maecenas at ligula. Sed porttitor, dolor nec porta elementum, nisl purus sollicitudin est, in sodales sem pede fringilla ante. In pharetra justo vitae velit. Donec euismod, ligula sit amet lobortis fermentum, orci est rutrum arcu, eget euismod enim diam vel lacus. Vestibulum ante ipsum primis in faucibus orci luctus et ultrices posuere cubilia Curae; Duis feugiat posuere ipsum. Aliquam risus erat, aliquam id, lobortis in, facilisis at, odio. Ut ac massa at dui suscipit posuere. Vivamus convallis imperdiet metus. Nunc sit amet felis. Proin pharetra, diam et euismod commodo, nunc orci congue enim, vitae pulvinar metus quam ut tellus.\n',1),(6,'fr','Madame LeC','','','Service fiscal','05 49 60 20 65','','','lecontroleur@lesiteducabinetconcerto.com','<p>\r\n	&nbsp;Madame Lecontr&ocirc;leur dirige le service fiscal du cabinet et notamment toute l&rsquo;interm&eacute;diation avec les administrations relatives en France et en Europe. Elle est titulaire d&rsquo;un Master 2 Fiscalit&eacute; internationale de l&rsquo;Universit&eacute; Panth&eacute;on-Assas.</p>',2),(6,'fr','Madame LeC','','','Service fiscal','05 49 60 20 65','','','lecontroleur@ec-tenor.com','<p>\r\n	&nbsp;Madame Lecontr&ocirc;leur dirige le service fiscal du cabinet et notamment toute l&rsquo;interm&eacute;diation avec les administrations relatives en France et en Europe. Elle est titulaire d&rsquo;un Master 2 Fiscalit&eacute; internationale de l&rsquo;Universit&eacute; Panth&eacute;on-Assas.</p>\r\n',3),(6,'fr','Madame LeC','','','Service fiscal','05 49 60 20 65','','','lecontroleur@ec-tenor.com','<p>\r\n	Madame Lecontr&ocirc;leur dirige le service fiscal du cabinet et notamment toute l&rsquo;interm&eacute;diation avec les administrations relatives en France et en Europe. Elle est titulaire d&rsquo;un Master 2 Fiscalit&eacute; internationale de l&rsquo;Universit&eacute; Panth&eacute;on-Assas.</p>\r\n',4),(6,'fr','Mrs','LeContrleur','','Service fiscal','05 49 60 20 65','','','lecontroleur@ec-tenor.com','<p>\r\n	Madame Lecontr&ocirc;leur dirige le service fiscal du cabinet et notamment toute l&rsquo;interm&eacute;diation avec les administrations relatives en France et en Europe. Elle est titulaire d&rsquo;un Master 2 Fiscalit&eacute; internationale de l&rsquo;Universit&eacute; Panth&eacute;on-Assas.</p>\r\n',5),(6,'fr','Mrs','LeContrleur','','Service fiscal','05 49 60 20 65','','','lecontroleur@ec-tenor.com','<p>\r\n	Madame Lecontrleur dirige le service fiscal du cabinet et notamment toute lintermdiation avec les administrations relatives en France et en Europe. Elle est titulaire dun Master 2 Fiscalit internationale de lUniversit Panthon-Assas.</p>\r\n',6),(7,'fr','imentum se','','','tis, fringilla at, luctus a, lacus. Nam enim mi, pellentesque et, consequat ut, feugiat ut, nibh. Vivamus eleifend gravida elit','. Fusce ut tellus id lacus sagittis pellentesque. Nam orc','es posuere cubilia Curae; Etiam et nulla convallis risus adipiscing co','de urna, convallis nec, porta in, lobortis vel, massa. Maur','nbgho0uzbc1m6@localhost.com',NULL,1),(7,'fr','Madame Les','','','Service social','05 49 60 20 64','','','lesocial@lesiteducabinetconcerto.com','',2),(7,'fr','Madame Les','','','Service social','05 49 60 20 64','','','lesocial@lesiteducabinetconcerto.com','<p>\r\n	&nbsp;Madame Lesocial g&egrave;re notre service social et paie au sein du cabinet avec une formation universitaire sp&eacute;cialis&eacute;e en droit des contrats (Master 1 Droit du travail, Universit&eacute; de Rennes) confort&eacute;e d&rsquo;une longue pratique acquise en entreprise.</p>\r\n',3),(7,'fr','Madame Les','','','Service social','05 49 60 20 64','','','lesocial@ec-tenor.com','<p>\r\n	&nbsp;Madame Lesocial g&egrave;re notre service social et paie au sein du cabinet avec une formation universitaire sp&eacute;cialis&eacute;e en droit des contrats (Master 1 Droit du travail, Universit&eacute; de Rennes) confort&eacute;e d&rsquo;une longue pratique acquise en entreprise.</p>\r\n',4),(7,'fr','Madame Les','','','Service social','05 49 60 20 64','','','lesocial@ec-tenor.com','<p>\r\n	Madame Lesocial g&egrave;re notre service social et paie au sein du cabinet avec une formation universitaire sp&eacute;cialis&eacute;e en droit des contrats (Master 1 Droit du travail, Universit&eacute; de Rennes) confort&eacute;e d&rsquo;une longue pratique acquise en entreprise.</p>\r\n',5),(7,'fr','Mrs','Lesocial','','Service social','05 49 60 20 64','','','lesocial@ec-tenor.com','<p>\r\n	Madame Lesocial g&egrave;re notre service social et paie au sein du cabinet avec une formation universitaire sp&eacute;cialis&eacute;e en droit des contrats (Master 1 Droit du travail, Universit&eacute; de Rennes) confort&eacute;e d&rsquo;une longue pratique acquise en entreprise.</p>\r\n',6),(7,'fr','Mrs','Lesocial','','Service social','05 49 60 20 64','','','lesocial@ec-tenor.com','<p>\r\n	Madame Lesocial gre notre service social et paie au sein du cabinet avec une formation universitaire spcialise en droit des contrats (Master 1 Droit du travail, Universit de Rennes) conforte dune longue pratique acquise en entreprise.</p>\r\n',7),(8,'fr','cubilia Cu','','','la facilisi. Donec nec nisl eget sapien tincidunt viverra. Nulla ultricies lectus sit amet tortor. Praesent arcu. Lorem ip',NULL,'non sapien interdum viverra. Praesent convallis lobortis',NULL,'p1trs6oz83vhzovhsx7@localhost.com',NULL,1),(8,'fr','Madame Lex','','','Expert-Comptable Associ','05 49 60 20 63','','','lexpert@lesiteducabinetconcerto.com','<p>\r\n	&nbsp;Associ&eacute;e, Expert-comptable et Commissaire aux comptes, Madame Lexperte a rejoint le cabinet en 2007 pour prendre en charge les activit&eacute;s Expertise-comptable, Audit, Conseil en mati&egrave;re sociale et fiscale, Assistance juridique et Transmissions d&rsquo;entreprises.</p>',2),(8,'fr','Madame Lex','','','Expert-Comptable Associ','05 49 60 20 63','','','lexpert@lesiteducabinetconcerto.com','<p>\r\n	&nbsp;Associ&eacute;e, Expert-comptable et Commissaire aux comptes, Madame Lexperte a rejoint le cabinet en 2007 pour prendre en charge les activit&eacute;s Expertise-comptable, Audit, Conseil en mati&egrave;re sociale et fiscale, Assistance juridique et Transmissions d&rsquo;entreprises.</p>\r\n',3),(8,'fr','Madame Lex','','','Expert-Comptable Associ','05 49 60 20 63','','','lexpert@ec-tenor.com','<p>\r\n	&nbsp;Associ&eacute;e, Expert-comptable et Commissaire aux comptes, Madame Lexperte a rejoint le cabinet en 2007 pour prendre en charge les activit&eacute;s Expertise-comptable, Audit, Conseil en mati&egrave;re sociale et fiscale, Assistance juridique et Transmissions d&rsquo;entreprises.</p>\r\n',4),(8,'fr','Madame Lex','','','Expert-Comptable Associ','05 49 60 20 63','','','lexpert@ec-tenor.com','<p>\r\n	Associ&eacute;e, Expert-comptable et Commissaire aux comptes, Madame Lexperte a rejoint le cabinet en 2007 pour prendre en charge les activit&eacute;s Expertise-comptable, Audit, Conseil en mati&egrave;re sociale et fiscale, Assistance juridique et Transmissions d&rsquo;entreprises.</p>\r\n',5),(8,'fr','Madame Lex','','','Expert-Comptable Associ','05 49 60 20 63','','','','<p>\r\n	Associ&eacute;e, Expert-comptable et Commissaire aux comptes, Madame Lexperte a rejoint le cabinet en 2007 pour prendre en charge les activit&eacute;s Expertise-comptable, Audit, Conseil en mati&egrave;re sociale et fiscale, Assistance juridique et Transmissions d&rsquo;entreprises.</p>\r\n',6),(8,'fr','Madame Lex','','','Expert-Comptable Associ','05 49 60 20 63','','','lexpert@ec-tenor.com','<p>\r\n	Associ&eacute;e, Expert-comptable et Commissaire aux comptes, Madame Lexperte a rejoint le cabinet en 2007 pour prendre en charge les activit&eacute;s Expertise-comptable, Audit, Conseil en mati&egrave;re sociale et fiscale, Assistance juridique et Transmissions d&rsquo;entreprises.</p>\r\n',7),(8,'fr','Mrs','Lexperte','','Expert-Comptable Associ','05 49 60 20 63','','','lexpert@ec-tenor.com','<p>\r\n	Associ&eacute;e, Expert-comptable et Commissaire aux comptes, Madame Lexperte a rejoint le cabinet en 2007 pour prendre en charge les activit&eacute;s Expertise-comptable, Audit, Conseil en mati&egrave;re sociale et fiscale, Assistance juridique et Transmissions d&rsquo;entreprises.</p>\r\n',8),(8,'fr','Mrs','Lexperte','','Expert-Comptable Associ','05 49 60 20 63','','','lexpert@ec-tenor.com','<p>\r\n	Associe, Expert-comptable et Commissaire aux comptes, Madame Lexperte a rejoint le cabinet en 2007 pour prendre en charge les activits Expertise-comptable, Audit, Conseil en matire sociale et fiscale, Assistance juridique et Transmissions dentreprises.</p>\r\n',9),(9,'fr','stibulum t','','','onec vel diam. Etiam vulputate posuere leo. Donec ut ligula quis neque iaculis interdum. Vestibul','pretium consectetur urna. Sed sagittis. Praesent pretium ultrices est. In','t. Nam auctor, orci nec gravida mollis, metus lacus consequat est, et suscipit massa o','assa. Morbi lobortis. Nunc ultricies mollis libero. Class aptent taciti sociosqu ad litora torquent per co','ce9j@localhost.com','Proin at nunc. Integer ligula purus, sodales eget, accumsan pretium, consequat eu, lacus. Curabitur bibendum. Proin dictum molestie magna. Etiam lacinia. Aenean elementum. Morbi vitae ante ut dolor lacinia suscipit. Donec vel diam. Etiam vulputate posuere leo. Donec ut ligula quis neque iaculis interdum. Vestibulum lacus. Duis hendrerit erat vulputate velit. Maecenas leo.\n',1),(9,'fr','Monsieur L','','','Expert-Comptable Associ','05 49 60 20 61','','','legrand@lesiteducabinetconcerto.com','<p>\r\n	&nbsp;Dipl&ocirc;m&eacute; de l&#39;Institut du droit des affaires de l&#39;universit&eacute; Paris-II, Monsieur Legrand est co-fondateur du cabinet, Expert-comptable et Commissaire aux comptes. Il est en charge des activit&eacute;s Cr&eacute;ation d&rsquo;entreprise, Evaluation, Consolidation, Syst&egrave;mes d&rsquo;information, Outsourcing et Formation.</p>',2),(9,'fr','Monsieur L','','','Expert-Comptable Associ','05 49 60 20 61','','','legrand@lesiteducabinetconcerto.com','<p>\r\n	&nbsp;Dipl&ocirc;m&eacute; de l&#39;Institut du droit des affaires de l&#39;universit&eacute; Paris-II, Monsieur Legrand est co-fondateur du cabinet, Expert-comptable et Commissaire aux comptes. Il est en charge des activit&eacute;s Cr&eacute;ation d&rsquo;entreprise, Evaluation, Consolidation, Syst&egrave;mes d&rsquo;information, Outsourcing et Formation.</p>\r\n',3),(9,'fr','Monsieur L','','','Expert-Comptable Associ','05 49 60 20 61','','','legrand@ec-tenor.com','<p>\r\n	&nbsp;Dipl&ocirc;m&eacute; de l&#39;Institut du droit des affaires de l&#39;universit&eacute; Paris-II, Monsieur Legrand est co-fondateur du cabinet, Expert-comptable et Commissaire aux comptes. Il est en charge des activit&eacute;s Cr&eacute;ation d&rsquo;entreprise, Evaluation, Consolidation, Syst&egrave;mes d&rsquo;information, Outsourcing et Formation.</p>\r\n',4),(9,'fr','Monsieur L','','','Expert-Comptable Associ','05 49 60 20 61','','','legrand@ec-tenor.com','<p>\r\n	Dipl&ocirc;m&eacute; de l&#39;Institut du droit des affaires de l&#39;universit&eacute; Paris-II, Monsieur Legrand est co-fondateur du cabinet, Expert-comptable et Commissaire aux comptes. Il est en charge des activit&eacute;s Cr&eacute;ation d&rsquo;entreprise, Evaluation, Consolidation, Syst&egrave;mes d&rsquo;information, Outsourcing et Formation.</p>\r\n',5),(9,'fr','Mr','Legrand','','Expert-Comptable Associ','05 49 60 20 61','','','legrand@ec-tenor.com','<p>\r\n	Dipl&ocirc;m&eacute; de l&#39;Institut du droit des affaires de l&#39;universit&eacute; Paris-II, Monsieur Legrand est co-fondateur du cabinet, Expert-comptable et Commissaire aux comptes. Il est en charge des activit&eacute;s Cr&eacute;ation d&rsquo;entreprise, Evaluation, Consolidation, Syst&egrave;mes d&rsquo;information, Outsourcing et Formation.</p>\r\n',6),(9,'fr','Mr','Legrand','','Expert-Comptable Associ','05 49 60 20 61','','','legrand@ec-tenor.com','<p>\r\n	Diplm de l\'Institut du droit des affaires de l\'universit Paris-II, Monsieur Legrand est co-fondateur du cabinet, Expert-comptable et Commissaire aux comptes. Il est en charge des activits Cration dentreprise, Evaluation, Consolidation, Systmes dinformation, Outsourcing et Formation.</p>\r\n',7),(10,'fr','udin libe','','','purus',NULL,'dum, molestie sed, justo. Vestibulum quam eros, malesuada condimentu',NULL,'9lzymk15qdrnovy4zapctpie4qgm@localhost.com','Donec ullamcorper lacus dapibus arcu. Donec porta pulvinar neque. Nam in augue. In et ante. In consequat. Nam viverra, dolor non sollicitudin tincidunt, sem nisi accumsan massa, ut varius magna ipsum nec sapien. Maecenas luctus pharetra sapien. Proin semper magna vel erat sagittis fermentum. Nullam vulputate semper velit. Pellentesque nulla justo, porta sit amet, tempus hendrerit, vehicula at, arcu. Morbi neque odio, mollis nec, lacinia in, elementum non, nisl. Proin ultrices interdum risus. Duis nec augue. In porttitor. Curabitur ut tellus id orci rutrum venenatis. Nullam venenatis justo et lorem. Vestibulum ante ipsum primis in faucibus orci luctus et ultrices posuere cubilia Curae; Donec justo enim, ullamcorper nec, ultricies quis, pellentesque convallis, elit. Vestibulum dignissim ultricies nisl.\n',1),(10,'fr','Monsieur L','','','Fondateur','01 23 45 67 89','','','lefort@lesiteducabinetconcerto.com','<p>\r\n	&nbsp;Monsieur Lefort a fond&eacute; le cabinet avec M.Legrand, apr&egrave;s une formation en science de gestion, l&rsquo;obtention du DSCG et DEC et plusieurs exp&eacute;riences dans les plus grands cabinets et r&eacute;seaux. Vrai g&eacute;n&eacute;raliste de l&rsquo;expertise comptable, il manage nos diff&eacute;rents collaborateurs sp&eacute;cialis&eacute;s sur Paris.</p>',2),(10,'fr','Monsieur L','','','Fondateur','01 23 45 67 89','','','lefort@lesiteducabinetconcerto.com','<p>\r\n	&nbsp;Monsieur Lefort a fond&eacute; le cabinet avec M.Legrand, apr&egrave;s une formation en science de gestion, l&rsquo;obtention du DSCG et DEC et plusieurs exp&eacute;riences dans les plus grands cabinets et r&eacute;seaux. Vrai g&eacute;n&eacute;raliste de l&rsquo;expertise comptable, il manage nos diff&eacute;rents collaborateurs sp&eacute;cialis&eacute;s sur Paris.</p>\r\n',3),(10,'fr','Monsieur L','','','Fondateur','01 23 45 67 89','','','lefort@ec-tenor.com','<p>\r\n	&nbsp;Monsieur Lefort a fond&eacute; le cabinet avec M.Legrand, apr&egrave;s une formation en science de gestion, l&rsquo;obtention du DSCG et DEC et plusieurs exp&eacute;riences dans les plus grands cabinets et r&eacute;seaux. Vrai g&eacute;n&eacute;raliste de l&rsquo;expertise comptable, il manage nos diff&eacute;rents collaborateurs sp&eacute;cialis&eacute;s sur Paris.</p>\r\n',4),(10,'fr','Monsieur L','','','Fondateur','01 23 45 67 89','','','lefort@ec-tenor.com','<p>\r\n	Monsieur Lefort a fond&eacute; le cabinet avec M.Legrand, apr&egrave;s une formation en science de gestion, l&rsquo;obtention du DSCG et DEC et plusieurs exp&eacute;riences dans les plus grands cabinets et r&eacute;seaux. Vrai g&eacute;n&eacute;raliste de l&rsquo;expertise comptable, il manage nos diff&eacute;rents collaborateurs sp&eacute;cialis&eacute;s sur Paris.</p>\r\n',5),(10,'fr','Mr','Lefort','','Fondateur','01 23 45 67 89','','','lefort@ec-tenor.com','<p>\r\n	Monsieur Lefort a fond&eacute; le cabinet avec M.Legrand, apr&egrave;s une formation en science de gestion, l&rsquo;obtention du DSCG et DEC et plusieurs exp&eacute;riences dans les plus grands cabinets et r&eacute;seaux. Vrai g&eacute;n&eacute;raliste de l&rsquo;expertise comptable, il manage nos diff&eacute;rents collaborateurs sp&eacute;cialis&eacute;s sur Paris.</p>\r\n',6),(10,'fr','Mr','Lefort','','Fondateur','01 23 45 67 89','','','lefort@ec-tenor.com','<p>\r\n	Monsieur Lefort a fond le cabinet avec M.Legrand, aprs une formation en science de gestion, lobtention du DSCG et DEC et plusieurs expriences dans les plus grands cabinets et rseaux. Vrai gnraliste de lexpertise comptable, il manage nos diffrents collaborateurs spcialiss sur Paris.</p>\r\n',7),(10,'fr','Mr','Lefort','','Fondateur','01 23 45 67 89','','','lioshi@lioshi.com','<p>\r\n	Monsieur Lefort a fond le cabinet avec M.Legrand, aprs une formation en science de gestion, lobtention du DSCG et DEC et plusieurs expriences dans les plus grands cabinets et rseaux. Vrai gnraliste de lexpertise comptable, il manage nos diffrents collaborateurs spcialiss sur Paris.</p>\r\n',8),(10,'fr','Mr','Lefort','','Fondateur','01 23 45 67 89','','','lefort@cabinet.com','<p>\r\n	Monsieur Lefort a fond le cabinet avec M.Legrand, aprs une formation en science de gestion, lobtention du DSCG et DEC et plusieurs expriences dans les plus grands cabinets et rseaux. Vrai gnraliste de lexpertise comptable, il manage nos diffrents collaborateurs spcialiss sur Paris.</p>\r\n',9),(10,'fr','Mr','Lefort','','Fondateur','01 23 45 67 89','','','lioshi@lioshi.com','<p>\r\n	Monsieur Lefort a fond le cabinet avec M.Legrand, aprs une formation en science de gestion, lobtention du DSCG et DEC et plusieurs expriences dans les plus grands cabinets et rseaux. Vrai gnraliste de lexpertise comptable, il manage nos diffrents collaborateurs spcialiss sur Paris.</p>\r\n',10);
/*!40000 ALTER TABLE `sid_cabinet_equipe_translation_version` ENABLE KEYS */;
UNLOCK TABLES;

--
-- Dumping data for table `sid_cabinet_mission`
--

LOCK TABLES `sid_cabinet_mission` WRITE;
/*!40000 ALTER TABLE `sid_cabinet_mission` DISABLE KEYS */;
INSERT INTO `sid_cabinet_mission` (`id`, `is_active`, `image`, `file`, `title_file`, `position`) VALUES (9,1,NULL,NULL,'',1),(10,1,NULL,NULL,'',2),(11,1,NULL,NULL,'',3),(12,1,NULL,NULL,'',4);
/*!40000 ALTER TABLE `sid_cabinet_mission` ENABLE KEYS */;
UNLOCK TABLES;

--
-- Dumping data for table `sid_cabinet_mission_sid_rubrique`
--

LOCK TABLES `sid_cabinet_mission_sid_rubrique` WRITE;
/*!40000 ALTER TABLE `sid_cabinet_mission_sid_rubrique` DISABLE KEYS */;
/*!40000 ALTER TABLE `sid_cabinet_mission_sid_rubrique` ENABLE KEYS */;
UNLOCK TABLES;

--
-- Dumping data for table `sid_cabinet_mission_translation`
--

LOCK TABLES `sid_cabinet_mission_translation` WRITE;
/*!40000 ALTER TABLE `sid_cabinet_mission_translation` DISABLE KEYS */;
INSERT INTO `sid_cabinet_mission_translation` (`id`, `title`, `resume`, `text`, `lang`, `version`, `created_at`, `updated_at`) VALUES (9,'La Prvention fiscale et les dclarations','Nous vrifions la cohrence et la vraisemblance de vos dclarations fiscales, en particulier la dclaration de revenus professionnels 2035.','<style type=\"text/css\">\r\n<!--\r\n		@page { margin: 2cm }\r\n		P { margin-bottom: 0.21cm }\r\n	--></style>\r\n<p style=\"margin-bottom: 0cm\">\r\n	Nous v&eacute;rifions la coh&eacute;rence et la vraisemblance de vos d&eacute;clarations fiscales, en particulier la d&eacute;claration de revenus professionnels 2035. Nous vous rep&eacute;rons les &eacute;ventuelles erreurs qui peuvent, vis-&agrave;-vis de l&rsquo;administration fiscale, vous &ecirc;tre pr&eacute;judiciables. Nous vous indiquons comment les corriger et pouvons si vous le souhaitez &eacute;tablir les d&eacute;clarations en votre nom.<br />\r\n	Nous contr&ocirc;lons &eacute;galement la conformit&eacute; de vos documents avec la nomenclature comptable impos&eacute;e<br />\r\n	Nous nous mettons en rapport directement avec l&rsquo;administration fiscale pour r&eacute;pondre &agrave; vos questions particuli&egrave;res.</p>\r\n','fr',1,'2012-07-05 13:22:48','2012-07-05 13:22:48'),(10,'LAide  la gestion','Nous vous accompagnons et vous suivons. Nous laborons pour chaque adhrent de lAssociation un dossier de gestion analysant leurs rsultats sur 3 exercices.','Ce dossier permet &agrave; chacun de mieux comprendre ses comptes, son activit&eacute; pour en tirer tous les enseignements.<br />\r\nLe &laquo;nom de l&rsquo;association&raquo; &raquo;&eacute;labore ce dossier de gestion &agrave; partir de la d&eacute;claration fiscale &eacute;tablie par votre Expert Comptable. Ce document est une synth&egrave;se de la situation &eacute;conomique et financi&egrave;re de votre entreprise.<br />\r\nVous y trouverez:<br />\r\n- Un commentaire personnalis&eacute;<br />\r\n- Le tableau de bord<br />\r\n- Le compte de r&eacute;sultats<br />\r\n- Le bilan<br />\r\n- La tr&eacute;sorerie, le tableau de financement<br />\r\n- Les ratios<br />\r\nNotre conseiller est &agrave; votre disposition pour approfondir l&#39;analyse de votre dossier.','fr',1,'2012-07-05 13:23:26','2012-07-05 13:23:26'),(11,'Linformation','Tous les jours, sur ce site, vous trouverez les dernires actualits lgales et rglementaires sur vos professions pour mieux vous orienter et vous permettre aussi dadapter rapidement vos stratgies fiscale et comptable  votre environnement.','<style type=\"text/css\">\r\n<!--\r\n		@page { margin: 2cm }\r\n		P { margin-bottom: 0.21cm }\r\n	--></style>\r\n<p style=\"margin-bottom: 0cm\">\r\n	Tous les jours, sur ce site, vous trouverez les derni&egrave;res actualit&eacute;s l&eacute;gales et r&eacute;glementaires sur vos professions pour mieux vous orienter et vous permettre aussi d&rsquo;adapter rapidement vos strat&eacute;gies fiscale et comptable &agrave; votre environnement.</p>\r\n','fr',1,'2012-07-05 13:27:12','2012-07-05 13:27:12'),(12,'La Formation','LAssociation organise pour vous toute lanne des sessions de formation sur les thmatiques de fiscalit, de comptabilit et de gestion au sens large.','<style type=\"text/css\">\r\n<!--\r\n		@page { margin: 2cm }\r\n		P { margin-bottom: 0.21cm }\r\n	--></style>\r\n<p style=\"margin-bottom: 0cm\">\r\n	L&rsquo;Association organise pour vous toute l&rsquo;ann&eacute;e des sessions de formation sur les th&eacute;matiques de fiscalit&eacute;, de comptabilit&eacute; et de gestion au sens large.<br />\r\n	D&eacute;couvrez notre programme sur la page FORMATIONS (lien vers page FORMATIONS) de ce site.</p>\r\n','fr',1,'2012-07-05 13:27:54','2012-07-05 13:27:54');
/*!40000 ALTER TABLE `sid_cabinet_mission_translation` ENABLE KEYS */;
UNLOCK TABLES;

--
-- Dumping data for table `sid_cabinet_mission_translation_version`
--

LOCK TABLES `sid_cabinet_mission_translation_version` WRITE;
/*!40000 ALTER TABLE `sid_cabinet_mission_translation_version` DISABLE KEYS */;
INSERT INTO `sid_cabinet_mission_translation_version` (`id`, `lang`, `title`, `resume`, `text`, `version`) VALUES (9,'fr','La Prvention fiscale et les dclarations','Nous vrifions la cohrence et la vraisemblance de vos dclarations fiscales, en particulier la dclaration de revenus professionnels 2035.','<style type=\"text/css\">\r\n<!--\r\n		@page { margin: 2cm }\r\n		P { margin-bottom: 0.21cm }\r\n	--></style>\r\n<p style=\"margin-bottom: 0cm\">\r\n	Nous v&eacute;rifions la coh&eacute;rence et la vraisemblance de vos d&eacute;clarations fiscales, en particulier la d&eacute;claration de revenus professionnels 2035. Nous vous rep&eacute;rons les &eacute;ventuelles erreurs qui peuvent, vis-&agrave;-vis de l&rsquo;administration fiscale, vous &ecirc;tre pr&eacute;judiciables. Nous vous indiquons comment les corriger et pouvons si vous le souhaitez &eacute;tablir les d&eacute;clarations en votre nom.<br />\r\n	Nous contr&ocirc;lons &eacute;galement la conformit&eacute; de vos documents avec la nomenclature comptable impos&eacute;e<br />\r\n	Nous nous mettons en rapport directement avec l&rsquo;administration fiscale pour r&eacute;pondre &agrave; vos questions particuli&egrave;res.</p>\r\n',1),(10,'fr','LAide  la gestion','Nous vous accompagnons et vous suivons. Nous laborons pour chaque adhrent de lAssociation un dossier de gestion analysant leurs rsultats sur 3 exercices.','Ce dossier permet &agrave; chacun de mieux comprendre ses comptes, son activit&eacute; pour en tirer tous les enseignements.<br />\r\nLe &laquo;nom de l&rsquo;association&raquo; &raquo;&eacute;labore ce dossier de gestion &agrave; partir de la d&eacute;claration fiscale &eacute;tablie par votre Expert Comptable. Ce document est une synth&egrave;se de la situation &eacute;conomique et financi&egrave;re de votre entreprise.<br />\r\nVous y trouverez:<br />\r\n- Un commentaire personnalis&eacute;<br />\r\n- Le tableau de bord<br />\r\n- Le compte de r&eacute;sultats<br />\r\n- Le bilan<br />\r\n- La tr&eacute;sorerie, le tableau de financement<br />\r\n- Les ratios<br />\r\nNotre conseiller est &agrave; votre disposition pour approfondir l&#39;analyse de votre dossier.',1),(11,'fr','Linformation','Tous les jours, sur ce site, vous trouverez les dernires actualits lgales et rglementaires sur vos professions pour mieux vous orienter et vous permettre aussi dadapter rapidement vos stratgies fiscale et comptable  votre environnement.','<style type=\"text/css\">\r\n<!--\r\n		@page { margin: 2cm }\r\n		P { margin-bottom: 0.21cm }\r\n	--></style>\r\n<p style=\"margin-bottom: 0cm\">\r\n	Tous les jours, sur ce site, vous trouverez les derni&egrave;res actualit&eacute;s l&eacute;gales et r&eacute;glementaires sur vos professions pour mieux vous orienter et vous permettre aussi d&rsquo;adapter rapidement vos strat&eacute;gies fiscale et comptable &agrave; votre environnement.</p>\r\n',1),(12,'fr','La Formation','LAssociation organise pour vous toute lanne des sessions de formation sur les thmatiques de fiscalit, de comptabilit et de gestion au sens large.','<style type=\"text/css\">\r\n<!--\r\n		@page { margin: 2cm }\r\n		P { margin-bottom: 0.21cm }\r\n	--></style>\r\n<p style=\"margin-bottom: 0cm\">\r\n	L&rsquo;Association organise pour vous toute l&rsquo;ann&eacute;e des sessions de formation sur les th&eacute;matiques de fiscalit&eacute;, de comptabilit&eacute; et de gestion au sens large.<br />\r\n	D&eacute;couvrez notre programme sur la page FORMATIONS (lien vers page FORMATIONS) de ce site.</p>\r\n',1);
/*!40000 ALTER TABLE `sid_cabinet_mission_translation_version` ENABLE KEYS */;
UNLOCK TABLES;

--
-- Dumping data for table `sid_cabinet_page_cabinet`
--

LOCK TABLES `sid_cabinet_page_cabinet` WRITE;
/*!40000 ALTER TABLE `sid_cabinet_page_cabinet` DISABLE KEYS */;
INSERT INTO `sid_cabinet_page_cabinet` (`id`, `is_active`, `image`, `file`, `title_file`, `position`) VALUES (1,1,678,NULL,'',-1);
/*!40000 ALTER TABLE `sid_cabinet_page_cabinet` ENABLE KEYS */;
UNLOCK TABLES;

--
-- Dumping data for table `sid_cabinet_page_cabinet_translation`
--

LOCK TABLES `sid_cabinet_page_cabinet_translation` WRITE;
/*!40000 ALTER TABLE `sid_cabinet_page_cabinet_translation` DISABLE KEYS */;
INSERT INTO `sid_cabinet_page_cabinet_translation` (`id`, `title`, `resume`, `text`, `lang`, `version`, `created_at`, `updated_at`) VALUES (1,'Prsentation','EXPERT INFOS a dvelopp pour les Associations de Gestion Agres des sites internet spcifiques avec des contenus et rubriques adapts et modulables comme par exemple cette rubrique Prsentation .','<em>EXPERT INFOS a d&eacute;velopp&eacute; pour les Associations de Gestion Agr&eacute;&eacute;es des sites internet sp&eacute;cifiques avec des contenus et rubriques adapt&eacute;s et modulables comme par exemple cette rubrique &laquo;Pr&eacute;sentation&nbsp;&raquo;. Contactez-nous pour en savoir plus&nbsp;: T&eacute;l. 05 49 60 31 92 / Email <a href=\"mailto:contact@expertinfos.com\">contact@expertinfos.com</a></em><br />\r\n<br />\r\n<br />\r\nLE &laquo;NOM DE L&rsquo;ASSOCIATION&raquo; est une association loi du 1er juillet 1901. Elle a &eacute;t&eacute; cr&eacute;&eacute;e en &laquo;ann&eacute;e &laquo; &agrave; l&rsquo;initiative d&rsquo;Experts-comptables de &laquo;nom d&eacute;partement 1&nbsp;&raquo; et &laquo;nom d&eacute;partement 2&raquo;. L&rsquo;association &laquo;nom de l&rsquo;association&raquo; a pour vocation premi&egrave;re d&rsquo;accompagner les professionnels en lib&eacute;ral dans leurs d&eacute;marches fiscales et leur gestion avec 4 axes prioritaires :&nbsp; <a class=\"link\" href=\"http://aga-tenor.com/dev.php/nos-prestations/la-prevention-fiscale-et-les-declarations\" id=\"dmPage-29416\">La Pr&eacute;vention fiscale et les d&eacute;clarations</a>, <a class=\"link\" href=\"http://aga-tenor.com/dev.php/nos-prestations/l-information\" id=\"dmPage-29418\">L&rsquo;information</a>,<a class=\"link\" href=\"http://aga-tenor.com/dev.php/nos-prestations/l-aide-a-la-gestion\" id=\"dmPage-29417\"> L&rsquo;Aide &agrave; la gestion</a>, <a class=\"link\" href=\"http://aga-tenor.com/dev.php/nos-prestations/la-formation\" id=\"dmPage-29419\">La Formation</a>.<br />\r\n<br />\r\nLE &laquo;NOM DE L&rsquo;ASSOCIATION&raquo; compte aujourd&rsquo;hui presque 3000 adh&eacute;rents, exer&ccedil;ant plus de 80 activit&eacute;s lib&eacute;rales diff&eacute;rentes que nous accueillons sur 5 sites diff&eacute;rents.<br />\r\nVoir <a class=\"link\" href=\"http://aga-tenor.com/dev.php/le-cabinet/nos-bureaux\" id=\"dmPage-23213\">nos bureaux</a><br />\r\n<br />\r\n<br />\r\nL&rsquo;agr&eacute;ment de &laquo;nom de l&rsquo;association&raquo; d&eacute;livr&eacute; par l&rsquo;Administration Fiscale (N&deg;XXXXXX) permet &agrave; tous ses adh&eacute;rents de profiter entre autres d&#39;avantages fiscaux, d&#39;une s&eacute;curit&eacute; fiscale, d&#39;un d&eacute;lai de reprise de l&#39;Administration fiscale raccourci, de formations d&eacute;di&eacute;es, d&#39;un dossier de gestion personnalis&eacute;.<br />\r\n<br />\r\n<br />\r\nLe &laquo;nom de l&rsquo;association&raquo; procure &eacute;galement &agrave; ses &laquo;nombre&nbsp;&raquo; adh&eacute;rents, m&eacute;decins, avocats, professionnels lib&eacute;raux de la r&eacute;gion de &laquo;nom de la r&eacute;gion&nbsp;&raquo; des outils sp&eacute;cifiques d&rsquo;aide &agrave; la gestion qui participent, en lien avec le savoir-faire de leur expert-comptable &agrave; la p&eacute;rennit&eacute; de leur entreprise.<br />\r\n<br />\r\n<br />\r\nSous l&#39;autorit&eacute; de ses &eacute;lus, le directeur du &laquo;nom de l&rsquo;association&raquo; et ses &laquo;nombre&raquo; collaborateurs favorisent la recherche de solutions d&#39;accompagnement des professionnels adh&eacute;rents, notamment sur les missions fondamentales des associations de gestion agr&eacute;&eacute;es (examens de coh&eacute;rence et de vraisemblance, dossier de gestion)<br />\r\n<br />\r\n<br />\r\nConsultez nos rubriques &laquo;Vos avantages fiscaux &raquo;, Vos Formations &raquo;, &laquo;Nos prestations &laquo;pour d&eacute;couvrir les multiples b&eacute;n&eacute;fices de votre adh&eacute;sion au &laquo;nom de l&rsquo;association&raquo;.','fr',1,'2012-07-09 11:14:07','2012-07-09 11:14:07');
/*!40000 ALTER TABLE `sid_cabinet_page_cabinet_translation` ENABLE KEYS */;
UNLOCK TABLES;

--
-- Dumping data for table `sid_cabinet_page_cabinet_translation_version`
--

LOCK TABLES `sid_cabinet_page_cabinet_translation_version` WRITE;
/*!40000 ALTER TABLE `sid_cabinet_page_cabinet_translation_version` DISABLE KEYS */;
INSERT INTO `sid_cabinet_page_cabinet_translation_version` (`id`, `lang`, `title`, `resume`, `text`, `version`) VALUES (1,'fr','Prsentation','EXPERT INFOS a dvelopp pour les Associations de Gestion Agres des sites internet spcifiques avec des contenus et rubriques adapts et modulables comme par exemple cette rubrique Prsentation .','<em>EXPERT INFOS a d&eacute;velopp&eacute; pour les Associations de Gestion Agr&eacute;&eacute;es des sites internet sp&eacute;cifiques avec des contenus et rubriques adapt&eacute;s et modulables comme par exemple cette rubrique &laquo;Pr&eacute;sentation&nbsp;&raquo;. Contactez-nous pour en savoir plus&nbsp;: T&eacute;l. 05 49 60 31 92 / Email <a href=\"mailto:contact@expertinfos.com\">contact@expertinfos.com</a></em><br />\r\n<br />\r\n<br />\r\nLE &laquo;NOM DE L&rsquo;ASSOCIATION&raquo; est une association loi du 1er juillet 1901. Elle a &eacute;t&eacute; cr&eacute;&eacute;e en &laquo;ann&eacute;e &laquo; &agrave; l&rsquo;initiative d&rsquo;Experts-comptables de &laquo;nom d&eacute;partement 1&nbsp;&raquo; et &laquo;nom d&eacute;partement 2&raquo;. L&rsquo;association &laquo;nom de l&rsquo;association&raquo; a pour vocation premi&egrave;re d&rsquo;accompagner les professionnels en lib&eacute;ral dans leurs d&eacute;marches fiscales et leur gestion avec 4 axes prioritaires :&nbsp; <a class=\"link\" href=\"http://aga-tenor.com/dev.php/nos-prestations/la-prevention-fiscale-et-les-declarations\" id=\"dmPage-29416\">La Pr&eacute;vention fiscale et les d&eacute;clarations</a>, <a class=\"link\" href=\"http://aga-tenor.com/dev.php/nos-prestations/l-information\" id=\"dmPage-29418\">L&rsquo;information</a>,<a class=\"link\" href=\"http://aga-tenor.com/dev.php/nos-prestations/l-aide-a-la-gestion\" id=\"dmPage-29417\"> L&rsquo;Aide &agrave; la gestion</a>, <a class=\"link\" href=\"http://aga-tenor.com/dev.php/nos-prestations/la-formation\" id=\"dmPage-29419\">La Formation</a>.<br />\r\n<br />\r\nLE &laquo;NOM DE L&rsquo;ASSOCIATION&raquo; compte aujourd&rsquo;hui presque 3000 adh&eacute;rents, exer&ccedil;ant plus de 80 activit&eacute;s lib&eacute;rales diff&eacute;rentes que nous accueillons sur 5 sites diff&eacute;rents.<br />\r\nVoir <a class=\"link\" href=\"http://aga-tenor.com/dev.php/le-cabinet/nos-bureaux\" id=\"dmPage-23213\">nos bureaux</a><br />\r\n<br />\r\n<br />\r\nL&rsquo;agr&eacute;ment de &laquo;nom de l&rsquo;association&raquo; d&eacute;livr&eacute; par l&rsquo;Administration Fiscale (N&deg;XXXXXX) permet &agrave; tous ses adh&eacute;rents de profiter entre autres d&#39;avantages fiscaux, d&#39;une s&eacute;curit&eacute; fiscale, d&#39;un d&eacute;lai de reprise de l&#39;Administration fiscale raccourci, de formations d&eacute;di&eacute;es, d&#39;un dossier de gestion personnalis&eacute;.<br />\r\n<br />\r\n<br />\r\nLe &laquo;nom de l&rsquo;association&raquo; procure &eacute;galement &agrave; ses &laquo;nombre&nbsp;&raquo; adh&eacute;rents, m&eacute;decins, avocats, professionnels lib&eacute;raux de la r&eacute;gion de &laquo;nom de la r&eacute;gion&nbsp;&raquo; des outils sp&eacute;cifiques d&rsquo;aide &agrave; la gestion qui participent, en lien avec le savoir-faire de leur expert-comptable &agrave; la p&eacute;rennit&eacute; de leur entreprise.<br />\r\n<br />\r\n<br />\r\nSous l&#39;autorit&eacute; de ses &eacute;lus, le directeur du &laquo;nom de l&rsquo;association&raquo; et ses &laquo;nombre&raquo; collaborateurs favorisent la recherche de solutions d&#39;accompagnement des professionnels adh&eacute;rents, notamment sur les missions fondamentales des associations de gestion agr&eacute;&eacute;es (examens de coh&eacute;rence et de vraisemblance, dossier de gestion)<br />\r\n<br />\r\n<br />\r\nConsultez nos rubriques &laquo;Vos avantages fiscaux &raquo;, Vos Formations &raquo;, &laquo;Nos prestations &laquo;pour d&eacute;couvrir les multiples b&eacute;n&eacute;fices de votre adh&eacute;sion au &laquo;nom de l&rsquo;association&raquo;.',1);
/*!40000 ALTER TABLE `sid_cabinet_page_cabinet_translation_version` ENABLE KEYS */;
UNLOCK TABLES;

--
-- Dumping data for table `sid_cabinet_recrutement`
--

LOCK TABLES `sid_cabinet_recrutement` WRITE;
/*!40000 ALTER TABLE `sid_cabinet_recrutement` DISABLE KEYS */;
INSERT INTO `sid_cabinet_recrutement` (`id`, `is_active`, `image`, `file`, `title_file`, `position`) VALUES (1,1,NULL,NULL,NULL,1),(2,1,NULL,NULL,NULL,2);
/*!40000 ALTER TABLE `sid_cabinet_recrutement` ENABLE KEYS */;
UNLOCK TABLES;

--
-- Dumping data for table `sid_cabinet_recrutement_translation`
--

LOCK TABLES `sid_cabinet_recrutement_translation` WRITE;
/*!40000 ALTER TABLE `sid_cabinet_recrutement_translation` DISABLE KEYS */;
INSERT INTO `sid_cabinet_recrutement_translation` (`id`, `title`, `text`, `lang`, `version`, `created_at`, `updated_at`) VALUES (1,'Collaborateur Paie Comptabilit, en CDI','<h5>\r\n	<u>Le poste:<br />\r\n	</u></h5>\r\n<p>\r\n	<br />\r\n	Dans le cadre d&rsquo;un accroissement de notre activit&eacute; Paie et Gestion sociale, nous recherchons un(e) Collaborateur(trice) Paie Comptabilit&eacute; pour assister la Responsable de mission en charge de cette activit&eacute; sur :</p>\r\n<ul>\r\n	<li>\r\n		\nle traitement des paies de nos clients,</li>\r\n	<li>\r\n		\nla r&eacute;alisation des d&eacute;clarations sociales et DADS,</li>\r\n	<li>\r\n		\nla gestion administrative du personnel (cong&eacute;s, RTT, tickets restaurant,...).\n</li>\r\n</ul>\r\n<p>\r\n	Ce(tte) collaborateur(trice) interviendra aussi, en assistance des &eacute;quipes d&#39;Externalisation Comptable sur la tenue comptable de soci&eacute;t&eacute;s diversifi&eacute;es:</p>\r\n<ul>\r\n	<li>\r\n		enregistrement de toutes les &eacute;critures comptables,</li>\r\n	<li>\r\n		&eacute;tablissement des&nbsp;&nbsp; d&eacute;clarations fiscales et sociales,\n</li>\r\n	<li>\r\n		rapprochements bancaires.</li>\r\n</ul>\r\n<p>\r\n	Le poste est en CDI &agrave; pouvoir imm&eacute;diatement sur notre implantation de Paris.</p>\r\n<h5>\r\n	<u>Votre profil</u></h5>\r\n<p>\r\n	<br />\r\n	De formation comptable (BTS souhait&eacute;), vous avez acquis une exp&eacute;rience d&#39;au moins 2 ans en cabinet d&#39;expertise comptable &agrave; un poste de comptable paie.<br />\r\n	Vous ma&icirc;trisez le logiciel de paie CCMX.<br />\r\n	\n\nVos qualit&eacute;s sont la cl&eacute; de votre r&eacute;ussite :</p>\r\n<ul>\r\n	<li>\r\n		bonnes connaissances de la paie et de&nbsp;&nbsp; la gestion sociale et de la comptabilit&eacute;,\n</li>\r\n	<li>\r\n		rigueur et esprit&nbsp;&nbsp; critique,\n</li>\r\n	<li>\r\n		respect des d&eacute;lais impartis,\n</li>\r\n	<li>\r\n		bonne maitrise des outils&nbsp;&nbsp; comptables, paie (CCMX) et bureautiques (Word, Excel, ...).</li>\r\n</ul>\r\n<p>\r\n	&nbsp;Si le poste vous int&eacute;resse, transmettez votre candidature (lettre de motivation et CV) &agrave; St&eacute;phanie L&eacute;ger, notre assistante de Direction sur nos bureaux de Poitiers.</p>\r\n<p>\r\n	&nbsp;{{nomcabinet}}<br />\r\n	15, rue de la Demi-Lune - BP 1119<br />\r\n	86061 POITIERS Cedex 9<br />\r\n	Email : <a href=\"mailto:sleger@lesiteducabinet.com\">sleger@lesiteducabinet.com</a></p>\r\n','fr',10,'2011-08-12 21:29:34','2011-12-29 16:16:02'),(2,'Collaborateur comptable, en CDD','<h5>\r\n	<u>Le poste</u></h5>\r\n<p>\r\n	<br />\r\n	Dans le cadre d&rsquo;un remplacement d&rsquo;une personne en cong&eacute; maternit&eacute;, nous recherchons un collaborateur(trice) comptable.<br />\r\n	Sous la supervision d&rsquo;un Chef de Mission, vous aurez &agrave; prendre en charge&nbsp;&nbsp; un portefeuille clients compos&eacute; principalement de BNC afin d&rsquo;y traiter&nbsp;&nbsp; tout l&rsquo;aspect comptable jusqu&rsquo;&agrave; l&rsquo;&eacute;laboration du bilan, liasse&nbsp;&nbsp; fiscale.\n\nLe poste est un CDD de 6 mois &agrave; partir de janvier 2010 avec de&nbsp;&nbsp; r&eacute;elles opportunit&eacute;s de CDI &agrave; l&rsquo;issue dans l&rsquo;une ou l&rsquo;autre de nos&nbsp;&nbsp; implantations.</p>\r\n<h5>\r\n	<u>Votre profil</u></h5>\r\n<p>\r\n	<br />\r\n	De formation BTS, DCG, vous avez acquis au moins 2 ans d&rsquo;exp&eacute;rience&nbsp;&nbsp; professionnelle en cabinet &agrave; un poste similaire. Vous &ecirc;tes automone,&nbsp;&nbsp; avec un vrai sens de l&rsquo;organisation et le go&ucirc;t de la relation clients.<br />\r\n	Si le poste vous int&eacute;resse, transmettez votre candidature (lettre de&nbsp;&nbsp; motivation et CV) &agrave; St&eacute;phanie L&eacute;ger, notre assistante de Direction sur&nbsp;&nbsp; nos bureaux de Poitiers.</p>\r\n<p>\r\n	&nbsp;{{nomcabinet}}<br />\r\n	15, rue de la Demi-Lune - BP 1119<br />\r\n	86061 POITIERS Cedex 9<br />\r\n	Email : <a href=\"mailto:sleger@lesiteducabinet.com\">sleger@lesiteducabinet.com</a></p>\r\n','fr',10,'2011-08-12 21:29:34','2011-12-29 16:16:02');
/*!40000 ALTER TABLE `sid_cabinet_recrutement_translation` ENABLE KEYS */;
UNLOCK TABLES;

--
-- Dumping data for table `sid_cabinet_recrutement_translation_version`
--

LOCK TABLES `sid_cabinet_recrutement_translation_version` WRITE;
/*!40000 ALTER TABLE `sid_cabinet_recrutement_translation_version` DISABLE KEYS */;
INSERT INTO `sid_cabinet_recrutement_translation_version` (`id`, `lang`, `title`, `text`, `version`) VALUES (1,'fr','tus felis at justo. Ut neque. Cras nec purus. Nam imperdiet massa sit amet mauris. Duis ultrices, torto','Donec ullamcorper lacus dapibus arcu. Donec porta pulvinar neque. Nam in augue. In et ante. In consequat. Nam viverra, dolor non sollicitudin tincidunt, sem nisi accumsan massa, ut varius magna ipsum nec sapien. Maecenas luctus pharetra sapien. Proin semper magna vel erat sagittis fermentum. Nullam vulputate semper velit. Pellentesque nulla justo, porta sit amet, tempus hendrerit, vehicula at, arcu. Morbi neque odio, mollis nec, lacinia in, elementum non, nisl. Proin ultrices interdum risus. Duis nec augue. In porttitor. Curabitur ut tellus id orci rutrum venenatis. Nullam venenatis justo et lorem. Vestibulum ante ipsum primis in faucibus orci luctus et ultrices posuere cubilia Curae; Donec justo enim, ullamcorper nec, ultricies quis, pellentesque convallis, elit. Vestibulum dignissim ultricies nisl.\n',1),(1,'fr','Collaborateur Paie Comptabilit, en CDI','<p>\r\n	Le poste:</p>\r\n<p>\r\n	&nbsp;Dans le cadre d&rsquo;un accroissement de notre activit&eacute; Paie et Gestion&nbsp;&nbsp; sociale, nous recherchons un(e) Collaborateur(trice) Paie Comptabilit&eacute;&nbsp;&nbsp; pour assister la Responsable de mission en charge de cette activit&eacute; sur&nbsp;&nbsp; :</p>\r\n<ul>\r\n	<li>\r\n		\nle traitement des paies de nos clients,</li>\r\n	<li>\r\n		\nla r&eacute;alisation des&nbsp;&nbsp; d&eacute;clarations sociales et DADS,</li>\r\n	<li>\r\n		\nla gestion administrative du personnel&nbsp;&nbsp; (cong&eacute;s, RTT, tickets restaurant,...).\n</li>\r\n</ul>\r\n<p>\r\n	Ce(tte) collaborateur(trice)&nbsp;&nbsp; interviendra aussi, en assistance des &eacute;quipes d&#39;Externalisation Comptable sur la tenue comptable de soci&eacute;t&eacute;s diversifi&eacute;es :</p>\r\n<ul>\r\n	<li>\r\n		enregistrement de toutes les &eacute;critures comptables,</li>\r\n	<li>\r\n		&eacute;tablissement des&nbsp;&nbsp; d&eacute;clarations fiscales et sociales,\n</li>\r\n	<li>\r\n		rapprochements bancaires.</li>\r\n</ul>\r\n<p>\r\n	Le poste est en CDI &agrave; pouvoir imm&eacute;diatement sur notre implantation de Paris.</p>\r\n<p>\r\n	Votre profil</p>\r\n<p>\r\n	De formation comptable (BTS souhait&eacute;), vous avez acquis une exp&eacute;rience d&#39;au moins 2 ans en cabinet d&#39;expertise comptable &agrave; un poste de comptable paie.</p>\r\n<p>\r\n	Vous ma&icirc;trisez le logiciel de paie CCMX.</p>\r\n<p>\r\n	\n\nVos qualit&eacute;s sont la cl&eacute; de votre r&eacute;ussite :</p>\r\n<ul>\r\n	<li>\r\n		bonnes connaissances de la paie et de&nbsp;&nbsp; la gestion sociale et de la comptabilit&eacute;,\n</li>\r\n	<li>\r\n		rigueur et esprit&nbsp;&nbsp; critique,\n</li>\r\n	<li>\r\n		respect des d&eacute;lais impartis,\n</li>\r\n	<li>\r\n		bonne maitrise des outils&nbsp;&nbsp; comptables, paie (CCMX) et bureautiques (Word, Excel, ...).</li>\r\n</ul>\r\n<p>\r\n	&nbsp;Si le poste vous int&eacute;resse, transmettez votre candidature (lettre de motivation et CV) &agrave; St&eacute;phanie L&eacute;ger, notre assistante de Direction sur nos bureaux de Poitiers.</p>\r\n<p>\r\n	&nbsp;Lenomducabinet</p>\r\n<p>\r\n	15, rue de la Demi-Lune - BP 1119</p>\r\n<p>\r\n	86061 POITIERS Cedex 9</p>\r\n<p>\r\n	&nbsp;Email : <a href=\"mailto:sleger@lesiteducabinet.com\">sleger@lesiteducabinet.com</a></p>\r\n',2),(1,'fr','Collaborateur Paie Comptabilit, en CDI','<p>\r\n	Le poste:<br />\r\n	Dans le cadre d&rsquo;un accroissement de notre activit&eacute; Paie et Gestion&nbsp;&nbsp; sociale, nous recherchons un(e) Collaborateur(trice) Paie Comptabilit&eacute;&nbsp;&nbsp; pour assister la Responsable de mission en charge de cette activit&eacute; sur&nbsp;&nbsp; :</p>\r\n<ul>\r\n	<li>\r\n		\nle traitement des paies de nos clients,</li>\r\n	<li>\r\n		\nla r&eacute;alisation des&nbsp;&nbsp; d&eacute;clarations sociales et DADS,</li>\r\n	<li>\r\n		\nla gestion administrative du personnel&nbsp;&nbsp; (cong&eacute;s, RTT, tickets restaurant,...).\n</li>\r\n</ul>\r\n<p>\r\n	Ce(tte) collaborateur(trice)&nbsp;&nbsp; interviendra aussi, en assistance des &eacute;quipes d&#39;Externalisation Comptable sur la tenue comptable de soci&eacute;t&eacute;s diversifi&eacute;es :</p>\r\n<ul>\r\n	<li>\r\n		enregistrement de toutes les &eacute;critures comptables,</li>\r\n	<li>\r\n		&eacute;tablissement des&nbsp;&nbsp; d&eacute;clarations fiscales et sociales,\n</li>\r\n	<li>\r\n		rapprochements bancaires.</li>\r\n</ul>\r\n<p>\r\n	Le poste est en CDI &agrave; pouvoir imm&eacute;diatement sur notre implantation de Paris.</p>\r\n<p>\r\n	Votre profil</p>\r\n<p>\r\n	De formation comptable (BTS souhait&eacute;), vous avez acquis une exp&eacute;rience d&#39;au moins 2 ans en cabinet d&#39;expertise comptable &agrave; un poste de comptable paie.<br />\r\n	Vous ma&icirc;trisez le logiciel de paie CCMX.<br />\r\n	\n\nVos qualit&eacute;s sont la cl&eacute; de votre r&eacute;ussite :</p>\r\n<ul>\r\n	<li>\r\n		bonnes connaissances de la paie et de&nbsp;&nbsp; la gestion sociale et de la comptabilit&eacute;,\n</li>\r\n	<li>\r\n		rigueur et esprit&nbsp;&nbsp; critique,\n</li>\r\n	<li>\r\n		respect des d&eacute;lais impartis,\n</li>\r\n	<li>\r\n		bonne maitrise des outils&nbsp;&nbsp; comptables, paie (CCMX) et bureautiques (Word, Excel, ...).</li>\r\n</ul>\r\n<p>\r\n	&nbsp;Si le poste vous int&eacute;resse, transmettez votre candidature (lettre de motivation et CV) &agrave; St&eacute;phanie L&eacute;ger, notre assistante de Direction sur nos bureaux de Poitiers.</p>\r\n<p>\r\n	&nbsp;Lenomducabinet<br />\r\n	15, rue de la Demi-Lune - BP 1119<br />\r\n	86061 POITIERS Cedex 9<br />\r\n	Email : <a href=\"mailto:sleger@lesiteducabinet.com\">sleger@lesiteducabinet.com</a></p>\r\n',3),(1,'fr','Collaborateur Paie Comptabilit, en CDI','<p>\r\n	Le poste:<br />\r\n	Dans le cadre d&rsquo;un accroissement de notre activit&eacute; Paie et Gestion&nbsp;&nbsp; sociale, nous recherchons un(e) Collaborateur(trice) Paie Comptabilit&eacute;&nbsp;&nbsp; pour assister la Responsable de mission en charge de cette activit&eacute; sur&nbsp;&nbsp; :</p>\r\n<ul>\r\n	<li>\r\n		\nle traitement des paies de nos clients,</li>\r\n	<li>\r\n		\nla r&eacute;alisation des&nbsp;&nbsp; d&eacute;clarations sociales et DADS,</li>\r\n	<li>\r\n		\nla gestion administrative du personnel&nbsp;&nbsp; (cong&eacute;s, RTT, tickets restaurant,...).\n</li>\r\n</ul>\r\n<p>\r\n	Ce(tte) collaborateur(trice)&nbsp;&nbsp; interviendra aussi, en assistance des &eacute;quipes d&#39;Externalisation Comptable sur la tenue comptable de soci&eacute;t&eacute;s diversifi&eacute;es :</p>\r\n<ul>\r\n	<li>\r\n		enregistrement de toutes les &eacute;critures comptables,</li>\r\n	<li>\r\n		&eacute;tablissement des&nbsp;&nbsp; d&eacute;clarations fiscales et sociales,\n</li>\r\n	<li>\r\n		rapprochements bancaires.</li>\r\n</ul>\r\n<p>\r\n	Le poste est en CDI &agrave; pouvoir imm&eacute;diatement sur notre implantation de Paris.</p>\r\n<p>\r\n	Votre profil</p>\r\n<p>\r\n	De formation comptable (BTS souhait&eacute;), vous avez acquis une exp&eacute;rience d&#39;au moins 2 ans en cabinet d&#39;expertise comptable &agrave; un poste de comptable paie.<br />\r\n	Vous ma&icirc;trisez le logiciel de paie CCMX.<br />\r\n	\n\nVos qualit&eacute;s sont la cl&eacute; de votre r&eacute;ussite :</p>\r\n<ul>\r\n	<li>\r\n		bonnes connaissances de la paie et de&nbsp;&nbsp; la gestion sociale et de la comptabilit&eacute;,\n</li>\r\n	<li>\r\n		rigueur et esprit&nbsp;&nbsp; critique,\n</li>\r\n	<li>\r\n		respect des d&eacute;lais impartis,\n</li>\r\n	<li>\r\n		bonne maitrise des outils&nbsp;&nbsp; comptables, paie (CCMX) et bureautiques (Word, Excel, ...).</li>\r\n</ul>\r\n<p>\r\n	&nbsp;Si le poste vous int&eacute;resse, transmettez votre candidature (lettre de motivation et CV) &agrave; St&eacute;phanie L&eacute;ger, notre assistante de Direction sur nos bureaux de Poitiers.</p>\r\n<p>\r\n	&nbsp;{{nomcabinet}}<br />\r\n	15, rue de la Demi-Lune - BP 1119<br />\r\n	86061 POITIERS Cedex 9<br />\r\n	Email : <a href=\"mailto:sleger@lesiteducabinet.com\">sleger@lesiteducabinet.com</a></p>\r\n',4),(1,'fr','Collaborateur Paie Comptabilit, en CDI','<h5>\r\n	<u>Le poste:<br />\r\n	</u></h5>\r\n<p>\r\n	Dans le cadre d&rsquo;un accroissement de notre activit&eacute; Paie et Gestion&nbsp;&nbsp; sociale, nous recherchons un(e) Collaborateur(trice) Paie Comptabilit&eacute;&nbsp;&nbsp; pour assister la Responsable de mission en charge de cette activit&eacute; sur&nbsp;&nbsp; :</p>\r\n<ul>\r\n	<li>\r\n		\nle traitement des paies de nos clients,</li>\r\n	<li>\r\n		\nla r&eacute;alisation des&nbsp;&nbsp; d&eacute;clarations sociales et DADS,</li>\r\n	<li>\r\n		\nla gestion administrative du personnel&nbsp;&nbsp; (cong&eacute;s, RTT, tickets restaurant,...).\n</li>\r\n</ul>\r\n<p>\r\n	Ce(tte) collaborateur(trice)&nbsp;&nbsp; interviendra aussi, en assistance des &eacute;quipes d&#39;Externalisation Comptable sur la tenue comptable de soci&eacute;t&eacute;s diversifi&eacute;es :</p>\r\n<ul>\r\n	<li>\r\n		enregistrement de toutes les &eacute;critures comptables,</li>\r\n	<li>\r\n		&eacute;tablissement des&nbsp;&nbsp; d&eacute;clarations fiscales et sociales,\n</li>\r\n	<li>\r\n		rapprochements bancaires.</li>\r\n</ul>\r\n<p>\r\n	Le poste est en CDI &agrave; pouvoir imm&eacute;diatement sur notre implantation de Paris.</p>\r\n<h5>\r\n	<u>Votre profil</u></h5>\r\n<p>\r\n	De formation comptable (BTS souhait&eacute;), vous avez acquis une exp&eacute;rience d&#39;au moins 2 ans en cabinet d&#39;expertise comptable &agrave; un poste de comptable paie.<br />\r\n	Vous ma&icirc;trisez le logiciel de paie CCMX.<br />\r\n	\n\nVos qualit&eacute;s sont la cl&eacute; de votre r&eacute;ussite :</p>\r\n<ul>\r\n	<li>\r\n		bonnes connaissances de la paie et de&nbsp;&nbsp; la gestion sociale et de la comptabilit&eacute;,\n</li>\r\n	<li>\r\n		rigueur et esprit&nbsp;&nbsp; critique,\n</li>\r\n	<li>\r\n		respect des d&eacute;lais impartis,\n</li>\r\n	<li>\r\n		bonne maitrise des outils&nbsp;&nbsp; comptables, paie (CCMX) et bureautiques (Word, Excel, ...).</li>\r\n</ul>\r\n<p>\r\n	&nbsp;Si le poste vous int&eacute;resse, transmettez votre candidature (lettre de motivation et CV) &agrave; St&eacute;phanie L&eacute;ger, notre assistante de Direction sur nos bureaux de Poitiers.</p>\r\n<p>\r\n	&nbsp;{{nomcabinet}}<br />\r\n	15, rue de la Demi-Lune - BP 1119<br />\r\n	86061 POITIERS Cedex 9<br />\r\n	Email : <a href=\"mailto:sleger@lesiteducabinet.com\">sleger@lesiteducabinet.com</a></p>\r\n',5),(1,'fr','Collaborateur Paie Comptabilit, en CDI','<h5>\r\n	<u>Le poste:<br />\r\n	</u></h5>\r\n<p>\r\n	<br />Dans le cadre d&rsquo;un accroissement de notre activit&eacute; Paie et Gestion&nbsp;&nbsp; sociale, nous recherchons un(e) Collaborateur(trice) Paie Comptabilit&eacute;&nbsp;&nbsp; pour assister la Responsable de mission en charge de cette activit&eacute; sur&nbsp;&nbsp; :</p>\r\n<ul>\r\n	<li>\r\n		\nle traitement des paies de nos clients,</li>\r\n	<li>\r\n		\nla r&eacute;alisation des&nbsp;&nbsp; d&eacute;clarations sociales et DADS,</li>\r\n	<li>\r\n		\nla gestion administrative du personnel&nbsp;&nbsp; (cong&eacute;s, RTT, tickets restaurant,...).\n</li>\r\n</ul>\r\n<p>\r\n	Ce(tte) collaborateur(trice)&nbsp;&nbsp; interviendra aussi, en assistance des &eacute;quipes d&#39;Externalisation Comptable sur la tenue comptable de soci&eacute;t&eacute;s diversifi&eacute;es :</p>\r\n<ul>\r\n	<li>\r\n		enregistrement de toutes les &eacute;critures comptables,</li>\r\n	<li>\r\n		&eacute;tablissement des&nbsp;&nbsp; d&eacute;clarations fiscales et sociales,\n</li>\r\n	<li>\r\n		rapprochements bancaires.</li>\r\n</ul>\r\n<p>\r\n	Le poste est en CDI &agrave; pouvoir imm&eacute;diatement sur notre implantation de Paris.</p>\r\n<h5>\r\n	<u>Votre profil</u></h5>\r\n<p>\r\n	<br />De formation comptable (BTS souhait&eacute;), vous avez acquis une exp&eacute;rience d&#39;au moins 2 ans en cabinet d&#39;expertise comptable &agrave; un poste de comptable paie.<br />\r\n	Vous ma&icirc;trisez le logiciel de paie CCMX.<br />\r\n	\n\nVos qualit&eacute;s sont la cl&eacute; de votre r&eacute;ussite :</p>\r\n<ul>\r\n	<li>\r\n		bonnes connaissances de la paie et de&nbsp;&nbsp; la gestion sociale et de la comptabilit&eacute;,\n</li>\r\n	<li>\r\n		rigueur et esprit&nbsp;&nbsp; critique,\n</li>\r\n	<li>\r\n		respect des d&eacute;lais impartis,\n</li>\r\n	<li>\r\n		bonne maitrise des outils&nbsp;&nbsp; comptables, paie (CCMX) et bureautiques (Word, Excel, ...).</li>\r\n</ul>\r\n<p>\r\n	&nbsp;Si le poste vous int&eacute;resse, transmettez votre candidature (lettre de motivation et CV) &agrave; St&eacute;phanie L&eacute;ger, notre assistante de Direction sur nos bureaux de Poitiers.</p>\r\n<p>\r\n	&nbsp;{{nomcabinet}}<br />\r\n	15, rue de la Demi-Lune - BP 1119<br />\r\n	86061 POITIERS Cedex 9<br />\r\n	Email : <a href=\"mailto:sleger@lesiteducabinet.com\">sleger@lesiteducabinet.com</a></p>\r\n',6),(1,'fr','Collaborateur Paie Comptabilit, en CDI','<h5>\r\n	<u>Le poste:<br />\r\n	</u></h5>\r\n<p>\r\n	<br />\r\n	Dans le cadre d&rsquo;un accroissement de notre activit&eacute; Paie et Gestion&nbsp;&nbsp; sociale, nous recherchons un(e) Collaborateur(trice) Paie Comptabilit&eacute;&nbsp;&nbsp; pour assister la Responsable de mission en charge de cette activit&eacute; sur&nbsp;&nbsp; :</p>\r\n<ul>\r\n	<li>\r\n		\nle traitement des paies de nos clients,</li>\r\n	<li>\r\n		\nla r&eacute;alisation des&nbsp;&nbsp; d&eacute;clarations sociales et DADS,</li>\r\n	<li>\r\n		\nla gestion administrative du personnel&nbsp;&nbsp; (cong&eacute;s, RTT, tickets restaurant,...).\n</li>\r\n</ul>\r\n<p>\r\n	Ce(tte) collaborateur(trice) interviendra aussi, en assistance des &eacute;quipes d&#39;Externalisation Comptable sur la tenue comptable de soci&eacute;t&eacute;s diversifi&eacute;es :</p>\r\n<ul>\r\n	<li>\r\n		enregistrement de toutes les &eacute;critures comptables,</li>\r\n	<li>\r\n		&eacute;tablissement des&nbsp;&nbsp; d&eacute;clarations fiscales et sociales,\n</li>\r\n	<li>\r\n		rapprochements bancaires.</li>\r\n</ul>\r\n<p>\r\n	Le poste est en CDI &agrave; pouvoir imm&eacute;diatement sur notre implantation de Paris.</p>\r\n<h5>\r\n	<u>Votre profil</u></h5>\r\n<p>\r\n	<br />\r\n	De formation comptable (BTS souhait&eacute;), vous avez acquis une exp&eacute;rience d&#39;au moins 2 ans en cabinet d&#39;expertise comptable &agrave; un poste de comptable paie.<br />\r\n	Vous ma&icirc;trisez le logiciel de paie CCMX.<br />\r\n	\n\nVos qualit&eacute;s sont la cl&eacute; de votre r&eacute;ussite :</p>\r\n<ul>\r\n	<li>\r\n		bonnes connaissances de la paie et de&nbsp;&nbsp; la gestion sociale et de la comptabilit&eacute;,\n</li>\r\n	<li>\r\n		rigueur et esprit&nbsp;&nbsp; critique,\n</li>\r\n	<li>\r\n		respect des d&eacute;lais impartis,\n</li>\r\n	<li>\r\n		bonne maitrise des outils&nbsp;&nbsp; comptables, paie (CCMX) et bureautiques (Word, Excel, ...).</li>\r\n</ul>\r\n<p>\r\n	&nbsp;Si le poste vous int&eacute;resse, transmettez votre candidature (lettre de motivation et CV) &agrave; St&eacute;phanie L&eacute;ger, notre assistante de Direction sur nos bureaux de Poitiers.</p>\r\n<p>\r\n	&nbsp;{{nomcabinet}}<br />\r\n	15, rue de la Demi-Lune - BP 1119<br />\r\n	86061 POITIERS Cedex 9<br />\r\n	Email : <a href=\"mailto:sleger@lesiteducabinet.com\">sleger@lesiteducabinet.com</a></p>\r\n',7),(1,'fr','Collaborateur Paie Comptabilit, en CDI','<h5>\r\n	<u>Le poste:<br />\r\n	</u></h5>\r\n<p>\r\n	<br />\r\n	Dans le cadre d&rsquo;un accroissement de notre activit&eacute; Paie et Gestion sociale, nous recherchons un(e) Collaborateur(trice) Paie Comptabilit&eacute; pour assister la Responsable de mission en charge de cette activit&eacute; sur :</p>\r\n<ul>\r\n	<li>\r\n		\nle traitement des paies de nos clients,</li>\r\n	<li>\r\n		\nla r&eacute;alisation des d&eacute;clarations sociales et DADS,</li>\r\n	<li>\r\n		\nla gestion administrative du personnel (cong&eacute;s, RTT, tickets restaurant,...).\n</li>\r\n</ul>\r\n<p>\r\n	Ce(tte) collaborateur(trice) interviendra aussi, en assistance des &eacute;quipes d&#39;Externalisation Comptable sur la tenue comptable de soci&eacute;t&eacute;s diversifi&eacute;es :</p>\r\n<ul>\r\n	<li>\r\n		enregistrement de toutes les &eacute;critures comptables,</li>\r\n	<li>\r\n		&eacute;tablissement des&nbsp;&nbsp; d&eacute;clarations fiscales et sociales,\n</li>\r\n	<li>\r\n		rapprochements bancaires.</li>\r\n</ul>\r\n<p>\r\n	Le poste est en CDI &agrave; pouvoir imm&eacute;diatement sur notre implantation de Paris.</p>\r\n<h5>\r\n	<u>Votre profil</u></h5>\r\n<p>\r\n	<br />\r\n	De formation comptable (BTS souhait&eacute;), vous avez acquis une exp&eacute;rience d&#39;au moins 2 ans en cabinet d&#39;expertise comptable &agrave; un poste de comptable paie.<br />\r\n	Vous ma&icirc;trisez le logiciel de paie CCMX.<br />\r\n	\n\nVos qualit&eacute;s sont la cl&eacute; de votre r&eacute;ussite :</p>\r\n<ul>\r\n	<li>\r\n		bonnes connaissances de la paie et de&nbsp;&nbsp; la gestion sociale et de la comptabilit&eacute;,\n</li>\r\n	<li>\r\n		rigueur et esprit&nbsp;&nbsp; critique,\n</li>\r\n	<li>\r\n		respect des d&eacute;lais impartis,\n</li>\r\n	<li>\r\n		bonne maitrise des outils&nbsp;&nbsp; comptables, paie (CCMX) et bureautiques (Word, Excel, ...).</li>\r\n</ul>\r\n<p>\r\n	&nbsp;Si le poste vous int&eacute;resse, transmettez votre candidature (lettre de motivation et CV) &agrave; St&eacute;phanie L&eacute;ger, notre assistante de Direction sur nos bureaux de Poitiers.</p>\r\n<p>\r\n	&nbsp;{{nomcabinet}}<br />\r\n	15, rue de la Demi-Lune - BP 1119<br />\r\n	86061 POITIERS Cedex 9<br />\r\n	Email : <a href=\"mailto:sleger@lesiteducabinet.com\">sleger@lesiteducabinet.com</a></p>\r\n',8),(1,'fr','Collaborateur Paie Comptabilit, en CDI','<h5>\r\n	<u>Le poste:<br />\r\n	</u></h5>\r\n<p>\r\n	<br />\r\n	Dans le cadre d&rsquo;un accroissement de notre activit&eacute; Paie et Gestion sociale, nous recherchons un(e) Collaborateur(trice) Paie Comptabilit&eacute; pour assister la Responsable de mission en charge de cette activit&eacute; sur :</p>\r\n<ul>\r\n	<li>\r\n		\nle traitement des paies de nos clients,</li>\r\n	<li>\r\n		\nla r&eacute;alisation des d&eacute;clarations sociales et DADS,</li>\r\n	<li>\r\n		\nla gestion administrative du personnel (cong&eacute;s, RTT, tickets restaurant,...).\n</li>\r\n</ul>\r\n<p>\r\n	Ce(tte) collaborateur(trice) interviendra en assistance des &eacute;quipes d&#39;Externalisation Comptable sur la tenue comptable de soci&eacute;t&eacute;s diversifi&eacute;es :</p>\r\n<ul>\r\n	<li>\r\n		enregistrement de toutes les &eacute;critures comptables,</li>\r\n	<li>\r\n		&eacute;tablissement des&nbsp;&nbsp; d&eacute;clarations fiscales et sociales,\n</li>\r\n	<li>\r\n		rapprochements bancaires.</li>\r\n</ul>\r\n<p>\r\n	Le poste est en CDI &agrave; pouvoir imm&eacute;diatement sur notre implantation de Paris.</p>\r\n<h5>\r\n	<u>Votre profil</u></h5>\r\n<p>\r\n	<br />\r\n	De formation comptable (BTS souhait&eacute;), vous avez acquis une exp&eacute;rience d&#39;au moins 2 ans en cabinet d&#39;expertise comptable &agrave; un poste de comptable paie.<br />\r\n	Vous ma&icirc;trisez le logiciel de paie CCMX.<br />\r\n	\n\nVos qualit&eacute;s sont la cl&eacute; de votre r&eacute;ussite :</p>\r\n<ul>\r\n	<li>\r\n		bonnes connaissances de la paie et de&nbsp;&nbsp; la gestion sociale et de la comptabilit&eacute;,\n</li>\r\n	<li>\r\n		rigueur et esprit&nbsp;&nbsp; critique,\n</li>\r\n	<li>\r\n		respect des d&eacute;lais impartis,\n</li>\r\n	<li>\r\n		bonne maitrise des outils&nbsp;&nbsp; comptables, paie (CCMX) et bureautiques (Word, Excel, ...).</li>\r\n</ul>\r\n<p>\r\n	&nbsp;Si le poste vous int&eacute;resse, transmettez votre candidature (lettre de motivation et CV) &agrave; St&eacute;phanie L&eacute;ger, notre assistante de Direction sur nos bureaux de Poitiers.</p>\r\n<p>\r\n	&nbsp;{{nomcabinet}}<br />\r\n	15, rue de la Demi-Lune - BP 1119<br />\r\n	86061 POITIERS Cedex 9<br />\r\n	Email : <a href=\"mailto:sleger@lesiteducabinet.com\">sleger@lesiteducabinet.com</a></p>\r\n',9),(1,'fr','Collaborateur Paie Comptabilit, en CDI','<h5>\r\n	<u>Le poste:<br />\r\n	</u></h5>\r\n<p>\r\n	<br />\r\n	Dans le cadre d&rsquo;un accroissement de notre activit&eacute; Paie et Gestion sociale, nous recherchons un(e) Collaborateur(trice) Paie Comptabilit&eacute; pour assister la Responsable de mission en charge de cette activit&eacute; sur :</p>\r\n<ul>\r\n	<li>\r\n		\nle traitement des paies de nos clients,</li>\r\n	<li>\r\n		\nla r&eacute;alisation des d&eacute;clarations sociales et DADS,</li>\r\n	<li>\r\n		\nla gestion administrative du personnel (cong&eacute;s, RTT, tickets restaurant,...).\n</li>\r\n</ul>\r\n<p>\r\n	Ce(tte) collaborateur(trice) interviendra aussi, en assistance des &eacute;quipes d&#39;Externalisation Comptable sur la tenue comptable de soci&eacute;t&eacute;s diversifi&eacute;es:</p>\r\n<ul>\r\n	<li>\r\n		enregistrement de toutes les &eacute;critures comptables,</li>\r\n	<li>\r\n		&eacute;tablissement des&nbsp;&nbsp; d&eacute;clarations fiscales et sociales,\n</li>\r\n	<li>\r\n		rapprochements bancaires.</li>\r\n</ul>\r\n<p>\r\n	Le poste est en CDI &agrave; pouvoir imm&eacute;diatement sur notre implantation de Paris.</p>\r\n<h5>\r\n	<u>Votre profil</u></h5>\r\n<p>\r\n	<br />\r\n	De formation comptable (BTS souhait&eacute;), vous avez acquis une exp&eacute;rience d&#39;au moins 2 ans en cabinet d&#39;expertise comptable &agrave; un poste de comptable paie.<br />\r\n	Vous ma&icirc;trisez le logiciel de paie CCMX.<br />\r\n	\n\nVos qualit&eacute;s sont la cl&eacute; de votre r&eacute;ussite :</p>\r\n<ul>\r\n	<li>\r\n		bonnes connaissances de la paie et de&nbsp;&nbsp; la gestion sociale et de la comptabilit&eacute;,\n</li>\r\n	<li>\r\n		rigueur et esprit&nbsp;&nbsp; critique,\n</li>\r\n	<li>\r\n		respect des d&eacute;lais impartis,\n</li>\r\n	<li>\r\n		bonne maitrise des outils&nbsp;&nbsp; comptables, paie (CCMX) et bureautiques (Word, Excel, ...).</li>\r\n</ul>\r\n<p>\r\n	&nbsp;Si le poste vous int&eacute;resse, transmettez votre candidature (lettre de motivation et CV) &agrave; St&eacute;phanie L&eacute;ger, notre assistante de Direction sur nos bureaux de Poitiers.</p>\r\n<p>\r\n	&nbsp;{{nomcabinet}}<br />\r\n	15, rue de la Demi-Lune - BP 1119<br />\r\n	86061 POITIERS Cedex 9<br />\r\n	Email : <a href=\"mailto:sleger@lesiteducabinet.com\">sleger@lesiteducabinet.com</a></p>\r\n',10),(2,'fr','Collaborateur comptable, en CDD','<p>\r\n	Le poste</p>\r\n<p>\r\n	Dans le cadre d&rsquo;un remplacement d&rsquo;une personne en cong&eacute; maternit&eacute;, nous recherchons un collaborateur(trice) comptable.</p>\r\n<p>\r\n	Sous la supervision d&rsquo;un Chef de Mission, vous aurez &agrave; prendre en charge&nbsp;&nbsp; un portefeuille clients compos&eacute; principalement de BNC afin d&rsquo;y traiter&nbsp;&nbsp; tout l&rsquo;aspect comptable jusqu&rsquo;&agrave; l&rsquo;&eacute;laboration du bilan, liasse&nbsp;&nbsp; fiscale.\n\nLe poste est un CDD de 6 mois &agrave; partir de janvier 2010 avec de&nbsp;&nbsp; r&eacute;elles opportunit&eacute;s de CDI &agrave; l&rsquo;issue dans l&rsquo;une ou l&rsquo;autre de nos&nbsp;&nbsp; implantations.</p>\r\n<p>\r\n	Votre profil</p>\r\n<p>\r\n	&nbsp;De formation BTS, DCG, vous avez acquis au moins 2 ans d&rsquo;exp&eacute;rience&nbsp;&nbsp; professionnelle en cabinet &agrave; un poste similaire. Vous &ecirc;tes automone,&nbsp;&nbsp; avec un vrai sens de l&rsquo;organisation et le go&ucirc;t de la relation clients.</p>\r\n<p>\r\n	&nbsp;Si le poste vous int&eacute;resse, transmettez votre candidature (lettre de&nbsp;&nbsp; motivation et CV) &agrave; St&eacute;phanie L&eacute;ger, notre assistante de Direction sur&nbsp;&nbsp; nos bureaux de Poitiers.</p>\r\n<p>\r\n	&nbsp;Lenomducabinet</p>\r\n<p>\r\n	15, rue de la Demi-Lune - BP 1119</p>\r\n<p>\r\n	86061 POITIERS Cedex 9</p>\r\n<p>\r\n	&nbsp;Email : <a href=\"mailto:sleger@lesiteducabinet.com\">sleger@lesiteducabinet.com</a></p>\r\n',1),(2,'fr','Collaborateur comptable, en CDD','<p>\r\n	Le poste<br />\r\n	Dans le cadre d&rsquo;un remplacement d&rsquo;une personne en cong&eacute; maternit&eacute;, nous recherchons un collaborateur(trice) comptable.<br />\r\n	Sous la supervision d&rsquo;un Chef de Mission, vous aurez &agrave; prendre en charge&nbsp;&nbsp; un portefeuille clients compos&eacute; principalement de BNC afin d&rsquo;y traiter&nbsp;&nbsp; tout l&rsquo;aspect comptable jusqu&rsquo;&agrave; l&rsquo;&eacute;laboration du bilan, liasse&nbsp;&nbsp; fiscale.\n\nLe poste est un CDD de 6 mois &agrave; partir de janvier 2010 avec de&nbsp;&nbsp; r&eacute;elles opportunit&eacute;s de CDI &agrave; l&rsquo;issue dans l&rsquo;une ou l&rsquo;autre de nos&nbsp;&nbsp; implantations.</p>\r\n<p>\r\n	Votre profil</p>\r\n<p>\r\n	&nbsp;De formation BTS, DCG, vous avez acquis au moins 2 ans d&rsquo;exp&eacute;rience&nbsp;&nbsp; professionnelle en cabinet &agrave; un poste similaire. Vous &ecirc;tes automone,&nbsp;&nbsp; avec un vrai sens de l&rsquo;organisation et le go&ucirc;t de la relation clients.<br />\r\n	Si le poste vous int&eacute;resse, transmettez votre candidature (lettre de&nbsp;&nbsp; motivation et CV) &agrave; St&eacute;phanie L&eacute;ger, notre assistante de Direction sur&nbsp;&nbsp; nos bureaux de Poitiers.</p>\r\n<p>\r\n	&nbsp;Lenomducabinet<br />\r\n	15, rue de la Demi-Lune - BP 1119<br />\r\n	86061 POITIERS Cedex 9<br />\r\n	Email : <a href=\"mailto:sleger@lesiteducabinet.com\">sleger@lesiteducabinet.com</a></p>\r\n',2),(2,'fr','Collaborateur comptable, en CDD','<p>\r\n	Le poste<br />\r\n	Dans le cadre d&rsquo;un remplacement d&rsquo;une personne en cong&eacute; maternit&eacute;, nous recherchons un collaborateur(trice) comptable.<br />\r\n	Sous la supervision d&rsquo;un Chef de Mission, vous aurez &agrave; prendre en charge&nbsp;&nbsp; un portefeuille clients compos&eacute; principalement de BNC afin d&rsquo;y traiter&nbsp;&nbsp; tout l&rsquo;aspect comptable jusqu&rsquo;&agrave; l&rsquo;&eacute;laboration du bilan, liasse&nbsp;&nbsp; fiscale.\n\nLe poste est un CDD de 6 mois &agrave; partir de janvier 2010 avec de&nbsp;&nbsp; r&eacute;elles opportunit&eacute;s de CDI &agrave; l&rsquo;issue dans l&rsquo;une ou l&rsquo;autre de nos&nbsp;&nbsp; implantations.</p>\r\n<p>\r\n	Votre profil</p>\r\n<p>\r\n	&nbsp;De formation BTS, DCG, vous avez acquis au moins 2 ans d&rsquo;exp&eacute;rience&nbsp;&nbsp; professionnelle en cabinet &agrave; un poste similaire. Vous &ecirc;tes automone,&nbsp;&nbsp; avec un vrai sens de l&rsquo;organisation et le go&ucirc;t de la relation clients.<br />\r\n	Si le poste vous int&eacute;resse, transmettez votre candidature (lettre de&nbsp;&nbsp; motivation et CV) &agrave; St&eacute;phanie L&eacute;ger, notre assistante de Direction sur&nbsp;&nbsp; nos bureaux de Poitiers.</p>\r\n<p>\r\n	&nbsp;{{nomcabinet}}<br />\r\n	15, rue de la Demi-Lune - BP 1119<br />\r\n	86061 POITIERS Cedex 9<br />\r\n	Email : <a href=\"mailto:sleger@lesiteducabinet.com\">sleger@lesiteducabinet.com</a></p>\r\n',3),(2,'fr','Collaborateur comptable, en CDD','<h3>\r\n	Le poste</h3>\r\n<p>\r\n	Dans le cadre d&rsquo;un remplacement d&rsquo;une personne en cong&eacute; maternit&eacute;, nous recherchons un collaborateur(trice) comptable.<br />\r\n	Sous la supervision d&rsquo;un Chef de Mission, vous aurez &agrave; prendre en charge&nbsp;&nbsp; un portefeuille clients compos&eacute; principalement de BNC afin d&rsquo;y traiter&nbsp;&nbsp; tout l&rsquo;aspect comptable jusqu&rsquo;&agrave; l&rsquo;&eacute;laboration du bilan, liasse&nbsp;&nbsp; fiscale.\n\nLe poste est un CDD de 6 mois &agrave; partir de janvier 2010 avec de&nbsp;&nbsp; r&eacute;elles opportunit&eacute;s de CDI &agrave; l&rsquo;issue dans l&rsquo;une ou l&rsquo;autre de nos&nbsp;&nbsp; implantations.</p>\r\n<h3>\r\n	Votre profil</h3>\r\n<p>\r\n	&nbsp;De formation BTS, DCG, vous avez acquis au moins 2 ans d&rsquo;exp&eacute;rience&nbsp;&nbsp; professionnelle en cabinet &agrave; un poste similaire. Vous &ecirc;tes automone,&nbsp;&nbsp; avec un vrai sens de l&rsquo;organisation et le go&ucirc;t de la relation clients.<br />\r\n	Si le poste vous int&eacute;resse, transmettez votre candidature (lettre de&nbsp;&nbsp; motivation et CV) &agrave; St&eacute;phanie L&eacute;ger, notre assistante de Direction sur&nbsp;&nbsp; nos bureaux de Poitiers.</p>\r\n<p>\r\n	&nbsp;{{nomcabinet}}<br />\r\n	15, rue de la Demi-Lune - BP 1119<br />\r\n	86061 POITIERS Cedex 9<br />\r\n	Email : <a href=\"mailto:sleger@lesiteducabinet.com\">sleger@lesiteducabinet.com</a></p>\r\n',4),(2,'fr','Collaborateur comptable, en CDD','<h4>\r\n	<u>Le poste</u></h4>\r\n<p>\r\n	Dans le cadre d&rsquo;un remplacement d&rsquo;une personne en cong&eacute; maternit&eacute;, nous recherchons un collaborateur(trice) comptable.<br />\r\n	Sous la supervision d&rsquo;un Chef de Mission, vous aurez &agrave; prendre en charge&nbsp;&nbsp; un portefeuille clients compos&eacute; principalement de BNC afin d&rsquo;y traiter&nbsp;&nbsp; tout l&rsquo;aspect comptable jusqu&rsquo;&agrave; l&rsquo;&eacute;laboration du bilan, liasse&nbsp;&nbsp; fiscale.\n\nLe poste est un CDD de 6 mois &agrave; partir de janvier 2010 avec de&nbsp;&nbsp; r&eacute;elles opportunit&eacute;s de CDI &agrave; l&rsquo;issue dans l&rsquo;une ou l&rsquo;autre de nos&nbsp;&nbsp; implantations.</p>\r\n<h4>\r\n	<u>Votre profil</u></h4>\r\n<p>\r\n	&nbsp;De formation BTS, DCG, vous avez acquis au moins 2 ans d&rsquo;exp&eacute;rience&nbsp;&nbsp; professionnelle en cabinet &agrave; un poste similaire. Vous &ecirc;tes automone,&nbsp;&nbsp; avec un vrai sens de l&rsquo;organisation et le go&ucirc;t de la relation clients.<br />\r\n	Si le poste vous int&eacute;resse, transmettez votre candidature (lettre de&nbsp;&nbsp; motivation et CV) &agrave; St&eacute;phanie L&eacute;ger, notre assistante de Direction sur&nbsp;&nbsp; nos bureaux de Poitiers.</p>\r\n<p>\r\n	&nbsp;{{nomcabinet}}<br />\r\n	15, rue de la Demi-Lune - BP 1119<br />\r\n	86061 POITIERS Cedex 9<br />\r\n	Email : <a href=\"mailto:sleger@lesiteducabinet.com\">sleger@lesiteducabinet.com</a></p>\r\n',5),(2,'fr','Collaborateur comptable, en CDD','<h5>\r\n	<u>Le poste</u></h5>\r\n<p>\r\n	Dans le cadre d&rsquo;un remplacement d&rsquo;une personne en cong&eacute; maternit&eacute;, nous recherchons un collaborateur(trice) comptable.<br />\r\n	Sous la supervision d&rsquo;un Chef de Mission, vous aurez &agrave; prendre en charge&nbsp;&nbsp; un portefeuille clients compos&eacute; principalement de BNC afin d&rsquo;y traiter&nbsp;&nbsp; tout l&rsquo;aspect comptable jusqu&rsquo;&agrave; l&rsquo;&eacute;laboration du bilan, liasse&nbsp;&nbsp; fiscale.\n\nLe poste est un CDD de 6 mois &agrave; partir de janvier 2010 avec de&nbsp;&nbsp; r&eacute;elles opportunit&eacute;s de CDI &agrave; l&rsquo;issue dans l&rsquo;une ou l&rsquo;autre de nos&nbsp;&nbsp; implantations.</p>\r\n<h5>\r\n	<u>Votre profil</u></h5>\r\n<p>\r\n	&nbsp;De formation BTS, DCG, vous avez acquis au moins 2 ans d&rsquo;exp&eacute;rience&nbsp;&nbsp; professionnelle en cabinet &agrave; un poste similaire. Vous &ecirc;tes automone,&nbsp;&nbsp; avec un vrai sens de l&rsquo;organisation et le go&ucirc;t de la relation clients.<br />\r\n	Si le poste vous int&eacute;resse, transmettez votre candidature (lettre de&nbsp;&nbsp; motivation et CV) &agrave; St&eacute;phanie L&eacute;ger, notre assistante de Direction sur&nbsp;&nbsp; nos bureaux de Poitiers.</p>\r\n<p>\r\n	&nbsp;{{nomcabinet}}<br />\r\n	15, rue de la Demi-Lune - BP 1119<br />\r\n	86061 POITIERS Cedex 9<br />\r\n	Email : <a href=\"mailto:sleger@lesiteducabinet.com\">sleger@lesiteducabinet.com</a></p>\r\n',6),(2,'fr','Collaborateur comptable, en CDD','<h5>\r\n	<u>Le poste</u></h5>\r\n<p>\r\n	&nbsp;</p>\r\n<p>\r\n	Dans le cadre d&rsquo;un remplacement d&rsquo;une personne en cong&eacute; maternit&eacute;, nous recherchons un collaborateur(trice) comptable.<br />\r\n	Sous la supervision d&rsquo;un Chef de Mission, vous aurez &agrave; prendre en charge&nbsp;&nbsp; un portefeuille clients compos&eacute; principalement de BNC afin d&rsquo;y traiter&nbsp;&nbsp; tout l&rsquo;aspect comptable jusqu&rsquo;&agrave; l&rsquo;&eacute;laboration du bilan, liasse&nbsp;&nbsp; fiscale.\n\nLe poste est un CDD de 6 mois &agrave; partir de janvier 2010 avec de&nbsp;&nbsp; r&eacute;elles opportunit&eacute;s de CDI &agrave; l&rsquo;issue dans l&rsquo;une ou l&rsquo;autre de nos&nbsp;&nbsp; implantations.</p>\r\n<h5>\r\n	<u>Votre profil</u></h5>\r\n<p>\r\n	&nbsp;</p>\r\n<p>\r\n	&nbsp;De formation BTS, DCG, vous avez acquis au moins 2 ans d&rsquo;exp&eacute;rience&nbsp;&nbsp; professionnelle en cabinet &agrave; un poste similaire. Vous &ecirc;tes automone,&nbsp;&nbsp; avec un vrai sens de l&rsquo;organisation et le go&ucirc;t de la relation clients.<br />\r\n	Si le poste vous int&eacute;resse, transmettez votre candidature (lettre de&nbsp;&nbsp; motivation et CV) &agrave; St&eacute;phanie L&eacute;ger, notre assistante de Direction sur&nbsp;&nbsp; nos bureaux de Poitiers.</p>\r\n<p>\r\n	&nbsp;{{nomcabinet}}<br />\r\n	15, rue de la Demi-Lune - BP 1119<br />\r\n	86061 POITIERS Cedex 9<br />\r\n	Email : <a href=\"mailto:sleger@lesiteducabinet.com\">sleger@lesiteducabinet.com</a></p>\r\n',7),(2,'fr','Collaborateur comptable, en CDD','<h5>\r\n	<u>Le poste</u></h5>\r\n<p>\r\n	Dans le cadre d&rsquo;un remplacement d&rsquo;une personne en cong&eacute; maternit&eacute;, nous recherchons un collaborateur(trice) comptable.<br />\r\n	Sous la supervision d&rsquo;un Chef de Mission, vous aurez &agrave; prendre en charge&nbsp;&nbsp; un portefeuille clients compos&eacute; principalement de BNC afin d&rsquo;y traiter&nbsp;&nbsp; tout l&rsquo;aspect comptable jusqu&rsquo;&agrave; l&rsquo;&eacute;laboration du bilan, liasse&nbsp;&nbsp; fiscale.\n\nLe poste est un CDD de 6 mois &agrave; partir de janvier 2010 avec de&nbsp;&nbsp; r&eacute;elles opportunit&eacute;s de CDI &agrave; l&rsquo;issue dans l&rsquo;une ou l&rsquo;autre de nos&nbsp;&nbsp; implantations.</p>\r\n<h5>\r\n	Votre profil</h5>\r\n<p>\r\n	&nbsp;De formation BTS, DCG, vous avez acquis au moins 2 ans d&rsquo;exp&eacute;rience&nbsp;&nbsp; professionnelle en cabinet &agrave; un poste similaire. Vous &ecirc;tes automone,&nbsp;&nbsp; avec un vrai sens de l&rsquo;organisation et le go&ucirc;t de la relation clients.<br />\r\n	Si le poste vous int&eacute;resse, transmettez votre candidature (lettre de&nbsp;&nbsp; motivation et CV) &agrave; St&eacute;phanie L&eacute;ger, notre assistante de Direction sur&nbsp;&nbsp; nos bureaux de Poitiers.</p>\r\n<p>\r\n	&nbsp;{{nomcabinet}}<br />\r\n	15, rue de la Demi-Lune - BP 1119<br />\r\n	86061 POITIERS Cedex 9<br />\r\n	Email : <a href=\"mailto:sleger@lesiteducabinet.com\">sleger@lesiteducabinet.com</a></p>\r\n',8),(2,'fr','Collaborateur comptable, en CDD','<h5>\r\n	<u>Le poste</u></h5>\r\n<p>\r\n	<br />Dans le cadre d&rsquo;un remplacement d&rsquo;une personne en cong&eacute; maternit&eacute;, nous recherchons un collaborateur(trice) comptable.<br />\r\n	Sous la supervision d&rsquo;un Chef de Mission, vous aurez &agrave; prendre en charge&nbsp;&nbsp; un portefeuille clients compos&eacute; principalement de BNC afin d&rsquo;y traiter&nbsp;&nbsp; tout l&rsquo;aspect comptable jusqu&rsquo;&agrave; l&rsquo;&eacute;laboration du bilan, liasse&nbsp;&nbsp; fiscale.\n\nLe poste est un CDD de 6 mois &agrave; partir de janvier 2010 avec de&nbsp;&nbsp; r&eacute;elles opportunit&eacute;s de CDI &agrave; l&rsquo;issue dans l&rsquo;une ou l&rsquo;autre de nos&nbsp;&nbsp; implantations.</p>\r\n<h5>\r\n	<u>Votre profil</u></h5>\r\n<p>\r\n	<br />De formation BTS, DCG, vous avez acquis au moins 2 ans d&rsquo;exp&eacute;rience&nbsp;&nbsp; professionnelle en cabinet &agrave; un poste similaire. Vous &ecirc;tes automone,&nbsp;&nbsp; avec un vrai sens de l&rsquo;organisation et le go&ucirc;t de la relation clients.<br />\r\n	Si le poste vous int&eacute;resse, transmettez votre candidature (lettre de&nbsp;&nbsp; motivation et CV) &agrave; St&eacute;phanie L&eacute;ger, notre assistante de Direction sur&nbsp;&nbsp; nos bureaux de Poitiers.</p>\r\n<p>\r\n	&nbsp;{{nomcabinet}}<br />\r\n	15, rue de la Demi-Lune - BP 1119<br />\r\n	86061 POITIERS Cedex 9<br />\r\n	Email : <a href=\"mailto:sleger@lesiteducabinet.com\">sleger@lesiteducabinet.com</a></p>\r\n',9),(2,'fr','Collaborateur comptable, en CDD','<h5>\r\n	<u>Le poste</u></h5>\r\n<p>\r\n	<br />\r\n	Dans le cadre d&rsquo;un remplacement d&rsquo;une personne en cong&eacute; maternit&eacute;, nous recherchons un collaborateur(trice) comptable.<br />\r\n	Sous la supervision d&rsquo;un Chef de Mission, vous aurez &agrave; prendre en charge&nbsp;&nbsp; un portefeuille clients compos&eacute; principalement de BNC afin d&rsquo;y traiter&nbsp;&nbsp; tout l&rsquo;aspect comptable jusqu&rsquo;&agrave; l&rsquo;&eacute;laboration du bilan, liasse&nbsp;&nbsp; fiscale.\n\nLe poste est un CDD de 6 mois &agrave; partir de janvier 2010 avec de&nbsp;&nbsp; r&eacute;elles opportunit&eacute;s de CDI &agrave; l&rsquo;issue dans l&rsquo;une ou l&rsquo;autre de nos&nbsp;&nbsp; implantations.</p>\r\n<h5>\r\n	<u>Votre profil</u></h5>\r\n<p>\r\n	<br />\r\n	De formation BTS, DCG, vous avez acquis au moins 2 ans d&rsquo;exp&eacute;rience&nbsp;&nbsp; professionnelle en cabinet &agrave; un poste similaire. Vous &ecirc;tes automone,&nbsp;&nbsp; avec un vrai sens de l&rsquo;organisation et le go&ucirc;t de la relation clients.<br />\r\n	Si le poste vous int&eacute;resse, transmettez votre candidature (lettre de&nbsp;&nbsp; motivation et CV) &agrave; St&eacute;phanie L&eacute;ger, notre assistante de Direction sur&nbsp;&nbsp; nos bureaux de Poitiers.</p>\r\n<p>\r\n	&nbsp;{{nomcabinet}}<br />\r\n	15, rue de la Demi-Lune - BP 1119<br />\r\n	86061 POITIERS Cedex 9<br />\r\n	Email : <a href=\"mailto:sleger@lesiteducabinet.com\">sleger@lesiteducabinet.com</a></p>\r\n',10);
/*!40000 ALTER TABLE `sid_cabinet_recrutement_translation_version` ENABLE KEYS */;
UNLOCK TABLES;

--
-- Dumping data for table `sid_cabinet_selection_placement`
--

LOCK TABLES `sid_cabinet_selection_placement` WRITE;
/*!40000 ALTER TABLE `sid_cabinet_selection_placement` DISABLE KEYS */;
/*!40000 ALTER TABLE `sid_cabinet_selection_placement` ENABLE KEYS */;
UNLOCK TABLES;

--
-- Dumping data for table `sid_cabinet_selection_placement_translation`
--

LOCK TABLES `sid_cabinet_selection_placement_translation` WRITE;
/*!40000 ALTER TABLE `sid_cabinet_selection_placement_translation` DISABLE KEYS */;
/*!40000 ALTER TABLE `sid_cabinet_selection_placement_translation` ENABLE KEYS */;
UNLOCK TABLES;

--
-- Dumping data for table `sid_cabinet_selection_placement_translation_version`
--

LOCK TABLES `sid_cabinet_selection_placement_translation_version` WRITE;
/*!40000 ALTER TABLE `sid_cabinet_selection_placement_translation_version` DISABLE KEYS */;
/*!40000 ALTER TABLE `sid_cabinet_selection_placement_translation_version` ENABLE KEYS */;
UNLOCK TABLES;

--
-- Dumping data for table `sid_constantes`
--

LOCK TABLES `sid_constantes` WRITE;
/*!40000 ALTER TABLE `sid_constantes` DISABLE KEYS */;
INSERT INTO `sid_constantes` (`id`, `name`, `is_active`, `position`) VALUES (1,'nomcabinet',1,NULL),(2,'adressecabinet',1,NULL),(3,'recrutement',1,NULL),(4,'actualites_du_cabinet',1,NULL),(5,'slogancabinet',1,NULL),(6,'nom_page_contact',1,-1);
/*!40000 ALTER TABLE `sid_constantes` ENABLE KEYS */;
UNLOCK TABLES;

--
-- Dumping data for table `sid_constantes_translation`
--

LOCK TABLES `sid_constantes_translation` WRITE;
/*!40000 ALTER TABLE `sid_constantes_translation` DISABLE KEYS */;
INSERT INTO `sid_constantes_translation` (`id`, `content`, `lang`, `created_at`, `updated_at`, `version`) VALUES (1,'Le nom de l\'association','fr','2012-07-10 00:00:00','2012-07-11 14:51:47',3),(2,'16, rue du 4 Septembre - 75002 Paris ','fr','2012-07-10 00:00:00','2012-07-11 14:52:19',1),(3,'Le cabinet ne propose pas d\'annonce de recrutement actuellement.','fr','2012-07-10 00:00:00','2012-03-21 13:57:57',1),(4,'Le cabinet n\'a pas publi d\'actualits','fr','2012-02-15 00:00:00','2012-02-15 00:00:00',NULL),(5,'Association de gestion agre','fr','2012-07-10 00:00:00','2012-07-11 14:53:10',1),(6,'Contactez nous','fr','2012-03-13 11:39:28','2012-03-13 11:39:28',1);
/*!40000 ALTER TABLE `sid_constantes_translation` ENABLE KEYS */;
UNLOCK TABLES;

--
-- Dumping data for table `sid_constantes_translation_version`
--

LOCK TABLES `sid_constantes_translation_version` WRITE;
/*!40000 ALTER TABLE `sid_constantes_translation_version` DISABLE KEYS */;
INSERT INTO `sid_constantes_translation_version` (`id`, `lang`, `content`, `created_at`, `updated_at`, `version`) VALUES (1,'fr','Le nom de l\'association','0000-00-00 00:00:00','2012-07-11 14:39:45',1),(1,'fr','Le nom de l\'associatio','0000-00-00 00:00:00','2012-07-11 14:51:27',2),(1,'fr','Le nom de l\'association','0000-00-00 00:00:00','2012-07-11 14:51:47',3),(2,'fr','16, rue du 4 Septembre - 75002 Paris ','0000-00-00 00:00:00','2012-07-11 14:52:19',1),(3,'fr','Le cabinet ne propose pas d\'annonce de recrutement actuellement.','0000-00-00 00:00:00','2012-03-21 13:57:57',1),(5,'fr','Association de gestion agre','0000-00-00 00:00:00','2012-07-11 14:53:10',1),(6,'fr','Contactez nous','2012-03-13 11:39:28','2012-03-13 11:39:28',1);
/*!40000 ALTER TABLE `sid_constantes_translation_version` ENABLE KEYS */;
UNLOCK TABLES;

--
-- Dumping data for table `sid_contact_data`
--

LOCK TABLES `sid_contact_data` WRITE;
/*!40000 ALTER TABLE `sid_contact_data` DISABLE KEYS */;
INSERT INTO `sid_contact_data` (`id`, `email`, `infos`, `created_at`, `updated_at`) VALUES (1,'lio@lio.fr','{\"destinataire\":\"lioshi@lioshi.com\",\"civilite\":\"Monsieur\",\"nom\":\"lio\",\"prenom\":\"\",\"fonction\":\"\",\"adresse\":\"\",\"code-postal\":\"\",\"ville\":\"\",\"telephone\":\"\",\"fax\":\"\",\"message\":\"lio\"}','2012-06-28 16:37:31','2012-06-28 16:37:31'),(2,'lio@lio.fr','{\"destinataire\":\"lioshi@lioshi.com\",\"civilite\":\"Monsieur\",\"nom\":\"zeazaezae\",\"prenom\":\"\",\"fonction\":\"\",\"adresse\":\"\",\"code-postal\":\"\",\"ville\":\"\",\"telephone\":\"\",\"fax\":\"\",\"message\":\"zaezae zea\"}','2012-06-28 16:44:20','2012-06-28 16:44:20'),(3,'lio@lio2.fr','{\"destinataire\":\"lioshi@lioshi.com\",\"civilite\":\"Monsieur\",\"nom\":\"retytry\",\"prenom\":\"\",\"fonction\":\"\",\"adresse\":\"\",\"code-postal\":\"\",\"ville\":\"\",\"telephone\":\"\",\"fax\":\"\",\"message\":\"ttrytry\"}','2012-06-28 17:11:25','2012-06-28 17:11:25'),(4,'lio@lio32.fr','{\"destinataire\":\"lioshi@lioshi.com\",\"civilite\":\"Monsieur\",\"nom\":\"tyutyu\",\"prenom\":\"\",\"fonction\":\"\",\"adresse\":\"\",\"code-postal\":\"\",\"ville\":\"\",\"telephone\":\"\",\"fax\":\"\",\"message\":\"tyutyu\"}','2012-06-28 17:18:51','2012-06-28 17:18:51'),(5,'lio@lio2.fr','{\"destinataire\":null,\"civilite\":\"Monsieur\",\"nom\":\"sssssssss\",\"prenom\":\"\",\"fonction\":\"\",\"adresse\":\"\",\"code-postal\":\"\",\"ville\":\"\",\"telephone\":\"\",\"fax\":\"\",\"message\":\"ssssssssssssssss\"}','2012-06-29 12:39:19','2012-06-29 12:39:19'),(6,'lio@lio2.fr','{\"destinataire\":null,\"civilite\":\"Monsieur\",\"nom\":\"lllllllllllll\",\"prenom\":\"\",\"fonction\":\"\",\"adresse\":\"\",\"code-postal\":\"\",\"ville\":\"\",\"telephone\":\"\",\"fax\":\"\",\"message\":\"llllllllllllllll\"}','2012-06-29 12:40:25','2012-06-29 12:40:25'),(7,'lio@lio32.fr','{\"destinataire\":null,\"civilite\":\"Monsieur\",\"nom\":\"lllllllllllll\",\"prenom\":\"\",\"fonction\":\"\",\"adresse\":\"\",\"code-postal\":\"\",\"ville\":\"\",\"telephone\":\"\",\"fax\":\"\",\"message\":\"llllllllll\"}','2012-06-29 12:43:19','2012-06-29 12:43:19'),(8,'tytryezr@zer.fr','{\"destinataire\":null,\"civilite\":\"Monsieur\",\"nom\":\"ttttttttttt\",\"prenom\":\"\",\"fonction\":\"\",\"adresse\":\"\",\"code-postal\":\"\",\"ville\":\"\",\"telephone\":\"\",\"fax\":\"\",\"message\":\"tttttttttttttt\"}','2012-06-29 12:48:54','2012-06-29 12:48:54'),(9,'lio@lio2.fr','{\"destinataire\":null,\"civilite\":\"Monsieur\",\"nom\":\"mmm\",\"prenom\":\"\",\"fonction\":\"\",\"adresse\":\"\",\"code-postal\":\"\",\"ville\":\"\",\"telephone\":\"\",\"fax\":\"\",\"message\":\"mmmmmmmmmmm\"}','2012-06-29 12:53:02','2012-06-29 12:53:02'),(10,'lio@lio2.fr','{\"destinataire\":null,\"civilite\":\"Monsieur\",\"nom\":\"llllllllllllll\",\"prenom\":\"\",\"fonction\":\"\",\"adresse\":\"\",\"code-postal\":\"\",\"ville\":\"\",\"telephone\":\"\",\"fax\":\"\",\"message\":\"llllllllllllllll\"}','2012-06-29 12:54:25','2012-06-29 12:54:25'),(11,'lio@lio2.fr','{\"destinataire\":null,\"civilite\":\"Monsieur\",\"nom\":\"llllllllllllllll\",\"prenom\":\"\",\"fonction\":\"\",\"adresse\":\"\",\"code-postal\":\"\",\"ville\":\"\",\"telephone\":\"\",\"fax\":\"\",\"message\":\"llllllllllll\"}','2012-06-29 12:55:34','2012-06-29 12:55:34'),(12,'lio@lio32.fr','{\"destinataire\":null,\"civilite\":\"Monsieur\",\"nom\":\"lllllllllllll\",\"prenom\":\"\",\"fonction\":\"\",\"adresse\":\"\",\"code-postal\":\"\",\"ville\":\"\",\"telephone\":\"\",\"fax\":\"\",\"message\":\"llllllllllllllll\"}','2012-06-29 12:57:01','2012-06-29 12:57:01'),(13,'lio@lio2.fr','{\"destinataire\":null,\"civilite\":\"Monsieur\",\"nom\":\"lllllllllllll\",\"prenom\":\"\",\"fonction\":\"\",\"adresse\":\"\",\"code-postal\":\"\",\"ville\":\"\",\"telephone\":\"\",\"fax\":\"\",\"message\":\"lllllllllllll\"}','2012-06-29 13:05:23','2012-06-29 13:05:23'),(14,'lio@lio2.fr','{\"destinataire\":null,\"civilite\":\"Monsieur\",\"nom\":\"llllllllllllllllllll\",\"prenom\":\"\",\"fonction\":\"\",\"adresse\":\"\",\"code-postal\":\"\",\"ville\":\"\",\"telephone\":\"\",\"fax\":\"\",\"message\":\"lllllllllllllllllllllllll\"}','2012-06-29 13:13:48','2012-06-29 13:13:48'),(15,'lio@lio32.fr','{\"destinataire\":null,\"civilite\":\"Monsieur\",\"nom\":\"llllllllll\",\"prenom\":\"\",\"fonction\":\"\",\"adresse\":\"\",\"code-postal\":\"\",\"ville\":\"\",\"telephone\":\"\",\"fax\":\"\",\"message\":\"lllllllllllllll\"}','2012-06-29 13:15:45','2012-06-29 13:15:45'),(16,'lio@lio2.fr','{\"destinataire\":null,\"civilite\":\"Monsieur\",\"nom\":\"llllllllllllllllll\",\"prenom\":\"\",\"fonction\":\"\",\"adresse\":\"\",\"code-postal\":\"\",\"ville\":\"\",\"telephone\":\"\",\"fax\":\"\",\"message\":\"llllllllllllllllllllll\"}','2012-06-29 13:16:45','2012-06-29 13:16:45'),(17,'lio@lio2.fr','{\"destinataire\":null,\"civilite\":\"Monsieur\",\"nom\":\"lllllllllll\",\"prenom\":\"\",\"fonction\":\"\",\"adresse\":\"\",\"code-postal\":\"\",\"ville\":\"\",\"telephone\":\"\",\"fax\":\"\",\"message\":\"llllllllllllllll\"}','2012-06-29 13:25:48','2012-06-29 13:25:48'),(18,'lio@lio2.fr','{\"destinataire\":null,\"civilite\":\"Monsieur\",\"nom\":\"lllllll\",\"prenom\":\"\",\"fonction\":\"\",\"adresse\":\"\",\"code-postal\":\"\",\"ville\":\"\",\"telephone\":\"\",\"fax\":\"\",\"message\":\"llllllllllll\"}','2012-06-29 13:26:21','2012-06-29 13:26:21'),(19,'lio@lio2.fr','{\"destinataire\":null,\"civilite\":\"Monsieur\",\"nom\":\"lllllllllll\",\"prenom\":\"\",\"fonction\":\"\",\"adresse\":\"\",\"code-postal\":\"\",\"ville\":\"\",\"telephone\":\"\",\"fax\":\"\",\"message\":\"llllllllllllll\"}','2012-06-29 13:29:12','2012-06-29 13:29:12'),(20,'lio@lio2.fr','{\"destinataire\":null,\"civilite\":\"Monsieur\",\"nom\":\"llllllllllllllll\",\"prenom\":\"\",\"fonction\":\"\",\"adresse\":\"\",\"code-postal\":\"\",\"ville\":\"\",\"telephone\":\"\",\"fax\":\"\",\"message\":\"llllllllllll\"}','2012-06-29 14:17:14','2012-06-29 14:17:14'),(21,'lio@lio2.fr','{\"destinataire\":null,\"civilite\":\"Monsieur\",\"nom\":\"llllllllllllll\",\"prenom\":\"\",\"fonction\":\"\",\"adresse\":\"\",\"code-postal\":\"\",\"ville\":\"\",\"telephone\":\"\",\"fax\":\"\",\"message\":\"lllllllllllllll\"}','2012-06-29 14:19:51','2012-06-29 14:19:51'),(22,'lio@lio2.fr','{\"destinataire\":null,\"civilite\":\"Monsieur\",\"nom\":\"lllllllllll\",\"prenom\":\"\",\"fonction\":\"\",\"adresse\":\"\",\"code-postal\":\"\",\"ville\":\"\",\"telephone\":\"\",\"fax\":\"\",\"message\":\"llllllllllll\"}','2012-06-29 14:20:39','2012-06-29 14:20:39'),(23,'lio@lio2.fr','{\"destinataire\":null,\"civilite\":\"Monsieur\",\"nom\":\"lllllllllllllllllllll\",\"prenom\":\"\",\"fonction\":\"\",\"adresse\":\"\",\"code-postal\":\"\",\"ville\":\"\",\"telephone\":\"\",\"fax\":\"\",\"message\":\"llllllllllllllllll\"}','2012-06-29 14:22:19','2012-06-29 14:22:19'),(34,'bsalliou@lesechos.fr','{\"destinataire\":\"lagestion@ec-tenor.com\",\"civilite\":\"Monsieur\",\"nom\":\"Salliou\",\"prenom\":\"bertrand\",\"fonction\":\"\",\"adresse\":\"\",\"code-postal\":\"\",\"ville\":\"\",\"telephone\":\"\",\"fax\":\"\",\"message\":\"test\"}','2012-07-03 09:46:49','2012-07-03 09:46:49');
/*!40000 ALTER TABLE `sid_contact_data` ENABLE KEYS */;
UNLOCK TABLES;

--
-- Dumping data for table `sid_contact_field`
--

LOCK TABLES `sid_contact_field` WRITE;
/*!40000 ALTER TABLE `sid_contact_field` DISABLE KEYS */;
INSERT INTO `sid_contact_field` (`id`, `widget_type`, `widget_options`, `widget_attributes`, `validator_type`, `validator_options`, `validator_messages`, `form_id`, `is_active`, `is_required`, `position`) VALUES (1,'sfWidgetFormInputText','','','sfValidatorNumber','','{\"invalid\" : \"Numro de tlphone invalide\"}',1,1,0,28),(2,'sfWidgetFormInputText','','','sfValidatorNumber','','{\"invalid\" : \"Numro de fax invalide\"}',1,1,0,29),(3,'sfWidgetFormInputText','','','sfValidatorString','','',1,1,0,20),(4,'sfWidgetFormInputText','','','sfValidatorNumber','','{\"invalid\" : \"Code postal invalide\"}',1,1,0,26),(5,'sfWidgetFormChoice','{\"choices\" : {\"Monsieur\" : \"Monsieur\", \"Madame\" : \"Madame\", \"Mademoiselle\" : \"Mademoiselle\"}}','','sfValidatorChoice','{\"choices\" : {\"Monsieur\" : \"Monsieur\", \"Madame\" : \"Madame\", \"Mademoiselle\" : \"Mademoiselle\"}}','',1,1,1,21),(6,'sfWidgetFormInputText','','','sfValidatorString','{\"min_length\" : \"3\"}','{\"min_length\" : \"\'%value\'% est trop court (%min_length% caractres minimum)\"}',1,1,1,22),(7,'sfWidgetFormInputText','','','sfValidatorString','{\"min_length\" : \"3\"}','{\"min_length\" : \"\'%value%\' est trop court (%min_length% caractres minimum)\"}',1,1,0,23),(8,'sfWidgetFormInputText','','','sfValidatorString','','',1,1,0,24),(9,'sfWidgetFormInputText','','','sfValidatorString','','',1,1,0,25),(10,'sfWidgetFormInputText','','','sfValidatorString','','',1,1,0,27),(11,'sfWidgetFormTextarea','','','sfValidatorString','','',1,1,1,30),(12,'sfWidgetFormChoice','{\"multiple\": false,\"expanded\": true,\"choices\" :{\"non\":\"Non\",\"oui\":\"Oui\"},\"default\":\"oui\"}','','sfValidatorChoice','{\"choices\":{\"oui\":\"oui\",\"non\":\"non\"},\"multiple\":false}','',2,1,0,1),(13,'sfWidgetFormInputText','','','sfValidatorString','','',2,1,0,2),(14,'sfWidgetFormChoice','{\"choices\":{\"Une information\":\"Une information\",\"Etre contact\":\"Etre contact\"},\"expanded\":true,\"multiple\":true}','','sfValidatorChoice','{\"choices\":{\"Une information\":\"Une information\",\"Etre contact\":\"Etre contact\"}}','',2,1,0,3),(15,'sfWidgetFormInputText','','','sfValidatorString','','',2,1,1,4),(16,'sfWidgetFormInputText','','','sfValidatorString','','',2,1,0,5),(17,'sfWidgetFormInputText','','','sfValidatorString','','',2,1,1,6),(18,'sfWidgetFormInputText','','','sfValidatorString','','',2,1,1,7),(19,'sfWidgetFormInputText','','','sfValidatorString','','',2,1,0,8),(20,'sfWidgetFormInputText','','','sfValidatorString','','',2,1,0,9),(21,'sfWidgetFormInputText','','','sfValidatorString','','',2,1,0,10),(22,'sfWidgetFormInputText','','','sfValidatorNumber','','{\"invalid\" : \"Numro de tlphone invalide\"}',2,1,1,11),(23,'sfWidgetFormInputText','','','sfValidatorNumber','','{\"invalid\" : \"Numro de fax invalide\"}',2,1,0,12),(24,'sfWidgetFormInputText','','','sfValidatorUrl','','	{\"invalid\" : \"URL invalide\"}',2,1,0,13),(25,'sfWidgetFormChoice','{\"choices\" : {\"Monsieur\" : \"Monsieur\", \"Madame\" : \"Madame\", \"Mademoiselle\" : \"Mademoiselle\"}}','','sfValidatorChoice','{\"choices\" : {\"Monsieur\" : \"Monsieur\", \"Madame\" : \"Madame\", \"Mademoiselle\" : \"Mademoiselle\"}}','',2,1,0,14),(26,'sfWidgetFormInputText','','','sfValidatorString','{\"min_length\" : \"3\"}','{\"min_length\" : \"\'%value\'% est trop court (%min_length% caractres minimum)\"}',2,1,1,15),(27,'sfWidgetFormInputText','','','sfValidatorString','{\"min_length\" : \"3\"}','{\"min_length\" : \"\'%value\'% est trop court (%min_length% caractres minimum)\"}',2,1,1,16),(28,'sfWidgetFormInputText','','','sfValidatorNumber','','{\"invalid\" : \"Numro de tlphone invalide\"}',2,1,0,17),(29,'sfWidgetFormInputText','','','sfValidatorString','','',2,1,0,18),(30,'sfWidgetFormTextarea','','','sfValidatorString','','',2,1,0,19);
/*!40000 ALTER TABLE `sid_contact_field` ENABLE KEYS */;
UNLOCK TABLES;

--
-- Dumping data for table `sid_contact_field_translation`
--

LOCK TABLES `sid_contact_field_translation` WRITE;
/*!40000 ALTER TABLE `sid_contact_field_translation` DISABLE KEYS */;
INSERT INTO `sid_contact_field_translation` (`id`, `name`, `help`, `lang`, `version`, `created_at`, `updated_at`, `position`) VALUES (1,'Tlphone','','fr',3,'2012-06-26 14:14:21','2012-06-27 16:42:32',-1),(2,'Fax','','fr',3,'2012-06-26 14:15:18','2012-06-27 16:42:39',-2),(3,'Destinataire','','fr',3,'2012-06-26 17:28:16','2012-06-27 15:35:17',-3),(4,'Code postal','','fr',2,'2012-06-26 17:31:06','2012-06-26 17:31:06',-4),(5,'Civilit','','fr',2,'2012-06-27 14:34:39','2012-06-27 14:34:39',-5),(6,'Nom','','fr',2,'2012-06-27 15:20:19','2012-06-27 15:20:19',-6),(7,'Prnom','','fr',2,'2012-06-27 15:21:49','2012-06-27 15:21:49',-7),(8,'Fonction','','fr',2,'2012-06-27 15:23:44','2012-06-27 15:23:44',-8),(9,'Adresse','','fr',2,'2012-06-27 15:24:16','2012-06-27 15:24:16',-9),(10,'Ville','','fr',2,'2012-06-27 15:26:46','2012-06-27 15:26:46',-10),(11,'Message','','fr',2,'2012-06-27 15:30:33','2012-06-27 15:30:33',-11),(12,'tes-vous adhrant','','fr',5,'2012-07-12 10:16:15','2012-07-12 11:43:30',-12),(13,'N adhrent','','fr',3,'2012-07-12 11:36:14','2012-07-12 11:43:20',-13),(14,'Vous souhaitez','','fr',3,'2012-07-12 11:41:17','2012-07-12 11:43:03',-14),(15,'Raison sociale','','fr',2,'2012-07-12 11:44:19','2012-07-12 11:44:19',-15),(16,'Forme juridique','','fr',2,'2012-07-12 11:44:30','2012-07-12 11:44:30',-16),(17,'N Siret','','fr',2,'2012-07-12 11:44:45','2012-07-12 11:44:45',-17),(18,'Code APE','','fr',2,'2012-07-12 11:45:07','2012-07-12 11:45:07',-18),(19,'Adresse','','fr',2,'2012-07-12 11:45:51','2012-07-12 11:45:51',-19),(20,'Code Postal','','fr',2,'2012-07-12 11:46:04','2012-07-12 11:46:04',-20),(21,'Ville','','fr',2,'2012-07-12 11:46:13','2012-07-12 11:46:13',-21),(22,'Tlphone','','fr',2,'2012-07-12 11:48:05','2012-07-12 11:48:05',-22),(23,'Fax','','fr',2,'2012-07-12 11:48:50','2012-07-12 11:48:50',-23),(24,'Site Internet','','fr',2,'2012-07-12 11:50:31','2012-07-12 11:50:31',-24),(25,'Civilit','','fr',2,'2012-07-12 11:52:47','2012-07-12 11:52:47',-25),(26,'Nom','','fr',2,'2012-07-12 12:14:17','2012-07-12 12:14:17',-26),(27,'Prnom','','fr',2,'2012-07-12 12:15:00','2012-07-12 12:15:00',-27),(28,'Tlphone portable','','fr',2,'2012-07-12 12:15:38','2012-07-12 12:15:38',-28),(29,'Fonction','','fr',2,'2012-07-12 12:17:12','2012-07-12 12:17:12',-29),(30,'Votre message','','fr',2,'2012-07-12 12:17:32','2012-07-12 12:17:32',-30);
/*!40000 ALTER TABLE `sid_contact_field_translation` ENABLE KEYS */;
UNLOCK TABLES;

--
-- Dumping data for table `sid_contact_field_translation_version`
--

LOCK TABLES `sid_contact_field_translation_version` WRITE;
/*!40000 ALTER TABLE `sid_contact_field_translation_version` DISABLE KEYS */;
INSERT INTO `sid_contact_field_translation_version` (`id`, `lang`, `name`, `help`, `version`) VALUES (1,'fr','Tlphone','Le num&eacute;ro de t&eacute;l&eacute;phone',1),(1,'fr','Tlphone','Le num&eacute;ro de t&eacute;l&eacute;phone',2),(1,'fr','Tlphone','',3),(2,'fr','Fax','Le num&eacute;ro de fax',1),(2,'fr','Fax','Le num&eacute;ro de fax',2),(2,'fr','Fax','',3),(3,'fr','Destinataire','Destinataire',1),(3,'fr','Destinataire','Destinataire',2),(3,'fr','Destinataire','',3),(4,'fr','Code postal','',1),(4,'fr','Code postal','',2),(5,'fr','Civilit','',1),(5,'fr','Civilit','',2),(6,'fr','Nom','',1),(6,'fr','Nom','',2),(7,'fr','Prnom','',1),(7,'fr','Prnom','',2),(8,'fr','Fonction','',1),(8,'fr','Fonction','',2),(9,'fr','Adresse','',1),(9,'fr','Adresse','',2),(10,'fr','Ville','',1),(10,'fr','Ville','',2),(11,'fr','Message','',1),(11,'fr','Message','',2),(12,'fr','tes-vous adhrant','',1),(12,'fr','tes-vous adhrant','',2),(12,'fr','tes-vous adhrant','',3),(12,'fr','tes-vous adhrant :','',4),(12,'fr','tes-vous adhrant','',5),(13,'fr','N adhrent :','',1),(13,'fr','N adhrent :','',2),(13,'fr','N adhrent','',3),(14,'fr','Vous souhaitez :','',1),(14,'fr','Vous souhaitez :','',2),(14,'fr','Vous souhaitez','',3),(15,'fr','Raison sociale','',1),(15,'fr','Raison sociale','',2),(16,'fr','Forme juridique','',1),(16,'fr','Forme juridique','',2),(17,'fr','N Siret','',1),(17,'fr','N Siret','',2),(18,'fr','Code APE','',1),(18,'fr','Code APE','',2),(19,'fr','Adresse','',1),(19,'fr','Adresse','',2),(20,'fr','Code Postal','',1),(20,'fr','Code Postal','',2),(21,'fr','Ville','',1),(21,'fr','Ville','',2),(22,'fr','Tlphone','',1),(22,'fr','Tlphone','',2),(23,'fr','Fax','',1),(23,'fr','Fax','',2),(24,'fr','Site Internet','',1),(24,'fr','Site Internet','',2),(25,'fr','Civilit','',1),(25,'fr','Civilit','',2),(26,'fr','Nom','',1),(26,'fr','Nom','',2),(27,'fr','Prnom','',1),(27,'fr','Prnom','',2),(28,'fr','Tlphone portable','',1),(28,'fr','Tlphone portable','',2),(29,'fr','Fonction','',1),(29,'fr','Fonction','',2),(30,'fr','Votre message','',1),(30,'fr','Votre message','',2);
/*!40000 ALTER TABLE `sid_contact_field_translation_version` ENABLE KEYS */;
UNLOCK TABLES;

--
-- Dumping data for table `sid_contact_form`
--

LOCK TABLES `sid_contact_form` WRITE;
/*!40000 ALTER TABLE `sid_contact_form` DISABLE KEYS */;
INSERT INTO `sid_contact_form` (`id`, `position`) VALUES (1,-1),(2,-2);
/*!40000 ALTER TABLE `sid_contact_form` ENABLE KEYS */;
UNLOCK TABLES;

--
-- Dumping data for table `sid_contact_form_translation`
--

LOCK TABLES `sid_contact_form_translation` WRITE;
/*!40000 ALTER TABLE `sid_contact_form_translation` DISABLE KEYS */;
INSERT INTO `sid_contact_form_translation` (`id`, `name`, `description`, `lang`, `version`, `created_at`, `updated_at`) VALUES (1,'Contactez-nous','<br />\r\n','fr',3,'2012-06-26 14:13:51','2012-06-27 14:03:48'),(2,'Contactez-nous-aga','','fr',2,'2012-07-12 09:06:17','2012-07-12 13:50:18');
/*!40000 ALTER TABLE `sid_contact_form_translation` ENABLE KEYS */;
UNLOCK TABLES;

--
-- Dumping data for table `sid_contact_form_translation_version`
--

LOCK TABLES `sid_contact_form_translation_version` WRITE;
/*!40000 ALTER TABLE `sid_contact_form_translation_version` DISABLE KEYS */;
INSERT INTO `sid_contact_form_translation_version` (`id`, `lang`, `name`, `description`, `version`) VALUES (1,'fr','Contactez-nous',NULL,1),(2,'fr','Contactez-nous-aga','Formulaire de contact AGA',1),(2,'fr','Contactez-nous-aga','',2);
/*!40000 ALTER TABLE `sid_contact_form_translation_version` ENABLE KEYS */;
UNLOCK TABLES;

--
-- Dumping data for table `sid_coord_name`
--

LOCK TABLES `sid_coord_name` WRITE;
/*!40000 ALTER TABLE `sid_coord_name` DISABLE KEYS */;
INSERT INTO `sid_coord_name` (`id`, `is_active`, `siege_social`, `image`, `file`, `title_file`, `position`) VALUES (2,1,1,678,NULL,'',2),(3,1,0,NULL,NULL,'',1),(4,1,0,NULL,NULL,'',3);
/*!40000 ALTER TABLE `sid_coord_name` ENABLE KEYS */;
UNLOCK TABLES;

--
-- Dumping data for table `sid_coord_name_translation`
--

LOCK TABLES `sid_coord_name_translation` WRITE;
/*!40000 ALTER TABLE `sid_coord_name_translation` DISABLE KEYS */;
INSERT INTO `sid_coord_name_translation` (`id`, `title`, `adresse`, `adresse2`, `code_postal`, `ville`, `tel`, `fax`, `email`, `region_ec`, `region_cc`, `resume_town`, `resume_team`, `adresse_google`, `rcs`, `rcs_locality`, `orias`, `cif`, `carte_pro`, `carte_pro_locality`, `lang`, `version`, `created_at`, `updated_at`) VALUES (2,'Cabinet 1','16, rue du 4 Septembre','','75002','Paris','01 23 45 67 89','09 87 65 43 21','contact-paris@lesiteducabinet.com','Poitou-Charentes Vende','Poitiers','Lorem ipsum dolor sit amet, consectetur adipiscing elit. Curabitur in enim ligula, a vestibulum sapien. Fusce eu vehicula sem. In hac habitasse platea dictumst. Sed gravida orci id dui iaculis gravida. Mauris tincidunt ipsum eu nibh commodo pharetra. Curabitur felis mauris, tristique ut eleifend in, facilisis a enim. Maecenas ac sollicitudin eros. Donec elementum egestas pulvinar. Nam semper vehicula augue non euismod. Aenean et nulla magna, eget tincidunt erat.<br />\r\ntrytry<br />\r\n','Ut velit tellus, porttitor id dapibus at, ultricies eget tellus. Fusce bibendum consequat malesuada. Integer tempus pharetra mattis. Etiam quis arcu non turpis pharetra vestibulum. Proin id augue a nisi feugiat cursus. Integer libero dolor, viverra quis bibendum ut, condimentum eu diam ','16, rue du 4 Septembre 75002 Paris ','','','','','','','fr',8,'2012-03-14 09:27:19','2012-04-23 13:39:49'),(3,'Cabinet 2','rue du 8 mai','','37500','Tours','05 55 55 55 55','','secondaire@tenor.com','','','','','','','','','','','','fr',2,'2012-03-14 09:31:39','2012-04-23 13:40:03'),(4,'Cabinet 3','avenue grand-cerf','','86000','Poitiers','02 22 22 22 22','','trois@tenor.com','','','','','','','','','','','','fr',2,'2012-03-14 09:32:42','2012-04-23 13:40:15');
/*!40000 ALTER TABLE `sid_coord_name_translation` ENABLE KEYS */;
UNLOCK TABLES;

--
-- Dumping data for table `sid_coord_name_translation_version`
--

LOCK TABLES `sid_coord_name_translation_version` WRITE;
/*!40000 ALTER TABLE `sid_coord_name_translation_version` DISABLE KEYS */;
INSERT INTO `sid_coord_name_translation_version` (`id`, `lang`, `title`, `adresse`, `adresse2`, `code_postal`, `ville`, `tel`, `fax`, `email`, `region_ec`, `region_cc`, `resume_town`, `resume_team`, `adresse_google`, `rcs`, `rcs_locality`, `orias`, `cif`, `carte_pro`, `carte_pro_locality`, `version`) VALUES (2,'fr','Cabinet Tnor Expert-Comptable','16, rue du 4 Septembre','','75002','Paris','01 23 45 67 89','09 87 65 43 21','contact-paris@lesiteducabinet.com','Poitou-Charentes Vende','Poitiers','','',NULL,NULL,NULL,NULL,NULL,NULL,NULL,1),(2,'fr','Cabinet Tnor Expert-Comptable','16, rue du 4 Septembre','','75002','Paris','01 23 45 67 89','09 87 65 43 21','contact-paris@lesiteducabinet.com','Poitou-Charentes Vende','Poitiers','<p>\r\n	Lorem ipsum dolor sit amet, consectetur adipiscing elit. Curabitur in enim ligula, a vestibulum sapien. Fusce eu vehicula sem. In hac habitasse platea dictumst. Sed gravida orci id dui iaculis gravida. Mauris tincidunt ipsum eu nibh commodo pharetra. Curabitur felis mauris, tristique ut eleifend in, facilisis a enim. Maecenas ac sollicitudin eros. Donec elementum egestas pulvinar. Nam semper vehicula augue non euismod. Aenean et nulla magna, eget tincidunt erat.</p>\r\n','<p>\r\n	Ut velit tellus, porttitor id dapibus at, ultricies eget tellus. Fusce bibendum consequat malesuada. Integer tempus pharetra mattis. Etiam quis arcu non turpis pharetra vestibulum. Proin id augue a nisi feugiat cursus. Integer libero dolor, viverra quis bibendum ut, condimentum eu diam</p>\r\n',NULL,NULL,NULL,NULL,NULL,NULL,NULL,2),(2,'fr','Cabinet Tnor Expert-Comptable','16, rue du 4 Septembre','','75002','Paris','01 23 45 67 89','09 87 65 43 21','contact-paris@lesiteducabinet.com','Poitou-Charentes Vende','Poitiers','<p>\r\n	Lorem ipsum dolor sit amet, consectetur adipiscing elit. Curabitur in enim ligula, a vestibulum sapien. Fusce eu vehicula sem. In hac habitasse platea dictumst. Sed gravida orci id dui iaculis gravida. Mauris tincidunt ipsum eu nibh commodo pharetra. Curabitur felis mauris, tristique ut eleifend in, facilisis a enim. Maecenas ac sollicitudin eros. Donec elementum egestas pulvinar. Nam semper vehicula augue non euismod. Aenean et nulla magna, eget tincidunt erat.</p>\r\n','<p>\r\n	Ut velit tellus, porttitor id dapibus at, ultricies eget tellus. Fusce bibendum consequat malesuada. Integer tempus pharetra mattis. Etiam quis arcu non turpis pharetra vestibulum. Proin id augue a nisi feugiat cursus. Integer libero dolor, viverra quis bibendum ut, condimentum eu diam</p>\r\n','16, rue du 4 Septembre 75002 Paris ','','','','','','',3),(2,'fr','Cabinet Tnor Expert-Comptable','16, rue du 4 Septembre','','75002','Paris','01 23 45 67 89','09 87 65 43 21','contact-paris@lesiteducabinet.com','Poitou-Charentes Vende','Poitiers','<div>\r\n	Lorem ipsum dolor sit amet, consectetur adipiscing elit. Curabitur in enim ligula, a vestibulum sapien. Fusce eu vehicula sem. In hac habitasse platea dictumst. Sed gravida orci id dui iaculis gravida. Mauris tincidunt ipsum eu nibh commodo pharetra. Curabitur felis mauris, tristique ut eleifend in, facilisis a enim. Maecenas ac sollicitudin eros. Donec elementum egestas pulvinar. Nam semper vehicula augue non euismod. Aenean et nulla magna, eget tincidunt erat.</div>\r\n','<p>\r\n	Ut velit tellus, porttitor id dapibus at, ultricies eget tellus. Fusce bibendum consequat malesuada. Integer tempus pharetra mattis. Etiam quis arcu non turpis pharetra vestibulum. Proin id augue a nisi feugiat cursus. Integer libero dolor, viverra quis bibendum ut, condimentum eu diam</p>\r\n','16, rue du 4 Septembre 75002 Paris ','','','','','','',4),(2,'fr','Cabinet Tnor Expert-Comptable','16, rue du 4 Septembre','','75002','Paris','01 23 45 67 89','09 87 65 43 21','contact-paris@lesiteducabinet.com','Poitou-Charentes Vende','Poitiers','Lorem ipsum dolor sit amet, consectetur adipiscing elit. Curabitur in enim ligula, a vestibulum sapien. Fusce eu vehicula sem. In hac habitasse platea dictumst. Sed gravida orci id dui iaculis gravida. Mauris tincidunt ipsum eu nibh commodo pharetra. Curabitur felis mauris, tristique ut eleifend in, facilisis a enim. Maecenas ac sollicitudin eros. Donec elementum egestas pulvinar. Nam semper vehicula augue non euismod. Aenean et nulla magna, eget tincidunt erat.','<p>\r\n	Ut velit tellus, porttitor id dapibus at, ultricies eget tellus. Fusce bibendum consequat malesuada. Integer tempus pharetra mattis. Etiam quis arcu non turpis pharetra vestibulum. Proin id augue a nisi feugiat cursus. Integer libero dolor, viverra quis bibendum ut, condimentum eu diam</p>\r\n','16, rue du 4 Septembre 75002 Paris ','','','','','','',5),(2,'fr','Cabinet Tnor Expert-Comptable','16, rue du 4 Septembre','','75002','Paris','01 23 45 67 89','09 87 65 43 21','contact-paris@lesiteducabinet.com','Poitou-Charentes Vende','Poitiers','Lorem ipsum dolor sit amet, consectetur adipiscing elit. Curabitur in enim ligula, a vestibulum sapien. Fusce eu vehicula sem. In hac habitasse platea dictumst. Sed gravida orci id dui iaculis gravida. Mauris tincidunt ipsum eu nibh commodo pharetra. Curabitur felis mauris, tristique ut eleifend in, facilisis a enim. Maecenas ac sollicitudin eros. Donec elementum egestas pulvinar. Nam semper vehicula augue non euismod. Aenean et nulla magna, eget tincidunt erat.<br />\r\ntrytry<br />\r\n','<p>\r\n	Ut velit tellus, porttitor id dapibus at, ultricies eget tellus. Fusce bibendum consequat malesuada. Integer tempus pharetra mattis. Etiam quis arcu non turpis pharetra vestibulum. Proin id augue a nisi feugiat cursus. Integer libero dolor, viverra quis bibendum ut, condimentum eu diam</p>\r\n','16, rue du 4 Septembre 75002 Paris ','','','','','','',6),(2,'fr','Cabinet Tnor Expert-Comptable','16, rue du 4 Septembre','','75002','Paris','01 23 45 67 89','09 87 65 43 21','contact-paris@lesiteducabinet.com','Poitou-Charentes Vende','Poitiers','Lorem ipsum dolor sit amet, consectetur adipiscing elit. Curabitur in enim ligula, a vestibulum sapien. Fusce eu vehicula sem. In hac habitasse platea dictumst. Sed gravida orci id dui iaculis gravida. Mauris tincidunt ipsum eu nibh commodo pharetra. Curabitur felis mauris, tristique ut eleifend in, facilisis a enim. Maecenas ac sollicitudin eros. Donec elementum egestas pulvinar. Nam semper vehicula augue non euismod. Aenean et nulla magna, eget tincidunt erat.<br />\r\ntrytry<br />\r\n','Ut velit tellus, porttitor id dapibus at, ultricies eget tellus. Fusce bibendum consequat malesuada. Integer tempus pharetra mattis. Etiam quis arcu non turpis pharetra vestibulum. Proin id augue a nisi feugiat cursus. Integer libero dolor, viverra quis bibendum ut, condimentum eu diam ','16, rue du 4 Septembre 75002 Paris ','','','','','','',7),(2,'fr','Cabinet 1','16, rue du 4 Septembre','','75002','Paris','01 23 45 67 89','09 87 65 43 21','contact-paris@lesiteducabinet.com','Poitou-Charentes Vende','Poitiers','Lorem ipsum dolor sit amet, consectetur adipiscing elit. Curabitur in enim ligula, a vestibulum sapien. Fusce eu vehicula sem. In hac habitasse platea dictumst. Sed gravida orci id dui iaculis gravida. Mauris tincidunt ipsum eu nibh commodo pharetra. Curabitur felis mauris, tristique ut eleifend in, facilisis a enim. Maecenas ac sollicitudin eros. Donec elementum egestas pulvinar. Nam semper vehicula augue non euismod. Aenean et nulla magna, eget tincidunt erat.<br />\r\ntrytry<br />\r\n','Ut velit tellus, porttitor id dapibus at, ultricies eget tellus. Fusce bibendum consequat malesuada. Integer tempus pharetra mattis. Etiam quis arcu non turpis pharetra vestibulum. Proin id augue a nisi feugiat cursus. Integer libero dolor, viverra quis bibendum ut, condimentum eu diam ','16, rue du 4 Septembre 75002 Paris ','','','','','','',8),(3,'fr','cabinet secondaire','rue du 8 mai','','37500','Tours','05 55 55 55 55','','secondaire@tenor.com','','','','',NULL,NULL,NULL,NULL,NULL,NULL,NULL,1),(3,'fr','Cabinet 2','rue du 8 mai','','37500','Tours','05 55 55 55 55','','secondaire@tenor.com','','','','','','','','','','','',2),(4,'fr','cabinet trois','avenue grand-cerf','','86000','Poitiers','02 22 22 22 22','','trois@tenor.com','','','','',NULL,NULL,NULL,NULL,NULL,NULL,NULL,1),(4,'fr','Cabinet 3','avenue grand-cerf','','86000','Poitiers','02 22 22 22 22','','trois@tenor.com','','','','','','','','','','','',2);
/*!40000 ALTER TABLE `sid_coord_name_translation_version` ENABLE KEYS */;
UNLOCK TABLES;

--
-- Dumping data for table `sid_groupe_bandeau`
--

LOCK TABLES `sid_groupe_bandeau` WRITE;
/*!40000 ALTER TABLE `sid_groupe_bandeau` DISABLE KEYS */;
INSERT INTO `sid_groupe_bandeau` (`id`, `dm_page_id`, `is_active`) VALUES (1,1,1),(2,1595,1),(3,1658,1),(6,6555,1);
/*!40000 ALTER TABLE `sid_groupe_bandeau` ENABLE KEYS */;
UNLOCK TABLES;

--
-- Dumping data for table `sid_groupe_bandeau_translation`
--

LOCK TABLES `sid_groupe_bandeau_translation` WRITE;
/*!40000 ALTER TABLE `sid_groupe_bandeau_translation` DISABLE KEYS */;
INSERT INTO `sid_groupe_bandeau_translation` (`id`, `title`, `lang`, `created_at`, `updated_at`) VALUES (1,'Le bandeau de la page d\'accueil','','2011-12-21 16:26:07','2011-12-21 16:26:07'),(1,'Le bandeau de la page d\'accueil','fr','2012-03-06 14:11:21','2012-03-06 14:11:21'),(2,'Le bandeau des pages missions','','2011-12-21 16:26:55','2011-12-21 16:26:55'),(2,'Le bandeau de la page de missions','fr','2012-03-06 14:11:27','2012-03-06 14:11:27'),(3,'Le bandeau des pages du cabinet','','2011-12-21 16:27:33','2011-12-21 16:27:33'),(3,'Le bandeau des pages du cabinet','fr','2012-03-06 14:11:34','2012-03-06 14:11:34'),(6,'Le bandeau des pages actualits du cabinet','','2011-12-21 16:29:31','2011-12-21 16:29:31'),(6,'Le bandeau des pages actualits du cabinet','fr','2012-03-06 14:11:40','2012-03-06 14:11:40');
/*!40000 ALTER TABLE `sid_groupe_bandeau_translation` ENABLE KEYS */;
UNLOCK TABLES;

--
-- Dumping data for table `sid_groupe_sites_utiles`
--

LOCK TABLES `sid_groupe_sites_utiles` WRITE;
/*!40000 ALTER TABLE `sid_groupe_sites_utiles` DISABLE KEYS */;
INSERT INTO `sid_groupe_sites_utiles` (`id`, `is_active`, `position`) VALUES (7,1,2),(8,1,3),(9,1,4),(10,1,5);
/*!40000 ALTER TABLE `sid_groupe_sites_utiles` ENABLE KEYS */;
UNLOCK TABLES;

--
-- Dumping data for table `sid_groupe_sites_utiles_translation`
--

LOCK TABLES `sid_groupe_sites_utiles_translation` WRITE;
/*!40000 ALTER TABLE `sid_groupe_sites_utiles_translation` DISABLE KEYS */;
INSERT INTO `sid_groupe_sites_utiles_translation` (`id`, `title`, `description`, `lang`, `created_at`, `updated_at`) VALUES (7,'Vos dclarations sociales et fiscales en ligne','L&rsquo;association &laquo;nom de l&rsquo;association&raquo; met &agrave; votre disposition ici tous les liens et documents pour la plupart de vos d&eacute;clarations. Contactez nos permanents pour toute information ou assistance suppl&eacute;mentaires.<a class=\"link\" href=\"http://aga-tenor.com/dev.php/le-nom-de-lassociation/contact\" id=\"dmPage-1548\">Contact</a>','fr','2012-07-06 14:25:47','2012-07-06 14:25:47'),(8,'Votre couverture sociale','L&rsquo;association &laquo;nom de l&rsquo;association&raquo; met &agrave; votre disposition ici tous les liens et documents pour la plupart de vos d&eacute;clarations. Contactez nos permanents pour toute information ou assistance suppl&eacute;mentaires.<a class=\"link\" href=\"http://aga-tenor.com/dev.php/le-nom-de-lassociation/contact\" id=\"dmPage-1548\">Contact</a>','fr','2012-07-06 14:26:42','2012-07-06 14:26:42'),(9,'Vos frais kilomtriques','L&rsquo;association &laquo;nom de l&rsquo;association&raquo; met &agrave; votre disposition ici tous les liens et documents pour la plupart de vos d&eacute;clarations. Contactez nos permanents pour toute information ou assistance suppl&eacute;mentaires.<a class=\"link\" href=\"http://aga-tenor.com/dev.php/le-nom-de-lassociation/contact\" id=\"dmPage-1548\">Contact</a>','fr','2012-07-06 14:26:59','2012-07-06 14:26:59'),(10,'Vos reprsentants','L&rsquo;association &laquo;nom de l&rsquo;association&raquo; met &agrave; votre disposition ici tous les liens et documents pour la plupart de vos d&eacute;clarations. Contactez nos permanents pour toute information ou assistance suppl&eacute;mentaires.<a class=\"link\" href=\"http://aga-tenor.com/dev.php/le-nom-de-lassociation/contact\" id=\"dmPage-1548\">Contact</a>','fr','2012-07-06 14:27:16','2012-07-06 14:27:16');
/*!40000 ALTER TABLE `sid_groupe_sites_utiles_translation` ENABLE KEYS */;
UNLOCK TABLES;

--
-- Dumping data for table `sid_index_sites_utiles`
--

LOCK TABLES `sid_index_sites_utiles` WRITE;
/*!40000 ALTER TABLE `sid_index_sites_utiles` DISABLE KEYS */;
INSERT INTO `sid_index_sites_utiles` (`id`, `is_active`, `image`, `file`, `title_file`, `position`) VALUES (1,1,NULL,NULL,'',51613224);
/*!40000 ALTER TABLE `sid_index_sites_utiles` ENABLE KEYS */;
UNLOCK TABLES;

--
-- Dumping data for table `sid_index_sites_utiles_translation`
--

LOCK TABLES `sid_index_sites_utiles_translation` WRITE;
/*!40000 ALTER TABLE `sid_index_sites_utiles_translation` DISABLE KEYS */;
INSERT INTO `sid_index_sites_utiles_translation` (`id`, `title`, `description`, `lang`, `created_at`, `updated_at`) VALUES (1,'Docs et sites utiles','<em>EXPERT INFOS a d&eacute;velopp&eacute; pour les Associations de Gestion Agr&eacute;&eacute;es des sites internet sp&eacute;cifiques avec des contenus et rubriques adapt&eacute;s et modulables comme par exemple cette rubrique &laquo;Docs et sites utiles&nbsp;&raquo;. Contactez-nous pour en savoir plus&nbsp;: T&eacute;l. 05 49 60 31 92 / Email <a href=\"mailto:contact@expertinfos.com\">contact@expertinfos.com</a></em> ','fr','2011-09-14 06:07:12','2012-07-06 13:42:47');
/*!40000 ALTER TABLE `sid_index_sites_utiles_translation` ENABLE KEYS */;
UNLOCK TABLES;

--
-- Dumping data for table `sid_rubrique`
--

LOCK TABLES `sid_rubrique` WRITE;
/*!40000 ALTER TABLE `sid_rubrique` DISABLE KEYS */;
INSERT INTO `sid_rubrique` (`id`, `is_active`, `position`) VALUES (75,1,-1),(76,1,-2),(77,1,-3),(78,1,-4),(79,1,-5);
/*!40000 ALTER TABLE `sid_rubrique` ENABLE KEYS */;
UNLOCK TABLES;

--
-- Dumping data for table `sid_rubrique_translation`
--

LOCK TABLES `sid_rubrique_translation` WRITE;
/*!40000 ALTER TABLE `sid_rubrique_translation` DISABLE KEYS */;
INSERT INTO `sid_rubrique_translation` (`id`, `title`, `lang`, `created_at`, `updated_at`) VALUES (75,'aga_fiscal','fr','2012-07-11 16:45:58','2012-07-11 16:45:58'),(76,'aga_juridique','fr','2012-07-11 16:45:58','2012-07-11 16:45:58'),(77,'aga_social','fr','2012-07-11 16:45:58','2012-07-11 16:45:58'),(78,'ec_echeancier','fr','2012-07-11 16:45:58','2012-07-11 16:45:58'),(79,'aga_profession','fr','2012-07-12 17:29:34','2012-07-12 17:29:34');
/*!40000 ALTER TABLE `sid_rubrique_translation` ENABLE KEYS */;
UNLOCK TABLES;

--
-- Dumping data for table `sid_section`
--

LOCK TABLES `sid_section` WRITE;
/*!40000 ALTER TABLE `sid_section` DISABLE KEYS */;
INSERT INTO `sid_section` (`id`, `rubrique_id`, `is_active`, `position`) VALUES (552,75,1,1),(553,75,1,2),(554,76,1,1),(555,76,1,2),(556,77,1,1),(557,77,1,4),(558,78,1,2),(559,78,1,3),(560,78,1,1),(561,75,1,3),(562,76,1,3),(563,77,1,3),(564,77,1,2),(565,77,1,5),(566,77,1,6),(567,79,1,1),(568,78,1,4),(569,78,1,5);
/*!40000 ALTER TABLE `sid_section` ENABLE KEYS */;
UNLOCK TABLES;

--
-- Dumping data for table `sid_section_translation`
--

LOCK TABLES `sid_section_translation` WRITE;
/*!40000 ALTER TABLE `sid_section_translation` DISABLE KEYS */;
INSERT INTO `sid_section_translation` (`id`, `title`, `lang`, `created_at`, `updated_at`) VALUES (552,'aga_actualites','fr','2012-07-11 16:46:04','2012-07-11 16:46:04'),(553,'aga_chiffres','fr','2012-07-11 16:46:04','2012-07-11 16:46:04'),(554,'aga_actualites','fr','2012-07-11 16:46:04','2012-07-11 16:46:04'),(555,'aga_chiffres','fr','2012-07-11 16:46:04','2012-07-11 16:46:04'),(556,'aga_actualites','fr','2012-07-11 16:46:04','2012-07-11 16:46:04'),(557,'aga_chiffres','fr','2012-07-11 16:46:04','2012-07-11 16:46:04'),(558,'201206','fr','2012-07-11 16:46:04','2012-07-11 16:46:04'),(559,'201207','fr','2012-07-11 16:46:04','2012-07-11 16:46:04'),(560,'vacances_scolaires','fr','2012-07-11 16:46:04','2012-07-11 16:46:04'),(561,'aga_faq','fr','2012-07-12 14:02:12','2012-07-12 14:02:12'),(562,'aga_faq','fr','2012-07-12 14:02:12','2012-07-12 14:02:12'),(563,'aga_aides_dossiers','fr','2012-07-12 14:02:12','2012-07-12 14:02:12'),(564,'aga_aides','fr','2012-07-12 14:02:12','2012-07-12 14:02:12'),(565,'aga_faq','fr','2012-07-12 14:02:12','2012-07-12 14:02:12'),(566,'aga_paie','fr','2012-07-12 14:02:12','2012-07-12 14:02:12'),(567,'aga_actualites','fr','2012-07-12 17:29:44','2012-07-12 17:29:44'),(568,'201208','fr','2012-08-01 14:05:56','2012-08-01 14:05:56'),(569,'201209','fr','2012-08-02 01:13:09','2012-08-02 01:13:09');
/*!40000 ALTER TABLE `sid_section_translation` ENABLE KEYS */;
UNLOCK TABLES;

--
-- Dumping data for table `sid_sites_utiles`
--

LOCK TABLES `sid_sites_utiles` WRITE;
/*!40000 ALTER TABLE `sid_sites_utiles` DISABLE KEYS */;
INSERT INTO `sid_sites_utiles` (`id`, `groupe_sites_utiles_id`, `is_active`, `image_id`, `file1`, `file2`, `file3`, `file4`, `file5`, `title_file1`, `title_file2`, `title_file3`, `title_file4`, `title_file5`, `position`) VALUES (16,7,1,126,NULL,NULL,NULL,NULL,NULL,'','','','','',3),(17,7,1,128,NULL,NULL,NULL,NULL,NULL,'','','','','',2),(18,7,1,NULL,NULL,NULL,NULL,NULL,NULL,'','','','','',1),(19,7,1,NULL,NULL,NULL,NULL,NULL,NULL,'','','','','',0),(20,8,1,NULL,NULL,NULL,NULL,NULL,NULL,'','','','','',-1),(21,8,1,NULL,NULL,NULL,NULL,NULL,NULL,'','','','','',-2),(22,8,1,NULL,NULL,NULL,NULL,NULL,NULL,'','','','','',-3),(23,8,1,NULL,NULL,NULL,NULL,NULL,NULL,'','','','','',-4),(24,8,1,NULL,NULL,NULL,NULL,NULL,NULL,'','','','','',-5),(25,8,1,NULL,NULL,NULL,NULL,NULL,NULL,'','','','','',-6),(26,8,1,NULL,NULL,NULL,NULL,NULL,NULL,'','','','','',-7),(27,8,1,NULL,NULL,NULL,NULL,NULL,NULL,'','','','','',-8),(28,8,1,NULL,NULL,NULL,NULL,NULL,NULL,'','','','','',-9),(29,8,1,NULL,NULL,NULL,NULL,NULL,NULL,'','','','','',-10),(30,9,1,NULL,NULL,NULL,NULL,NULL,NULL,'','','','','',-11),(31,9,1,NULL,NULL,NULL,NULL,NULL,NULL,'','','','','',-12),(32,10,1,NULL,NULL,NULL,NULL,NULL,NULL,'','','','','',-13),(33,10,1,NULL,NULL,NULL,NULL,NULL,NULL,'','','','','',-14),(34,10,1,NULL,NULL,NULL,NULL,NULL,NULL,'','','','','',-15);
/*!40000 ALTER TABLE `sid_sites_utiles` ENABLE KEYS */;
UNLOCK TABLES;

--
-- Dumping data for table `sid_sites_utiles_translation`
--

LOCK TABLES `sid_sites_utiles_translation` WRITE;
/*!40000 ALTER TABLE `sid_sites_utiles_translation` DISABLE KEYS */;
INSERT INTO `sid_sites_utiles_translation` (`id`, `title`, `url`, `description`, `lang`, `version`, `created_at`, `updated_at`) VALUES (16,'Dclarations sociales sur www.net-entreprises.fr (DAS2, DADS, etc.)','http://www.net-entreprises.fr','<p>\r\n	Le site pour effectuer vos d&eacute;clarations sociales</p>\r\n','fr',2,'2012-07-06 14:29:03','2012-07-06 14:46:00'),(17,'Dclarations fiscales et sociales sur www.jedeclare.com','http://www.jedeclare.com','Le portail de l&#39;Ordre des Experts-Comptables.','fr',1,'2012-07-06 14:29:38','2012-07-06 14:29:38'),(18,'Dclaration 2035','','<ul>\r\n	<li>\r\n		notice de l&#39;administration en format pdf &agrave; t&eacute;l&eacute;charger</li>\r\n	<li>\r\n		formulaire vierge en format pdf, &agrave; t&eacute;l&eacute;charger</li>\r\n	<li>\r\n		t&eacute;l&eacute;d&eacute;claration (lien direct &ndash; requiert une identification)</li>\r\n</ul>\r\n','fr',2,'2012-07-06 14:31:47','2012-07-06 14:33:26'),(19,'Dclaration 2042','http://www.impots.gouv.fr/portal/deploiement/p1/fichedescriptiveformulaire_6892/fichedescriptiveformulaire_6892.pdf','<ul>\r\n	<li>\r\n		notice de l&#39;administration en format pdf &agrave; t&eacute;l&eacute;charger</li>\r\n	<li>\r\n		Revenus - formulaire pdf &agrave; t&eacute;l&eacute;charger</li>\r\n	<li>\r\n		t&eacute;l&eacute;d&eacute;claration (lien direct &ndash; requiert une identification)</li>\r\n</ul>\r\n','fr',2,'2012-07-06 14:32:57','2012-07-06 14:48:22'),(20,'Le Rgime Social des Indpendants','http://www.rsi.fr','Le R&eacute;gime Social des Ind&eacute;pendants ','fr',3,'2012-07-06 14:34:49','2012-07-06 14:49:04'),(21,'La Caisse Nationale d\'Assurance Vieillesse des Professions Librales','','La Caisse Nationale d&#39;Assurance Vieillesse des Professions Lib&eacute;rales','fr',1,'2012-07-06 14:35:11','2012-07-06 14:35:11'),(22,'La Caisse Autonome de Retraites et Prvoyance des Vtrinaires','','La Caisse Autonome de Retraites et Pr&eacute;voyance des V&eacute;t&eacute;rinaires','fr',1,'2012-07-06 14:35:48','2012-07-06 14:35:48'),(23,'La caisse des Agents Gnraux d\'Assurance','','La caisse des Agents G&eacute;n&eacute;raux d&#39;Assurance','fr',1,'2012-07-06 14:36:03','2012-07-06 14:36:03'),(24,'La Caisse d\'Assurance Vieillesse des Officiers Ministriels, des officiers publics et des compagnies judiciaires','','La Caisse d&#39;Assurance Vieillesse des Officiers Minist&eacute;riels, des officiers publics et des compagnies judiciaires','fr',1,'2012-07-06 14:36:21','2012-07-06 14:36:21'),(25,'La Caisse d\'Allocation Vieillesse des Experts-Comptables','','La Caisse d&#39;Allocation Vieillesse des Experts-Comptables','fr',1,'2012-07-06 14:36:35','2012-07-06 14:36:35'),(26,'La Caisse d\'Assurance Vieillesse des Pharmaciens','','La Caisse d&#39;Assurance Vieillesse des Pharmaciens','fr',1,'2012-07-06 14:36:55','2012-07-06 14:36:55'),(27,'La Caisse Autonome de Retraite des Mdecins de France','','La Caisse Autonome de Retraite des M&eacute;decins de France','fr',1,'2012-07-06 14:37:17','2012-07-06 14:37:17'),(28,'La Caisse Autonome de Retraite et de Prvoyance des Infirmiers, Masseurs-Kinesithrapeuthes, Pdicures-Podologues, Orthophonistes et Orthoptistes','','La Caisse Autonome de Retraite et de Pr&eacute;voyance des Infirmiers, Masseurs-Kinesith&eacute;rapeuthes, P&eacute;dicures-Podologues, Orthophonistes et Orthoptistes','fr',1,'2012-07-06 14:37:41','2012-07-06 14:37:41'),(29,'La Caisse Autonome de Retraite des Chirurgiens Dentistes et des Sages-Femmes','','La Caisse Autonome de Retraite des Chirurgiens Dentistes et des Sages-Femmes','fr',1,'2012-07-06 14:37:56','2012-07-06 14:37:56'),(30,'Le barme des frais kilomtriques 2011 en format pdf  tlcharger','','Le bar&ecirc;me des frais kilom&eacute;triques 2011 en format pdf &agrave; t&eacute;l&eacute;charger','fr',1,'2012-07-06 14:38:16','2012-07-06 14:38:16'),(31,'Le calcul en ligne de vos frais kilomtriques','','Le calcul en ligne de vos frais kilom&eacute;triques','fr',1,'2012-07-06 14:38:31','2012-07-06 14:38:31'),(32,'La Chambre Nationale des Professions Librales','','La Chambre Nationale des Professions Lib&eacute;rales','fr',1,'2012-07-06 14:39:10','2012-07-06 14:39:10'),(33,'L\'Union Nationale des Professions Librales','','L&#39;Union Nationale des Professions Lib&eacute;rales','fr',1,'2012-07-06 14:39:47','2012-07-06 14:39:47'),(34,'L\'Union Mondiale des Professions Librales','','L&#39;Union Mondiale des Professions Lib&eacute;rales','fr',1,'2012-07-06 14:40:03','2012-07-06 14:40:03');
/*!40000 ALTER TABLE `sid_sites_utiles_translation` ENABLE KEYS */;
UNLOCK TABLES;

--
-- Dumping data for table `sid_sites_utiles_translation_version`
--

LOCK TABLES `sid_sites_utiles_translation_version` WRITE;
/*!40000 ALTER TABLE `sid_sites_utiles_translation_version` DISABLE KEYS */;
INSERT INTO `sid_sites_utiles_translation_version` (`id`, `lang`, `title`, `url`, `description`, `version`) VALUES (16,'fr','Dclarations sociales sur www.net-entreprises.fr (DAS2, DADS, etc.)','http://www.net-entreprises.fr','<p>Le site pour effectuer vos d&eacute;clarations sociales</p>\r\n',1),(16,'fr','Dclarations sociales sur www.net-entreprises.fr (DAS2, DADS, etc.)','http://www.net-entreprises.fr','<p>\r\n	Le site pour effectuer vos d&eacute;clarations sociales</p>\r\n',2),(17,'fr','Dclarations fiscales et sociales sur www.jedeclare.com','http://www.jedeclare.com','Le portail de l&#39;Ordre des Experts-Comptables.',1),(18,'fr','Dclaration 2035','','<ul>\r\n	<li>\r\n		<style type=\"text/css\">\r\n<!--\r\n		@page { margin: 2cm }\r\n		P { margin-bottom: 0.21cm }\r\n	-->		</style>\r\n		notice de l&#39;administration en format pdf &agrave; t&eacute;l&eacute;charger</li>\r\n	<li>\r\n		formulaire vierge en format pdf, &agrave; t&eacute;l&eacute;charger</li>\r\n	<li>\r\n		t&eacute;l&eacute;d&eacute;claration (lien direct &ndash; requiert une identification)</li>\r\n</ul>\r\n',1),(18,'fr','Dclaration 2035','','<ul>\r\n	<li>\r\n		notice de l&#39;administration en format pdf &agrave; t&eacute;l&eacute;charger</li>\r\n	<li>\r\n		formulaire vierge en format pdf, &agrave; t&eacute;l&eacute;charger</li>\r\n	<li>\r\n		t&eacute;l&eacute;d&eacute;claration (lien direct &ndash; requiert une identification)</li>\r\n</ul>\r\n',2),(19,'fr','Dclaration 2042','','<ul>\r\n	<li>\r\n		notice de l&#39;administration en format pdf &agrave; t&eacute;l&eacute;charger</li>\r\n	<li>\r\n		Revenus - formulaire pdf &agrave; t&eacute;l&eacute;charger</li>\r\n	<li>\r\n		t&eacute;l&eacute;d&eacute;claration (lien direct &ndash; requiert une identification)</li>\r\n</ul>\r\n',1),(19,'fr','Dclaration 2042','http://www.impots.gouv.fr/portal/deploiement/p1/fichedescriptiveformulaire_6892/fichedescriptiveformulaire_6892.pdf','<ul>\r\n	<li>\r\n		notice de l&#39;administration en format pdf &agrave; t&eacute;l&eacute;charger</li>\r\n	<li>\r\n		Revenus - formulaire pdf &agrave; t&eacute;l&eacute;charger</li>\r\n	<li>\r\n		t&eacute;l&eacute;d&eacute;claration (lien direct &ndash; requiert une identification)</li>\r\n</ul>\r\n',2),(20,'fr','Le Rgime Social des Indpendants','','<p>\r\n	Le R&eacute;gime Social des Ind&eacute;pendants</p>\r\n',1),(20,'fr','Le Rgime Social des Indpendants','','Le R&eacute;gime Social des Ind&eacute;pendants\r\n',2),(20,'fr','Le Rgime Social des Indpendants','http://www.rsi.fr','Le R&eacute;gime Social des Ind&eacute;pendants ',3),(21,'fr','La Caisse Nationale d\'Assurance Vieillesse des Professions Librales','','La Caisse Nationale d&#39;Assurance Vieillesse des Professions Lib&eacute;rales',1),(22,'fr','La Caisse Autonome de Retraites et Prvoyance des Vtrinaires','','La Caisse Autonome de Retraites et Pr&eacute;voyance des V&eacute;t&eacute;rinaires',1),(23,'fr','La caisse des Agents Gnraux d\'Assurance','','La caisse des Agents G&eacute;n&eacute;raux d&#39;Assurance',1),(24,'fr','La Caisse d\'Assurance Vieillesse des Officiers Ministriels, des officiers publics et des compagnies judiciaires','','La Caisse d&#39;Assurance Vieillesse des Officiers Minist&eacute;riels, des officiers publics et des compagnies judiciaires',1),(25,'fr','La Caisse d\'Allocation Vieillesse des Experts-Comptables','','La Caisse d&#39;Allocation Vieillesse des Experts-Comptables',1),(26,'fr','La Caisse d\'Assurance Vieillesse des Pharmaciens','','La Caisse d&#39;Assurance Vieillesse des Pharmaciens',1),(27,'fr','La Caisse Autonome de Retraite des Mdecins de France','','La Caisse Autonome de Retraite des M&eacute;decins de France',1),(28,'fr','La Caisse Autonome de Retraite et de Prvoyance des Infirmiers, Masseurs-Kinesithrapeuthes, Pdicures-Podologues, Orthophonistes et Orthoptistes','','La Caisse Autonome de Retraite et de Pr&eacute;voyance des Infirmiers, Masseurs-Kinesith&eacute;rapeuthes, P&eacute;dicures-Podologues, Orthophonistes et Orthoptistes',1),(29,'fr','La Caisse Autonome de Retraite des Chirurgiens Dentistes et des Sages-Femmes','','La Caisse Autonome de Retraite des Chirurgiens Dentistes et des Sages-Femmes',1),(30,'fr','Le barme des frais kilomtriques 2011 en format pdf  tlcharger','','Le bar&ecirc;me des frais kilom&eacute;triques 2011 en format pdf &agrave; t&eacute;l&eacute;charger',1),(31,'fr','Le calcul en ligne de vos frais kilomtriques','','Le calcul en ligne de vos frais kilom&eacute;triques',1),(32,'fr','La Chambre Nationale des Professions Librales','','La Chambre Nationale des Professions Lib&eacute;rales',1),(33,'fr','L\'Union Nationale des Professions Librales','','L&#39;Union Nationale des Professions Lib&eacute;rales',1),(34,'fr','L\'Union Mondiale des Professions Librales','','L&#39;Union Mondiale des Professions Lib&eacute;rales',1);
/*!40000 ALTER TABLE `sid_sites_utiles_translation_version` ENABLE KEYS */;
UNLOCK TABLES;
/*!40103 SET TIME_ZONE=@OLD_TIME_ZONE */;

/*!40101 SET SQL_MODE=@OLD_SQL_MODE */;
/*!40014 SET FOREIGN_KEY_CHECKS=@OLD_FOREIGN_KEY_CHECKS */;
/*!40014 SET UNIQUE_CHECKS=@OLD_UNIQUE_CHECKS */;
/*!40101 SET CHARACTER_SET_CLIENT=@OLD_CHARACTER_SET_CLIENT */;
/*!40101 SET CHARACTER_SET_RESULTS=@OLD_CHARACTER_SET_RESULTS */;
/*!40101 SET COLLATION_CONNECTION=@OLD_COLLATION_CONNECTION */;
/*!40111 SET SQL_NOTES=@OLD_SQL_NOTES */;

-- Dump completed on 2012-08-06 14:00:07
