-- MySQL dump 10.13  Distrib 5.1.61, for redhat-linux-gnu (x86_64)
--
-- Host: db.local    Database: sitev3__demo_cgp_tenor_basedoc
-- ------------------------------------------------------
-- Server version	5.1.61

/*!40101 SET @OLD_CHARACTER_SET_CLIENT=@@CHARACTER_SET_CLIENT */;
/*!40101 SET @OLD_CHARACTER_SET_RESULTS=@@CHARACTER_SET_RESULTS */;
/*!40101 SET @OLD_COLLATION_CONNECTION=@@COLLATION_CONNECTION */;
/*!40101 SET NAMES utf8 */;
/*!40103 SET @OLD_TIME_ZONE=@@TIME_ZONE */;
/*!40103 SET TIME_ZONE='+00:00' */;
/*!40014 SET @OLD_UNIQUE_CHECKS=@@UNIQUE_CHECKS, UNIQUE_CHECKS=0 */;
/*!40014 SET @OLD_FOREIGN_KEY_CHECKS=@@FOREIGN_KEY_CHECKS, FOREIGN_KEY_CHECKS=0 */;
/*!40101 SET @OLD_SQL_MODE=@@SQL_MODE, SQL_MODE='NO_AUTO_VALUE_ON_ZERO' */;
/*!40111 SET @OLD_SQL_NOTES=@@SQL_NOTES, SQL_NOTES=0 */;

--
-- Dumping data for table `dm_area`
--

LOCK TABLES `dm_area` WRITE;
/*!40000 ALTER TABLE `dm_area` DISABLE KEYS */;
INSERT INTO `dm_area` (`id`, `dm_layout_id`, `dm_page_view_id`, `type`) VALUES (1,NULL,2,'1'),(2,NULL,3,'1'),(3,1,NULL,'top'),(4,1,NULL,'left'),(5,NULL,1,'content'),(6,1,NULL,'bottom'),(7,NULL,12,'content'),(9,NULL,5,'content'),(10,NULL,9,'content'),(11,NULL,10,'content'),(12,NULL,11,'content'),(15,NULL,16,'content'),(29,NULL,2,'content'),(31,NULL,3,'content'),(32,NULL,35,'1'),(33,NULL,35,'content'),(65,1,NULL,'right'),(68,1,NULL,'centerTop'),(69,1,NULL,'centerBottom'),(72,NULL,76,'content'),(73,NULL,77,'content'),(88,NULL,1,'right'),(90,NULL,81,'content'),(91,1,NULL,'customTop'),(92,1,NULL,'customBottom'),(109,NULL,82,'content'),(110,9,NULL,'top'),(111,9,NULL,'left'),(112,9,NULL,'bottom'),(113,9,NULL,'right'),(114,9,NULL,'centerTop'),(115,9,NULL,'centerBottom'),(116,9,NULL,'customTop'),(117,9,NULL,'customBottom'),(118,10,NULL,'top'),(119,10,NULL,'left'),(120,10,NULL,'bottom'),(121,10,NULL,'right'),(122,10,NULL,'centerTop'),(123,10,NULL,'centerBottom'),(124,10,NULL,'customTop'),(125,10,NULL,'customBottom'),(126,NULL,83,'content'),(138,NULL,86,'content'),(139,NULL,87,'content'),(140,NULL,88,'content'),(141,NULL,89,'content'),(142,NULL,90,'content'),(143,NULL,91,'content'),(144,NULL,92,'content'),(145,NULL,93,'content'),(146,NULL,94,'content'),(147,NULL,95,'content'),(148,NULL,96,'content'),(149,NULL,97,'content'),(150,NULL,98,'content'),(151,NULL,99,'content'),(152,NULL,100,'content'),(153,NULL,101,'content'),(154,NULL,102,'content'),(155,NULL,103,'content'),(160,NULL,110,'content'),(161,NULL,119,'content'),(162,NULL,120,'content');
/*!40000 ALTER TABLE `dm_area` ENABLE KEYS */;
UNLOCK TABLES;

--
-- Dumping data for table `dm_auto_seo`
--

LOCK TABLES `dm_auto_seo` WRITE;
/*!40000 ALTER TABLE `dm_auto_seo` DISABLE KEYS */;
INSERT INTO `dm_auto_seo` (`id`, `module`, `action`, `created_at`, `updated_at`) VALUES (1,'dmTag','show','2011-08-05 12:24:36','2011-08-05 12:24:36'),(2,'rubrique','show','2011-08-05 12:24:36','2011-08-05 12:24:36'),(3,'section','show','2011-08-05 12:24:37','2011-08-05 12:24:37'),(4,'article','show','2011-08-05 12:24:37','2011-08-05 12:24:37'),(9,'renseignements','show','2011-08-08 18:14:11','2011-08-08 18:14:11'),(10,'presentation','show','2011-08-10 20:37:35','2011-08-10 20:37:35'),(11,'equipe','show','2011-08-10 20:37:35','2011-08-10 20:37:35'),(12,'mission','show','2011-08-10 20:37:35','2011-08-10 20:37:35'),(13,'recrutement','show','2011-08-10 20:37:35','2011-08-10 20:37:35'),(14,'accueil','show','2011-08-10 21:46:35','2011-08-10 21:46:35'),(15,'pageCabinet','show','2011-08-17 20:53:11','2011-08-17 20:53:11'),(16,'constantes','show','2011-08-29 19:32:01','2011-08-29 19:32:01'),(18,'download','show','2011-09-01 17:40:14','2011-09-01 17:40:14'),(19,'indexSitesUtiles','show','2011-09-01 22:48:27','2011-09-01 22:48:27'),(20,'groupeSitesUtiles','show','2011-09-01 22:48:27','2011-09-01 22:48:27'),(21,'sitesUtiles','show','2011-09-01 22:48:27','2011-09-01 22:48:27'),(23,'bandeau','show','2011-09-07 04:04:04','2011-09-07 04:04:04'),(24,'sidActuTypeContenu','show','2011-09-07 04:04:04','2011-09-07 04:04:04'),(25,'sidActuRubrique','show','2011-09-07 04:04:04','2011-09-07 04:04:04'),(26,'sidActuArticle','show','2011-09-07 04:04:04','2011-09-07 04:04:04'),(27,'selectionPlacement','show','2012-03-28 15:13:43','2012-03-28 15:13:43'),(28,'sidAddedPages','show','2012-07-04 01:04:56','2012-07-04 01:04:56');
/*!40000 ALTER TABLE `dm_auto_seo` ENABLE KEYS */;
UNLOCK TABLES;

--
-- Dumping data for table `dm_auto_seo_translation`
--

LOCK TABLES `dm_auto_seo_translation` WRITE;
/*!40000 ALTER TABLE `dm_auto_seo_translation` DISABLE KEYS */;
INSERT INTO `dm_auto_seo_translation` (`id`, `slug`, `name`, `title`, `h1`, `description`, `keywords`, `strip_words`, `lang`) VALUES (1,'%dm_tag.name%','%dm_tag.name%','%dm_tag.name%',NULL,'%dm_tag.name%',NULL,NULL,'fr'),(2,'%rubrique.title%','%rubrique.title%','%rubrique.title%',NULL,'%rubrique.title%',NULL,NULL,'fr'),(3,'%section.title%','%section.title%','%section.title%',NULL,'%section.title%',NULL,NULL,'fr'),(4,'%article.title%','%article.title%','%article.title%',NULL,'%article.title%',NULL,NULL,'fr'),(9,'%renseignements.title%','%renseignements.title%','%renseignements.title%',NULL,'%renseignements.title%',NULL,NULL,'fr'),(10,'%presentation%','%presentation%','%presentation%',NULL,'%presentation.text%',NULL,NULL,'fr'),(11,'%equipe%','%equipe%','%equipe%',NULL,'%equipe.text%',NULL,NULL,'fr'),(12,'%mission.title%','%mission.title%','%mission.title%','','%mission.resume%','',NULL,'fr'),(13,'%recrutement%','%recrutement%','%recrutement%',NULL,'%recrutement.text%',NULL,NULL,'fr'),(14,'%accueil%','%accueil%','%accueil%',NULL,'%accueil%',NULL,NULL,'fr'),(15,'%page_cabinet.title%','%page_cabinet.title%','%page_cabinet.title%','','%page_cabinet.resume%','',NULL,'fr'),(16,'%constantes.name%','%constantes.name%','%constantes.name%',NULL,'%constantes.name%',NULL,NULL,'fr'),(18,'%download.title%','%download.title%','%download.title%',NULL,'%download.title%',NULL,NULL,'fr'),(19,'%index_sites_utiles.title%','%index_sites_utiles.title%','%index_sites_utiles.title%',NULL,'%index_sites_utiles.description%',NULL,NULL,'fr'),(20,'%groupe_sites_utiles.title%','%groupe_sites_utiles.title%','%groupe_sites_utiles.title%',NULL,'%groupe_sites_utiles.description%',NULL,NULL,'fr'),(21,'%sites_utiles.title%','%sites_utiles.title%','%sites_utiles.title%',NULL,'%sites_utiles.description%',NULL,NULL,'fr'),(23,'%bandeau.title%','%bandeau.title%','%bandeau.title%',NULL,'%bandeau.title%',NULL,NULL,'fr'),(24,'%sid_actu_type_contenu.title%','%sid_actu_type_contenu.title%','%sid_actu_type_contenu.title%',NULL,'%sid_actu_type_contenu.title%',NULL,NULL,'fr'),(25,'%sid_actu_rubrique.title%','%sid_actu_rubrique.title%','%sid_actu_rubrique.title%',NULL,'%sid_actu_rubrique.title%',NULL,NULL,'fr'),(26,'%sid_actu_article.title%','%sid_actu_article.title%','%sid_actu_article.title%',NULL,'%sid_actu_article.resume%',NULL,NULL,'fr'),(27,'%selection_placement.title%','%selection_placement.title%','%selection_placement.title%',NULL,'%selection_placement.text%',NULL,NULL,'fr'),(28,'%sid_added_pages.title%','%sid_added_pages.title%','%sid_added_pages.title%',NULL,'%sid_added_pages.resume%',NULL,NULL,'fr');
/*!40000 ALTER TABLE `dm_auto_seo_translation` ENABLE KEYS */;
UNLOCK TABLES;

--
-- Dumping data for table `dm_contact`
--

LOCK TABLES `dm_contact` WRITE;
/*!40000 ALTER TABLE `dm_contact` DISABLE KEYS */;
/*!40000 ALTER TABLE `dm_contact` ENABLE KEYS */;
UNLOCK TABLES;

--
-- Dumping data for table `dm_layout`
--

LOCK TABLES `dm_layout` WRITE;
/*!40000 ALTER TABLE `dm_layout` DISABLE KEYS */;
INSERT INTO `dm_layout` (`id`, `name`, `template`, `css_class`) VALUES (1,'default','page',''),(9,'default - article','page',''),(10,'default - listeBaseDoc','page','');
/*!40000 ALTER TABLE `dm_layout` ENABLE KEYS */;
UNLOCK TABLES;

--
-- Dumping data for table `dm_lock`
--

LOCK TABLES `dm_lock` WRITE;
/*!40000 ALTER TABLE `dm_lock` DISABLE KEYS */;
INSERT INTO `dm_lock` (`id`, `user_id`, `user_name`, `module`, `action`, `record_id`, `time`, `app`, `url`, `culture`) VALUES (564,1,'admin','pageCabinetAdmin','index',0,1339680964,'admin','/admin.php/le-cabinet/description-du-cabinet/presentation-du-cabinet/index','fr');
/*!40000 ALTER TABLE `dm_lock` ENABLE KEYS */;
UNLOCK TABLES;

--
-- Dumping data for table `dm_mail_template`
--

LOCK TABLES `dm_mail_template` WRITE;
/*!40000 ALTER TABLE `dm_mail_template` DISABLE KEYS */;
INSERT INTO `dm_mail_template` (`id`, `name`, `vars`, `created_at`, `updated_at`) VALUES (1,'dm_user_forgot_password','username, email, step2_url','2011-11-16 14:23:13','2011-11-16 14:23:13');
/*!40000 ALTER TABLE `dm_mail_template` ENABLE KEYS */;
UNLOCK TABLES;

--
-- Dumping data for table `dm_mail_template_translation`
--

LOCK TABLES `dm_mail_template_translation` WRITE;
/*!40000 ALTER TABLE `dm_mail_template_translation` DISABLE KEYS */;
INSERT INTO `dm_mail_template_translation` (`id`, `description`, `subject`, `body`, `from_email`, `to_email`, `cc_email`, `bcc_email`, `reply_to_email`, `sender_email`, `list_unsuscribe`, `is_html`, `is_active`, `lang`) VALUES (1,'Sent to a user that requests a new password','Sitediem: change your password','Hello %username%\nYou can choose a new password at %step2_url%','webmaster@domain.com','%email%',NULL,NULL,NULL,NULL,NULL,0,1,'fr');
/*!40000 ALTER TABLE `dm_mail_template_translation` ENABLE KEYS */;
UNLOCK TABLES;

--
-- Dumping data for table `dm_media`
--

LOCK TABLES `dm_media` WRITE;
/*!40000 ALTER TABLE `dm_media` DISABLE KEYS */;
INSERT INTO `dm_media` (`id`, `dm_media_folder_id`, `file`, `mime`, `size`, `dimensions`, `created_at`, `updated_at`) VALUES (104,9,'logo_gauche-1-.jpg','image/jpeg',9530,'82x108','2011-09-19 18:18:53','2011-09-19 18:19:19'),(105,9,'ministere-economie-1-.png','image/png',2747,'133x130','2011-09-19 18:21:06','2011-09-19 18:21:20'),(106,9,'legifrance-1-.gif','image/gif',5592,'425x61','2011-09-19 18:22:40','2011-09-19 18:22:54'),(107,9,'banner-infogreffe-1-.jpg','image/jpeg',61459,'968x165','2011-09-19 18:25:22','2011-09-19 18:25:27'),(126,9,'net-entreprises-logo-1.gif','image/gif',2552,'260x41','2012-01-05 12:01:52','2012-01-05 12:01:58'),(127,9,'SEMAPHORE.png','image/png',28528,'970x80','2012-01-05 12:01:52','2012-01-05 12:01:58'),(128,9,'logo_jedeclarecom.gif','image/gif',3386,'144x89','2012-01-05 12:01:52','2012-01-05 12:01:58'),(153,9,'google-chrome-20100107-2-.jpg','image/jpeg',22100,'600x400','2012-02-08 14:30:35','2012-02-14 09:28:37'),(154,9,'GLE-1-.png','image/png',21521,'761x103','2012-02-08 14:30:35','2012-02-14 09:28:37'),(205,3,'404.jpg','image/jpeg',81058,'700x558','2012-03-13 15:19:50','2012-03-13 15:19:50'),(235,2,'apple-touch-icon-144x144.png','image/png',4854,'144x144','2012-05-21 14:49:14','2012-05-21 14:50:10'),(236,2,'favicon.ico','image/x-icon',9662,'48x48','2012-05-21 14:49:14','2012-05-21 14:50:10'),(237,2,'apple-touch-icon-114x114.png','image/png',3965,'114x114','2012-05-21 14:49:14','2012-05-21 14:50:10'),(238,2,'logolight.png','image/png',2514,'112x90','2012-05-21 14:49:14','2012-05-21 14:50:10'),(239,2,'apple-touch-icon.png','image/png',2190,'57x57','2012-05-21 14:49:14','2012-05-21 14:50:10'),(240,2,'apple-touch-icon-72x72.png','image/png',2705,'72x72','2012-05-21 14:49:14','2012-05-21 14:50:10'),(241,2,'logofull.png','image/png',7814,'622x90','2012-05-21 14:49:14','2012-05-21 14:50:10'),(242,34,'professionnel29.jpg','image/jpeg',190485,NULL,'2012-05-24 10:39:17','2012-05-24 10:39:17'),(243,34,'professionnel01.jpg','image/jpeg',185112,NULL,'2012-05-24 10:39:17','2012-05-24 10:39:17'),(244,34,'professionnel23.jpg','image/jpeg',155079,NULL,'2012-05-24 10:39:17','2012-05-24 10:39:17'),(245,34,'professionnel34.jpg','image/jpeg',133669,NULL,'2012-05-24 10:39:17','2012-05-24 10:39:17'),(246,34,'professionnel28.jpg','image/jpeg',269092,NULL,'2012-05-24 10:39:17','2012-05-24 10:39:17'),(247,34,'professionnel04.jpg','image/jpeg',159044,NULL,'2012-05-24 10:39:17','2012-05-24 10:39:17'),(248,34,'professionnel16.jpg','image/jpeg',186963,NULL,'2012-05-24 10:39:17','2012-05-24 10:39:17'),(249,34,'professionnel36.jpg','image/jpeg',219133,NULL,'2012-05-24 10:39:17','2012-05-24 10:39:17'),(250,34,'professionnel07.jpg','image/jpeg',251353,NULL,'2012-05-24 10:39:17','2012-05-24 10:39:17'),(251,34,'professionnel15.jpg','image/jpeg',273619,NULL,'2012-05-24 10:39:17','2012-05-24 10:39:17'),(252,34,'professionnel27.jpg','image/jpeg',140368,NULL,'2012-05-24 10:39:17','2012-05-24 10:39:17'),(253,34,'professionnel13.jpg','image/jpeg',247900,NULL,'2012-05-24 10:39:17','2012-05-24 10:39:17'),(254,34,'professionnel17.jpg','image/jpeg',190009,NULL,'2012-05-24 10:39:17','2012-05-24 10:39:17'),(255,34,'professionnel33.jpg','image/jpeg',198936,NULL,'2012-05-24 10:39:17','2012-05-24 10:39:17'),(256,34,'professionnel05.jpg','image/jpeg',475846,NULL,'2012-05-24 10:39:17','2012-05-24 10:39:17'),(257,34,'professionnel08.jpg','image/jpeg',202344,NULL,'2012-05-24 10:39:17','2012-05-24 10:39:17'),(258,34,'professionnel26.jpg','image/jpeg',241160,NULL,'2012-05-24 10:39:17','2012-05-24 10:39:17'),(259,34,'professionnel14.jpg','image/jpeg',167635,NULL,'2012-05-24 10:39:17','2012-05-24 10:39:17'),(260,34,'professionnel19.jpg','image/jpeg',107189,NULL,'2012-05-24 10:39:17','2012-05-24 10:39:17'),(261,34,'professionnel12.jpg','image/jpeg',181169,NULL,'2012-05-24 10:39:17','2012-05-24 10:39:17'),(262,34,'professionnel09.jpg','image/jpeg',245542,NULL,'2012-05-24 10:39:17','2012-05-24 10:39:17'),(263,34,'professionnel06.jpg','image/jpeg',231983,NULL,'2012-05-24 10:39:17','2012-05-24 10:39:17'),(264,34,'professionnel39.jpg','image/jpeg',157170,NULL,'2012-05-24 10:39:17','2012-05-24 10:39:17'),(265,34,'professionnel03.jpg','image/jpeg',244195,NULL,'2012-05-24 10:39:17','2012-05-24 10:39:17'),(266,34,'professionnel10.jpg','image/jpeg',562267,NULL,'2012-05-24 10:39:17','2012-05-24 10:39:17'),(267,34,'professionnel20.jpg','image/jpeg',209266,NULL,'2012-05-24 10:39:17','2012-05-24 10:39:17'),(268,34,'professionnel31.jpg','image/jpeg',245166,NULL,'2012-05-24 10:39:17','2012-05-24 10:39:17'),(269,34,'professionnel11.jpg','image/jpeg',74939,NULL,'2012-05-24 10:39:17','2012-05-24 10:39:17'),(270,34,'professionnel21.jpg','image/jpeg',262650,NULL,'2012-05-24 10:39:17','2012-05-24 10:39:17'),(271,34,'professionnel25.jpg','image/jpeg',1046125,NULL,'2012-05-24 10:39:17','2012-05-24 10:39:17'),(272,34,'professionnel24.jpg','image/jpeg',146077,NULL,'2012-05-24 10:39:17','2012-05-24 10:39:17'),(273,34,'professionnel18.jpg','image/jpeg',193984,NULL,'2012-05-24 10:39:17','2012-05-24 10:39:17'),(274,34,'professionnel22.jpg','image/jpeg',214433,NULL,'2012-05-24 10:39:17','2012-05-24 10:39:17'),(275,34,'professionnel38.jpg','image/jpeg',275282,NULL,'2012-05-24 10:39:17','2012-05-24 10:39:17'),(276,34,'professionnel30.jpg','image/jpeg',342204,NULL,'2012-05-24 10:39:17','2012-05-24 10:39:17'),(277,34,'professionnel37.jpg','image/jpeg',260479,NULL,'2012-05-24 10:39:17','2012-05-24 10:39:17'),(278,34,'professionnel35.jpg','image/jpeg',88044,NULL,'2012-05-24 10:39:17','2012-05-24 10:39:17'),(279,34,'professionnel32.jpg','image/jpeg',207841,NULL,'2012-05-24 10:39:17','2012-05-24 10:39:17'),(280,34,'professionnel02.jpg','image/jpeg',93336,NULL,'2012-05-24 10:39:17','2012-05-24 10:39:17'),(281,35,'alpin03.jpg','image/jpeg',7218967,NULL,'2012-05-24 10:39:17','2012-05-24 10:39:17'),(282,35,'alpin09.jpg','image/jpeg',840296,NULL,'2012-05-24 10:39:17','2012-05-24 10:39:17'),(283,35,'alpin05.jpg','image/jpeg',88718,NULL,'2012-05-24 10:39:17','2012-05-24 10:39:17'),(284,35,'alpin11.jpg','image/jpeg',118576,NULL,'2012-05-24 10:39:17','2012-05-24 10:39:17'),(285,35,'alpin01.jpg','image/jpeg',2912706,NULL,'2012-05-24 10:39:17','2012-05-24 10:39:17'),(286,35,'alpin08.jpg','image/jpeg',4109563,NULL,'2012-05-24 10:39:17','2012-05-24 10:39:17'),(287,35,'alpin04.jpg','image/jpeg',114192,NULL,'2012-05-24 10:39:17','2012-05-24 10:39:17'),(288,35,'alpin06.jpg','image/jpeg',1733335,NULL,'2012-05-24 10:39:17','2012-05-24 10:39:17'),(289,35,'alpin02.jpg','image/jpeg',2357334,NULL,'2012-05-24 10:39:17','2012-05-24 10:39:17'),(290,35,'alpin10.jpg','image/jpeg',925558,NULL,'2012-05-24 10:39:17','2012-05-24 10:39:17'),(291,35,'alpin07.jpg','image/jpeg',1045505,NULL,'2012-05-24 10:39:17','2012-05-24 10:39:17'),(292,36,'maritime10.jpg','image/jpeg',3390967,NULL,'2012-05-24 10:39:17','2012-05-24 10:39:17'),(293,36,'maritime11.jpg','image/jpeg',1849814,NULL,'2012-05-24 10:39:17','2012-05-24 10:39:17'),(294,36,'maritime14.jpg','image/jpeg',1304009,NULL,'2012-05-24 10:39:17','2012-05-24 10:39:17'),(295,36,'maritime07.jpg','image/jpeg',6281938,NULL,'2012-05-24 10:39:17','2012-05-24 10:39:17'),(296,36,'maritime13.jpg','image/jpeg',855717,NULL,'2012-05-24 10:39:17','2012-05-24 10:39:17'),(297,36,'maritime03.jpg','image/jpeg',2270442,NULL,'2012-05-24 10:39:17','2012-05-24 10:39:17'),(298,36,'maritime09.jpg','image/jpeg',1419148,NULL,'2012-05-24 10:39:17','2012-05-24 10:39:17'),(299,36,'maritime15.jpg','image/jpeg',3241856,NULL,'2012-05-24 10:39:17','2012-05-24 10:39:17'),(300,36,'maritime04.jpg','image/jpeg',863923,NULL,'2012-05-24 10:39:17','2012-05-24 10:39:17'),(301,36,'maritime12.jpg','image/jpeg',2824259,NULL,'2012-05-24 10:39:17','2012-05-24 10:39:17'),(302,36,'maritime08.jpg','image/jpeg',1462125,NULL,'2012-05-24 10:39:17','2012-05-24 10:39:17'),(303,36,'maritime01.jpg','image/jpeg',10900982,NULL,'2012-05-24 10:39:17','2012-05-24 10:39:17'),(304,36,'maritime02.jpg','image/jpeg',2507466,NULL,'2012-05-24 10:39:17','2012-05-24 10:39:17'),(305,36,'maritime05.jpg','image/jpeg',883439,NULL,'2012-05-24 10:39:17','2012-05-24 10:39:17'),(306,36,'maritime06.jpg','image/jpeg',142643,NULL,'2012-05-24 10:39:17','2012-05-24 10:39:17'),(307,37,'urbain20.jpg','image/jpeg',1945739,NULL,'2012-05-24 10:39:17','2012-05-24 10:39:17'),(308,37,'urbain21.jpg','image/jpeg',3141234,NULL,'2012-05-24 10:39:17','2012-05-24 10:39:17'),(309,37,'urbain13.jpg','image/jpeg',2462505,NULL,'2012-05-24 10:39:17','2012-05-24 10:39:17'),(310,37,'urbain25.jpg','image/jpeg',5940401,NULL,'2012-05-24 10:39:17','2012-05-24 10:39:17'),(311,37,'urbain16.jpg','image/jpeg',2344096,NULL,'2012-05-24 10:39:17','2012-05-24 10:39:17'),(312,37,'urbain06.jpg','image/jpeg',26774,NULL,'2012-05-24 10:39:17','2012-05-24 10:39:17'),(313,37,'urbain08.jpg','image/jpeg',25490,NULL,'2012-05-24 10:39:17','2012-05-24 10:39:17'),(314,37,'urbain23.jpg','image/jpeg',747010,NULL,'2012-05-24 10:39:17','2012-05-24 10:39:17'),(315,37,'urbain09.jpg','image/jpeg',1025092,NULL,'2012-05-24 10:39:17','2012-05-24 10:39:17'),(316,37,'urbain01.jpg','image/jpeg',128971,NULL,'2012-05-24 10:39:17','2012-05-24 10:39:17'),(317,37,'urbain12.jpg','image/jpeg',1071131,NULL,'2012-05-24 10:39:17','2012-05-24 10:39:17'),(318,37,'urbain17.jpg','image/jpeg',2913675,NULL,'2012-05-24 10:39:17','2012-05-24 10:39:17'),(319,37,'urbain02.jpg','image/jpeg',24227,NULL,'2012-05-24 10:39:17','2012-05-24 10:39:17'),(320,37,'urbain27.jpg','image/jpeg',2759396,NULL,'2012-05-24 10:39:17','2012-05-24 10:39:17'),(321,37,'urbain03.jpg','image/jpeg',864249,NULL,'2012-05-24 10:39:17','2012-05-24 10:39:17'),(322,37,'urbain18.jpg','image/jpeg',4740821,NULL,'2012-05-24 10:39:17','2012-05-24 10:39:17'),(323,37,'urbain19.jpg','image/jpeg',2655710,NULL,'2012-05-24 10:39:17','2012-05-24 10:39:17'),(324,37,'urbain02-portrait.jpg','image/jpeg',77423,NULL,'2012-05-24 10:39:17','2012-05-24 10:39:17'),(325,37,'urbain26.jpg','image/jpeg',1322894,NULL,'2012-05-24 10:39:17','2012-05-24 10:39:17'),(326,37,'urbain10.jpg','image/jpeg',2545663,NULL,'2012-05-24 10:39:17','2012-05-24 10:39:17'),(327,37,'urbain24.jpg','image/jpeg',2291762,NULL,'2012-05-24 10:39:17','2012-05-24 10:39:17'),(328,37,'urbain11.jpg','image/jpeg',2236074,NULL,'2012-05-24 10:39:17','2012-05-24 10:39:17'),(329,37,'urbain05.jpg','image/jpeg',21242,NULL,'2012-05-24 10:39:17','2012-05-24 10:39:17'),(330,37,'urbain04.jpg','image/jpeg',53697,NULL,'2012-05-24 10:39:17','2012-05-24 10:39:17'),(331,37,'urbain14.jpg','image/jpeg',3454944,NULL,'2012-05-24 10:39:17','2012-05-24 10:39:17'),(332,37,'urbain07.jpg','image/jpeg',25400,NULL,'2012-05-24 10:39:18','2012-05-24 10:39:18'),(333,37,'urbain15.jpg','image/jpeg',2270540,NULL,'2012-05-24 10:39:18','2012-05-24 10:39:18'),(334,37,'urbain22.jpg','image/jpeg',702722,NULL,'2012-05-24 10:39:18','2012-05-24 10:39:18'),(335,38,'technologique13.jpg','image/jpeg',3838270,NULL,'2012-05-24 10:39:18','2012-05-24 10:39:18'),(336,38,'technologique11.jpg','image/jpeg',956371,NULL,'2012-05-24 10:39:18','2012-05-24 10:39:18'),(337,38,'technologique09.jpg','image/jpeg',626248,NULL,'2012-05-24 10:39:18','2012-05-24 10:39:18'),(338,38,'technologique08.jpg','image/jpeg',2008823,NULL,'2012-05-24 10:39:18','2012-05-24 10:39:18'),(339,38,'technologique12.jpg','image/jpeg',2346267,NULL,'2012-05-24 10:39:18','2012-05-24 10:39:18'),(340,38,'technologique03.jpg','image/jpeg',59567,NULL,'2012-05-24 10:39:18','2012-05-24 10:39:18'),(341,38,'technologique10.jpg','image/jpeg',2046966,NULL,'2012-05-24 10:39:18','2012-05-24 10:39:18'),(342,38,'technologique04.jpg','image/jpeg',65601,NULL,'2012-05-24 10:39:18','2012-05-24 10:39:18'),(343,38,'technologique07.jpg','image/jpeg',3690563,NULL,'2012-05-24 10:39:18','2012-05-24 10:39:18'),(344,38,'technologique02.jpg','image/jpeg',44655,NULL,'2012-05-24 10:39:18','2012-05-24 10:39:18'),(345,38,'technologique01.jpg','image/jpeg',125176,NULL,'2012-05-24 10:39:18','2012-05-24 10:39:18'),(346,38,'technologique05.jpg','image/jpeg',78214,NULL,'2012-05-24 10:39:18','2012-05-24 10:39:18'),(347,38,'technologique06.jpg','image/jpeg',29994,NULL,'2012-05-24 10:39:18','2012-05-24 10:39:18'),(348,39,'zen02.jpg','image/jpeg',503391,NULL,'2012-05-24 10:39:18','2012-05-24 10:39:18'),(349,39,'zen09.jpg','image/jpeg',976597,NULL,'2012-05-24 10:39:18','2012-05-24 10:39:18'),(350,39,'zen17.jpg','image/jpeg',663476,NULL,'2012-05-24 10:39:18','2012-05-24 10:39:18'),(351,39,'zen08.jpg','image/jpeg',351362,NULL,'2012-05-24 10:39:18','2012-05-24 10:39:18'),(352,39,'zen13.jpg','image/jpeg',483050,NULL,'2012-05-24 10:39:18','2012-05-24 10:39:18'),(353,39,'zen04.jpg','image/jpeg',457063,NULL,'2012-05-24 10:39:18','2012-05-24 10:39:18'),(354,39,'zen05.jpg','image/jpeg',575995,NULL,'2012-05-24 10:39:18','2012-05-24 10:39:18'),(355,39,'zen19.jpg','image/jpeg',91685,NULL,'2012-05-24 10:39:18','2012-05-24 10:39:18'),(356,39,'zen12.jpg','image/jpeg',290769,NULL,'2012-05-24 10:39:18','2012-05-24 10:39:18'),(357,39,'zen01.jpg','image/jpeg',340194,NULL,'2012-05-24 10:39:18','2012-05-24 10:39:18'),(358,39,'zen16.jpg','image/jpeg',323698,NULL,'2012-05-24 10:39:18','2012-05-24 10:39:18'),(359,39,'zen15.jpg','image/jpeg',296434,NULL,'2012-05-24 10:39:18','2012-05-24 10:39:18'),(360,39,'zen18.jpg','image/jpeg',836534,NULL,'2012-05-24 10:39:18','2012-05-24 10:39:18'),(361,39,'zen06.jpg','image/jpeg',733767,NULL,'2012-05-24 10:39:18','2012-05-24 10:39:18'),(362,39,'zen03.jpg','image/jpeg',1330511,NULL,'2012-05-24 10:39:18','2012-05-24 10:39:18'),(363,39,'zen10.jpg','image/jpeg',722797,NULL,'2012-05-24 10:39:18','2012-05-24 10:39:18'),(364,39,'zen11.jpg','image/jpeg',249312,NULL,'2012-05-24 10:39:18','2012-05-24 10:39:18'),(365,39,'zen07.jpg','image/jpeg',142037,NULL,'2012-05-24 10:39:18','2012-05-24 10:39:18'),(366,39,'zen14.jpg','image/jpeg',765686,NULL,'2012-05-24 10:39:18','2012-05-24 10:39:18'),(367,40,'rural06.jpg','image/jpeg',2236521,NULL,'2012-05-24 10:39:18','2012-05-24 10:39:18'),(368,40,'rural01.jpg','image/jpeg',1573600,NULL,'2012-05-24 10:39:18','2012-05-24 10:39:18'),(369,40,'rural09.jpg','image/jpeg',1548607,NULL,'2012-05-24 10:39:18','2012-05-24 10:39:18'),(370,40,'rural11.jpg','image/jpeg',5706627,NULL,'2012-05-24 10:39:18','2012-05-24 10:39:18'),(371,40,'rural10.jpg','image/jpeg',4470614,NULL,'2012-05-24 10:39:18','2012-05-24 10:39:18'),(372,40,'rural02.jpg','image/jpeg',105745,NULL,'2012-05-24 10:39:18','2012-05-24 10:39:18'),(373,40,'rural03.jpg','image/jpeg',155337,NULL,'2012-05-24 10:39:18','2012-05-24 10:39:18'),(374,40,'rural07.jpg','image/jpeg',5121016,NULL,'2012-05-24 10:39:18','2012-05-24 10:39:18'),(375,40,'rural15.jpg','image/jpeg',4431484,NULL,'2012-05-24 10:39:18','2012-05-24 10:39:18'),(376,40,'rural05.jpg','image/jpeg',1842430,NULL,'2012-05-24 10:39:18','2012-05-24 10:39:18'),(377,40,'rural12.jpg','image/jpeg',3325430,NULL,'2012-05-24 10:39:18','2012-05-24 10:39:18'),(378,40,'rural14.jpg','image/jpeg',3269747,NULL,'2012-05-24 10:39:18','2012-05-24 10:39:18'),(379,40,'rural04.jpg','image/jpeg',2087289,NULL,'2012-05-24 10:39:18','2012-05-24 10:39:18'),(380,40,'rural13.jpg','image/jpeg',2666339,NULL,'2012-05-24 10:39:18','2012-05-24 10:39:18'),(381,40,'rural16.jpg','image/jpeg',8351818,NULL,'2012-05-24 10:39:18','2012-05-24 10:39:18'),(382,40,'rural08.jpg','image/jpeg',852384,NULL,'2012-05-24 10:39:18','2012-05-24 10:39:18'),(383,41,'graphique07.jpg','image/jpeg',1971104,NULL,'2012-05-24 10:39:18','2012-05-24 10:39:18'),(384,41,'graphique03.jpg','image/jpeg',413851,NULL,'2012-05-24 10:39:18','2012-05-24 10:39:18'),(385,41,'graphique09.jpg','image/jpeg',153080,NULL,'2012-05-24 10:39:18','2012-05-24 10:39:18'),(386,41,'graphique10.jpg','image/jpeg',476364,NULL,'2012-05-24 10:39:18','2012-05-24 10:39:18'),(387,41,'graphique04.jpg','image/jpeg',330614,NULL,'2012-05-24 10:39:18','2012-05-24 10:39:18'),(388,41,'graphique08.jpg','image/jpeg',550730,NULL,'2012-05-24 10:39:18','2012-05-24 10:39:18'),(389,41,'graphique02.jpg','image/jpeg',723757,NULL,'2012-05-24 10:39:18','2012-05-24 10:39:18'),(390,41,'graphique06.jpg','image/jpeg',338586,NULL,'2012-05-24 10:39:18','2012-05-24 10:39:18'),(391,41,'graphique05.jpg','image/jpeg',282142,NULL,'2012-05-24 10:39:18','2012-05-24 10:39:18'),(392,41,'graphique01.jpg','image/jpeg',494136,NULL,'2012-05-24 10:39:18','2012-05-24 10:39:18'),(393,42,'personnes43.jpg','image/jpeg',199401,NULL,'2012-05-24 10:39:18','2012-05-24 10:39:18'),(394,42,'personnes23.jpg','image/jpeg',820872,NULL,'2012-05-24 10:39:18','2012-05-24 10:39:18'),(395,42,'personnes56.jpg','image/jpeg',114470,NULL,'2012-05-24 10:39:18','2012-05-24 10:39:18'),(396,42,'personnes54.jpg','image/jpeg',172447,NULL,'2012-05-24 10:39:18','2012-05-24 10:39:18'),(397,42,'personnes53.jpg','image/jpeg',286607,NULL,'2012-05-24 10:39:18','2012-05-24 10:39:18'),(398,42,'personnes44.jpg','image/jpeg',351978,NULL,'2012-05-24 10:39:18','2012-05-24 10:39:18'),(399,42,'personnes37.jpg','image/jpeg',374618,NULL,'2012-05-24 10:39:18','2012-05-24 10:39:18'),(400,42,'personnes39.jpg','image/jpeg',306504,NULL,'2012-05-24 10:39:18','2012-05-24 10:39:18'),(401,42,'personnes36.jpg','image/jpeg',941317,NULL,'2012-05-24 10:39:18','2012-05-24 10:39:18'),(402,42,'personnes14.jpg','image/jpeg',286159,NULL,'2012-05-24 10:39:18','2012-05-24 10:39:18'),(403,42,'personnes08.jpg','image/jpeg',1353394,NULL,'2012-05-24 10:39:18','2012-05-24 10:39:18'),(404,42,'personnes13.jpg','image/jpeg',87976,NULL,'2012-05-24 10:39:18','2012-05-24 10:39:18'),(405,42,'personnes52.jpg','image/jpeg',347632,NULL,'2012-05-24 10:39:18','2012-05-24 10:39:18'),(406,42,'personnes17.jpg','image/jpeg',237811,NULL,'2012-05-24 10:39:18','2012-05-24 10:39:18'),(407,42,'personnes15.jpg','image/jpeg',244195,NULL,'2012-05-24 10:39:18','2012-05-24 10:39:18'),(408,42,'personnes32.jpg','image/jpeg',296329,NULL,'2012-05-24 10:39:18','2012-05-24 10:39:18'),(409,42,'personnes60.jpg','image/jpeg',417008,NULL,'2012-05-24 10:39:18','2012-05-24 10:39:18'),(410,42,'personnes55.jpg','image/jpeg',157303,NULL,'2012-05-24 10:39:18','2012-05-24 10:39:18'),(411,42,'personnes28.jpg','image/jpeg',161482,NULL,'2012-05-24 10:39:18','2012-05-24 10:39:18'),(412,42,'personnes27.jpg','image/jpeg',158478,NULL,'2012-05-24 10:39:18','2012-05-24 10:39:18'),(413,42,'personnes02.jpg','image/jpeg',342100,NULL,'2012-05-24 10:39:18','2012-05-24 10:39:18'),(414,42,'personnes35.jpg','image/jpeg',716288,NULL,'2012-05-24 10:39:18','2012-05-24 10:39:18'),(415,42,'personnes47.jpg','image/jpeg',239140,NULL,'2012-05-24 10:39:18','2012-05-24 10:39:18'),(416,42,'personnes26.jpg','image/jpeg',157536,NULL,'2012-05-24 10:39:18','2012-05-24 10:39:18'),(417,42,'personnes42.jpg','image/jpeg',269092,NULL,'2012-05-24 10:39:18','2012-05-24 10:39:18'),(418,42,'personnes24.jpg','image/jpeg',562267,NULL,'2012-05-24 10:39:18','2012-05-24 10:39:18'),(419,42,'personnes45.jpg','image/jpeg',353831,NULL,'2012-05-24 10:39:18','2012-05-24 10:39:18'),(420,42,'personnes51.jpg','image/jpeg',245166,NULL,'2012-05-24 10:39:18','2012-05-24 10:39:18'),(421,42,'personnes40.jpg','image/jpeg',238269,NULL,'2012-05-24 10:39:18','2012-05-24 10:39:18'),(422,42,'personnes21.jpg','image/jpeg',208984,NULL,'2012-05-24 10:39:18','2012-05-24 10:39:18'),(423,42,'personnes58.jpg','image/jpeg',198936,NULL,'2012-05-24 10:39:18','2012-05-24 10:39:18'),(424,42,'personnes49.jpg','image/jpeg',514845,NULL,'2012-05-24 10:39:18','2012-05-24 10:39:18'),(425,42,'personnes34.jpg','image/jpeg',203738,NULL,'2012-05-24 10:39:18','2012-05-24 10:39:18'),(426,42,'personnes19.jpg','image/jpeg',187534,NULL,'2012-05-24 10:39:18','2012-05-24 10:39:18'),(427,42,'personnes38.jpg','image/jpeg',133292,NULL,'2012-05-24 10:39:18','2012-05-24 10:39:18'),(428,42,'personnes29.jpg','image/jpeg',269233,NULL,'2012-05-24 10:39:18','2012-05-24 10:39:18'),(429,42,'personnes59.jpg','image/jpeg',234505,NULL,'2012-05-24 10:39:18','2012-05-24 10:39:18'),(430,42,'personnes31.jpg','image/jpeg',258459,NULL,'2012-05-24 10:39:18','2012-05-24 10:39:18'),(431,42,'personnes41.jpg','image/jpeg',124962,NULL,'2012-05-24 10:39:18','2012-05-24 10:39:18'),(432,42,'personnes11.jpg','image/jpeg',857875,NULL,'2012-05-24 10:39:18','2012-05-24 10:39:18'),(433,42,'personnes25.jpg','image/jpeg',219596,NULL,'2012-05-24 10:39:18','2012-05-24 10:39:18'),(434,42,'personnes03.jpg','image/jpeg',230475,NULL,'2012-05-24 10:39:18','2012-05-24 10:39:18'),(435,42,'personnes50.jpg','image/jpeg',245468,NULL,'2012-05-24 10:39:18','2012-05-24 10:39:18'),(436,42,'personnes12.jpg','image/jpeg',943243,NULL,'2012-05-24 10:39:18','2012-05-24 10:39:18'),(437,42,'personnes01.jpg','image/jpeg',236289,NULL,'2012-05-24 10:39:18','2012-05-24 10:39:18'),(438,42,'personnes18.jpg','image/jpeg',374363,NULL,'2012-05-24 10:39:18','2012-05-24 10:39:18'),(439,42,'personnes30.jpg','image/jpeg',160609,NULL,'2012-05-24 10:39:18','2012-05-24 10:39:18'),(440,42,'personnes22.jpg','image/jpeg',156361,NULL,'2012-05-24 10:39:18','2012-05-24 10:39:18'),(441,42,'personnes46.jpg','image/jpeg',260428,NULL,'2012-05-24 10:39:18','2012-05-24 10:39:18'),(442,42,'personnes06.jpg','image/jpeg',233585,NULL,'2012-05-24 10:39:18','2012-05-24 10:39:18'),(443,42,'personnes05.jpg','image/jpeg',320411,NULL,'2012-05-24 10:39:18','2012-05-24 10:39:18'),(444,42,'personnes16.jpg','image/jpeg',242111,NULL,'2012-05-24 10:39:18','2012-05-24 10:39:18'),(445,42,'personnes20.jpg','image/jpeg',92242,NULL,'2012-05-24 10:39:18','2012-05-24 10:39:18'),(446,42,'personnes33.jpg','image/jpeg',313180,NULL,'2012-05-24 10:39:18','2012-05-24 10:39:18'),(447,42,'personnes57.jpg','image/jpeg',54915,NULL,'2012-05-24 10:39:18','2012-05-24 10:39:18'),(448,42,'personnes48.jpg','image/jpeg',252250,NULL,'2012-05-24 10:39:18','2012-05-24 10:39:18'),(449,42,'personnes10.jpg','image/jpeg',1691796,NULL,'2012-05-24 10:39:18','2012-05-24 10:39:18'),(450,42,'personnes04.jpg','image/jpeg',432651,NULL,'2012-05-24 10:39:18','2012-05-24 10:39:18'),(451,42,'personnes07.jpg','image/jpeg',296529,NULL,'2012-05-24 10:39:18','2012-05-24 10:39:18'),(452,42,'personnes09.jpg','image/jpeg',684846,NULL,'2012-05-24 10:39:18','2012-05-24 10:39:18'),(453,43,'generique-250x250.swf','application/x-shockwave-flash',224227,NULL,'2012-05-24 10:39:18','2012-05-24 10:39:18'),(454,43,'services-250x250.swf','application/x-shockwave-flash',7548,NULL,'2012-05-24 10:39:18','2012-05-24 10:39:18'),(455,43,'recrutement-250x250.swf','application/x-shockwave-flash',115265,NULL,'2012-05-24 10:39:18','2012-05-24 10:39:18'),(456,43,'espacecol-250x250.swf','application/x-shockwave-flash',45604,NULL,'2012-05-24 10:39:18','2012-05-24 10:39:18'),(457,43,'gestion-250x250.swf','application/x-shockwave-flash',39317,NULL,'2012-05-24 10:39:18','2012-05-24 10:39:18'),(458,43,'modulecrea-250x250.swf','application/x-shockwave-flash',165477,NULL,'2012-05-24 10:39:18','2012-05-24 10:39:18'),(459,46,'logolight.png','image/png',3838,NULL,'2012-05-24 10:39:18','2012-05-24 10:39:18'),(460,46,'logofulldark.png','image/png',8298,NULL,'2012-05-24 10:39:18','2012-05-24 10:39:18'),(461,46,'logofull.png','image/png',8216,NULL,'2012-05-24 10:39:18','2012-05-24 10:39:18'),(462,47,'logolight.png','image/png',2514,NULL,'2012-05-24 10:39:18','2012-05-24 10:39:18'),(463,47,'logofulldark.png','image/png',7836,NULL,'2012-05-24 10:39:18','2012-05-24 10:39:18'),(464,47,'logofull.png','image/png',7814,NULL,'2012-05-24 10:39:18','2012-05-24 10:39:18'),(465,48,'logo-cci.png','image/png',71023,NULL,'2012-05-24 10:39:18','2012-05-24 10:39:18'),(466,48,'logo-auto-entrepreneur.png','image/png',112121,NULL,'2012-05-24 10:39:18','2012-05-24 10:39:18'),(467,48,'logo-services_personne.png','image/png',60298,NULL,'2012-05-24 10:39:18','2012-05-24 10:39:18'),(468,48,'logo-apce.png','image/png',70777,NULL,'2012-05-24 10:39:18','2012-05-24 10:39:18'),(469,48,'logo-nacre.png','image/png',21927,NULL,'2012-05-24 10:39:18','2012-05-24 10:39:18'),(470,48,'logo-cma.png','image/png',48967,NULL,'2012-05-24 10:39:18','2012-05-24 10:39:18'),(471,49,'logo-ec.png','image/png',34072,NULL,'2012-05-24 10:39:18','2012-05-24 10:39:18'),(472,50,'logo-infinitis.png','image/png',419662,NULL,'2012-05-24 10:39:18','2012-05-24 10:39:18'),(473,51,'logo-lesechosfr.png','image/png',19988,NULL,'2012-05-24 10:39:18','2012-05-24 10:39:18'),(474,53,'portrait_femme01.jpg','image/jpeg',80176,NULL,'2012-05-29 14:31:52','2012-05-29 14:31:52'),(475,53,'portrait_homme08.jpg','image/jpeg',81847,NULL,'2012-05-29 14:31:52','2012-05-29 14:31:52'),(476,53,'portrait_femme02.jpg','image/jpeg',89352,NULL,'2012-05-29 14:31:52','2012-05-29 14:31:52'),(477,53,'portrait_femme05.jpg','image/jpeg',74597,NULL,'2012-05-29 14:31:52','2012-05-29 14:31:52'),(478,53,'portrait_femme03.jpg','image/jpeg',99290,NULL,'2012-05-29 14:31:52','2012-05-29 14:31:52'),(479,53,'portrait_homme09.jpg','image/jpeg',71406,NULL,'2012-05-29 14:31:52','2012-05-29 14:31:52'),(480,53,'portrait_homme07.jpg','image/jpeg',67317,NULL,'2012-05-29 14:31:52','2012-05-29 14:31:52'),(481,53,'portrait_femme07.jpg','image/jpeg',64968,NULL,'2012-05-29 14:31:52','2012-05-29 14:31:52'),(482,53,'portrait_homme05.jpg','image/jpeg',56115,NULL,'2012-05-29 14:31:52','2012-05-29 14:31:52'),(483,53,'portrait_homme03.jpg','image/jpeg',64052,NULL,'2012-05-29 14:31:52','2012-05-29 14:31:52'),(484,53,'portrait_homme04.jpg','image/jpeg',71372,NULL,'2012-05-29 14:31:52','2012-05-29 14:31:52'),(485,53,'portrait_homme02.jpg','image/jpeg',66881,NULL,'2012-05-29 14:31:52','2012-05-29 14:31:52'),(486,53,'portrait_femme04.jpg','image/jpeg',84304,NULL,'2012-05-29 14:31:52','2012-05-29 14:31:52'),(487,53,'portrait_femme08.jpg','image/jpeg',92248,NULL,'2012-05-29 14:31:52','2012-05-29 14:31:52'),(488,53,'portrait_femme09.jpg','image/jpeg',82769,NULL,'2012-05-29 14:31:52','2012-05-29 14:31:52'),(489,53,'portrait_homme01.jpg','image/jpeg',58143,NULL,'2012-05-29 14:31:52','2012-05-29 14:31:52'),(490,53,'portrait_femme06.jpg','image/jpeg',107571,NULL,'2012-05-29 14:31:52','2012-05-29 14:31:52'),(491,53,'portrait_homme06.jpg','image/jpeg',54737,NULL,'2012-05-29 14:31:52','2012-05-29 14:31:52'),(492,43,'CGP-EspaceCol-250x250.swf','application/x-shockwave-flash',46341,NULL,'2012-05-31 14:12:19','2012-05-31 14:12:19'),(493,43,'CGP-audit patrimonial pro-250x250.swf','application/x-shockwave-flash',291070,NULL,'2012-05-31 14:12:19','2012-05-31 14:12:19'),(494,43,'CGP-services-250x250.swf','application/x-shockwave-flash',9205,NULL,'2012-05-31 14:12:19','2012-05-31 14:12:19'),(495,43,'CGP-audit patrimonial perso-250x250.swf','application/x-shockwave-flash',307349,NULL,'2012-05-31 14:12:19','2012-05-31 14:12:19'),(496,43,'CGP-250x250-transmission.swf','application/x-shockwave-flash',8146,NULL,'2012-05-31 14:12:19','2012-05-31 14:12:19'),(497,43,'CGP-generique-250x250.swf','application/x-shockwave-flash',223793,NULL,'2012-05-31 14:12:19','2012-05-31 14:12:19'),(498,2,'header-newsletter.png','image/png',8921,NULL,'2012-06-13 13:58:41','2012-06-13 13:58:41'),(499,55,'dessin201101-01-s.png','image/png',330570,NULL,'2012-06-13 13:58:42','2012-06-13 13:58:42'),(500,55,'dessin201202-06-s.png','image/png',1200327,NULL,'2012-06-13 13:58:42','2012-06-13 13:58:42'),(501,55,'dessin201201-03-s.png','image/png',369260,NULL,'2012-06-13 13:58:42','2012-06-13 13:58:42'),(502,55,'dessin201009-36-s.png','image/png',243357,NULL,'2012-06-13 13:58:42','2012-06-13 13:58:42'),(503,55,'dessin201205-19-s.png','image/png',1948299,NULL,'2012-06-13 13:58:42','2012-06-13 13:58:42'),(504,55,'dessin201201-04-s.png','image/png',1457749,NULL,'2012-06-13 13:58:42','2012-06-13 13:58:42'),(505,55,'dessin201202-08-s.png','image/png',331673,NULL,'2012-06-13 13:58:42','2012-06-13 13:58:42'),(506,55,'dessin201110-42-s.png','image/png',232550,NULL,'2012-06-13 13:58:42','2012-06-13 13:58:42'),(507,55,'dessin201106-24-s.png','image/png',252643,NULL,'2012-06-13 13:58:42','2012-06-13 13:58:42'),(508,55,'dessin201009-39-s.png','image/png',6427410,NULL,'2012-06-13 13:58:42','2012-06-13 13:58:42'),(509,55,'dessin201203-09-s.png','image/png',351227,NULL,'2012-06-13 13:58:42','2012-06-13 13:58:42'),(510,55,'dessin201104-15-s.png','image/png',409908,NULL,'2012-06-13 13:58:42','2012-06-13 13:58:42'),(511,55,'dessin201105-19-s.png','image/png',472154,NULL,'2012-06-13 13:58:42','2012-06-13 13:58:42'),(512,55,'dessin201203-12-s.png','image/png',200667,NULL,'2012-06-13 13:58:42','2012-06-13 13:58:42'),(513,55,'dessin201206-25-s.png','image/png',319264,NULL,'2012-06-13 13:58:42','2012-06-13 13:58:42'),(514,55,'dessin201008-34-s.png','image/png',265307,NULL,'2012-06-13 13:58:42','2012-06-13 13:58:42'),(515,55,'dessin201201-01-s.png','image/png',193130,NULL,'2012-06-13 13:58:42','2012-06-13 13:58:42'),(516,55,'dessin201204-16-s.png','image/png',1984797,NULL,'2012-06-13 13:58:42','2012-06-13 13:58:42'),(517,55,'dessin201205-20-s.png','image/png',299447,NULL,'2012-06-13 13:58:42','2012-06-13 13:58:42'),(518,55,'dessin201012-52-s.png','image/png',217616,NULL,'2012-06-13 13:58:42','2012-06-13 13:58:42'),(519,55,'dessin201107-30-s.png','image/png',338374,NULL,'2012-06-13 13:58:42','2012-06-13 13:58:42'),(520,55,'dessin201106-26-s.png','image/png',5018323,NULL,'2012-06-13 13:58:42','2012-06-13 13:58:42'),(521,55,'dessin201011-47-s.png','image/png',272522,NULL,'2012-06-13 13:58:42','2012-06-13 13:58:42'),(522,55,'dessin201104-16-s.png','image/png',208883,NULL,'2012-06-13 13:58:42','2012-06-13 13:58:42'),(523,55,'dessin201108-34-s.png','image/png',333246,NULL,'2012-06-13 13:58:42','2012-06-13 13:58:42'),(524,55,'dessin201104-14-s.png','image/png',400822,NULL,'2012-06-13 13:58:42','2012-06-13 13:58:42'),(525,55,'dessin201103-10-s.png','image/png',292526,NULL,'2012-06-13 13:58:42','2012-06-13 13:58:42'),(526,55,'dessin201112-52-s.png','image/png',270825,NULL,'2012-06-13 13:58:42','2012-06-13 13:58:42'),(527,55,'dessin201112-49-s.png','image/png',2302694,NULL,'2012-06-13 13:58:42','2012-06-13 13:58:42'),(528,55,'dessin201109-35-s.png','image/png',315711,NULL,'2012-06-13 13:58:42','2012-06-13 13:58:42'),(529,55,'dessin201111-47-s.png','image/png',434851,NULL,'2012-06-13 13:58:42','2012-06-13 13:58:42'),(530,55,'dessin201109-37-s.png','image/png',277910,NULL,'2012-06-13 13:58:42','2012-06-13 13:58:42'),(531,55,'dessin201111-44-s.png','image/png',291819,NULL,'2012-06-13 13:58:42','2012-06-13 13:58:42'),(532,55,'dessin201107-28-s.png','image/png',259196,NULL,'2012-06-13 13:58:42','2012-06-13 13:58:42'),(533,55,'dessin201111-46-s.png','image/png',348053,NULL,'2012-06-13 13:58:42','2012-06-13 13:58:42'),(534,55,'dessin201203-11-s.png','image/png',384563,NULL,'2012-06-13 13:58:42','2012-06-13 13:58:42'),(535,55,'dessin201109-36-s.png','image/png',451104,NULL,'2012-06-13 13:58:42','2012-06-13 13:58:42'),(536,55,'dessin201101-02-s.png','image/png',340062,NULL,'2012-06-13 13:58:42','2012-06-13 13:58:42'),(537,55,'dessin201009-37-s.png','image/png',331167,NULL,'2012-06-13 13:58:42','2012-06-13 13:58:42'),(538,55,'dessin201010-40-s.png','image/png',326450,NULL,'2012-06-13 13:58:42','2012-06-13 13:58:42'),(539,55,'dessin201204-17-s.png','image/png',445165,NULL,'2012-06-13 13:58:42','2012-06-13 13:58:42'),(540,55,'dessin201112-51-s.png','image/png',265869,NULL,'2012-06-13 13:58:42','2012-06-13 13:58:42'),(541,55,'dessin201202-05-s.png','image/png',349404,NULL,'2012-06-13 13:58:42','2012-06-13 13:58:42'),(542,55,'dessin201102-07-s.png','image/png',1356330,NULL,'2012-06-13 13:58:42','2012-06-13 13:58:42'),(543,55,'dessin201103-12-s.png','image/png',278673,NULL,'2012-06-13 13:58:42','2012-06-13 13:58:42'),(544,55,'dessin201009-35-s.png','image/png',335203,NULL,'2012-06-13 13:58:42','2012-06-13 13:58:42'),(545,55,'dessin201012-49-s.png','image/png',468013,NULL,'2012-06-13 13:58:42','2012-06-13 13:58:42'),(546,55,'dessin201106-25-s.png','image/png',358386,NULL,'2012-06-13 13:58:42','2012-06-13 13:58:42'),(547,55,'dessin201204-15-s.png','image/png',289328,NULL,'2012-06-13 13:58:42','2012-06-13 13:58:42'),(548,55,'dessin201010-41-s.png','image/png',232894,NULL,'2012-06-13 13:58:42','2012-06-13 13:58:42'),(549,55,'dessin201010-42-s.png','image/png',516326,NULL,'2012-06-13 13:58:42','2012-06-13 13:58:42'),(550,55,'dessin201011-45-s.png','image/png',340803,NULL,'2012-06-13 13:58:42','2012-06-13 13:58:42'),(551,55,'dessin201110-40-s.png','image/png',328155,NULL,'2012-06-13 13:58:42','2012-06-13 13:58:42'),(552,55,'dessin201101-03-s.png','image/png',175212,NULL,'2012-06-13 13:58:42','2012-06-13 13:58:42'),(553,55,'dessin201204-14-s.png','image/png',1006071,NULL,'2012-06-13 13:58:42','2012-06-13 13:58:42'),(554,55,'dessin201109-39-s.png','image/png',427769,NULL,'2012-06-13 13:58:42','2012-06-13 13:58:42'),(555,55,'dessin201103-09-s.png','image/png',457359,NULL,'2012-06-13 13:58:42','2012-06-13 13:58:42'),(556,55,'dessin201206-24-s.png','image/png',380778,NULL,'2012-06-13 13:58:42','2012-06-13 13:58:42'),(557,55,'dessin201102-06-s.png','image/png',359864,NULL,'2012-06-13 13:58:42','2012-06-13 13:58:42'),(558,55,'dessin201108-31-s.png','image/png',215081,NULL,'2012-06-13 13:58:42','2012-06-13 13:58:42'),(559,55,'dessin201012-48-s.png','image/png',263489,NULL,'2012-06-13 13:58:42','2012-06-13 13:58:42'),(560,55,'dessin201102-08-s.png','image/png',317820,NULL,'2012-06-13 13:58:42','2012-06-13 13:58:42'),(561,55,'dessin201108-33-s.png','image/png',238131,NULL,'2012-06-13 13:58:42','2012-06-13 13:58:42'),(562,55,'dessin201011-44-s.png','image/png',259515,NULL,'2012-06-13 13:58:42','2012-06-13 13:58:42'),(563,55,'dessin201103-13-s.png','image/png',200577,NULL,'2012-06-13 13:58:42','2012-06-13 13:58:42'),(564,55,'dessin201105-21-s.png','image/png',1449713,NULL,'2012-06-13 13:58:42','2012-06-13 13:58:42'),(565,55,'dessin201012-51-s.png','image/png',525938,NULL,'2012-06-13 13:58:42','2012-06-13 13:58:42'),(566,55,'dessin201103-11-s.png','image/png',245765,NULL,'2012-06-13 13:58:42','2012-06-13 13:58:42'),(567,55,'dessin201202-07-s.png','image/png',221923,NULL,'2012-06-13 13:58:42','2012-06-13 13:58:42'),(568,55,'dessin201105-20-s.png','image/png',429902,NULL,'2012-06-13 13:58:42','2012-06-13 13:58:42'),(569,55,'dessin201102-05-s.png','image/png',331778,NULL,'2012-06-13 13:58:42','2012-06-13 13:58:42'),(570,55,'dessin201106-23-s.png','image/png',292953,NULL,'2012-06-13 13:58:42','2012-06-13 13:58:42'),(571,55,'dessin201011-46-s.png','image/png',225347,NULL,'2012-06-13 13:58:42','2012-06-13 13:58:42'),(572,55,'dessin201110-43-s.png','image/png',418209,NULL,'2012-06-13 13:58:42','2012-06-13 13:58:42'),(573,55,'dessin201206-23-s.png','image/png',246893,NULL,'2012-06-13 13:58:42','2012-06-13 13:58:42'),(574,55,'dessin201111-45-s.png','image/png',6191453,NULL,'2012-06-13 13:58:42','2012-06-13 13:58:42'),(575,55,'dessin201110-41-s.png','image/png',386431,NULL,'2012-06-13 13:58:42','2012-06-13 13:58:42'),(576,55,'dessin201107-27-s.png','image/png',306910,NULL,'2012-06-13 13:58:42','2012-06-13 13:58:42'),(577,55,'dessin201101-04-s.png','image/png',477812,NULL,'2012-06-13 13:58:42','2012-06-13 13:58:42'),(578,55,'dessin201104-17-s.png','image/png',330587,NULL,'2012-06-13 13:58:42','2012-06-13 13:58:42'),(579,55,'dessin201109-38-s.png','image/png',419534,NULL,'2012-06-13 13:58:42','2012-06-13 13:58:42'),(580,55,'dessin201007-30-s.png','image/png',195648,NULL,'2012-06-13 13:58:42','2012-06-13 13:58:42'),(581,55,'dessin201108-32-s.png','image/png',410231,NULL,'2012-06-13 13:58:42','2012-06-13 13:58:42'),(582,55,'dessin201205-18-s.png','image/png',594620,NULL,'2012-06-13 13:58:42','2012-06-13 13:58:42'),(583,55,'dessin201009-38-s.png','image/png',586123,NULL,'2012-06-13 13:58:42','2012-06-13 13:58:42'),(584,55,'dessin201107-29-s.png','image/png',310532,NULL,'2012-06-13 13:58:42','2012-06-13 13:58:42'),(585,55,'dessin201112-50-s.png','image/png',227684,NULL,'2012-06-13 13:58:42','2012-06-13 13:58:42'),(586,55,'dessin201105-18-s.png','image/png',309395,NULL,'2012-06-13 13:58:42','2012-06-13 13:58:42'),(587,55,'dessin201205-22-s.png','image/png',332472,NULL,'2012-06-13 13:58:42','2012-06-13 13:58:42'),(588,55,'dessin201012-50-s.png','image/png',336645,NULL,'2012-06-13 13:58:42','2012-06-13 13:58:42'),(589,55,'dessin201010-43-s.png','image/png',293731,NULL,'2012-06-13 13:58:42','2012-06-13 13:58:42'),(590,55,'dessin201203-13-s.png','image/png',2207247,NULL,'2012-06-13 13:58:42','2012-06-13 13:58:42'),(591,55,'dessin201112-48-s.png','image/png',850077,NULL,'2012-06-13 13:58:42','2012-06-13 13:58:42'),(592,55,'dessin201205-21-s.png','image/png',262006,NULL,'2012-06-13 13:58:42','2012-06-13 13:58:42'),(593,55,'dessin201106-22-s.png','image/png',199978,NULL,'2012-06-13 13:58:42','2012-06-13 13:58:42'),(594,55,'dessin201206-26-s.png','image/png',354614,NULL,'2012-06-13 13:58:42','2012-06-13 13:58:42'),(595,55,'dessin201203-10-s.png','image/png',491770,NULL,'2012-06-13 13:58:42','2012-06-13 13:58:42'),(596,55,'dessin201201-02-s.png','image/png',250415,NULL,'2012-06-13 13:58:42','2012-06-13 13:58:42'),(597,56,'mission-conseils.jpg','image/jpeg',211678,NULL,'2012-06-13 13:58:42','2012-06-13 13:58:42'),(598,56,'mission-collectivites.jpg','image/jpeg',183653,NULL,'2012-06-13 13:58:42','2012-06-13 13:58:42'),(599,56,'mission-juridique.jpg','image/jpeg',172146,NULL,'2012-06-13 13:58:42','2012-06-13 13:58:42'),(600,56,'mission-organisation.jpg','image/jpeg',101402,NULL,'2012-06-13 13:58:42','2012-06-13 13:58:42'),(601,56,'mission-sociale.jpg','image/jpeg',194173,NULL,'2012-06-13 13:58:42','2012-06-13 13:58:42'),(602,56,'cabinet-service.jpg','image/jpeg',155852,NULL,'2012-06-13 13:58:42','2012-06-13 13:58:42'),(603,56,'mission-compta.jpg','image/jpeg',133183,NULL,'2012-06-13 13:58:42','2012-06-13 13:58:42'),(604,56,'mission-informatique.jpg','image/jpeg',97112,NULL,'2012-06-13 13:58:42','2012-06-13 13:58:42'),(605,57,'actualite-reunion.jpg','image/jpeg',110378,NULL,'2012-06-13 13:58:42','2012-06-13 13:58:42'),(606,57,'actualite-cabinet-parternaire.jpg','image/jpeg',290574,NULL,'2012-06-13 13:58:42','2012-06-13 13:58:42'),(607,57,'actualite-collaborateur-nouveau.jpg','image/jpeg',170869,NULL,'2012-06-13 13:58:42','2012-06-13 13:58:42'),(608,57,'lyon-photo-34.jpg','image/jpeg',160258,NULL,'2012-06-14 15:15:05','2012-06-14 15:15:05'),(609,58,'cabinet-accueil.jpg','image/jpeg',1302710,NULL,'2012-06-14 15:15:05','2012-06-14 15:15:05'),(610,55,'dessin201207-27-s.png','image/png',395463,NULL,'2012-06-29 15:15:31','2012-06-29 15:15:31'),(611,55,'dessin201207-28-s.png','image/png',290963,NULL,'2012-06-29 15:15:31','2012-06-29 15:15:31'),(612,55,'dessin201208-31-s.png','image/png',300206,NULL,'2012-07-10 15:51:20','2012-07-10 15:51:20'),(613,55,'dessin201208-33-s.png','image/png',337924,NULL,'2012-07-10 15:51:20','2012-07-10 15:51:20'),(614,55,'dessin201207-30-s.png','image/png',1913622,NULL,'2012-07-10 15:51:20','2012-07-10 15:51:20'),(615,55,'dessin201208-32-s.png','image/png',367511,NULL,'2012-07-10 15:51:20','2012-07-10 15:51:20'),(616,55,'dessin201208-34-s.png','image/png',1551798,NULL,'2012-07-10 15:51:20','2012-07-10 15:51:20'),(617,55,'dessin201207-29-s.png','image/png',1991710,NULL,'2012-07-10 15:51:20','2012-07-10 15:51:20');
/*!40000 ALTER TABLE `dm_media` ENABLE KEYS */;
UNLOCK TABLES;

--
-- Dumping data for table `dm_media_folder`
--

LOCK TABLES `dm_media_folder` WRITE;
/*!40000 ALTER TABLE `dm_media_folder` DISABLE KEYS */;
INSERT INTO `dm_media_folder` (`id`, `rel_path`, `lft`, `rgt`, `level`) VALUES (1,'',1,84,0),(2,'assets',2,3,1),(3,'widget',4,5,1),(9,'sites_utiles',6,7,1),(31,'_common',28,83,1),(32,'_common/videotheque',67,68,2),(33,'_common/phototheque',47,66,2),(34,'_common/phototheque/professionnel',64,65,3),(35,'_common/phototheque/alpin',62,63,3),(36,'_common/phototheque/maritime',60,61,3),(37,'_common/phototheque/urbain',58,59,3),(38,'_common/phototheque/technologique',56,57,3),(39,'_common/phototheque/zen',54,55,3),(40,'_common/phototheque/rural',52,53,3),(41,'_common/phototheque/graphique',50,51,3),(42,'_common/phototheque/personnes',48,49,3),(43,'_common/pubotheque',45,46,2),(44,'_common/logotheque',29,44,2),(45,'_common/logotheque/demoref',38,43,3),(46,'_common/logotheque/demoref/ec',41,42,4),(47,'_common/logotheque/demoref/cgp',39,40,4),(48,'_common/logotheque/organismes',36,37,3),(49,'_common/logotheque/expert-comptable',34,35,3),(50,'_common/logotheque/infinitis',32,33,3),(51,'_common/logotheque/lesechos',30,31,3),(52,'_common/demotheque',69,78,2),(53,'_common/demotheque/equipe',70,71,3),(54,'_common/infotheque',79,82,2),(55,'_common/infotheque/dessin',80,81,3),(56,'_common/demotheque/mission',74,75,3),(57,'_common/demotheque/sid_actu_article',72,73,3),(58,'_common/demotheque/page_cabinet',76,77,3);
/*!40000 ALTER TABLE `dm_media_folder` ENABLE KEYS */;
UNLOCK TABLES;

--
-- Dumping data for table `dm_media_translation`
--

LOCK TABLES `dm_media_translation` WRITE;
/*!40000 ALTER TABLE `dm_media_translation` DISABLE KEYS */;
INSERT INTO `dm_media_translation` (`id`, `legend`, `author`, `license`, `lang`) VALUES (104,'','','','fr'),(105,'','','','fr'),(106,'','','','fr'),(107,'','','','fr');
/*!40000 ALTER TABLE `dm_media_translation` ENABLE KEYS */;
UNLOCK TABLES;

--
-- Dumping data for table `dm_page`
--

LOCK TABLES `dm_page` WRITE;
/*!40000 ALTER TABLE `dm_page` DISABLE KEYS */;
INSERT INTO `dm_page` (`id`, `module`, `action`, `record_id`, `credentials`, `lft`, `rgt`, `level`) VALUES (1,'main','root',0,'',1,790,0),(2,'main','error404',0,NULL,4,5,1),(3,'main','signin',0,NULL,2,3,1),(5,'rubrique','list',0,'',6,601,1),(1548,'main','contact',0,NULL,602,603,1),(1591,'main','search',0,NULL,604,605,1),(6561,'main','filDActualite',0,'',688,689,1),(8418,'main','planDuSite',0,NULL,692,693,1),(23103,'main','bourse',0,'',731,732,2),(23218,'main','planDAcces',0,'',690,691,1),(25518,'main','simulateurs',0,'',733,766,2),(25519,'main','valeurAcquiseParUnCapitalPlaceAInteretsComposesPendantUneDureeDeterminee',0,NULL,734,735,3),(25520,'main','valeurAcquiseParUneSuiteDeVersementsConstants',0,NULL,736,737,3),(25521,'main','tauxDeRendementDUnCapital',0,NULL,738,739,3),(25522,'main','tauxDeRendementDUneSuiteDeVersement',0,NULL,740,741,3),(25523,'main','calculDuCapitalEmprunte',0,NULL,742,743,3),(25524,'main','calculDeLaDureeSelonVotreCapaciteDeRemboursement',0,NULL,744,745,3),(25525,'main','calculDuVersementPeriodique',0,NULL,746,747,3),(25526,'main','calculDuTaux',0,NULL,748,749,3),(25527,'main','calculDesLoyersConstants',0,NULL,750,751,3),(25528,'main','calculDuTauxReelCoutReelDuCreditBail',0,NULL,752,753,3),(25529,'main','calculDeLaDuree',0,NULL,754,755,3),(25530,'main','absencesEtCongesDuSalarie',0,NULL,756,757,3),(25531,'main','correspondanceJoursOuvresJoursOuvrables',0,NULL,758,759,3),(25532,'main','seuilDeRentabiliteEstimationRapide',0,NULL,760,761,3),(25533,'main','calculDesFraisKilometriquesVehiculesAutomobiles',0,NULL,762,763,3),(25534,'main','versementTransport',0,NULL,764,765,3),(28918,'rubrique','show',2,'',7,108,2),(28919,'rubrique','show',3,'',109,440,2),(28920,'rubrique','show',4,'',441,506,2),(28921,'rubrique','show',5,'',507,540,2),(28926,'section','show',4,'',8,59,3),(28927,'section','show',5,NULL,60,107,3),(28928,'section','show',6,'',110,405,3),(28929,'section','show',7,'',406,411,3),(28930,'section','show',8,'',412,425,3),(28931,'section','show',9,NULL,442,499,3),(28932,'section','show',10,NULL,500,505,3),(28933,'section','show',11,NULL,508,525,3),(28934,'section','show',12,NULL,526,535,3),(29180,'main','outilsPratiques',0,NULL,730,767,1),(29181,'sidActuArticle','list',0,NULL,768,769,1),(29182,'indexSitesUtiles','list',0,NULL,770,771,1),(29183,'groupeSitesUtiles','list',0,NULL,772,773,1),(29184,'pageCabinet','list',0,NULL,774,775,1),(29185,'recrutement','list',0,NULL,776,777,1),(29186,'selectionPlacement','list',0,NULL,778,779,1),(29187,'renseignements','list',0,NULL,780,783,1),(29188,'mission','list',0,NULL,784,785,1),(29204,'renseignements','show',2,NULL,781,782,2),(29395,'article','show',421,NULL,9,10,4),(29396,'article','show',422,NULL,11,12,4),(29397,'article','show',423,NULL,13,14,4),(29398,'article','show',424,NULL,15,16,4),(29399,'article','show',425,NULL,17,18,4),(29400,'article','show',426,NULL,19,20,4),(29401,'article','show',427,NULL,21,22,4),(29402,'article','show',428,NULL,23,24,4),(29403,'article','show',429,NULL,25,26,4),(29404,'article','show',430,NULL,27,28,4),(29405,'article','show',431,NULL,29,30,4),(29406,'article','show',432,NULL,31,32,4),(29407,'article','show',433,NULL,33,34,4),(29408,'article','show',434,NULL,35,36,4),(29409,'article','show',435,NULL,37,38,4),(29410,'article','show',436,NULL,39,40,4),(29411,'article','show',437,NULL,41,42,4),(29412,'article','show',438,NULL,43,44,4),(29413,'article','show',439,NULL,45,46,4),(29414,'article','show',440,NULL,47,48,4),(29415,'article','show',441,NULL,49,50,4),(29416,'article','show',442,NULL,51,52,4),(29417,'article','show',443,NULL,65,66,4),(29418,'article','show',444,NULL,321,322,4),(29419,'article','show',445,NULL,329,330,4),(29420,'article','show',446,NULL,355,356,4),(29421,'article','show',447,NULL,357,358,4),(29422,'article','show',448,NULL,363,364,4),(29423,'article','show',449,NULL,365,366,4),(29424,'article','show',450,NULL,367,368,4),(29425,'article','show',451,NULL,369,370,4),(29426,'article','show',452,NULL,371,372,4),(29427,'article','show',453,NULL,373,374,4),(29428,'article','show',454,NULL,375,376,4),(29429,'article','show',455,NULL,377,378,4),(29430,'article','show',456,NULL,379,380,4),(29431,'article','show',457,NULL,381,382,4),(29432,'article','show',458,NULL,383,384,4),(29433,'article','show',459,NULL,385,386,4),(29434,'article','show',460,NULL,387,388,4),(29435,'article','show',461,NULL,389,390,4),(29436,'article','show',462,NULL,391,392,4),(29437,'article','show',463,NULL,393,394,4),(29438,'article','show',464,NULL,395,396,4),(29439,'article','show',465,NULL,397,398,4),(29440,'article','show',466,NULL,399,400,4),(29441,'article','show',467,NULL,401,402,4),(29442,'article','show',468,NULL,403,404,4),(29443,'article','show',469,NULL,111,112,4),(29444,'article','show',470,NULL,113,114,4),(29445,'article','show',471,NULL,115,116,4),(29446,'article','show',472,NULL,117,118,4),(29447,'article','show',473,NULL,119,120,4),(29448,'article','show',474,NULL,121,122,4),(29449,'article','show',475,NULL,123,124,4),(29450,'article','show',476,NULL,125,126,4),(29451,'article','show',477,NULL,127,128,4),(29452,'article','show',478,NULL,129,130,4),(29453,'article','show',479,NULL,131,132,4),(29454,'article','show',480,NULL,133,134,4),(29455,'article','show',481,NULL,135,136,4),(29456,'article','show',482,NULL,137,138,4),(29457,'article','show',483,NULL,139,140,4),(29458,'article','show',484,NULL,141,142,4),(29459,'article','show',485,NULL,143,144,4),(29460,'article','show',486,NULL,145,146,4),(29461,'article','show',487,NULL,147,148,4),(29462,'article','show',488,NULL,149,150,4),(29463,'article','show',489,NULL,151,152,4),(29464,'article','show',490,NULL,153,154,4),(29465,'article','show',491,NULL,155,156,4),(29466,'article','show',492,NULL,157,158,4),(29467,'article','show',493,NULL,159,160,4),(29468,'article','show',494,NULL,161,162,4),(29469,'article','show',495,NULL,163,164,4),(29470,'article','show',496,NULL,165,166,4),(29471,'article','show',497,NULL,167,168,4),(29472,'article','show',498,NULL,169,170,4),(29473,'article','show',499,NULL,171,172,4),(29474,'article','show',500,NULL,173,174,4),(29475,'article','show',501,NULL,175,176,4),(29476,'article','show',502,NULL,177,178,4),(29477,'article','show',503,NULL,179,180,4),(29478,'article','show',504,NULL,181,182,4),(29479,'article','show',505,NULL,183,184,4),(29480,'article','show',506,NULL,185,186,4),(29481,'article','show',507,NULL,187,188,4),(29482,'article','show',508,NULL,189,190,4),(29483,'article','show',509,NULL,191,192,4),(29484,'article','show',510,NULL,193,194,4),(29485,'article','show',511,NULL,195,196,4),(29486,'article','show',512,NULL,197,198,4),(29487,'article','show',513,NULL,199,200,4),(29488,'article','show',514,NULL,201,202,4),(29489,'article','show',515,NULL,203,204,4),(29490,'article','show',516,NULL,205,206,4),(29491,'article','show',517,NULL,207,208,4),(29492,'article','show',518,NULL,209,210,4),(29493,'article','show',519,NULL,211,212,4),(29494,'article','show',520,NULL,213,214,4),(29495,'article','show',521,NULL,215,216,4),(29496,'article','show',522,NULL,217,218,4),(29497,'article','show',523,NULL,219,220,4),(29498,'article','show',524,NULL,221,222,4),(29499,'article','show',525,NULL,223,224,4),(29500,'article','show',526,NULL,225,226,4),(29501,'article','show',527,NULL,227,228,4),(29502,'article','show',528,NULL,229,230,4),(29503,'article','show',529,NULL,231,232,4),(29504,'article','show',530,NULL,233,234,4),(29505,'article','show',531,NULL,235,236,4),(29506,'article','show',532,NULL,237,238,4),(29507,'article','show',533,NULL,239,240,4),(29508,'article','show',534,NULL,241,242,4),(29509,'article','show',535,NULL,243,244,4),(29510,'article','show',536,NULL,245,246,4),(29511,'article','show',537,NULL,247,248,4),(29512,'article','show',538,NULL,249,250,4),(29513,'article','show',539,NULL,251,252,4),(29514,'article','show',540,NULL,253,254,4),(29515,'article','show',541,NULL,255,256,4),(29516,'article','show',542,NULL,257,258,4),(29517,'article','show',543,NULL,259,260,4),(29518,'article','show',544,NULL,261,262,4),(29519,'article','show',545,NULL,263,264,4),(29520,'article','show',546,NULL,265,266,4),(29521,'article','show',547,NULL,267,268,4),(29522,'article','show',548,NULL,269,270,4),(29523,'article','show',549,NULL,271,272,4),(29524,'article','show',550,NULL,273,274,4),(29525,'article','show',551,NULL,275,276,4),(29526,'article','show',552,NULL,277,278,4),(29527,'article','show',553,NULL,279,280,4),(29528,'article','show',554,NULL,281,282,4),(29529,'article','show',555,NULL,283,284,4),(29530,'article','show',556,NULL,285,286,4),(29531,'article','show',557,NULL,287,288,4),(29532,'article','show',558,NULL,289,290,4),(29533,'article','show',559,NULL,291,292,4),(29534,'article','show',560,NULL,293,294,4),(29535,'article','show',561,NULL,295,296,4),(29536,'article','show',562,NULL,297,298,4),(29537,'article','show',563,NULL,299,300,4),(29538,'article','show',564,NULL,301,302,4),(29539,'article','show',565,NULL,303,304,4),(29540,'article','show',566,NULL,305,306,4),(29541,'article','show',567,NULL,307,308,4),(29542,'article','show',568,NULL,309,310,4),(29543,'article','show',569,NULL,311,312,4),(29544,'article','show',570,NULL,313,314,4),(29545,'article','show',571,NULL,407,408,4),(29546,'article','show',572,NULL,409,410,4),(29547,'article','show',573,NULL,413,414,4),(29548,'article','show',574,NULL,415,416,4),(29549,'article','show',575,NULL,417,418,4),(29550,'article','show',576,NULL,447,448,4),(29551,'article','show',577,NULL,449,450,4),(29552,'article','show',578,NULL,451,452,4),(29553,'article','show',579,NULL,459,460,4),(29554,'article','show',580,NULL,461,462,4),(29555,'article','show',581,NULL,463,464,4),(29556,'article','show',582,NULL,465,466,4),(29557,'article','show',583,NULL,467,468,4),(29558,'article','show',584,NULL,469,470,4),(29559,'article','show',585,NULL,471,472,4),(29560,'article','show',586,NULL,473,474,4),(29561,'article','show',587,NULL,475,476,4),(29562,'article','show',588,NULL,477,478,4),(29563,'article','show',589,NULL,479,480,4),(29564,'article','show',590,NULL,481,482,4),(29565,'article','show',591,NULL,483,484,4),(29566,'article','show',592,NULL,485,486,4),(29567,'article','show',593,NULL,487,488,4),(29568,'article','show',594,NULL,489,490,4),(29569,'article','show',595,NULL,491,492,4),(29570,'article','show',596,NULL,443,444,4),(29571,'article','show',597,NULL,445,446,4),(29572,'article','show',598,NULL,453,454,4),(29573,'article','show',599,NULL,455,456,4),(29574,'article','show',600,NULL,501,502,4),(29575,'article','show',601,NULL,509,510,4),(29576,'article','show',602,NULL,511,512,4),(29577,'article','show',603,NULL,513,514,4),(29578,'article','show',604,NULL,515,516,4),(29579,'article','show',605,NULL,517,518,4),(29580,'article','show',606,NULL,519,520,4),(29581,'article','show',607,NULL,527,528,4),(29582,'article','show',608,NULL,529,530,4),(29583,'article','show',609,NULL,531,532,4),(29584,'article','show',610,NULL,533,534,4),(29585,'article','show',611,NULL,315,316,4),(29586,'article','show',612,NULL,317,318,4),(29587,'article','show',613,NULL,319,320,4),(29588,'article','show',614,NULL,457,458,4),(29589,'main','mentionsLegales',0,NULL,786,787,1),(29590,'article','show',615,NULL,53,54,4),(29591,'article','show',616,NULL,323,324,4),(29592,'article','show',617,NULL,325,326,4),(29593,'article','show',618,NULL,493,494,4),(29594,'article','show',619,NULL,327,328,4),(29595,'article','show',620,NULL,495,496,4),(29596,'article','show',621,NULL,497,498,4),(29597,'article','show',622,NULL,55,56,4),(29598,'article','show',623,NULL,331,332,4),(29599,'article','show',624,NULL,333,334,4),(29600,'article','show',625,NULL,335,336,4),(29601,'article','show',626,NULL,337,338,4),(29602,'article','show',627,NULL,339,340,4),(29603,'article','show',628,NULL,341,342,4),(29604,'sidAddedPages','list',0,NULL,788,789,1),(29605,'article','show',629,NULL,343,344,4),(29606,'article','show',630,NULL,345,346,4),(29607,'article','show',631,NULL,347,348,4),(29608,'article','show',632,NULL,349,350,4),(29609,'article','show',633,NULL,351,352,4),(29610,'article','show',634,NULL,419,420,4),(29611,'article','show',635,NULL,421,422,4),(29612,'section','show',13,NULL,426,439,3),(29613,'article','show',636,NULL,353,354,4),(29614,'article','show',637,NULL,427,428,4),(29615,'article','show',638,NULL,429,430,4),(29616,'article','show',639,NULL,431,432,4),(29617,'article','show',640,NULL,433,434,4),(29618,'article','show',641,NULL,435,436,4),(29619,'article','show',642,NULL,437,438,4),(29620,'article','show',643,NULL,61,62,4),(29621,'article','show',644,NULL,63,64,4),(29622,'article','show',645,NULL,359,360,4),(29623,'article','show',646,NULL,361,362,4),(29624,'article','show',647,NULL,423,424,4),(29625,'article','show',648,NULL,521,522,4),(29626,'article','show',649,NULL,523,524,4),(29627,'section','show',14,NULL,536,539,3),(29628,'article','show',650,NULL,503,504,4),(29629,'article','show',651,NULL,537,538,4),(29630,'article','show',652,NULL,57,58,4),(29631,'rubrique','show',7,NULL,541,600,2),(29632,'section','show',15,NULL,542,569,3),(29633,'section','show',16,NULL,570,583,3),(29634,'section','show',17,NULL,584,599,3),(29635,'article','show',653,NULL,543,544,4),(29636,'article','show',654,NULL,545,546,4),(29637,'article','show',655,NULL,547,548,4),(29638,'article','show',656,NULL,549,550,4),(29639,'article','show',657,NULL,551,552,4),(29640,'article','show',658,NULL,553,554,4),(29641,'article','show',659,NULL,555,556,4),(29642,'article','show',660,NULL,557,558,4),(29643,'article','show',661,NULL,559,560,4),(29644,'article','show',662,NULL,561,562,4),(29645,'article','show',663,NULL,563,564,4),(29646,'article','show',664,NULL,565,566,4),(29647,'article','show',665,NULL,567,568,4),(29648,'article','show',666,NULL,571,572,4),(29649,'article','show',667,NULL,573,574,4),(29650,'article','show',668,NULL,575,576,4),(29651,'article','show',669,NULL,577,578,4),(29652,'article','show',670,NULL,579,580,4),(29653,'article','show',671,NULL,581,582,4),(29654,'article','show',672,NULL,585,586,4),(29655,'article','show',673,NULL,587,588,4),(29656,'article','show',674,NULL,589,590,4),(29657,'article','show',675,NULL,591,592,4),(29658,'article','show',676,NULL,593,594,4),(29659,'article','show',677,NULL,595,596,4),(29660,'article','show',678,NULL,597,598,4),(29661,'article','show',679,NULL,67,68,4),(29662,'article','show',680,NULL,69,70,4),(29663,'article','show',681,NULL,71,72,4),(29664,'article','show',682,NULL,73,74,4),(29665,'article','show',683,NULL,75,76,4),(29666,'article','show',684,NULL,77,78,4),(29667,'article','show',685,NULL,79,80,4),(29668,'article','show',686,NULL,81,82,4),(29669,'article','show',687,NULL,83,84,4),(29670,'article','show',688,NULL,85,86,4),(29671,'article','show',689,NULL,87,88,4),(29672,'article','show',690,NULL,89,90,4),(29673,'article','show',691,NULL,91,92,4),(29674,'article','show',692,NULL,93,94,4),(29675,'article','show',693,NULL,95,96,4),(29676,'article','show',694,NULL,97,98,4),(29677,'article','show',695,NULL,99,100,4),(29678,'article','show',696,NULL,101,102,4),(29679,'article','show',697,NULL,103,104,4),(29680,'article','show',698,NULL,105,106,4);
/*!40000 ALTER TABLE `dm_page` ENABLE KEYS */;
UNLOCK TABLES;

--
-- Dumping data for table `dm_page_translation`
--

LOCK TABLES `dm_page_translation` WRITE;
/*!40000 ALTER TABLE `dm_page_translation` DISABLE KEYS */;
INSERT INTO `dm_page_translation` (`id`, `slug`, `name`, `title`, `h1`, `description`, `keywords`, `auto_mod`, `is_active`, `is_secure`, `is_indexable`, `is_visible_bread_crumb`, `group_page`, `lang`) VALUES (1,'','Accueil','Accueil','','','','snthdk',1,0,1,1,NULL,'fr'),(2,'page_introuvable_404','Page introuvable','Page introuvable',NULL,NULL,NULL,'snthdk',1,0,1,1,NULL,'fr'),(3,'Connexion','Connexion','Connexion',NULL,NULL,NULL,'snthdk',1,0,1,1,NULL,'fr'),(5,'rubriques','Rubriques','Rubriques','','Rubriques','','snthdk',1,0,0,0,'','fr'),(1548,'contact','Contact','Contact',NULL,NULL,NULL,'snthdk',1,0,1,1,NULL,'fr'),(1591,'search','Recherche : rsultats','Recherche : rsultats',NULL,NULL,NULL,'snthdk',1,0,1,1,NULL,'fr'),(6561,'fil-dactualite','Fil d\'actualit','Fil d\'actualit','','','','snthdk',1,0,1,1,NULL,'fr'),(8418,'plan-du-site','Plan du site','Plan du site',NULL,NULL,NULL,'snthdk',1,0,1,1,NULL,'fr'),(23103,'outils-pratiques/bourse','Bourse','Bourse','Bourse','Bourse','','snthdk',1,0,1,1,'','fr'),(23218,'le-cabinet/plan-dacces','Plan d\'accs','Plan d\'accs','','Plan d\'accs','','snthdk',1,0,1,1,NULL,'fr'),(25518,'outils-pratiques/simulateurs','Simulateurs','Simulateurs','','','','snthdk',1,0,1,1,'','fr'),(25519,'outils-pratiques/simulateurs/valeur-acquise-par-un-capital-place-a-interets-composes-pendant-une-duree-determinee','Valeur acquise par un capital plac  intrts composs pendant une dure dtermine ','Valeur acquise par un capital plac  intrts composs pendant une dure dtermine ',NULL,NULL,NULL,'snthdk',1,0,1,1,NULL,'fr'),(25520,'outils-pratiques/simulateurs/valeur-acquise-par-une-suite-de-versements-constants','Valeur acquise par une suite de versements constants','Valeur acquise par une suite de versements constants',NULL,NULL,NULL,'snthdk',1,0,1,1,NULL,'fr'),(25521,'outils-pratiques/simulateurs/taux-de-rendement-dun-capital','Taux de rendement d\'un capital ','Taux de rendement d\'un capital ',NULL,NULL,NULL,'snthdk',1,0,1,1,NULL,'fr'),(25522,'outils-pratiques/simulateurs/taux-de-rendement-dune-suite-de-versement','Taux de rendement d\'une suite de versement ','Taux de rendement d\'une suite de versement ',NULL,NULL,NULL,'snthdk',1,0,1,1,NULL,'fr'),(25523,'outils-pratiques/simulateurs/calcul-du-capital-emprunte','Calcul du capital emprunt ','Calcul du capital emprunt ',NULL,NULL,NULL,'snthdk',1,0,1,1,NULL,'fr'),(25524,'outils-pratiques/simulateurs/calcul-de-la-duree-selon-votre-capacite-de-remboursement','Calcul de la dure (selon votre capacit de remboursement) ','Calcul de la dure (selon votre capacit de remboursement) ',NULL,NULL,NULL,'snthdk',1,0,1,1,NULL,'fr'),(25525,'outils-pratiques/simulateurs/calcul-du-versement-periodique','Calcul du versement priodique ','Calcul du versement priodique ',NULL,NULL,NULL,'snthdk',1,0,1,1,NULL,'fr'),(25526,'outils-pratiques/simulateurs/calcul-du-taux','Calcul du taux ','Calcul du taux ',NULL,NULL,NULL,'snthdk',1,0,1,1,NULL,'fr'),(25527,'outils-pratiques/simulateurs/calcul-des-loyers-constants','Calcul des loyers (constants) ','Calcul des loyers (constants) ',NULL,NULL,NULL,'snthdk',1,0,1,1,NULL,'fr'),(25528,'outils-pratiques/simulateurs/calcul-du-taux-reel-cout-reel-du-credit-bail','Calcul du taux rel (cot rel du crdit-bail) ','Calcul du taux rel (cot rel du crdit-bail) ',NULL,NULL,NULL,'snthdk',1,0,1,1,NULL,'fr'),(25529,'outils-pratiques/simulateurs/calcul-de-la-duree','Calcul de la dure','Calcul de la dure',NULL,NULL,NULL,'snthdk',1,0,1,1,NULL,'fr'),(25530,'outils-pratiques/simulateurs/absences-et-conges-du-salarie','Absences et congs du salari ','Absences et congs du salari ',NULL,NULL,NULL,'snthdk',1,0,1,1,NULL,'fr'),(25531,'outils-pratiques/simulateurs/correspondance-jours-ouvres/jours-ouvrables','Correspondance jours ouvrs/jours ouvrables ','Correspondance jours ouvrs/jours ouvrables ',NULL,NULL,NULL,'snthdk',1,0,1,1,NULL,'fr'),(25532,'outils-pratiques/simulateurs/seuil-de-rentabilite-estimation-rapide','Seuil de rentabilit (estimation rapide) ','Seuil de rentabilit (estimation rapide) ',NULL,NULL,NULL,'snthdk',1,0,1,1,NULL,'fr'),(25533,'outils-pratiques/simulateurs/calcul-des-frais-kilometriques-vehicules-automobiles','Calcul des frais kilomtriques : vhicules automobiles','Calcul des frais kilomtriques : vhicules automobiles',NULL,NULL,NULL,'snthdk',1,0,1,1,NULL,'fr'),(25534,'outils-pratiques/simulateurs/versement-transport','Versement transport ','Versement transport ',NULL,NULL,NULL,'snthdk',1,0,1,1,NULL,'fr'),(28918,'rubriques/famille','Famille','Famille','','famille','','hk',1,0,0,1,NULL,'fr'),(28919,'rubriques/fiscalite','Fiscalit','Fiscalit','','Fiscalit','','hk',1,0,0,1,'','fr'),(28920,'rubriques/immobilier','Immobilier','Immobilier','','immobilier','','hk',1,0,0,1,NULL,'fr'),(28921,'rubriques/placement','Placement','Placement','','placement','','hk',1,0,0,1,NULL,'fr'),(28926,'rubriques/famille/actualites','Actualits','Actualits','Actualits','Actualits','','k',1,0,0,1,NULL,'fr'),(28927,'rubriques/famille/questions-reponses','Questions/rponses','Questions/rponses',NULL,'questions/rponses',NULL,'hk',1,0,0,1,NULL,'fr'),(28928,'rubriques/fiscalite/actualites','Actualits','Actualits','','actualits','','hk',1,0,0,1,'','fr'),(28929,'rubriques/fiscalite/dossiers','Dossiers','Dossiers','','dossiers','','hk',1,0,0,1,'','fr'),(28930,'rubriques/fiscalite/questions-reponses','Questions/rponses','Questions/rponses','','questions/rponses','','hk',1,0,0,1,'','fr'),(28931,'rubriques/immobilier/actualites','Actualits','Actualits',NULL,'actualits',NULL,'hk',1,0,0,1,NULL,'fr'),(28932,'rubriques/immobilier/questions-reponses','Questions/rponses','Questions/rponses',NULL,'questions/rponses',NULL,'hk',1,0,0,1,NULL,'fr'),(28933,'rubriques/placement/actualites','Actualits','Actualits',NULL,'actualits',NULL,'hk',1,0,0,1,NULL,'fr'),(28934,'rubriques/placement/dossiers','Dossiers','Dossiers',NULL,'dossiers',NULL,'hk',1,0,0,1,NULL,'fr'),(29180,'outils-pratiques','Outils pratiques','Outils pratiques',NULL,NULL,NULL,'snthdk',1,0,1,1,NULL,'fr'),(29181,'les-actualites-du-cabinet','Les Actualits du Cabinet','Les Actualits du Cabinet',NULL,'Les Actualits du Cabinet',NULL,'snthdk',1,0,1,1,NULL,'fr'),(29182,'la-page-d-accueil-des-sites-utiles','La page d\'accueil des sites utiles','La page d\'accueil des sites utiles',NULL,'La page d\'accueil des sites utiles',NULL,'snthdk',1,0,1,1,NULL,'fr'),(29183,'les-groupes-de-sites-utiles','Les groupes de sites utiles','Les groupes de sites utiles',NULL,'Les groupes de sites utiles',NULL,'snthdk',1,0,1,1,NULL,'fr'),(29184,'presentation','Prsentation','Prsentation',NULL,'Prsentation',NULL,'snthdk',1,0,1,1,NULL,'fr'),(29185,'les-recrutements','Les Recrutements','Les Recrutements',NULL,'Les Recrutements',NULL,'snthdk',1,0,1,1,NULL,'fr'),(29186,'notre-selection-de-placements','Notre slection de placements','Notre slection de placements',NULL,'Notre slection de placements',NULL,'snthdk',1,0,1,1,NULL,'fr'),(29187,'renseignements','Renseignements','Renseignements',NULL,'Renseignements',NULL,'snthdk',1,0,1,1,NULL,'fr'),(29188,'les-services','Les Services','Les Services',NULL,'Les Services',NULL,'snthdk',1,0,1,1,NULL,'fr'),(29204,'renseignements/cabinet-1','Cabinet 1','Cabinet 1',NULL,'Cabinet 1',NULL,'snthdk',1,0,1,1,NULL,'fr'),(29395,'rubriques/famille/actualites/assouplissement-du-dispositif-d-exoneration-des-dons-de-sommes-d-argent','Assouplissement du dispositif d\'exonration des dons de sommes d\'argent','Assouplissement du dispositif d\'exonration des dons de sommes d\'argent',NULL,'Assouplissement du dispositif d\'exonration des dons de sommes d\'argent',NULL,'snthdk',1,0,0,1,NULL,'fr'),(29396,'rubriques/famille/actualites/don-manuel-repoussez-le-paiement-de-vos-droits-de-donation','Don manuel : repoussez le paiement de vos droits de donation !','Don manuel : repoussez le paiement de vos droits de donation !',NULL,'Don manuel : repoussez le paiement de vos droits de donation !',NULL,'snthdk',1,0,0,1,NULL,'fr'),(29397,'rubriques/famille/actualites/les-incidences-d-une-donation-avec-reserve-d-usufruit','Les incidences d\'une donation avec rserve d\'usufruit','Les incidences d\'une donation avec rserve d\'usufruit',NULL,'Les incidences d\'une donation avec rserve d\'usufruit',NULL,'snthdk',1,0,0,1,NULL,'fr'),(29398,'rubriques/famille/actualites/un-epoux-peut-il-s-affranchir-du-remboursement-d-un-emprunt','Un poux peut-il s\'affranchir du remboursement d\'un emprunt ?','Un poux peut-il s\'affranchir du remboursement d\'un emprunt ?',NULL,'Un poux peut-il s\'affranchir du remboursement d\'un emprunt ?',NULL,'snthdk',1,0,0,1,NULL,'fr'),(29399,'rubriques/famille/actualites/quelle-est-la-valeur-d-un-acte-non-signe-par-le-notaire','Quelle est la valeur d\'un acte non sign par le notaire?','Quelle est la valeur d\'un acte non sign par le notaire?',NULL,'Quelle est la valeur d\'un acte non sign par le notaire?',NULL,'snthdk',1,0,0,1,NULL,'fr'),(29400,'rubriques/famille/actualites/abattement-successoral-le-fisc-fait-marche-arriere','Abattement successoral : le fisc fait marche arrire !','Abattement successoral : le fisc fait marche arrire !',NULL,'Abattement successoral : le fisc fait marche arrire !',NULL,'snthdk',1,0,0,1,NULL,'fr'),(29401,'rubriques/famille/actualites/quel-sort-pour-la-vente-de-parts-de-sci-par-un-seul-des-epoux','Quel sort pour la vente de parts de SCI par un seul des poux ?','Quel sort pour la vente de parts de SCI par un seul des poux ?',NULL,'Quel sort pour la vente de parts de SCI par un seul des poux ?',NULL,'snthdk',1,0,0,1,NULL,'fr'),(29402,'rubriques/famille/actualites/comment-est-imposee-la-reversion-d-usufruit','Comment est impose la rversion d\'usufruit ?','Comment est impose la rversion d\'usufruit ?',NULL,'Comment est impose la rversion d\'usufruit ?',NULL,'snthdk',1,0,0,1,NULL,'fr'),(29403,'rubriques/famille/actualites/assurance-vie-veillez-a-ne-pas-porter-atteinte-aux-droits-des-heritiers','Assurance-vie : veillez  ne pas porter atteinte aux droits des hritiers !','Assurance-vie : veillez  ne pas porter atteinte aux droits des hritiers !',NULL,'Assurance-vie : veillez  ne pas porter atteinte aux droits des hritiers !',NULL,'snthdk',1,0,0,1,NULL,'fr'),(29404,'rubriques/famille/actualites/comment-distinguer-un-present-d-usage-d-un-don-manuel','Comment distinguer un prsent d\'usage d\'un don manuel ?','Comment distinguer un prsent d\'usage d\'un don manuel ?',NULL,'Comment distinguer un prsent d\'usage d\'un don manuel ?',NULL,'snthdk',1,0,0,1,NULL,'fr'),(29405,'rubriques/famille/actualites/combien-de-personnes-ont-ete-exonerees-de-droits-de-succession-en-2010','Combien de personnes ont t exonres de droits de succession en 2010 ?','Combien de personnes ont t exonres de droits de succession en 2010 ?',NULL,'Combien de personnes ont t exonres de droits de succession en 2010 ?',NULL,'snthdk',1,0,0,1,NULL,'fr'),(29406,'rubriques/famille/actualites/le-paiement-fractionne-des-droits-de-succession','Le paiement fractionn des droits de succession','Le paiement fractionn des droits de succession',NULL,'Le paiement fractionn des droits de succession',NULL,'snthdk',1,0,0,1,NULL,'fr'),(29407,'rubriques/famille/actualites/comment-faire-tomber-en-matiere-successorale-la-presomption-fiscale-de-propriete-de-l-usufruitier','Comment faire tomber en matire successorale la prsomption fiscale de proprit de l\'usufruitier ?','Comment faire tomber en matire successorale la prsomption fiscale de proprit',NULL,'Comment faire tomber en matire successorale la prsomption fiscale de proprit de l\'usufruitier ?',NULL,'snthdk',1,0,0,1,NULL,'fr'),(29408,'rubriques/famille/actualites/de-quel-delai-disposez-vous-pour-reclamer-le-benefice-d-un-contrat-d-assurance-vie','De quel dlai disposez-vous pour rclamer le bnfice d\'un contrat d\'assurance-vie ?','De quel dlai disposez-vous pour rclamer le bnfice d\'un contrat d\'assurance-v',NULL,'De quel dlai disposez-vous pour rclamer le bnfice d\'un contrat d\'assurance-vie ?',NULL,'snthdk',1,0,0,1,NULL,'fr'),(29409,'rubriques/famille/actualites/declaration-de-succession-incomplete-le-fisc-determine-lui-meme-les-droits-a-payer','Dclaration de succession incomplte: le fisc dtermine lui-mme les droits  payer !','Dclaration de succession incomplte: le fisc dtermine lui-mme les droits  p',NULL,'Dclaration de succession incomplte: le fisc dtermine lui-mme les droits  payer !',NULL,'snthdk',1,0,0,1,NULL,'fr'),(29410,'rubriques/famille/actualites/solidarite-des-epoux-pour-un-emprunt','Solidarit des poux pour un emprunt','Solidarit des poux pour un emprunt',NULL,'Solidarit des poux pour un emprunt',NULL,'snthdk',1,0,0,1,NULL,'fr'),(29411,'rubriques/famille/actualites/abattement-successoral-l-administration-fiscale-durcit-le-ton','Abattement successoral : l\'administration fiscale durcit le ton','Abattement successoral : l\'administration fiscale durcit le ton',NULL,'Abattement successoral : l\'administration fiscale durcit le ton',NULL,'snthdk',1,0,0,1,NULL,'fr'),(29412,'rubriques/famille/actualites/le-sort-des-indemnites-de-licenciement-lors-d-un-divorce','Le sort des indemnits de licenciement lors d\'un divorce','Le sort des indemnits de licenciement lors d\'un divorce',NULL,'Le sort des indemnits de licenciement lors d\'un divorce',NULL,'snthdk',1,0,0,1,NULL,'fr'),(29413,'rubriques/famille/actualites/reforme-de-la-fiscalite-du-patrimoine-l-assurance-vie-mise-a-contribution','Rforme de la fiscalit du patrimoine : l\'assurance-vie mise  contribution','Rforme de la fiscalit du patrimoine : l\'assurance-vie mise  contribution',NULL,'Rforme de la fiscalit du patrimoine : l\'assurance-vie mise  contribution',NULL,'snthdk',1,0,0,1,NULL,'fr'),(29414,'rubriques/famille/actualites/liquidation-judiciaire-le-logement-de-l-entrepreneur-declare-insaisissable-est-a-l-abri','Liquidation judiciaire : le logement de l\'entrepreneur dclar insaisissable est  l\'abri !','Liquidation judiciaire : le logement de l\'entrepreneur dclar insaisissable est',NULL,'Liquidation judiciaire : le logement de l\'entrepreneur dclar insaisissable est  l\'abri !',NULL,'snthdk',1,0,0,1,NULL,'fr'),(29415,'rubriques/famille/actualites/assurance-vie-demembree-comment-se-partager-l-abattement-fiscal','Assurance-vie dmembre : comment se partager l\'abattement fiscal ?','Assurance-vie dmembre : comment se partager l\'abattement fiscal ?',NULL,'Assurance-vie dmembre : comment se partager l\'abattement fiscal ?',NULL,'snthdk',1,0,0,1,NULL,'fr'),(29416,'rubriques/famille/actualites/quelles-obligations-declaratives-pour-les-contribuables-soumis-a-l-exit-tax','Quelles obligations dclaratives pour les contribuables soumis  l\'exit tax?','Quelles obligations dclaratives pour les contribuables soumis  l\'exit tax',NULL,'Quelles obligations dclaratives pour les contribuables soumis  l\'exit tax?',NULL,'snthdk',1,0,0,1,NULL,'fr'),(29417,'rubriques/famille/questions-reponses/construction-d-une-maison','Construction d\'une maison','Construction d\'une maison',NULL,'Construction d\'une maison',NULL,'snthdk',1,0,0,1,NULL,'fr'),(29418,'rubriques/fiscalite/actualites/assouplissement-du-dispositif-d-exoneration-des-dons-de-sommes-d-argent','Assouplissement du dispositif d\'exonration des dons de sommes d\'argent','Assouplissement du dispositif d\'exonration des dons de sommes d\'argent',NULL,'Assouplissement du dispositif d\'exonration des dons de sommes d\'argent',NULL,'snthdk',1,0,0,1,NULL,'fr'),(29419,'rubriques/fiscalite/actualites/le-dispositif-de-reduction-d-isf-pour-investissement-dans-une-pme-assoupli','Le dispositif de rduction d\'ISF pour investissement dans une PME assoupli !','Le dispositif de rduction d\'ISF pour investissement dans une PME assoupli !',NULL,'Le dispositif de rduction d\'ISF pour investissement dans une PME assoupli !',NULL,'snthdk',1,0,0,1,NULL,'fr'),(29420,'rubriques/fiscalite/actualites/declaration-d-isf-le-compte-a-rebours-a-commence','Dclaration d\'ISF : le compte  rebours a commenc','Dclaration d\'ISF : le compte  rebours a commenc',NULL,'Dclaration d\'ISF : le compte  rebours a commenc',NULL,'snthdk',1,0,0,1,NULL,'fr'),(29421,'rubriques/fiscalite/actualites/le-secteur-bancaire-le-barometre-des-crises','Le secteur bancaire : le baromtre des crises','Le secteur bancaire : le baromtre des crises',NULL,'Le secteur bancaire : le baromtre des crises',NULL,'snthdk',1,0,0,1,NULL,'fr'),(29422,'rubriques/fiscalite/actualites/comment-calculer-une-plus-value-immobiliere','Comment calculer une plus-value immobilire ?','Comment calculer une plus-value immobilire ?',NULL,'Comment calculer une plus-value immobilire ?',NULL,'snthdk',1,0,0,1,NULL,'fr'),(29423,'rubriques/fiscalite/actualites/plus-value-de-cession-de-titres-sous-condition-suspensive-a-quel-moment-est-on-impose','Plus-value de cession de titres sous condition suspensive :  quel moment est-on impos ?','Plus-value de cession de titres sous condition suspensive :  quel moment est-on',NULL,'Plus-value de cession de titres sous condition suspensive :  quel moment est-on impos ?',NULL,'snthdk',1,0,0,1,NULL,'fr'),(29424,'rubriques/fiscalite/actualites/projet-de-loi-de-finances-pour-2012','Projet de loi de finances pour 2012','Projet de loi de finances pour 2012',NULL,'Projet de loi de finances pour 2012',NULL,'snthdk',1,0,0,1,NULL,'fr'),(29425,'rubriques/fiscalite/actualites/quotient-familial-incidence-de-l-obtention-de-la-garde-d-un-enfant-en-cours-d-annee','Quotient familial : incidence de l\'obtention de la garde d\'un enfant en cours d\'anne','Quotient familial : incidence de l\'obtention de la garde d\'un enfant en cours d\'',NULL,'Quotient familial : incidence de l\'obtention de la garde d\'un enfant en cours d\'anne',NULL,'snthdk',1,0,0,1,NULL,'fr'),(29426,'rubriques/fiscalite/actualites/augmentation-annoncee-du-malus-automobile-en-2012','Augmentation annonce du malus automobile en 2012','Augmentation annonce du malus automobile en 2012',NULL,'Augmentation annonce du malus automobile en 2012',NULL,'snthdk',1,0,0,1,NULL,'fr'),(29427,'rubriques/fiscalite/actualites/activez-votre-holding-pour-etre-exonere-d-isf','Activez votre holding pour tre exonr d\'ISF !','Activez votre holding pour tre exonr d\'ISF !',NULL,'Activez votre holding pour tre exonr d\'ISF !',NULL,'snthdk',1,0,0,1,NULL,'fr'),(29428,'rubriques/fiscalite/actualites/pas-de-penalites-de-retard-en-cas-de-difficultes-techniques-de-teledeclaration','Pas de pnalits de retard en cas de difficults techniques de tldclaration','Pas de pnalits de retard en cas de difficults techniques de tldclaration',NULL,'Pas de pnalits de retard en cas de difficults techniques de tldclaration',NULL,'snthdk',1,0,0,1,NULL,'fr'),(29429,'rubriques/fiscalite/actualites/projet-de-loi-de-finances-pour-2012-les-amendements-adoptes','Projet de loi de finances pour 2012 : les amendements adopts','Projet de loi de finances pour 2012 : les amendements adopts',NULL,'Projet de loi de finances pour 2012 : les amendements adopts',NULL,'snthdk',1,0,0,1,NULL,'fr'),(29430,'rubriques/fiscalite/actualites/evitez-de-payer-un-impot-prescrit','vitez de payer un impt prescrit !','vitez de payer un impt prescrit !',NULL,'vitez de payer un impt prescrit !',NULL,'snthdk',1,0,0,1,NULL,'fr'),(29431,'rubriques/fiscalite/actualites/plan-d-austerite-acte-ii','Plan d\'austrit : acte II','Plan d\'austrit : acte II',NULL,'Plan d\'austrit : acte II',NULL,'snthdk',1,0,0,1,NULL,'fr'),(29432,'rubriques/fiscalite/actualites/projet-de-loi-de-finances-pour-2012-les-nouveaux-amendements-votes-par-les-deputes','Projet de loi de finances pour 2012 : les nouveaux amendements vots par les dputs','Projet de loi de finances pour 2012 : les nouveaux amendements vots par les dp',NULL,'Projet de loi de finances pour 2012 : les nouveaux amendements vots par les dputs',NULL,'snthdk',1,0,0,1,NULL,'fr'),(29433,'rubriques/fiscalite/actualites/abattement-successoral-le-fisc-fait-marche-arriere','Abattement successoral : le fisc fait marche arrire !','Abattement successoral : le fisc fait marche arrire !',NULL,'Abattement successoral : le fisc fait marche arrire !',NULL,'snthdk',1,0,0,1,NULL,'fr'),(29434,'rubriques/fiscalite/actualites/projet-de-loi-de-finances-pour-2012-les-amendements-des-senateurs','Projet de loi de finances pour 2012 : les amendements des snateurs','Projet de loi de finances pour 2012 : les amendements des snateurs',NULL,'Projet de loi de finances pour 2012 : les amendements des snateurs',NULL,'snthdk',1,0,0,1,NULL,'fr'),(29435,'rubriques/fiscalite/actualites/societe-civile-immobiliere-une-precision-interessante-en-cas-d-option-a-l-impot-sur-les-societes','Socit civile immobilire : une prcision intressante en cas d\'option  l\'impt sur les socits','Socit civile immobilire : une prcision intressante en cas d\'option  l\'imp',NULL,'Socit civile immobilire : une prcision intressante en cas d\'option  l\'impt sur les socits',NULL,'snthdk',1,0,0,1,NULL,'fr'),(29436,'rubriques/fiscalite/actualites/comment-est-imposee-la-reversion-d-usufruit','Comment est impose la rversion d\'usufruit ?','Comment est impose la rversion d\'usufruit ?',NULL,'Comment est impose la rversion d\'usufruit ?',NULL,'snthdk',1,0,0,1,NULL,'fr'),(29437,'rubriques/fiscalite/actualites/l-administration-fiscale-vigilante-sur-les-donations-realisees-successivement','L\'administration fiscale vigilante sur les donations ralises successivement!','L\'administration fiscale vigilante sur les donations ralises successivement!',NULL,'L\'administration fiscale vigilante sur les donations ralises successivement!',NULL,'snthdk',1,0,0,1,NULL,'fr'),(29438,'rubriques/fiscalite/actualites/lutte-contre-la-fraude-et-l-evasion-fiscales-bilan-et-perspectives','Lutte contre la fraude et l\'vasion fiscales : bilan et perspectives','Lutte contre la fraude et l\'vasion fiscales : bilan et perspectives',NULL,'Lutte contre la fraude et l\'vasion fiscales : bilan et perspectives',NULL,'snthdk',1,0,0,1,NULL,'fr'),(29439,'rubriques/fiscalite/actualites/projet-de-4e-loi-de-finances-rectificative-pour-2011-les-amendements-des-deputes','Projet de 4e loi de finances rectificative pour 2011 : les amendements des dputs','Projet de 4e loi de finances rectificative pour 2011 : les amendements des dput',NULL,'Projet de 4e loi de finances rectificative pour 2011 : les amendements des dputs',NULL,'snthdk',1,0,0,1,NULL,'fr'),(29440,'rubriques/fiscalite/actualites/plus-que-quelques-jours-pour-reduire-votre-impot-sur-le-revenu','Plus que quelques jours pour rduire votre impt sur le revenu !','Plus que quelques jours pour rduire votre impt sur le revenu !',NULL,'Plus que quelques jours pour rduire votre impt sur le revenu !',NULL,'snthdk',1,0,0,1,NULL,'fr'),(29441,'rubriques/fiscalite/actualites/valeur-locative-d-un-local-modalites-pratiques-de-la-nouvelle-obligation-de-mise-a-jour','Valeur locative d\'un local : modalits pratiques de la nouvelle obligation de mise  jour','Valeur locative d\'un local : modalits pratiques de la nouvelle obligation de mi',NULL,'Valeur locative d\'un local : modalits pratiques de la nouvelle obligation de mise  jour',NULL,'snthdk',1,0,0,1,NULL,'fr'),(29442,'rubriques/fiscalite/actualites/combien-de-personnes-ont-ete-exonerees-de-droits-de-succession-en-2010','Combien de personnes ont t exonres de droits de succession en 2010 ?','Combien de personnes ont t exonres de droits de succession en 2010 ?',NULL,'Combien de personnes ont t exonres de droits de succession en 2010 ?',NULL,'snthdk',1,0,0,1,NULL,'fr'),(29443,'rubriques/fiscalite/actualites/bouclier-fiscal-attention-a-la-perte-de-la-creance-2011','Bouclier fiscal : attention  la perte de la crance 2011 !','Bouclier fiscal : attention  la perte de la crance 2011 !',NULL,'Bouclier fiscal : attention  la perte de la crance 2011 !',NULL,'snthdk',1,0,0,1,NULL,'fr'),(29444,'rubriques/fiscalite/actualites/la-loi-de-finances-pour-2012-est-definitive','La loi de finances pour 2012 est dfinitive !','La loi de finances pour 2012 est dfinitive !',NULL,'La loi de finances pour 2012 est dfinitive !',NULL,'snthdk',1,0,0,1,NULL,'fr'),(29445,'rubriques/fiscalite/actualites/la-4e-loi-de-finances-rectificative-pour-2011-est-definitivement-adoptee','La 4e loi de finances rectificative pour 2011 est dfinitivement adopte !','La 4e loi de finances rectificative pour 2011 est dfinitivement adopte !',NULL,'La 4e loi de finances rectificative pour 2011 est dfinitivement adopte !',NULL,'snthdk',1,0,0,1,NULL,'fr'),(29446,'rubriques/fiscalite/actualites/le-dispositif-du-controle-sur-demande-des-successions-et-donations-est-perennise','Le dispositif du contrle sur demande des successions et donations est prennis !','Le dispositif du contrle sur demande des successions et donations est prennis',NULL,'Le dispositif du contrle sur demande des successions et donations est prennis !',NULL,'snthdk',1,0,0,1,NULL,'fr'),(29447,'rubriques/fiscalite/actualites/attention-au-changement-de-taux-de-tva-au-1er-janvier-2012','Attention au changement de taux de TVA au 1er janvier 2012 !','Attention au changement de taux de TVA au 1er janvier 2012 !',NULL,'Attention au changement de taux de TVA au 1er janvier 2012 !',NULL,'snthdk',1,0,0,1,NULL,'fr'),(29448,'rubriques/fiscalite/actualites/declaration-de-revenus-vous-pouvez-recourir-a-un-tiers-de-confiance','Dclaration de revenus : vous pouvez recourir  un tiers de confiance !','Dclaration de revenus : vous pouvez recourir  un tiers de confiance !',NULL,'Dclaration de revenus : vous pouvez recourir  un tiers de confiance !',NULL,'snthdk',1,0,0,1,NULL,'fr'),(29449,'rubriques/fiscalite/actualites/prorogation-de-la-reduction-d-impot-pour-la-souscription-au-capital-de-sofica','Prorogation de la rduction d\'impt pour la souscription au capital de SOFICA','Prorogation de la rduction d\'impt pour la souscription au capital de SOFICA',NULL,'Prorogation de la rduction d\'impt pour la souscription au capital de SOFICA',NULL,'snthdk',1,0,0,1,NULL,'fr'),(29450,'rubriques/fiscalite/actualites/le-malus-automobile-une-nouvelle-fois-durci','Le malus automobile une nouvelle fois durci !','Le malus automobile une nouvelle fois durci !',NULL,'Le malus automobile une nouvelle fois durci !',NULL,'snthdk',1,0,0,1,NULL,'fr'),(29451,'rubriques/fiscalite/actualites/un-millesime-2011-record-pour-les-entreprises-de-luxe','Un millsime 2011 record pour les entreprises de luxe','Un millsime 2011 record pour les entreprises de luxe',NULL,'Un millsime 2011 record pour les entreprises de luxe',NULL,'snthdk',1,0,0,1,NULL,'fr'),(29452,'rubriques/fiscalite/actualites/calculez-votre-impot-sur-le-revenu-2012','Calculez votre impt sur le revenu 2012','Calculez votre impt sur le revenu 2012',NULL,'Calculez votre impt sur le revenu 2012',NULL,'snthdk',1,0,0,1,NULL,'fr'),(29453,'rubriques/fiscalite/actualites/l-administration-vous-aide-a-evaluer-votre-bien-immobilier','L\'administration vous aide  valuer votre bien immobilier !','L\'administration vous aide  valuer votre bien immobilier !',NULL,'L\'administration vous aide  valuer votre bien immobilier !',NULL,'snthdk',1,0,0,1,NULL,'fr'),(29454,'rubriques/fiscalite/actualites/l-administration-fiscale-peut-prolonger-son-delai-de-reponse-dans-certains-cas','L\'administration fiscale peut prolonger son dlai de rponse dans certains cas','L\'administration fiscale peut prolonger son dlai de rponse dans certains cas',NULL,'L\'administration fiscale peut prolonger son dlai de rponse dans certains cas',NULL,'snthdk',1,0,0,1,NULL,'fr'),(29455,'rubriques/fiscalite/actualites/bailleurs-attention-a-ne-pas-fixer-un-loyer-trop-eleve','Bailleurs : attention  ne pas fixer un loyer trop lev !','Bailleurs : attention  ne pas fixer un loyer trop lev !',NULL,'Bailleurs : attention  ne pas fixer un loyer trop lev !',NULL,'snthdk',1,0,0,1,NULL,'fr'),(29456,'rubriques/fiscalite/actualites/le-paiement-fractionne-des-droits-de-succession','Le paiement fractionn des droits de succession','Le paiement fractionn des droits de succession',NULL,'Le paiement fractionn des droits de succession',NULL,'snthdk',1,0,0,1,NULL,'fr'),(29457,'rubriques/fiscalite/actualites/n-oubliez-pas-de-payer-votre-premier-tiers-provisionnel','N\'oubliez pas de payer votre premier tiers provisionnel !','N\'oubliez pas de payer votre premier tiers provisionnel !',NULL,'N\'oubliez pas de payer votre premier tiers provisionnel !',NULL,'snthdk',1,0,0,1,NULL,'fr'),(29458,'rubriques/fiscalite/actualites/dispositif-scellier-du-changement-pour-la-zone-c','Dispositif \"Scellier\" : du changement pour la zone C !','Dispositif \"Scellier\" : du changement pour la zone C !',NULL,'Dispositif \"Scellier\" : du changement pour la zone C !',NULL,'snthdk',1,0,0,1,NULL,'fr'),(29459,'rubriques/fiscalite/actualites/evaluation-des-biens-dans-le-cadre-d-une-succession','valuation des biens dans le cadre d\'une succession','valuation des biens dans le cadre d\'une succession',NULL,'valuation des biens dans le cadre d\'une succession',NULL,'snthdk',1,0,0,1,NULL,'fr'),(29460,'rubriques/fiscalite/actualites/projet-de-loi-de-finances-rectificative-pour-2012','Projet de loi de finances rectificative pour 2012','Projet de loi de finances rectificative pour 2012',NULL,'Projet de loi de finances rectificative pour 2012',NULL,'snthdk',1,0,0,1,NULL,'fr'),(29461,'rubriques/fiscalite/actualites/quand-et-comment-appliquer-le-nouveau-taux-de-tva-de-7','Quand et comment appliquer le nouveau taux de TVA de 7 % ?','Quand et comment appliquer le nouveau taux de TVA de 7 % ?',NULL,'Quand et comment appliquer le nouveau taux de TVA de 7 % ?',NULL,'snthdk',1,0,0,1,NULL,'fr'),(29462,'rubriques/fiscalite/actualites/comment-faire-tomber-en-matiere-successorale-la-presomption-fiscale-de-propriete-de-l-usufruitier','Comment faire tomber en matire successorale la prsomption fiscale de proprit de l\'usufruitier ?','Comment faire tomber en matire successorale la prsomption fiscale de proprit',NULL,'Comment faire tomber en matire successorale la prsomption fiscale de proprit de l\'usufruitier ?',NULL,'snthdk',1,0,0,1,NULL,'fr'),(29463,'rubriques/fiscalite/actualites/baremes-des-frais-kilometriques-2011','Barmes des frais kilomtriques 2011','Barmes des frais kilomtriques 2011',NULL,'Barmes des frais kilomtriques 2011',NULL,'snthdk',1,0,0,1,NULL,'fr'),(29464,'rubriques/fiscalite/actualites/quel-delai-de-reprise-en-matiere-d-isf','Quel dlai de reprise en matire d\'ISF?','Quel dlai de reprise en matire d\'ISF?',NULL,'Quel dlai de reprise en matire d\'ISF?',NULL,'snthdk',1,0,0,1,NULL,'fr'),(29465,'rubriques/fiscalite/actualites/louez-une-partie-de-votre-residence-principale-sans-etre-impose-c-est-possible','Louez une partie de votre rsidence principale sans tre impos : c\'est possible !','Louez une partie de votre rsidence principale sans tre impos : c\'est possible',NULL,'Louez une partie de votre rsidence principale sans tre impos : c\'est possible !',NULL,'snthdk',1,0,0,1,NULL,'fr'),(29466,'rubriques/fiscalite/actualites/les-plafonds-de-loyers-des-investissements-immobiliers-locatifs-publies','Les plafonds de loyers des investissements immobiliers locatifs publis !','Les plafonds de loyers des investissements immobiliers locatifs publis !',NULL,'Les plafonds de loyers des investissements immobiliers locatifs publis !',NULL,'snthdk',1,0,0,1,NULL,'fr'),(29467,'rubriques/fiscalite/actualites/la-loi-de-finances-rectificative-pour-2012-est-adoptee','La loi de finances rectificative pour 2012 est adopte !','La loi de finances rectificative pour 2012 est adopte !',NULL,'La loi de finances rectificative pour 2012 est adopte !',NULL,'snthdk',1,0,0,1,NULL,'fr'),(29468,'rubriques/fiscalite/actualites/dispositif-scellier-le-plafonnement-supplementaire-enfin-publie','Dispositif  Scellier  : le plafonnement supplmentaire enfin publi !','Dispositif  Scellier  : le plafonnement supplmentaire enfin publi !',NULL,'Dispositif  Scellier  : le plafonnement supplmentaire enfin publi !',NULL,'snthdk',1,0,0,1,NULL,'fr'),(29469,'rubriques/fiscalite/actualites/secteur-de-l-aeronautique-les-avionneurs-survolent-la-crise','Secteur de l\'aronautique : les avionneurs survolent la crise','Secteur de l\'aronautique : les avionneurs survolent la crise',NULL,'Secteur de l\'aronautique : les avionneurs survolent la crise',NULL,'snthdk',1,0,0,1,NULL,'fr'),(29470,'rubriques/fiscalite/actualites/declaration-de-succession-incomplete-le-fisc-determine-lui-meme-les-droits-a-payer','Dclaration de succession incomplte: le fisc dtermine lui-mme les droits  payer !','Dclaration de succession incomplte: le fisc dtermine lui-mme les droits  p',NULL,'Dclaration de succession incomplte: le fisc dtermine lui-mme les droits  payer !',NULL,'snthdk',1,0,0,1,NULL,'fr'),(29471,'rubriques/fiscalite/actualites/pacte-d-associes-et-isf','Pacte d\'associs et ISF','Pacte d\'associs et ISF',NULL,'Pacte d\'associs et ISF',NULL,'snthdk',1,0,0,1,NULL,'fr'),(29472,'rubriques/fiscalite/actualites/reduction-d-impot-scellier-amenagements-dans-certains-territoires-d-outre-mer','Rduction d\'impt Scellier : amnagements dans certains territoires d\'outre-mer','Rduction d\'impt Scellier : amnagements dans certains territoires d\'outre-mer',NULL,'Rduction d\'impt Scellier : amnagements dans certains territoires d\'outre-mer',NULL,'snthdk',1,0,0,1,NULL,'fr'),(29473,'rubriques/fiscalite/actualites/reduction-d-impot-et-augmentation-de-capital-d-une-pme','Rduction d\'impt et augmentation de capital d\'une PME','Rduction d\'impt et augmentation de capital d\'une PME',NULL,'Rduction d\'impt et augmentation de capital d\'une PME',NULL,'snthdk',1,0,0,1,NULL,'fr'),(29474,'rubriques/fiscalite/actualites/repartition-du-patrimoine-des-menages-les-francais-recentrent-leurs-placements','Rpartition du patrimoine des mnages : les Franais recentrent leurs placements','Rpartition du patrimoine des mnages : les Franais recentrent leurs placements',NULL,'Rpartition du patrimoine des mnages : les Franais recentrent leurs placements',NULL,'snthdk',1,0,0,1,NULL,'fr'),(29475,'rubriques/fiscalite/actualites/loi-de-finances-pour-2011-les-mesures-concernant-les-particuliers','Loi de finances pour 2011 : les mesures concernant les particuliers','Loi de finances pour 2011 : les mesures concernant les particuliers',NULL,'Loi de finances pour 2011 : les mesures concernant les particuliers',NULL,'snthdk',1,0,0,1,NULL,'fr'),(29476,'rubriques/fiscalite/actualites/adoption-definitive-de-la-loi-de-finances-rectificative-pour-2010','Adoption dfinitive de la loi de finances rectificative pour 2010','Adoption dfinitive de la loi de finances rectificative pour 2010',NULL,'Adoption dfinitive de la loi de finances rectificative pour 2010',NULL,'snthdk',1,0,0,1,NULL,'fr'),(29477,'rubriques/fiscalite/actualites/annonces-immobilieres-n-oubliez-pas-l-etiquette-energie','Annonces immobilires : n\'oubliez pas l\'tiquette nergie !','Annonces immobilires : n\'oubliez pas l\'tiquette nergie !',NULL,'Annonces immobilires : n\'oubliez pas l\'tiquette nergie !',NULL,'snthdk',1,0,0,1,NULL,'fr'),(29478,'rubriques/fiscalite/actualites/petits-enfants-succedant-a-leurs-grands-parents-quelle-fiscalite','Petits-enfants succdant  leurs grands-parents : quelle fiscalit ?','Petits-enfants succdant  leurs grands-parents : quelle fiscalit ?',NULL,'Petits-enfants succdant  leurs grands-parents : quelle fiscalit ?',NULL,'snthdk',1,0,0,1,NULL,'fr'),(29479,'rubriques/fiscalite/actualites/les-nouveaux-plafonds-de-loyers-des-investissements-immobiliers-defiscalises','Les nouveaux plafonds de loyers des investissements immobiliers dfiscaliss','Les nouveaux plafonds de loyers des investissements immobiliers dfiscaliss',NULL,'Les nouveaux plafonds de loyers des investissements immobiliers dfiscaliss',NULL,'snthdk',1,0,0,1,NULL,'fr'),(29480,'rubriques/fiscalite/actualites/les-equipementiers-automobiles-font-la-course-en-tete','Les quipementiers automobiles font la course en tte !','Les quipementiers automobiles font la course en tte !',NULL,'Les quipementiers automobiles font la course en tte !',NULL,'snthdk',1,0,0,1,NULL,'fr'),(29481,'rubriques/fiscalite/actualites/la-reforme-des-retraites-et-ses-consequences-patrimoniales','La rforme des retraites et ses consquences patrimoniales','La rforme des retraites et ses consquences patrimoniales',NULL,'La rforme des retraites et ses consquences patrimoniales',NULL,'snthdk',1,0,0,1,NULL,'fr'),(29482,'rubriques/fiscalite/actualites/simulez-votre-pret-a-taux-zero-renforce','Simulez votre prt  taux zro renforc !','Simulez votre prt  taux zro renforc !',NULL,'Simulez votre prt  taux zro renforc !',NULL,'snthdk',1,0,0,1,NULL,'fr'),(29483,'rubriques/fiscalite/actualites/cession-de-droits-sociaux-au-sein-de-sa-famille','Cession de droits sociaux au sein de sa famille','Cession de droits sociaux au sein de sa famille',NULL,'Cession de droits sociaux au sein de sa famille',NULL,'snthdk',1,0,0,1,NULL,'fr'),(29484,'rubriques/fiscalite/actualites/les-amenagements-apportes-au-credit-d-impot-pour-l-isolation-des-logements','Les amnagements apports au crdit d\'impt pour l\'isolation des logements','Les amnagements apports au crdit d\'impt pour l\'isolation des logements',NULL,'Les amnagements apports au crdit d\'impt pour l\'isolation des logements',NULL,'snthdk',1,0,0,1,NULL,'fr'),(29485,'rubriques/fiscalite/actualites/paiement-de-l-impot-sur-le-revenu-attention-a-l-echeance','Paiement de l\'impt sur le revenu : attention  l\'chance !','Paiement de l\'impt sur le revenu : attention  l\'chance !',NULL,'Paiement de l\'impt sur le revenu : attention  l\'chance !',NULL,'snthdk',1,0,0,1,NULL,'fr'),(29486,'rubriques/fiscalite/actualites/exoneration-limitee-des-dividendes-dans-un-pea','Exonration limite des dividendes dans un PEA','Exonration limite des dividendes dans un PEA',NULL,'Exonration limite des dividendes dans un PEA',NULL,'snthdk',1,0,0,1,NULL,'fr'),(29487,'rubriques/fiscalite/actualites/les-locations-de-locaux-d-hebergement-de-gardiens-peuvent-etre-soumises-a-la-tva','Les locations de locaux d\'hbergement de gardiens peuvent tre soumises  la TVA','Les locations de locaux d\'hbergement de gardiens peuvent tre soumises  la TVA',NULL,'Les locations de locaux d\'hbergement de gardiens peuvent tre soumises  la TVA',NULL,'snthdk',1,0,0,1,NULL,'fr'),(29488,'rubriques/fiscalite/actualites/louez-une-partie-de-votre-habitation-principale-en-franchise-d-impot','Louez une partie de votre habitation principale en franchise d\'impt !','Louez une partie de votre habitation principale en franchise d\'impt !',NULL,'Louez une partie de votre habitation principale en franchise d\'impt !',NULL,'snthdk',1,0,0,1,NULL,'fr'),(29489,'rubriques/fiscalite/actualites/fonds-en-euros-les-societes-d-assurances-anticipent-la-baisse-des-rendements','Fonds en euros : les socits d\'assurances anticipent la baisse des rendements','Fonds en euros : les socits d\'assurances anticipent la baisse des rendements',NULL,'Fonds en euros : les socits d\'assurances anticipent la baisse des rendements',NULL,'snthdk',1,0,0,1,NULL,'fr'),(29490,'rubriques/fiscalite/actualites/apport-en-usufruit-et-abus-de-droit','Apport en usufruit et abus de droit','Apport en usufruit et abus de droit',NULL,'Apport en usufruit et abus de droit',NULL,'snthdk',1,0,0,1,NULL,'fr'),(29491,'rubriques/fiscalite/actualites/contrats-de-capitalisation-pour-les-personnes-morales-acces-limite','Contrats de capitalisation pour les personnes morales : accs limit !','Contrats de capitalisation pour les personnes morales : accs limit !',NULL,'Contrats de capitalisation pour les personnes morales : accs limit !',NULL,'snthdk',1,0,0,1,NULL,'fr'),(29492,'rubriques/fiscalite/actualites/investissement-locatif-les-modalites-d-agrement-en-zone-c','Investissement locatif : les modalits d\'agrment en zone C','Investissement locatif : les modalits d\'agrment en zone C',NULL,'Investissement locatif : les modalits d\'agrment en zone C',NULL,'snthdk',1,0,0,1,NULL,'fr'),(29493,'rubriques/fiscalite/actualites/reforme-de-la-fiscalite-du-patrimoine-les-differentes-hypotheses','Rforme de la fiscalit du patrimoine : les diffrentes hypothses','Rforme de la fiscalit du patrimoine : les diffrentes hypothses',NULL,'Rforme de la fiscalit du patrimoine : les diffrentes hypothses',NULL,'snthdk',1,0,0,1,NULL,'fr'),(29494,'rubriques/fiscalite/actualites/baremes-des-frais-kilometriques-2010','Barmes des frais kilomtriques 2010','Barmes des frais kilomtriques 2010',NULL,'Barmes des frais kilomtriques 2010',NULL,'snthdk',1,0,0,1,NULL,'fr'),(29495,'rubriques/fiscalite/actualites/isf-delai-supplementaire-accorde-pour-transmettre-des-justificatifs','ISF : dlai supplmentaire accord pour transmettre des justificatifs','ISF : dlai supplmentaire accord pour transmettre des justificatifs',NULL,'ISF : dlai supplmentaire accord pour transmettre des justificatifs',NULL,'snthdk',1,0,0,1,NULL,'fr'),(29496,'rubriques/fiscalite/actualites/une-transaction-avec-l-administration-fiscale-ne-vous-preserve-pas-de-tout-redressement','Une transaction avec l\'administration fiscale ne vous prserve pas de tout redressement','Une transaction avec l\'administration fiscale ne vous prserve pas de tout redre',NULL,'Une transaction avec l\'administration fiscale ne vous prserve pas de tout redressement',NULL,'snthdk',1,0,0,1,NULL,'fr'),(29497,'rubriques/fiscalite/actualites/le-secteur-de-l-agroalimentaire-sante-retrouvee-pour-les-champagnes-et-spiritueux','Le secteur de l\'agroalimentaire : sant retrouve pour les champagnes et spiritueux !','Le secteur de l\'agroalimentaire : sant retrouve pour les champagnes et spiritu',NULL,'Le secteur de l\'agroalimentaire : sant retrouve pour les champagnes et spiritueux !',NULL,'snthdk',1,0,0,1,NULL,'fr'),(29498,'rubriques/fiscalite/actualites/le-credit-d-impot-sur-les-interets-d-emprunt-n-a-pas-totalement-disparu','Le crdit d\'impt sur les intrts d\'emprunt n\'a pas totalement disparu !','Le crdit d\'impt sur les intrts d\'emprunt n\'a pas totalement disparu !',NULL,'Le crdit d\'impt sur les intrts d\'emprunt n\'a pas totalement disparu !',NULL,'snthdk',1,0,0,1,NULL,'fr'),(29499,'rubriques/fiscalite/actualites/investissement-locatif-le-dispositif-girardin-reactualise','Investissement locatif : le dispositif Girardin ractualis !','Investissement locatif : le dispositif Girardin ractualis !',NULL,'Investissement locatif : le dispositif Girardin ractualis !',NULL,'snthdk',1,0,0,1,NULL,'fr'),(29500,'rubriques/fiscalite/actualites/quel-sera-le-montant-de-votre-impot-en-2011','Quel sera le montant de votre impt en 2011 ?','Quel sera le montant de votre impt en 2011 ?',NULL,'Quel sera le montant de votre impt en 2011 ?',NULL,'snthdk',1,0,0,1,NULL,'fr'),(29501,'rubriques/fiscalite/actualites/contrat-d-assurance-vie-apporte-en-garantie-d-un-credit','Contrat d\'assurance-vie apport en garantie d\'un crdit','Contrat d\'assurance-vie apport en garantie d\'un crdit',NULL,'Contrat d\'assurance-vie apport en garantie d\'un crdit',NULL,'snthdk',1,0,0,1,NULL,'fr'),(29502,'rubriques/fiscalite/actualites/recouvrement-de-l-impot-frais-de-poursuite','Recouvrement de l\'impt : frais de poursuite','Recouvrement de l\'impt : frais de poursuite',NULL,'Recouvrement de l\'impt : frais de poursuite',NULL,'snthdk',1,0,0,1,NULL,'fr'),(29503,'rubriques/fiscalite/actualites/une-possibilite-de-reduire-l-impot-sur-les-dividendes','Une possibilit de rduire l\'impt sur les dividendes','Une possibilit de rduire l\'impt sur les dividendes',NULL,'Une possibilit de rduire l\'impt sur les dividendes',NULL,'snthdk',1,0,0,1,NULL,'fr'),(29504,'rubriques/fiscalite/actualites/les-nouveaux-plafonds-des-investissements-locatifs','Les nouveaux plafonds des investissements locatifs','Les nouveaux plafonds des investissements locatifs',NULL,'Les nouveaux plafonds des investissements locatifs',NULL,'snthdk',1,0,0,1,NULL,'fr'),(29505,'rubriques/fiscalite/actualites/les-nouveaux-plafonds-de-l-investissement-scellier','Les nouveaux plafonds de l\'investissement Scellier','Les nouveaux plafonds de l\'investissement Scellier',NULL,'Les nouveaux plafonds de l\'investissement Scellier',NULL,'snthdk',1,0,0,1,NULL,'fr'),(29506,'rubriques/fiscalite/actualites/quelles-perspectives-pour-le-patrimoine-des-francais','Quelles perspectives pour le patrimoine des Franais ?','Quelles perspectives pour le patrimoine des Franais ?',NULL,'Quelles perspectives pour le patrimoine des Franais ?',NULL,'snthdk',1,0,0,1,NULL,'fr'),(29507,'rubriques/fiscalite/actualites/lutte-contre-la-fraude-fiscale-au-sein-de-l-union-europeenne','Lutte contre la fraude fiscale au sein de l\'Union europenne','Lutte contre la fraude fiscale au sein de l\'Union europenne',NULL,'Lutte contre la fraude fiscale au sein de l\'Union europenne',NULL,'snthdk',1,0,0,1,NULL,'fr'),(29508,'rubriques/fiscalite/actualites/reactualisation-des-baremes-des-frais-kilometriques-2010','Ractualisation des barmes des frais kilomtriques 2010','Ractualisation des barmes des frais kilomtriques 2010',NULL,'Ractualisation des barmes des frais kilomtriques 2010',NULL,'snthdk',1,0,0,1,NULL,'fr'),(29509,'rubriques/fiscalite/actualites/restitution-de-droits-de-succession-en-cas-de-surevaluation-d-un-bien-immobilier','Restitution de droits de succession en cas de survaluation d\'un bien immobilier','Restitution de droits de succession en cas de survaluation d\'un bien immobilier',NULL,'Restitution de droits de succession en cas de survaluation d\'un bien immobilier',NULL,'snthdk',1,0,0,1,NULL,'fr'),(29510,'rubriques/fiscalite/actualites/depot-des-declarations-fiscales-des-entreprises-n-oubliez-pas-la-date-limite-du-3-mai-2011','Dpt des dclarations fiscales des entreprises : n\'oubliez pas la date limite du 3 mai 2011 !','Dpt des dclarations fiscales des entreprises : n\'oubliez pas la date limite d',NULL,'Dpt des dclarations fiscales des entreprises : n\'oubliez pas la date limite du 3 mai 2011 !',NULL,'snthdk',1,0,0,1,NULL,'fr'),(29511,'rubriques/fiscalite/actualites/les-taux-de-la-reduction-d-impot-scellier-pour-2012-deja-annonces','Les taux de la rduction d\'impt Scellier pour 2012 dj annoncs !','Les taux de la rduction d\'impt Scellier pour 2012 dj annoncs !',NULL,'Les taux de la rduction d\'impt Scellier pour 2012 dj annoncs !',NULL,'snthdk',1,0,0,1,NULL,'fr'),(29512,'rubriques/fiscalite/actualites/soutenir-la-creation-d-entreprise-peut-vous-permettre-de-reduire-votre-isf','Soutenir la cration d\'entreprise peut vous permettre de rduire votre ISF !','Soutenir la cration d\'entreprise peut vous permettre de rduire votre ISF !',NULL,'Soutenir la cration d\'entreprise peut vous permettre de rduire votre ISF !',NULL,'snthdk',1,0,0,1,NULL,'fr'),(29513,'rubriques/fiscalite/actualites/exoneration-d-isf-des-dirigeants-de-societes','Exonration d\'ISF des dirigeants de socits','Exonration d\'ISF des dirigeants de socits',NULL,'Exonration d\'ISF des dirigeants de socits',NULL,'snthdk',1,0,0,1,NULL,'fr'),(29514,'rubriques/fiscalite/actualites/investir-pour-reduire-son-isf','Investir pour rduire son ISF','Investir pour rduire son ISF',NULL,'Investir pour rduire son ISF',NULL,'snthdk',1,0,0,1,NULL,'fr'),(29515,'rubriques/fiscalite/actualites/la-liste-2011-des-etats-et-territoires-non-cooperatifs-est-connue','La liste 2011 des tats et territoires non coopratifs est connue !','La liste 2011 des tats et territoires non coopratifs est connue !',NULL,'La liste 2011 des tats et territoires non coopratifs est connue !',NULL,'snthdk',1,0,0,1,NULL,'fr'),(29516,'rubriques/fiscalite/actualites/reforme-de-la-fiscalite-du-patrimoine-les-incidences-sur-votre-patrimoine-personnel','Rforme de la fiscalit du patrimoine : les incidences sur votre patrimoine personnel','Rforme de la fiscalit du patrimoine : les incidences sur votre patrimoine pers',NULL,'Rforme de la fiscalit du patrimoine : les incidences sur votre patrimoine personnel',NULL,'snthdk',1,0,0,1,NULL,'fr'),(29517,'rubriques/fiscalite/actualites/reforme-de-la-fiscalite-du-patrimoine-l-assouplissement-du-pacte-dutreil','Rforme de la fiscalit du patrimoine : l\'assouplissement du pacte Dutreil','Rforme de la fiscalit du patrimoine : l\'assouplissement du pacte Dutreil',NULL,'Rforme de la fiscalit du patrimoine : l\'assouplissement du pacte Dutreil',NULL,'snthdk',1,0,0,1,NULL,'fr'),(29518,'rubriques/fiscalite/actualites/le-nouveau-plafond-de-versement-a-certaines-uvres-vient-d-etre-publie','Le nouveau plafond de versement  certaines uvres vient d\'tre publi','Le nouveau plafond de versement  certaines uvres vient d\'tre publi',NULL,'Le nouveau plafond de versement  certaines uvres vient d\'tre publi',NULL,'snthdk',1,0,0,1,NULL,'fr'),(29519,'rubriques/fiscalite/actualites/la-date-limite-de-declaration-et-de-paiement-de-l-isf-reportee','La date limite de dclaration et de paiement de l\'ISF reporte','La date limite de dclaration et de paiement de l\'ISF reporte',NULL,'La date limite de dclaration et de paiement de l\'ISF reporte',NULL,'snthdk',1,0,0,1,NULL,'fr'),(29520,'rubriques/fiscalite/actualites/donnees-bancaires-du-contribuable-un-acces-facilite-pour-l-administration-fiscale','Donnes bancaires du contribuable : un accs facilit pour l\'administration fiscale','Donnes bancaires du contribuable : un accs facilit pour l\'administration fisc',NULL,'Donnes bancaires du contribuable : un accs facilit pour l\'administration fiscale',NULL,'snthdk',1,0,0,1,NULL,'fr'),(29521,'rubriques/fiscalite/actualites/reforme-de-la-fiscalite-du-patrimoine-les-amenagements-concernant-les-biens-professionnels','Rforme de la fiscalit du patrimoine : les amnagements concernant les biens professionnels','Rforme de la fiscalit du patrimoine : les amnagements concernant les biens pr',NULL,'Rforme de la fiscalit du patrimoine : les amnagements concernant les biens professionnels',NULL,'snthdk',1,0,0,1,NULL,'fr'),(29522,'rubriques/fiscalite/actualites/un-bien-immobilier-recu-par-donation-peut-il-beneficier-du-dispositif-scellier','Un bien immobilier reu par donation peut-il bnficier du dispositif Scellier ?','Un bien immobilier reu par donation peut-il bnficier du dispositif Scellier ?',NULL,'Un bien immobilier reu par donation peut-il bnficier du dispositif Scellier ?',NULL,'snthdk',1,0,0,1,NULL,'fr'),(29523,'rubriques/fiscalite/actualites/rentes-et-indemnites-percues-en-reparation-de-dommages-corporels-au-regard-de-l-isf','Rentes et indemnits perues en rparation de dommages corporels au regard de l\'ISF','Rentes et indemnits perues en rparation de dommages corporels au regard de l\'',NULL,'Rentes et indemnits perues en rparation de dommages corporels au regard de l\'ISF',NULL,'snthdk',1,0,0,1,NULL,'fr'),(29524,'rubriques/fiscalite/actualites/un-diagnostic-mitige-pour-le-secteur-de-la-sante','Un Diagnostic mitig pour le secteur de la sant','Un Diagnostic mitig pour le secteur de la sant',NULL,'Un Diagnostic mitig pour le secteur de la sant',NULL,'snthdk',1,0,0,1,NULL,'fr'),(29525,'rubriques/fiscalite/actualites/les-impots-supplementaires-et-les-penalites-fiscales-influent-ils-sur-le-calcul-du-bouclier-fiscal','Les impts supplmentaires et les pnalits fiscales influent-ils sur le calcul du bouclier fiscal ?','Les impts supplmentaires et les pnalits fiscales influent-ils sur le calcul ',NULL,'Les impts supplmentaires et les pnalits fiscales influent-ils sur le calcul du bouclier fiscal ?',NULL,'snthdk',1,0,0,1,NULL,'fr'),(29526,'rubriques/fiscalite/actualites/redressement-fiscal-soyez-vigilant-sur-l-adresse-d-envoi-de-votre-reponse','Redressement fiscal : soyez vigilant sur l\'adresse d\'envoi de votre rponse !','Redressement fiscal : soyez vigilant sur l\'adresse d\'envoi de votre rponse !',NULL,'Redressement fiscal : soyez vigilant sur l\'adresse d\'envoi de votre rponse !',NULL,'snthdk',1,0,0,1,NULL,'fr'),(29527,'rubriques/fiscalite/actualites/imposition-separee-des-epoux-et-controle-fiscal','Imposition spare des poux et contrle fiscal','Imposition spare des poux et contrle fiscal',NULL,'Imposition spare des poux et contrle fiscal',NULL,'snthdk',1,0,0,1,NULL,'fr'),(29528,'rubriques/fiscalite/actualites/controle-fiscal-l-administration-fiscale-peut-demander-vos-releves-de-comptes','Contrle fiscal : l\'administration fiscale peut demander vos relevs de comptes !','Contrle fiscal : l\'administration fiscale peut demander vos relevs de comptes ',NULL,'Contrle fiscal : l\'administration fiscale peut demander vos relevs de comptes !',NULL,'snthdk',1,0,0,1,NULL,'fr'),(29529,'rubriques/fiscalite/actualites/dons-deductibles-de-l-isf-le-resultat-par-region-publie','Dons dductibles de l\'ISF : le rsultat par rgion publi','Dons dductibles de l\'ISF : le rsultat par rgion publi',NULL,'Dons dductibles de l\'ISF : le rsultat par rgion publi',NULL,'snthdk',1,0,0,1,NULL,'fr'),(29530,'rubriques/fiscalite/actualites/comment-sera-impose-le-remboursement-des-rachats-de-vos-cotisations-retraite','Comment sera impos le remboursement des rachats de vos cotisations retraite ?','Comment sera impos le remboursement des rachats de vos cotisations retraite ?',NULL,'Comment sera impos le remboursement des rachats de vos cotisations retraite ?',NULL,'snthdk',1,0,0,1,NULL,'fr'),(29531,'rubriques/fiscalite/actualites/lutte-contre-la-fraude-fiscale-bilan-2010','Lutte contre la fraude fiscale: bilan 2010','Lutte contre la fraude fiscale: bilan 2010',NULL,'Lutte contre la fraude fiscale: bilan 2010',NULL,'snthdk',1,0,0,1,NULL,'fr'),(29532,'rubriques/fiscalite/actualites/controle-fiscal-et-documents-deposes-au-greffe','Contrle fiscal et documents dposs au greffe','Contrle fiscal et documents dposs au greffe',NULL,'Contrle fiscal et documents dposs au greffe',NULL,'snthdk',1,0,0,1,NULL,'fr'),(29533,'rubriques/fiscalite/actualites/la-reforme-de-la-fiscalite-du-patrimoine-enfin-adoptee','La rforme de la fiscalit du patrimoine enfin adopte !','La rforme de la fiscalit du patrimoine enfin adopte !',NULL,'La rforme de la fiscalit du patrimoine enfin adopte !',NULL,'snthdk',1,0,0,1,NULL,'fr'),(29534,'rubriques/fiscalite/actualites/abattement-successoral-l-administration-fiscale-durcit-le-ton','Abattement successoral : l\'administration fiscale durcit le ton','Abattement successoral : l\'administration fiscale durcit le ton',NULL,'Abattement successoral : l\'administration fiscale durcit le ton',NULL,'snthdk',1,0,0,1,NULL,'fr'),(29535,'rubriques/fiscalite/actualites/btp-materiaux-la-construction-a-nouveau-sur-la-bonne-voie','BTP-matriaux : la construction  nouveau sur la bonne voie','BTP-matriaux : la construction  nouveau sur la bonne voie',NULL,'BTP-matriaux : la construction  nouveau sur la bonne voie',NULL,'snthdk',1,0,0,1,NULL,'fr'),(29536,'rubriques/fiscalite/actualites/reforme-de-la-fiscalite-du-patrimoine-l-assurance-vie-mise-a-contribution','Rforme de la fiscalit du patrimoine : l\'assurance-vie mise  contribution','Rforme de la fiscalit du patrimoine : l\'assurance-vie mise  contribution',NULL,'Rforme de la fiscalit du patrimoine : l\'assurance-vie mise  contribution',NULL,'snthdk',1,0,0,1,NULL,'fr'),(29537,'rubriques/fiscalite/actualites/sci-et-si-vous-optiez-a-l-impot-sur-les-societes','SCI : et si vous optiez  l\'impt sur les socits ?','SCI : et si vous optiez  l\'impt sur les socits ?',NULL,'SCI : et si vous optiez  l\'impt sur les socits ?',NULL,'snthdk',1,0,0,1,NULL,'fr'),(29538,'rubriques/fiscalite/actualites/plan-d-austerite-du-gouvernement-quelles-consequences-sur-votre-patrimoine','Plan d\'austrit du gouvernement : quelles consquences sur votre patrimoine ?','Plan d\'austrit du gouvernement : quelles consquences sur votre patrimoine ?',NULL,'Plan d\'austrit du gouvernement : quelles consquences sur votre patrimoine ?',NULL,'snthdk',1,0,0,1,NULL,'fr'),(29539,'rubriques/fiscalite/actualites/isf-a-vos-declarations','ISF :  vos dclarations !','ISF :  vos dclarations !',NULL,'ISF :  vos dclarations !',NULL,'snthdk',1,0,0,1,NULL,'fr'),(29540,'rubriques/fiscalite/actualites/assurance-vie-demembree-comment-se-partager-l-abattement-fiscal','Assurance-vie dmembre : comment se partager l\'abattement fiscal ?','Assurance-vie dmembre : comment se partager l\'abattement fiscal ?',NULL,'Assurance-vie dmembre : comment se partager l\'abattement fiscal ?',NULL,'snthdk',1,0,0,1,NULL,'fr'),(29541,'rubriques/fiscalite/actualites/deduire-les-interets-d-un-emprunt-renegocie-de-vos-revenus-fonciers','Dduire les intrts d\'un emprunt rengoci de vos revenus fonciers','Dduire les intrts d\'un emprunt rengoci de vos revenus fonciers',NULL,'Dduire les intrts d\'un emprunt rengoci de vos revenus fonciers',NULL,'snthdk',1,0,0,1,NULL,'fr'),(29542,'rubriques/fiscalite/actualites/la-reduction-d-impot-pour-mecenat-est-elargie','La rduction d\'impt pour mcnat est largie !','La rduction d\'impt pour mcnat est largie !',NULL,'La rduction d\'impt pour mcnat est largie !',NULL,'snthdk',1,0,0,1,NULL,'fr'),(29543,'rubriques/fiscalite/actualites/quelles-obligations-declaratives-pour-les-contribuables-soumis-a-l-exit-tax','Quelles obligations dclaratives pour les contribuables soumis  l\'exit tax?','Quelles obligations dclaratives pour les contribuables soumis  l\'exit tax',NULL,'Quelles obligations dclaratives pour les contribuables soumis  l\'exit tax?',NULL,'snthdk',1,0,0,1,NULL,'fr'),(29544,'rubriques/fiscalite/actualites/le-nouveau-mecanisme-de-plafonnement-de-la-taxe-fonciere-sur-les-proprietes-baties','Le nouveau mcanisme de plafonnement de la taxe foncire sur les proprits bties','Le nouveau mcanisme de plafonnement de la taxe foncire sur les proprits bti',NULL,'Le nouveau mcanisme de plafonnement de la taxe foncire sur les proprits bties',NULL,'snthdk',1,0,0,1,NULL,'fr'),(29545,'rubriques/fiscalite/dossiers/reforme-de-la-fiscalite-du-patrimoine','Rforme de la fiscalit du patrimoine','Rforme de la fiscalit du patrimoine',NULL,'Rforme de la fiscalit du patrimoine',NULL,'snthdk',1,0,0,1,NULL,'fr'),(29546,'rubriques/fiscalite/dossiers/reforme-de-la-fiscalite-du-patrimoine-29546','Rforme de la fiscalit du patrimoine','Rforme de la fiscalit du patrimoine',NULL,'Rforme de la fiscalit du patrimoine',NULL,'snthdk',1,0,0,1,NULL,'fr'),(29547,'rubriques/fiscalite/questions-reponses/plan-d-epargne-logement','Plan d\'pargne logement','Plan d\'pargne logement',NULL,'Plan d\'pargne logement',NULL,'snthdk',1,0,0,1,NULL,'fr'),(29548,'rubriques/fiscalite/questions-reponses/exoneration-de-tva-relative-aux-livraisons-intracommunautaires','Exonration de TVA relative aux livraisons intracommunautaires','Exonration de TVA relative aux livraisons intracommunautaires',NULL,'Exonration de TVA relative aux livraisons intracommunautaires',NULL,'snthdk',1,0,0,1,NULL,'fr'),(29549,'rubriques/fiscalite/questions-reponses/deductibilite-du-resultat-des-depenses-de-cadeaux-d-affaires','Dductibilit du rsultat des dpenses de cadeaux d\'affaires','Dductibilit du rsultat des dpenses de cadeaux d\'affaires',NULL,'Dductibilit du rsultat des dpenses de cadeaux d\'affaires',NULL,'snthdk',1,0,0,1,NULL,'fr'),(29550,'rubriques/immobilier/actualites/gare-aux-notifications-par-lettre-recommandee-avec-accuse-de-reception','Gare aux notifications par lettre recommande avec accus de rception !','Gare aux notifications par lettre recommande avec accus de rception !',NULL,'Gare aux notifications par lettre recommande avec accus de rception !',NULL,'snthdk',1,0,0,1,NULL,'fr'),(29551,'rubriques/immobilier/actualites/le-diagnostic-de-performance-energetique-subit-un-nouveau-lifting','Le diagnostic de performance nergtique subit un nouveau lifting !','Le diagnostic de performance nergtique subit un nouveau lifting !',NULL,'Le diagnostic de performance nergtique subit un nouveau lifting !',NULL,'snthdk',1,0,0,1,NULL,'fr'),(29552,'rubriques/immobilier/actualites/comment-calculer-une-plus-value-immobiliere','Comment calculer une plus-value immobilire ?','Comment calculer une plus-value immobilire ?',NULL,'Comment calculer une plus-value immobilire ?',NULL,'snthdk',1,0,0,1,NULL,'fr'),(29553,'rubriques/immobilier/actualites/deces-d-un-locataire-comment-recuperer-le-logement','Dcs d\'un locataire : comment rcuprer le logement ?','Dcs d\'un locataire : comment rcuprer le logement ?',NULL,'Dcs d\'un locataire : comment rcuprer le logement ?',NULL,'snthdk',1,0,0,1,NULL,'fr'),(29554,'rubriques/immobilier/actualites/un-epoux-a-t-il-pouvoir-sur-le-compte-de-son-conjoint','Un poux a-t-il pouvoir sur le compte de son conjoint?','Un poux a-t-il pouvoir sur le compte de son conjoint?',NULL,'Un poux a-t-il pouvoir sur le compte de son conjoint?',NULL,'snthdk',1,0,0,1,NULL,'fr'),(29555,'rubriques/immobilier/actualites/sur-qui-pese-le-reglement-des-frais-de-diagnostics-immobiliers','Sur qui pse le rglement des frais de diagnostics immobiliers ?','Sur qui pse le rglement des frais de diagnostics immobiliers ?',NULL,'Sur qui pse le rglement des frais de diagnostics immobiliers ?',NULL,'snthdk',1,0,0,1,NULL,'fr'),(29556,'rubriques/immobilier/actualites/projet-de-loi-de-finances-pour-2012-les-amendements-adoptes','Projet de loi de finances pour 2012 : les amendements adopts','Projet de loi de finances pour 2012 : les amendements adopts',NULL,'Projet de loi de finances pour 2012 : les amendements adopts',NULL,'snthdk',1,0,0,1,NULL,'fr'),(29557,'rubriques/immobilier/actualites/quels-pouvoirs-pour-le-gerant-d-une-sci','Quels pouvoirs pour le grant d\'une SCI ?','Quels pouvoirs pour le grant d\'une SCI ?',NULL,'Quels pouvoirs pour le grant d\'une SCI ?',NULL,'snthdk',1,0,0,1,NULL,'fr'),(29558,'rubriques/immobilier/actualites/entree-en-piste-de-l-indice-des-loyers-des-activites-tertiaires','Entre en piste de l\'indice des loyers des activits tertiaires','Entre en piste de l\'indice des loyers des activits tertiaires',NULL,'Entre en piste de l\'indice des loyers des activits tertiaires',NULL,'snthdk',1,0,0,1,NULL,'fr'),(29559,'rubriques/immobilier/actualites/l-administration-vous-aide-a-evaluer-votre-bien-immobilier','L\'administration vous aide  valuer votre bien immobilier !','L\'administration vous aide  valuer votre bien immobilier !',NULL,'L\'administration vous aide  valuer votre bien immobilier !',NULL,'snthdk',1,0,0,1,NULL,'fr'),(29560,'rubriques/immobilier/actualites/bailleurs-attention-a-ne-pas-fixer-un-loyer-trop-eleve','Bailleurs : attention  ne pas fixer un loyer trop lev !','Bailleurs : attention  ne pas fixer un loyer trop lev !',NULL,'Bailleurs : attention  ne pas fixer un loyer trop lev !',NULL,'snthdk',1,0,0,1,NULL,'fr'),(29561,'rubriques/immobilier/actualites/dispositif-scellier-du-changement-pour-la-zone-c','Dispositif \"Scellier\" : du changement pour la zone C !','Dispositif \"Scellier\" : du changement pour la zone C !',NULL,'Dispositif \"Scellier\" : du changement pour la zone C !',NULL,'snthdk',1,0,0,1,NULL,'fr'),(29562,'rubriques/immobilier/actualites/evaluation-des-biens-dans-le-cadre-d-une-succession','valuation des biens dans le cadre d\'une succession','valuation des biens dans le cadre d\'une succession',NULL,'valuation des biens dans le cadre d\'une succession',NULL,'snthdk',1,0,0,1,NULL,'fr'),(29563,'rubriques/immobilier/actualites/donner-en-location-un-logement-a-l-un-de-vos-enfants-peut-etre-dangereux','Donner en location un logement  l\'un de vos enfants peut tre dangereux !','Donner en location un logement  l\'un de vos enfants peut tre dangereux !',NULL,'Donner en location un logement  l\'un de vos enfants peut tre dangereux !',NULL,'snthdk',1,0,0,1,NULL,'fr'),(29564,'rubriques/immobilier/actualites/louez-une-partie-de-votre-residence-principale-sans-etre-impose-c-est-possible','Louez une partie de votre rsidence principale sans tre impos : c\'est possible !','Louez une partie de votre rsidence principale sans tre impos : c\'est possible',NULL,'Louez une partie de votre rsidence principale sans tre impos : c\'est possible !',NULL,'snthdk',1,0,0,1,NULL,'fr'),(29565,'rubriques/immobilier/actualites/les-plafonds-de-loyers-des-investissements-immobiliers-locatifs-publies','Les plafonds de loyers des investissements immobiliers locatifs publis !','Les plafonds de loyers des investissements immobiliers locatifs publis !',NULL,'Les plafonds de loyers des investissements immobiliers locatifs publis !',NULL,'snthdk',1,0,0,1,NULL,'fr'),(29566,'rubriques/immobilier/actualites/dispositif-scellier-le-plafonnement-supplementaire-enfin-publie','Dispositif  Scellier  : le plafonnement supplmentaire enfin publi !','Dispositif  Scellier  : le plafonnement supplmentaire enfin publi !',NULL,'Dispositif  Scellier  : le plafonnement supplmentaire enfin publi !',NULL,'snthdk',1,0,0,1,NULL,'fr'),(29567,'rubriques/immobilier/actualites/la-remise-en-mains-propres-gagne-ses-lettres-de-noblesse','La remise en mains propres gagne ses lettres de noblesse !','La remise en mains propres gagne ses lettres de noblesse !',NULL,'La remise en mains propres gagne ses lettres de noblesse !',NULL,'snthdk',1,0,0,1,NULL,'fr'),(29568,'rubriques/immobilier/actualites/depot-de-garantie-le-bailleur-doit-justifier-les-sommes-deduites','Dpt de garantie : le bailleur doit justifier les sommes dduites','Dpt de garantie : le bailleur doit justifier les sommes dduites',NULL,'Dpt de garantie : le bailleur doit justifier les sommes dduites',NULL,'snthdk',1,0,0,1,NULL,'fr'),(29569,'rubriques/immobilier/actualites/resiliation-d-un-bail-d-habitation-en-justice-il-faut-prevenir-le-prefet','Rsiliation d\'un bail d\'habitation en justice: il faut prvenir le prfet','Rsiliation d\'un bail d\'habitation en justice: il faut prvenir le prfet',NULL,'Rsiliation d\'un bail d\'habitation en justice: il faut prvenir le prfet',NULL,'snthdk',1,0,0,1,NULL,'fr'),(29570,'rubriques/immobilier/actualites/transaction-immobiliere-attention-au-prix-derisoire','Transaction immobilire : attention au prix drisoire !','Transaction immobilire : attention au prix drisoire !',NULL,'Transaction immobilire : attention au prix drisoire !',NULL,'snthdk',1,0,0,1,NULL,'fr'),(29571,'rubriques/immobilier/actualites/comment-reprendre-un-logement-abandonne-par-son-locataire','Comment reprendre un logement abandonn par son locataire ?','Comment reprendre un logement abandonn par son locataire ?',NULL,'Comment reprendre un logement abandonn par son locataire ?',NULL,'snthdk',1,0,0,1,NULL,'fr'),(29572,'rubriques/immobilier/actualites/deduire-les-interets-d-un-emprunt-renegocie-de-vos-revenus-fonciers','Dduire les intrts d\'un emprunt rengoci de vos revenus fonciers','Dduire les intrts d\'un emprunt rengoci de vos revenus fonciers',NULL,'Dduire les intrts d\'un emprunt rengoci de vos revenus fonciers',NULL,'snthdk',1,0,0,1,NULL,'fr'),(29573,'rubriques/immobilier/actualites/le-nouveau-mecanisme-de-plafonnement-de-la-taxe-fonciere-sur-les-proprietes-baties','Le nouveau mcanisme de plafonnement de la taxe foncire sur les proprits bties','Le nouveau mcanisme de plafonnement de la taxe foncire sur les proprits bti',NULL,'Le nouveau mcanisme de plafonnement de la taxe foncire sur les proprits bties',NULL,'snthdk',1,0,0,1,NULL,'fr'),(29574,'rubriques/immobilier/questions-reponses/bail-d-habitation-et-garantie-des-loyers-impayes','Bail d\'habitation et garantie des loyers impays','Bail d\'habitation et garantie des loyers impays',NULL,'Bail d\'habitation et garantie des loyers impays',NULL,'snthdk',1,0,0,1,NULL,'fr'),(29575,'rubriques/placement/actualites/le-dispositif-de-reduction-d-isf-pour-investissement-dans-une-pme-assoupli','Le dispositif de rduction d\'ISF pour investissement dans une PME assoupli !','Le dispositif de rduction d\'ISF pour investissement dans une PME assoupli !',NULL,'Le dispositif de rduction d\'ISF pour investissement dans une PME assoupli !',NULL,'snthdk',1,0,0,1,NULL,'fr'),(29576,'rubriques/placement/actualites/la-hausse-du-taux-du-livret-a-bloquee-par-le-ministre-de-l-economie','La hausse du taux du livret A bloque par le ministre de l\'conomie','La hausse du taux du livret A bloque par le ministre de l\'conomie',NULL,'La hausse du taux du livret A bloque par le ministre de l\'conomie',NULL,'snthdk',1,0,0,1,NULL,'fr'),(29577,'rubriques/placement/actualites/secteur-de-l-aeronautique-les-avionneurs-survolent-la-crise','Secteur de l\'aronautique : les avionneurs survolent la crise','Secteur de l\'aronautique : les avionneurs survolent la crise',NULL,'Secteur de l\'aronautique : les avionneurs survolent la crise',NULL,'snthdk',1,0,0,1,NULL,'fr'),(29578,'rubriques/placement/actualites/le-livret-a-suit-le-rythme-de-l-inflation','Le livret A suit le rythme de l\'inflation','Le livret A suit le rythme de l\'inflation',NULL,'Le livret A suit le rythme de l\'inflation',NULL,'snthdk',1,0,0,1,NULL,'fr'),(29579,'rubriques/placement/actualites/reforme-de-la-fiscalite-du-patrimoine-l-assurance-vie-mise-a-contribution','Rforme de la fiscalit du patrimoine : l\'assurance-vie mise  contribution','Rforme de la fiscalit du patrimoine : l\'assurance-vie mise  contribution',NULL,'Rforme de la fiscalit du patrimoine : l\'assurance-vie mise  contribution',NULL,'snthdk',1,0,0,1,NULL,'fr'),(29580,'rubriques/placement/actualites/la-reduction-d-impot-pour-mecenat-est-elargie','La rduction d\'impt pour mcnat est largie !','La rduction d\'impt pour mcnat est largie !',NULL,'La rduction d\'impt pour mcnat est largie !',NULL,'snthdk',1,0,0,1,NULL,'fr'),(29581,'rubriques/placement/dossiers/la-ruee-vers-les-placements-or','La rue vers les placements or','La rue vers les placements or',NULL,'La rue vers les placements or',NULL,'snthdk',1,0,0,1,NULL,'fr'),(29582,'rubriques/placement/dossiers/le-contrat-de-capitalisation','Le contrat de capitalisation','Le contrat de capitalisation',NULL,'Le contrat de capitalisation',NULL,'snthdk',1,0,0,1,NULL,'fr'),(29583,'rubriques/placement/dossiers/la-ruee-vers-les-placements-or-29583','La rue vers les placements or','La rue vers les placements or',NULL,'La rue vers les placements or',NULL,'snthdk',1,0,0,1,NULL,'fr'),(29584,'rubriques/placement/dossiers/le-contrat-de-capitalisation-29584','Le contrat de capitalisation','Le contrat de capitalisation',NULL,'Le contrat de capitalisation',NULL,'snthdk',1,0,0,1,NULL,'fr'),(29585,'rubriques/fiscalite/actualites/la-liste-2012-des-etats-et-territoires-non-cooperatifs-est-connue','La liste 2012 des tats et territoires non coopratifs est connue !','La liste 2012 des tats et territoires non coopratifs est connue !',NULL,'La liste 2012 des tats et territoires non coopratifs est connue !',NULL,'snthdk',1,0,0,1,NULL,'fr'),(29586,'rubriques/fiscalite/actualites/depot-des-declarations-fiscales-des-entreprises-n-oubliez-pas-la-date-limite-du-3-mai-2012','Dpt des dclarations fiscales des entreprises : n\'oubliez pas la date limite du 3 mai 2012 !','Dpt des dclarations fiscales des entreprises : n\'oubliez pas la date limite d',NULL,'Dpt des dclarations fiscales des entreprises : n\'oubliez pas la date limite du 3 mai 2012 !',NULL,'snthdk',1,0,0,1,NULL,'fr'),(29587,'rubriques/fiscalite/actualites/la-nouvelle-saison-de-declaration-des-revenus-a-commence','La nouvelle saison de dclaration des revenus a commenc !','La nouvelle saison de dclaration des revenus a commenc !',NULL,'La nouvelle saison de dclaration des revenus a commenc !',NULL,'snthdk',1,0,0,1,NULL,'fr'),(29588,'rubriques/immobilier/actualites/acquisition-immobiliere-peut-on-revenir-sur-sa-retractation','Acquisition immobilire : peut-on revenir sur sa rtractation ?','Acquisition immobilire : peut-on revenir sur sa rtractation ?',NULL,'Acquisition immobilire : peut-on revenir sur sa rtractation ?',NULL,'snthdk',1,0,0,1,NULL,'fr'),(29589,'mentions-legales','Mentions Lgales','Mentions Lgales',NULL,NULL,NULL,'snthdk',1,0,1,1,NULL,'fr'),(29590,'rubriques/famille/actualites/quelles-sont-les-conditions-pour-qu-un-heritier-soit-considere-comme-indigne','Quelles sont les conditions pour qu\'un hritier soit considr comme indigne ?','Quelles sont les conditions pour qu\'un hritier soit considr comme indigne ?',NULL,'Quelles sont les conditions pour qu\'un hritier soit considr comme indigne ?',NULL,'snthdk',1,0,0,1,NULL,'fr'),(29591,'rubriques/fiscalite/actualites/tva-a-7-sur-les-travaux-et-attestation-du-client','TVA  7 % sur les travaux et attestation du client','TVA  7 % sur les travaux et attestation du client',NULL,'TVA  7 % sur les travaux et attestation du client',NULL,'snthdk',1,0,0,1,NULL,'fr'),(29592,'rubriques/fiscalite/actualites/declaration-d-impot-de-solidarite-sur-la-fortune-la-campagne-2012-a-debute','Dclaration d\'impt de solidarit sur la fortune : la campagne 2012 a dbut !','Dclaration d\'impt de solidarit sur la fortune : la campagne 2012 a dbut !',NULL,'Dclaration d\'impt de solidarit sur la fortune : la campagne 2012 a dbut !',NULL,'snthdk',1,0,0,1,NULL,'fr'),(29593,'rubriques/immobilier/actualites/proprietaires-bailleurs-pensez-a-regulariser-vos-charges-locatives-rapidement','Propritaires-bailleurs : pensez  rgulariser vos charges locatives rapidement','Propritaires-bailleurs : pensez  rgulariser vos charges locatives rapidement',NULL,'Propritaires-bailleurs : pensez  rgulariser vos charges locatives rapidement',NULL,'snthdk',1,0,0,1,NULL,'fr'),(29594,'rubriques/fiscalite/actualites/quelle-date-d-application-pour-le-nouveau-plafonnement-scellier','Quelle date d\'application pour le nouveau plafonnement Scellier ?','Quelle date d\'application pour le nouveau plafonnement Scellier ?',NULL,'Quelle date d\'application pour le nouveau plafonnement Scellier ?',NULL,'snthdk',1,0,0,1,NULL,'fr'),(29595,'rubriques/immobilier/actualites/quelle-date-d-application-pour-le-nouveau-plafonnement-scellier','Quelle date d\'application pour le nouveau plafonnement Scellier ?','Quelle date d\'application pour le nouveau plafonnement Scellier ?',NULL,'Quelle date d\'application pour le nouveau plafonnement Scellier ?',NULL,'snthdk',1,0,0,1,NULL,'fr'),(29596,'rubriques/immobilier/actualites/tva-sur-les-travaux-du-nouveau-pour-les-amenagements-interieurs-et-exterieurs','TVA sur les travaux : du nouveau pour les amnagements intrieurs et extrieurs','TVA sur les travaux : du nouveau pour les amnagements intrieurs et extrieurs',NULL,'TVA sur les travaux : du nouveau pour les amnagements intrieurs et extrieurs',NULL,'snthdk',1,0,0,1,NULL,'fr'),(29597,'rubriques/famille/actualites/doit-on-rapporter-a-la-succession-un-cheque-remis-a-un-enfant-lors-des-fetes-de-fin-d-annee','Doit-on rapporter  la succession un chque remis  un enfant lors des ftes de fin d\'anne ?','Doit-on rapporter  la succession un chque remis  un enfant lors des ftes de ',NULL,'Doit-on rapporter  la succession un chque remis  un enfant lors des ftes de fin d\'anne ?',NULL,'snthdk',1,0,0,1,NULL,'fr'),(29598,'rubriques/fiscalite/actualites/denouement-d-une-assurance-vie-en-cas-de-licenciement','Dnouement d\'une assurance-vie en cas de licenciement','Dnouement d\'une assurance-vie en cas de licenciement',NULL,'Dnouement d\'une assurance-vie en cas de licenciement',NULL,'snthdk',1,0,0,1,NULL,'fr'),(29599,'rubriques/fiscalite/actualites/une-pension-alimentaire-versee-a-un-frere-ou-a-une-soeur-est-elle-deductible','Une pension alimentaire verse  un frre ou  une soeur est-elle dductible ?','Une pension alimentaire verse  un frre ou  une soeur est-elle dductible ?',NULL,'Une pension alimentaire verse  un frre ou  une soeur est-elle dductible ?',NULL,'snthdk',1,0,0,1,NULL,'fr'),(29600,'rubriques/fiscalite/actualites/quelle-fiscalite-pour-les-ventes-de-terrains-nus-constructibles','Quelle fiscalit pour les ventes de terrains nus constructibles ?','Quelle fiscalit pour les ventes de terrains nus constructibles ?',NULL,'Quelle fiscalit pour les ventes de terrains nus constructibles ?',NULL,'snthdk',1,0,0,1,NULL,'fr'),(29601,'rubriques/fiscalite/actualites/doit-on-rapporter-a-la-succession-un-cheque-remis-a-un-enfant-lors-des-fetes-de-fin-d-annee','Doit-on rapporter  la succession un chque remis  un enfant lors des ftes de fin d\'anne ?','Doit-on rapporter  la succession un chque remis  un enfant lors des ftes de ',NULL,'Doit-on rapporter  la succession un chque remis  un enfant lors des ftes de fin d\'anne ?',NULL,'snthdk',1,0,0,1,NULL,'fr'),(29602,'rubriques/fiscalite/actualites/isf-les-formalites-necessaires-a-l-exoneration-partielle-des-bois-et-forets','ISF : les formalits ncessaires  l\'exonration partielle des bois et forts','ISF : les formalits ncessaires  l\'exonration partielle des bois et forts',NULL,'ISF : les formalits ncessaires  l\'exonration partielle des bois et forts',NULL,'snthdk',1,0,0,1,NULL,'fr'),(29603,'rubriques/fiscalite/actualites/succession-le-sort-des-retraits-d-especes-realises-un-an-avant-le-deces','Succession : le sort des retraits d\'espces raliss un an avant le dcs','Succession : le sort des retraits d\'espces raliss un an avant le dcs',NULL,'Succession : le sort des retraits d\'espces raliss un an avant le dcs',NULL,'snthdk',1,0,0,1,NULL,'fr'),(29604,'gestion-des-pages','Gestion des pages','Gestion des pages',NULL,'Gestion des pages',NULL,'snthdk',1,0,1,1,NULL,'fr'),(29605,'rubriques/fiscalite/actualites/plus-values-immobilieres-faut-il-tenir-compte-des-changements-intervenus-apres-l-acquisition-du-bien','Plus-values immobilires : faut-il tenir compte des changements intervenus aprs l\'acquisition du bien ?','Plus-values immobilires : faut-il tenir compte des changements intervenus aprs',NULL,'Plus-values immobilires : faut-il tenir compte des changements intervenus aprs l\'acquisition du bien ?',NULL,'snthdk',1,0,0,1,NULL,'fr'),(29606,'rubriques/fiscalite/actualites/collectif-budgetaire-les-mesures-qui-impactent-le-patrimoine-des-particuliers','Collectif budgtaire : les mesures qui impactent le patrimoine des particuliers','Collectif budgtaire : les mesures qui impactent le patrimoine des particuliers',NULL,'Collectif budgtaire : les mesures qui impactent le patrimoine des particuliers',NULL,'snthdk',1,0,0,1,NULL,'fr'),(29607,'rubriques/fiscalite/actualites/augmentation-des-prelevements-sociaux-depuis-le-1er-juillet','Augmentation des prlvements sociaux depuis le 1er juillet !','Augmentation des prlvements sociaux depuis le 1er juillet !',NULL,'Augmentation des prlvements sociaux depuis le 1er juillet !',NULL,'snthdk',1,0,0,1,NULL,'fr'),(29608,'rubriques/fiscalite/actualites/biens-immobiliers-loues-et-impot-de-solidarite-sur-la-fortune','Biens immobiliers lous et impt de solidarit sur la fortune','Biens immobiliers lous et impt de solidarit sur la fortune',NULL,'Biens immobiliers lous et impt de solidarit sur la fortune',NULL,'snthdk',1,0,0,1,NULL,'fr'),(29609,'rubriques/fiscalite/actualites/isf-les-consequences-d-un-prejudice-esthetique-sur-l-evaluation-d-un-bien','ISF : les consquences d\'un prjudice esthtique sur l\'valuation d\'un bien','ISF : les consquences d\'un prjudice esthtique sur l\'valuation d\'un bien',NULL,'ISF : les consquences d\'un prjudice esthtique sur l\'valuation d\'un bien',NULL,'snthdk',1,0,0,1,NULL,'fr'),(29610,'rubriques/fiscalite/questions-reponses/bail-de-locaux-a-usage-professionnel-et-option-pour-la-tva','Bail de locaux  usage professionnel et option pour la TVA','Bail de locaux  usage professionnel et option pour la TVA',NULL,'Bail de locaux  usage professionnel et option pour la TVA',NULL,'snthdk',1,0,0,1,NULL,'fr'),(29611,'rubriques/fiscalite/questions-reponses/reduction-d-isf-dons-au-chu','Rduction d\'ISF: dons au CHU','Rduction d\'ISF: dons au CHU',NULL,'Rduction d\'ISF: dons au CHU',NULL,'snthdk',1,0,0,1,NULL,'fr'),(29612,'rubriques/fiscalite/chiffres','Chiffres','Chiffres',NULL,'chiffres',NULL,'hk',1,0,0,1,NULL,'fr'),(29613,'rubriques/fiscalite/actualites/la-mauvaise-foi-d-un-contribuable-lors-d-un-controle-fiscal','La mauvaise foi d\'un contribuable lors d\'un contrle fiscal','La mauvaise foi d\'un contribuable lors d\'un contrle fiscal',NULL,'La mauvaise foi d\'un contribuable lors d\'un contrle fiscal',NULL,'snthdk',1,0,0,1,NULL,'fr'),(29614,'rubriques/fiscalite/chiffres/bareme-de-l-impot-sur-les-revenus-2011-pour-une-part','barme de l\'impt sur les revenus 2011 pour une part','barme de l\'impt sur les revenus 2011 pour une part',NULL,'barme de l\'impt sur les revenus 2011 pour une part',NULL,'hk',1,0,0,1,NULL,'fr'),(29615,'rubriques/fiscalite/chiffres/plus-values-immobilieres-des-particuliers','plus-values immobilires des particuliers','plus-values immobilires des particuliers',NULL,'plus-values immobilires des particuliers',NULL,'hk',1,0,0,1,NULL,'fr'),(29616,'rubriques/fiscalite/chiffres/prelevements-liberatoires','prlvements libratoires','prlvements libratoires',NULL,'prlvements libratoires',NULL,'hk',1,0,0,1,NULL,'fr'),(29617,'rubriques/fiscalite/chiffres/bareme-de-l-i-s-f-au-01-01-2012','barme de l\'i.s.f. au 01/01/2012','barme de l\'i.s.f. au 01/01/2012',NULL,'barme de l\'i.s.f. au 01/01/2012',NULL,'hk',1,0,0,1,NULL,'fr'),(29618,'rubriques/fiscalite/chiffres/interets-des-comptes-courants-d-associes','intrts des comptes courants d\'associs','intrts des comptes courants d\'associs',NULL,'intrts des comptes courants d\'associs',NULL,'hk',1,0,0,1,NULL,'fr'),(29619,'rubriques/fiscalite/chiffres/tarif-des-droits-de-donation-et-de-succession','tarif des droits de donation et de succession','tarif des droits de donation et de succession',NULL,'tarif des droits de donation et de succession',NULL,'hk',1,0,0,1,NULL,'fr'),(29620,'rubriques/famille/questions-reponses/formalites-prealables-a-la-fermeture-estivale-de-l-entreprise','Formalits pralables  la fermeture estivale de l\'entreprise','Formalits pralables  la fermeture estivale de l\'entreprise',NULL,'Formalits pralables  la fermeture estivale de l\'entreprise',NULL,'snthdk',1,0,0,1,NULL,'fr'),(29621,'rubriques/famille/questions-reponses/demande-de-conge-parental-d-education','Demande de cong parental d\'ducation','Demande de cong parental d\'ducation',NULL,'Demande de cong parental d\'ducation',NULL,'snthdk',1,0,0,1,NULL,'fr'),(29622,'rubriques/fiscalite/actualites/secteur-du-tourisme-un-habitue-des-zones-de-turbulences','Secteur du tourisme : un habitu des zones de turbulences','Secteur du tourisme : un habitu des zones de turbulences',NULL,'Secteur du tourisme : un habitu des zones de turbulences',NULL,'snthdk',1,0,0,1,NULL,'fr'),(29623,'rubriques/fiscalite/actualites/telecommunication-un-secteur-en-pleine-revolution','Tlcommunication : un secteur en pleine rvolution','Tlcommunication : un secteur en pleine rvolution',NULL,'Tlcommunication : un secteur en pleine rvolution',NULL,'snthdk',1,0,0,1,NULL,'fr'),(29624,'rubriques/fiscalite/questions-reponses/bail-de-locaux-a-usage-professionnel-et-option-pour-la-tva-29624','Bail de locaux  usage professionnel et option pour la TVA','Bail de locaux  usage professionnel et option pour la TVA',NULL,'Bail de locaux  usage professionnel et option pour la TVA',NULL,'snthdk',1,0,0,1,NULL,'fr'),(29625,'rubriques/placement/actualites/secteur-du-tourisme-un-habitue-des-zones-de-turbulences','Secteur du tourisme : un habitu des zones de turbulences','Secteur du tourisme : un habitu des zones de turbulences',NULL,'Secteur du tourisme : un habitu des zones de turbulences',NULL,'snthdk',1,0,0,1,NULL,'fr'),(29626,'rubriques/placement/actualites/telecommunication-un-secteur-en-pleine-revolution','Tlcommunication : un secteur en pleine rvolution','Tlcommunication : un secteur en pleine rvolution',NULL,'Tlcommunication : un secteur en pleine rvolution',NULL,'snthdk',1,0,0,1,NULL,'fr'),(29627,'rubriques/placement/questions-reponses','Questions/rponses','Questions/rponses',NULL,'questions/rponses',NULL,'hk',1,0,0,1,NULL,'fr'),(29628,'rubriques/immobilier/questions-reponses/loyer-du-bail-commercial-et-extension-de-l-activite','Loyer du bail commercial et extension de l\'activit','Loyer du bail commercial et extension de l\'activit',NULL,'Loyer du bail commercial et extension de l\'activit',NULL,'snthdk',1,0,0,1,NULL,'fr'),(29629,'rubriques/placement/questions-reponses/attribution-d-un-droit-de-vote-double-aux-actionnaires-de-societe-anonyme','attribution d\'un droit de vote double aux actionnaires de socit anonyme','attribution d\'un droit de vote double aux actionnaires de socit anonyme',NULL,'attribution d\'un droit de vote double aux actionnaires de socit anonyme',NULL,'hk',1,0,0,1,NULL,'fr'),(29630,'rubriques/famille/actualites/donation-d-une-somme-d-argent-les-consequences-sur-une-succession','Donation d\'une somme d\'argent : les consquences sur une succession !','Donation d\'une somme d\'argent : les consquences sur une succession !',NULL,'Donation d\'une somme d\'argent : les consquences sur une succession !',NULL,'snthdk',1,0,0,1,NULL,'fr'),(29631,'rubriques/chiffres-cles','Chiffres cls','Chiffres cls',NULL,'chiffres cls',NULL,'hk',1,0,0,1,NULL,'fr'),(29632,'rubriques/chiffres-cles/economie-et-finances','conomie et finances','conomie et finances',NULL,'conomie et finances',NULL,'hk',1,0,0,1,NULL,'fr'),(29633,'rubriques/chiffres-cles/fiscalite','fiscalit','fiscalit',NULL,'fiscalit',NULL,'hk',1,0,0,1,NULL,'fr'),(29634,'rubriques/chiffres-cles/social','Social','Social',NULL,'social',NULL,'hk',1,0,0,1,NULL,'fr'),(29635,'rubriques/chiffres-cles/economie-et-finances/indice-des-loyers-des-activites-tertiaires','indice des loyers des activits tertiaires','indice des loyers des activits tertiaires',NULL,'indice des loyers des activits tertiaires',NULL,'hk',1,0,0,1,NULL,'fr'),(29636,'rubriques/chiffres-cles/economie-et-finances/indice-des-loyers-commerciaux','indice des loyers commerciaux','indice des loyers commerciaux',NULL,'indice des loyers commerciaux',NULL,'hk',1,0,0,1,NULL,'fr'),(29637,'rubriques/chiffres-cles/economie-et-finances/taux-de-base-bancaire','taux de base bancaire','taux de base bancaire',NULL,'taux de base bancaire',NULL,'hk',1,0,0,1,NULL,'fr'),(29638,'rubriques/chiffres-cles/economie-et-finances/taux-eonia-ex-taux-du-marche-monetaire','taux eonia (ex-taux du march montaire)','taux eonia (ex-taux du march montaire)',NULL,'taux eonia (ex-taux du march montaire)',NULL,'hk',1,0,0,1,NULL,'fr'),(29639,'rubriques/chiffres-cles/economie-et-finances/remuneration-de-l-epargne-reglementee','rmunration de l\'pargne rglemente','rmunration de l\'pargne rglemente',NULL,'rmunration de l\'pargne rglemente',NULL,'hk',1,0,0,1,NULL,'fr'),(29640,'rubriques/chiffres-cles/economie-et-finances/taux-d-interet-legal','taux d\'intrt lgal','taux d\'intrt lgal',NULL,'taux d\'intrt lgal',NULL,'hk',1,0,0,1,NULL,'fr'),(29641,'rubriques/chiffres-cles/economie-et-finances/taux-de-l-usure-en','taux de l\'usure en %','taux de l\'usure en %',NULL,'taux de l\'usure en %',NULL,'hk',1,0,0,1,NULL,'fr'),(29642,'rubriques/chiffres-cles/economie-et-finances/taux-effectif-global-moyen-en','taux effectif global moyen en %','taux effectif global moyen en %',NULL,'taux effectif global moyen en %',NULL,'hk',1,0,0,1,NULL,'fr'),(29643,'rubriques/chiffres-cles/economie-et-finances/taux-de-conversion-de-l-euro','taux de conversion de l\'euro','taux de conversion de l\'euro',NULL,'taux de conversion de l\'euro',NULL,'hk',1,0,0,1,NULL,'fr'),(29644,'rubriques/chiffres-cles/economie-et-finances/indices-mensuels-des-prix-a-la-consommation','indices mensuels des prix  la consommation','indices mensuels des prix  la consommation',NULL,'indices mensuels des prix  la consommation',NULL,'hk',1,0,0,1,NULL,'fr'),(29645,'rubriques/chiffres-cles/economie-et-finances/indice-trimestriel-du-cout-de-la-construction','indice trimestriel du cot de la construction','indice trimestriel du cot de la construction',NULL,'indice trimestriel du cot de la construction',NULL,'hk',1,0,0,1,NULL,'fr'),(29646,'rubriques/chiffres-cles/economie-et-finances/indice-de-reference-des-loyers','indice de rfrence des loyers','indice de rfrence des loyers',NULL,'indice de rfrence des loyers',NULL,'hk',1,0,0,1,NULL,'fr'),(29647,'rubriques/chiffres-cles/economie-et-finances/credit-gratuit-prix-maximum-pour-paiement-comptant','crdit gratuit : prix maximum pour paiement comptant','crdit gratuit : prix maximum pour paiement comptant',NULL,'crdit gratuit : prix maximum pour paiement comptant',NULL,'hk',1,0,0,1,NULL,'fr'),(29648,'rubriques/chiffres-cles/fiscalite/bareme-de-l-impot-sur-les-revenus-2011-pour-une-part','barme de l\'impt sur les revenus 2011 pour une part','barme de l\'impt sur les revenus 2011 pour une part',NULL,'barme de l\'impt sur les revenus 2011 pour une part',NULL,'hk',1,0,0,1,NULL,'fr'),(29649,'rubriques/chiffres-cles/fiscalite/plus-values-immobilieres-des-particuliers','plus-values immobilires des particuliers','plus-values immobilires des particuliers',NULL,'plus-values immobilires des particuliers',NULL,'hk',1,0,0,1,NULL,'fr'),(29650,'rubriques/chiffres-cles/fiscalite/prelevements-liberatoires','prlvements libratoires','prlvements libratoires',NULL,'prlvements libratoires',NULL,'hk',1,0,0,1,NULL,'fr'),(29651,'rubriques/chiffres-cles/fiscalite/bareme-de-l-i-s-f-au-01-01-2012','barme de l\'i.s.f. au 01/01/2012','barme de l\'i.s.f. au 01/01/2012',NULL,'barme de l\'i.s.f. au 01/01/2012',NULL,'hk',1,0,0,1,NULL,'fr'),(29652,'rubriques/chiffres-cles/fiscalite/interets-des-comptes-courants-d-associes','intrts des comptes courants d\'associs','intrts des comptes courants d\'associs',NULL,'intrts des comptes courants d\'associs',NULL,'hk',1,0,0,1,NULL,'fr'),(29653,'rubriques/chiffres-cles/fiscalite/tarif-des-droits-de-donation-et-de-succession','tarif des droits de donation et de succession','tarif des droits de donation et de succession',NULL,'tarif des droits de donation et de succession',NULL,'hk',1,0,0,1,NULL,'fr'),(29654,'rubriques/chiffres-cles/social/smic-horaire-et-mensuel','smic horaire et mensuel','smic horaire et mensuel',NULL,'smic horaire et mensuel',NULL,'hk',1,0,0,1,NULL,'fr'),(29655,'rubriques/chiffres-cles/social/plafond-de-la-securite-sociale-en-fonction-de-la-periodicite-de-la-paie','plafond de la scurit sociale en fonction de la priodicit de la paie','plafond de la scurit sociale en fonction de la priodicit de la paie',NULL,'plafond de la scurit sociale en fonction de la priodicit de la paie',NULL,'hk',1,0,0,1,NULL,'fr'),(29656,'rubriques/chiffres-cles/social/remboursement-forfaitaire-des-frais-de-deplacement','remboursement forfaitaire des frais de dplacement','remboursement forfaitaire des frais de dplacement',NULL,'remboursement forfaitaire des frais de dplacement',NULL,'hk',1,0,0,1,NULL,'fr'),(29657,'rubriques/chiffres-cles/social/evaluation-des-avantages-en-nature','valuation des avantages en nature','valuation des avantages en nature',NULL,'valuation des avantages en nature',NULL,'hk',1,0,0,1,NULL,'fr'),(29658,'rubriques/chiffres-cles/social/assurance-chomage-des-dirigeants','assurance chmage des dirigeants','assurance chmage des dirigeants',NULL,'assurance chmage des dirigeants',NULL,'hk',1,0,0,1,NULL,'fr'),(29659,'rubriques/chiffres-cles/social/eleves-ou-etudiants-stagiaires-en-entreprise-franchise-de-cotisations','lves ou tudiants stagiaires en entreprise : franchise de cotisations','lves ou tudiants stagiaires en entreprise : franchise de cotisations',NULL,'lves ou tudiants stagiaires en entreprise : franchise de cotisations',NULL,'hk',1,0,0,1,NULL,'fr'),(29660,'rubriques/chiffres-cles/social/fractions-saisissables-des-remunerations','fractions saisissables des rmunrations','fractions saisissables des rmunrations',NULL,'fractions saisissables des rmunrations',NULL,'hk',1,0,0,1,NULL,'fr'),(29661,'rubriques/famille/questions-reponses/droits-de-succession-et-renonciation-a-un-legs','Droits de succession et renonciation  un legs','Droits de succession et renonciation  un legs',NULL,'Droits de succession et renonciation  un legs',NULL,'snthdk',1,0,0,1,NULL,'fr'),(29662,'rubriques/famille/questions-reponses/fractionnement-des-conges-payes-et-droit-a-des-jours-supplementaires','Fractionnement des congs pays et droit  des jours supplmentaires','Fractionnement des congs pays et droit  des jours supplmentaires',NULL,'Fractionnement des congs pays et droit  des jours supplmentaires',NULL,'snthdk',1,0,0,1,NULL,'fr'),(29663,'rubriques/famille/questions-reponses/exoneration-de-cotisations-sociales-des-cadeaux-aux-salaries','Exonration de cotisations sociales des cadeaux aux salaris','Exonration de cotisations sociales des cadeaux aux salaris',NULL,'Exonration de cotisations sociales des cadeaux aux salaris',NULL,'snthdk',1,0,0,1,NULL,'fr'),(29664,'rubriques/famille/questions-reponses/clause-de-non-concurrence-d-un-salarie-et-dispense-de-preavis','Clause de non-concurrence d\'un salari et dispense de pravis','Clause de non-concurrence d\'un salari et dispense de pravis',NULL,'Clause de non-concurrence d\'un salari et dispense de pravis',NULL,'snthdk',1,0,0,1,NULL,'fr'),(29665,'rubriques/famille/questions-reponses/pouvoir-d-engager-une-societe','Pouvoir d\'engager une socit','Pouvoir d\'engager une socit',NULL,'Pouvoir d\'engager une socit',NULL,'snthdk',1,0,0,1,NULL,'fr'),(29666,'rubriques/famille/questions-reponses/contrepartie-au-temps-passe-par-un-salarie-pour-revetir-une-tenue-de-travail','Contrepartie au temps pass par un salari pour revtir une tenue de travail','Contrepartie au temps pass par un salari pour revtir une tenue de travail',NULL,'Contrepartie au temps pass par un salari pour revtir une tenue de travail',NULL,'snthdk',1,0,0,1,NULL,'fr'),(29667,'rubriques/famille/questions-reponses/exercice-d-une-activite-professionnelle-pendant-un-arret-de-travail','Exercice d\'une activit professionnelle pendant un arrt de travail','Exercice d\'une activit professionnelle pendant un arrt de travail',NULL,'Exercice d\'une activit professionnelle pendant un arrt de travail',NULL,'snthdk',1,0,0,1,NULL,'fr'),(29668,'rubriques/famille/questions-reponses/opposition-d-un-cogerant-a-la-conclusion-d-un-contrat-par-l-autre-gerant','Opposition d\'un cogrant  la conclusion d\'un contrat par l\'autre grant','Opposition d\'un cogrant  la conclusion d\'un contrat par l\'autre grant',NULL,'Opposition d\'un cogrant  la conclusion d\'un contrat par l\'autre grant',NULL,'snthdk',1,0,0,1,NULL,'fr'),(29669,'rubriques/famille/questions-reponses/modification-des-horaires-de-travail-d-un-salarie','Modification des horaires de travail d\'un salari','Modification des horaires de travail d\'un salari',NULL,'Modification des horaires de travail d\'un salari',NULL,'snthdk',1,0,0,1,NULL,'fr'),(29670,'rubriques/famille/questions-reponses/retractation-d-une-promesse-de-vente-d-actions','Rtractation d\'une promesse de vente d\'actions','Rtractation d\'une promesse de vente d\'actions',NULL,'Rtractation d\'une promesse de vente d\'actions',NULL,'snthdk',1,0,0,1,NULL,'fr'),(29671,'rubriques/famille/questions-reponses/sort-du-cautionnement-en-cas-d-absence-de-declaration-de-creance','Sort du cautionnement en cas d\'absence de dclaration de crance','Sort du cautionnement en cas d\'absence de dclaration de crance',NULL,'Sort du cautionnement en cas d\'absence de dclaration de crance',NULL,'snthdk',1,0,0,1,NULL,'fr'),(29672,'rubriques/famille/questions-reponses/local-de-restauration-des-salaries','Local de restauration des salaris','Local de restauration des salaris',NULL,'Local de restauration des salaris',NULL,'snthdk',1,0,0,1,NULL,'fr'),(29673,'rubriques/famille/questions-reponses/contrat-de-securisation-professionnelle-et-priorite-de-reembauche','Contrat de scurisation professionnelle et priorit de rembauche','Contrat de scurisation professionnelle et priorit de rembauche',NULL,'Contrat de scurisation professionnelle et priorit de rembauche',NULL,'snthdk',1,0,0,1,NULL,'fr'),(29674,'rubriques/famille/questions-reponses/interdiction-des-avertisseurs-de-radars','Interdiction des avertisseurs de radars','Interdiction des avertisseurs de radars',NULL,'Interdiction des avertisseurs de radars',NULL,'snthdk',1,0,0,1,NULL,'fr'),(29675,'rubriques/famille/questions-reponses/demarchage-par-sms','Dmarchage par SMS','Dmarchage par SMS',NULL,'Dmarchage par SMS',NULL,'snthdk',1,0,0,1,NULL,'fr'),(29676,'rubriques/famille/questions-reponses/externalisation-de-la-procedure-de-licenciement','Externalisation de la procdure de licenciement','Externalisation de la procdure de licenciement',NULL,'Externalisation de la procdure de licenciement',NULL,'snthdk',1,0,0,1,NULL,'fr'),(29677,'rubriques/famille/questions-reponses/formalites-a-respecter-pour-accorder-un-pont-aux-salaries','Formalits  respecter pour accorder un pont aux salaris','Formalits  respecter pour accorder un pont aux salaris',NULL,'Formalits  respecter pour accorder un pont aux salaris',NULL,'snthdk',1,0,0,1,NULL,'fr'),(29678,'rubriques/famille/questions-reponses/report-des-conges-payes-pour-maladie','Report des congs pays pour maladie','Report des congs pays pour maladie',NULL,'Report des congs pays pour maladie',NULL,'snthdk',1,0,0,1,NULL,'fr'),(29679,'rubriques/famille/questions-reponses/cheque-sans-provision-et-recouvrement-de-la-creance','Chque sans provision et recouvrement de la crance','Chque sans provision et recouvrement de la crance',NULL,'Chque sans provision et recouvrement de la crance',NULL,'snthdk',1,0,0,1,NULL,'fr'),(29680,'rubriques/famille/questions-reponses/signature-par-le-salarie-d-un-contrat-a-duree-determinee','Signature par le salari d\'un contrat  dure dtermine','Signature par le salari d\'un contrat  dure dtermine',NULL,'Signature par le salari d\'un contrat  dure dtermine',NULL,'snthdk',1,0,0,1,NULL,'fr');
/*!40000 ALTER TABLE `dm_page_translation` ENABLE KEYS */;
UNLOCK TABLES;

--
-- Dumping data for table `dm_page_view`
--

LOCK TABLES `dm_page_view` WRITE;
/*!40000 ALTER TABLE `dm_page_view` DISABLE KEYS */;
INSERT INTO `dm_page_view` (`id`, `module`, `action`, `dm_layout_id`) VALUES (1,'main','root',1),(2,'main','error404',1),(3,'main','signin',1),(5,'rubrique','list',1),(9,'rubrique','show',1),(10,'section','show',10),(11,'article','show',9),(12,'main','contact',1),(16,'main','planDAcces',1),(35,'main','search',1),(76,'main','eco',1),(77,'rubrique','thematiquePlacement',1),(81,'main','filDActualite',10),(82,'main','dessin',10),(83,'main','planDuSite',1),(86,'main','bourse',1),(87,'main','simulateurs',1),(88,'main','valeurAcquiseParUnCapitalPlaceAInteretsComposesPendantUneDureeDeterminee',1),(89,'main','valeurAcquiseParUneSuiteDeVersementsConstants',1),(90,'main','tauxDeRendementDUnCapital',1),(91,'main','tauxDeRendementDUneSuiteDeVersement',1),(92,'main','calculDuCapitalEmprunte',1),(93,'main','calculDeLaDureeSelonVotreCapaciteDeRemboursement',1),(94,'main','calculDuVersementPeriodique',1),(95,'main','calculDuTaux',1),(96,'main','calculDesLoyersConstants',1),(97,'main','calculDuTauxReelCoutReelDuCreditBail',1),(98,'main','calculDeLaDuree',1),(99,'main','absencesEtCongesDuSalarie',1),(100,'main','correspondanceJoursOuvresJoursOuvrables',1),(101,'main','seuilDeRentabiliteEstimationRapide',1),(102,'main','calculDesFraisKilometriquesVehiculesAutomobiles',1),(103,'main','versementTransport',1),(110,'main','outilsPratiques',1),(111,'sidActuArticle','list',1),(112,'indexSitesUtiles','list',1),(113,'groupeSitesUtiles','list',1),(114,'pageCabinet','list',1),(115,'recrutement','list',1),(116,'selectionPlacement','list',1),(117,'renseignements','list',1),(118,'mission','list',1),(119,'renseignements','show',1),(120,'main','mentionsLegales',1),(121,'sidAddedPages','list',1);
/*!40000 ALTER TABLE `dm_page_view` ENABLE KEYS */;
UNLOCK TABLES;

--
-- Dumping data for table `dm_record_permission`
--

LOCK TABLES `dm_record_permission` WRITE;
/*!40000 ALTER TABLE `dm_record_permission` DISABLE KEYS */;
/*!40000 ALTER TABLE `dm_record_permission` ENABLE KEYS */;
UNLOCK TABLES;

--
-- Dumping data for table `dm_record_permission_association`
--

LOCK TABLES `dm_record_permission_association` WRITE;
/*!40000 ALTER TABLE `dm_record_permission_association` DISABLE KEYS */;
/*!40000 ALTER TABLE `dm_record_permission_association` ENABLE KEYS */;
UNLOCK TABLES;

--
-- Dumping data for table `dm_record_permission_association_group`
--

LOCK TABLES `dm_record_permission_association_group` WRITE;
/*!40000 ALTER TABLE `dm_record_permission_association_group` DISABLE KEYS */;
/*!40000 ALTER TABLE `dm_record_permission_association_group` ENABLE KEYS */;
UNLOCK TABLES;

--
-- Dumping data for table `dm_record_permission_association_user`
--

LOCK TABLES `dm_record_permission_association_user` WRITE;
/*!40000 ALTER TABLE `dm_record_permission_association_user` DISABLE KEYS */;
/*!40000 ALTER TABLE `dm_record_permission_association_user` ENABLE KEYS */;
UNLOCK TABLES;

--
-- Dumping data for table `dm_record_permission_group`
--

LOCK TABLES `dm_record_permission_group` WRITE;
/*!40000 ALTER TABLE `dm_record_permission_group` DISABLE KEYS */;
/*!40000 ALTER TABLE `dm_record_permission_group` ENABLE KEYS */;
UNLOCK TABLES;

--
-- Dumping data for table `dm_record_permission_user`
--

LOCK TABLES `dm_record_permission_user` WRITE;
/*!40000 ALTER TABLE `dm_record_permission_user` DISABLE KEYS */;
/*!40000 ALTER TABLE `dm_record_permission_user` ENABLE KEYS */;
UNLOCK TABLES;

--
-- Dumping data for table `dm_redirect`
--

LOCK TABLES `dm_redirect` WRITE;
/*!40000 ALTER TABLE `dm_redirect` DISABLE KEYS */;
/*!40000 ALTER TABLE `dm_redirect` ENABLE KEYS */;
UNLOCK TABLES;

--
-- Dumping data for table `dm_tag`
--

LOCK TABLES `dm_tag` WRITE;
/*!40000 ALTER TABLE `dm_tag` DISABLE KEYS */;
INSERT INTO `dm_tag` (`id`, `name`) VALUES (83,'AIDE A L\'EMPLOI'),(103,'AIDES A L\'ENTREPRISE'),(114,'AUTO-ENTREPRENEUR'),(62,'AVANTAGES FISCAUX'),(94,'BAIL COMMERCIAL'),(74,'BAIL D\'HABITATION'),(91,'COMMERCE/CONSOMMATION'),(78,'COMMUNICATION'),(112,'COMPTABILITE'),(108,'CONDITIONS DE TRAVAIL'),(56,'CONJONCTURE ECONOMIQUE'),(90,'CONTRAT DE TRAVAIL'),(81,'CONTRATS'),(89,'COTISATIONS SOCIALES'),(98,'CREATION D\'ENTREPRISE'),(60,'DEFAILLANCE D\'ENTREPRISE'),(111,'DEVELOPPEMENT D\'ENTREPRISE'),(59,'DROIT'),(73,'DROIT D\'ENREGISTREMENT'),(87,'DROIT DES PARTICULIERS'),(82,'DROIT DES SOCIETES'),(86,'DROIT DU TRAVAIL'),(88,'EMBAUCHE'),(113,'ENVIRONNEMENT'),(101,'EQUIPEMENT'),(109,'ETUDE DE MARCHE'),(107,'EVENEMENT'),(95,'EXPORT'),(102,'FINANCEMENT D\'ENTREPRISE'),(61,'FISCALITE'),(63,'FISCALITE PERSONNELLE'),(65,'FISCALITE PROFESSIONNELLE'),(99,'FORMALITES/DECLARATIONS'),(106,'GARANTIES/SURETES'),(76,'GESTION DE L\'ENTREPRISE'),(77,'IMMOBILIER'),(110,'IMPLANTATION D\'ENTREPRISE'),(71,'IMPOTS SUR LE REVENU'),(66,'IMPOTS SUR LES BENEFICES'),(97,'INVESTISSEMENT'),(64,'ISF'),(116,'MANAGEMENT'),(79,'MARKETING'),(104,'MARQUES ET BREVETS/PROPRIETE INDUSTRIELLE'),(105,'MULTIMEDIA'),(58,'PLACEMENT'),(96,'PRELEVEMENTS OBLIGATOIRES'),(67,'PROCEDURE FISCALE'),(85,'PROTECTION SOCIALE'),(93,'REMUNERATION'),(72,'REVENUS DU PATRIMOINE'),(92,'RUPTURE DE CONTRAT'),(100,'STATUT DE L\'ENTREPRISE'),(117,'SUCCESS STORY'),(68,'TAXES LOCALES/IMPOTS LOCAUX'),(57,'TENDANCES'),(115,'TRANSMISSION A TITRE GRATUIT'),(70,'TRANSMISSIONS D\'ENTREPRISES/CESSION D\'ENTREPRISE'),(84,'TRAVAIL'),(75,'TRESORERIE/DELAIS DE PAIEMENT'),(69,'TVA'),(80,'VIE DE L\'ENTREPRISE');
/*!40000 ALTER TABLE `dm_tag` ENABLE KEYS */;
UNLOCK TABLES;

--
-- Dumping data for table `dm_user`
--

LOCK TABLES `dm_user` WRITE;
/*!40000 ALTER TABLE `dm_user` DISABLE KEYS */;
INSERT INTO `dm_user` (`id`, `username`, `email`, `algorithm`, `salt`, `password`, `is_active`, `is_super_admin`, `last_login`, `forgot_password_code`, `created_at`, `updated_at`) VALUES (1,'admin','admin@_demo_cgp-tenor-basedoc.com','sha1','044173e089d51abd1ece2476a3f82671','d31b84106c9d0ea13160d50b25ebbbda76d3a336',1,1,'2012-06-14 16:03:03',NULL,'2011-11-16 14:23:09','2011-11-16 14:23:09'),(2,'client','client@client.fr','sha1','1ecbcc7d51d509c40c13c00a9a62ee14','8cd8555aaff6805a9af5a16d397dd9fbf89580ab',1,0,'2012-03-21 11:04:48',NULL,'2011-11-16 14:45:56','2012-06-11 17:45:56');
/*!40000 ALTER TABLE `dm_user` ENABLE KEYS */;
UNLOCK TABLES;

--
-- Dumping data for table `dm_user_group`
--

LOCK TABLES `dm_user_group` WRITE;
/*!40000 ALTER TABLE `dm_user_group` DISABLE KEYS */;
INSERT INTO `dm_user_group` (`dm_user_id`, `dm_group_id`) VALUES (2,1);
/*!40000 ALTER TABLE `dm_user_group` ENABLE KEYS */;
UNLOCK TABLES;

--
-- Dumping data for table `dm_user_permission`
--

LOCK TABLES `dm_user_permission` WRITE;
/*!40000 ALTER TABLE `dm_user_permission` DISABLE KEYS */;
/*!40000 ALTER TABLE `dm_user_permission` ENABLE KEYS */;
UNLOCK TABLES;

--
-- Dumping data for table `dm_widget`
--

LOCK TABLES `dm_widget` WRITE;
/*!40000 ALTER TABLE `dm_widget` DISABLE KEYS */;
INSERT INTO `dm_widget` (`id`, `dm_zone_id`, `module`, `action`, `css_class`, `position`, `updated_at`) VALUES (1,1,'dmWidgetContent','title',NULL,-1,'2011-08-05 12:20:30'),(2,2,'dmUser','signin',NULL,-2,'2011-08-05 12:20:30'),(5,103,'dmWidgetNavigation','breadCrumb','',4,'2012-02-13 16:37:09'),(7,7,'contactData','form','',1,'2011-08-05 12:41:35'),(11,11,'article','listBySection','',3,'2011-09-26 18:43:30'),(92,41,'dmWidgetSearch','results',NULL,-3,'2011-08-10 14:33:05'),(93,103,'dmWidgetSearch','form','search',3,'2012-03-30 13:57:35'),(95,42,'dmWidgetSearch','results','',1,'2011-08-10 14:53:46'),(249,39,'dmUser','signin','',1,'2011-09-14 09:27:15'),(293,6,'dmWidgetContent','text','',2,'2012-04-23 14:52:56'),(354,84,'dmWidgetFeedReader','show','',1,'2011-09-28 01:47:44'),(355,85,'handWidgets','listSousHomeByRubrique','',1,'2011-09-28 12:11:42'),(362,40,'dmWidgetNavigation','menu','',1,'2012-02-27 12:06:56'),(440,102,'specifiquesBaseEditoriale','filActualite','',2,'2012-01-03 16:51:05'),(441,102,'specifiquesBaseEditoriale','filActualite','',3,'2012-01-03 16:51:05'),(442,102,'specifiquesBaseEditoriale','filActualite','',4,'2012-01-03 16:51:05'),(444,125,'article','listArticlesAvecMemeTag','',2,'2012-04-20 12:06:16'),(454,81,'adresses','multiples','',2,'2011-12-06 15:23:19'),(496,121,'specifiquesBaseEditoriale','dessinSemaine','',1,'2011-12-29 12:22:42'),(497,104,'adresses','multiples','',1,'2011-12-29 13:57:56'),(499,128,'dmWidgetSearch','form','search',3,'2012-03-30 13:57:55'),(500,123,'dmWidgetNavigation','menu','',2,'2011-11-16 10:13:11'),(501,124,'dmWidgetContent','text','',2,'2012-04-23 15:01:23'),(511,125,'specifiquesBaseEditoriale','articlesBySectionContextuel','dossiers',3,'2012-04-20 12:06:16'),(512,127,'adresses','multiples','',2,'2011-12-06 15:23:19'),(513,128,'dmWidgetNavigation','breadCrumb','',4,'2012-01-10 16:13:12'),(515,129,'adresses','multiples','',1,'2011-12-29 13:57:56'),(517,136,'dmWidgetSearch','form','search',3,'2012-03-30 13:58:18'),(518,131,'dmWidgetNavigation','menu','',2,'2011-11-16 10:13:11'),(519,132,'dmWidgetContent','text','',2,'2012-04-23 14:58:25'),(530,135,'adresses','multiples','',2,'2011-12-06 15:23:19'),(531,136,'dmWidgetNavigation','breadCrumb','',4,'2012-02-27 12:02:13'),(533,137,'adresses','multiples','',1,'2011-12-29 13:57:56'),(536,125,'lienContact','blocVersPageContact','',1,'2012-04-20 12:06:16'),(537,77,'lienContact','blocVersPageContact','',3,'2012-02-27 12:04:02'),(539,138,'sitemap','planDuSite','',1,'2012-01-03 17:06:32'),(542,125,'specifiquesBaseEditoriale','articlesBySectionContextuel','actualites',4,'2012-04-20 12:06:16'),(551,77,'dmWidgetContent','blocDePubEnFlash','',4,'2012-01-13 09:40:06'),(553,133,'dmWidgetContent','blocDePubEnFlash','',4,'2012-02-27 12:00:48'),(554,12,'affichage','article','',1,'2012-03-06 15:41:56'),(571,18,'dmWidgetContent','image','logoLight',2,'2012-04-23 17:39:41'),(577,18,'dmWidgetContent','ckEditor','printInfo',3,'2012-04-23 17:39:41'),(580,18,'socialNetwork','logos','',4,'2012-04-23 17:39:41'),(582,122,'dmWidgetContent','image','logoFull',1,'2012-04-24 17:20:02'),(583,122,'dmWidgetContent','ckEditor','printInfo',3,'2012-04-24 17:21:49'),(584,122,'socialNetwork','logos','',4,'2012-04-24 17:20:10'),(585,130,'socialNetwork','logos','',4,'2012-04-23 17:38:33'),(586,130,'dmWidgetContent','image','logoLight',2,'2012-04-23 17:38:33'),(587,130,'dmWidgetContent','ckEditor','printInfo',3,'2012-04-23 17:41:24'),(600,150,'dmWidgetFeedReader','show','',1,'2012-02-29 16:07:13'),(602,12,'specifiquesBaseEditoriale','listActualite','',3,'2012-03-13 12:24:20'),(605,35,'dmWidgetContent','ckEditor','',3,'2012-03-13 15:23:01'),(621,21,'dmWidgetGoogleMap','smartGoogleMap','',2,'2012-03-15 15:05:11'),(625,152,'vacpicpdd','form','',1,'2012-03-23 12:25:09'),(626,153,'vasvc','form',NULL,-4,'2012-03-23 12:25:53'),(627,154,'trc','form','',1,'2012-03-23 12:32:27'),(628,155,'trsvc','form','',1,'2012-03-23 12:33:08'),(629,156,'cce','form','',1,'2012-03-23 12:33:28'),(630,157,'cd','form','',1,'2012-03-23 12:33:48'),(631,158,'cvp','form','',1,'2012-03-23 12:34:10'),(632,159,'ct','form','',1,'2012-03-23 12:34:41'),(633,160,'cl','form','',1,'2012-03-23 12:35:04'),(634,161,'ctr','form','',1,'2012-03-23 12:35:34'),(636,162,'cld','form','',1,'2012-03-23 12:36:54'),(637,163,'acs','form','',1,'2012-03-23 12:37:13'),(638,164,'cjo','form',NULL,-5,'2012-03-23 12:37:30'),(639,165,'srtb','form',NULL,-6,'2012-03-23 12:39:42'),(640,166,'fk','form','',1,'2012-03-23 12:40:53'),(641,167,'vt','form',NULL,-7,'2012-03-23 12:41:15'),(642,151,'dmWidgetContent','ckEditor','',1,'2012-03-23 14:26:28'),(649,65,'specifiquesBaseEditoriale','filActualite','',1,'2012-04-12 13:34:21'),(650,77,'specifiquesBaseEditoriale','filActualite','',1,'2012-04-20 12:06:43'),(651,65,'specifiquesBaseEditoriale','filActualite','',3,'2012-04-12 13:36:23'),(653,6,'dmWidgetNavigation','menu','',1,'2012-04-23 14:53:16'),(654,132,'dmWidgetNavigation','menu','',1,'2012-04-23 14:58:47'),(655,124,'dmWidgetNavigation','menu','',1,'2012-04-23 15:01:48'),(656,130,'dmWidgetContent','image','logoFull',1,'2012-04-23 17:41:08'),(657,18,'dmWidgetContent','image','logoFull',1,'2012-04-23 17:40:38'),(658,122,'dmWidgetContent','image','logoLight',2,'2012-04-24 17:21:35'),(659,174,'dmWidgetContent','legalNotices','',1,'2012-05-21 15:49:02'),(660,10,'affichage','listSection','',1,'2012-05-21 17:46:00'),(661,9,'rubrique','listSections','',1,'2012-06-14 16:07:03');
/*!40000 ALTER TABLE `dm_widget` ENABLE KEYS */;
UNLOCK TABLES;

--
-- Dumping data for table `dm_widget_translation`
--

LOCK TABLES `dm_widget_translation` WRITE;
/*!40000 ALTER TABLE `dm_widget_translation` DISABLE KEYS */;
INSERT INTO `dm_widget_translation` (`id`, `value`, `lang`) VALUES (1,'{\"text\":\"Page introuvable\",\"tag\":\"h1\"}','fr'),(2,'[]','fr'),(5,'{\"separator\":\">\",\"includeCurrent\":true,\"includeInactivePages\":true}','fr'),(7,'{\"contactForm\":[\"1\"]}','fr'),(11,'{\"orderField\":\"position\",\"orderType\":\"asc\",\"maxPerPage\":10,\"navBottom\":true,\"sectionFilter\":null,\"navTop\":false}','fr'),(92,'{\"maxPerPage\":10,\"navBottom\":true,\"widthImage\":\"\",\"heightImage\":\"\",\"length\":null,\"withImage\":false,\"nbArticles\":null,\"lien\":\"\",\"titreBloc\":\"\",\"chapo\":null,\"navTop\":false}','fr'),(93,'[]','fr'),(95,'{\"maxPerPage\":10,\"navBottom\":true,\"widthImage\":\"\",\"heightImage\":\"\",\"length\":null,\"withImage\":false,\"nbArticles\":null,\"lien\":\"\",\"titreBloc\":\"\",\"chapo\":null,\"navTop\":false}','fr'),(249,'[]','fr'),(293,'{\"title\":\"\",\"text\":\"2011 - SID Presse - [mentions l\\u00e9gales](\\/mentions-legales \\\"Mentions L\\u00e9gales\\\")\\n\",\"mediaId\":null,\"titleLink\":\"\",\"mediaLink\":\"\",\"titlePosition\":\"outside\",\"width\":\"\",\"height\":\"\",\"legend\":\"\",\"method\":\"center\",\"background\":\"FFFFFF\",\"quality\":null}','fr'),(354,'{\"url\":\"http:\\/\\/www.lesechos.fr\\/rss\\/rss_articles_gratuit.xml\",\"title\":\"L\'actualit\\u00e9 \\u00e9conomique des Echos\",\"nbArticles\":20,\"length\":200,\"life_time\":86400,\"logo_les_echos\":true,\"widthImage\":\"\",\"heightImage\":\"\",\"withImage\":false,\"lien\":\"\",\"titreBloc\":\"\",\"chapo\":null}','fr'),(355,'{\"photo\":true,\"titreBloc\":true}','fr'),(362,'{\"menuType\":\"accordion\",\"ulClass\":\"\",\"menuName\":\"\",\"liClass\":\"\",\"menuClass\":\"\",\"widthImage\":\"\",\"heightImage\":\"\",\"length\":null,\"withImage\":false,\"nbArticles\":null,\"lien\":\"\",\"titreBloc\":\"\",\"chapo\":null,\"items\":[{\"link\":\"page:1\",\"text\":\"Accueil\",\"groupdisplayed\":\"\",\"secure\":0,\"nofollow\":0,\"depth\":\"0\",\"target\":\"\"},{\"link\":\"page:28918\",\"text\":\"Famille\",\"groupdisplayed\":\"\",\"secure\":0,\"nofollow\":0,\"depth\":\"1\",\"target\":\"\"},{\"link\":\"page:28919\",\"text\":\"Fiscalit\\u00e9\",\"groupdisplayed\":\"\",\"secure\":0,\"nofollow\":0,\"depth\":\"1\",\"target\":\"\"},{\"link\":\"page:28920\",\"text\":\"Immobilier\",\"groupdisplayed\":\"\",\"secure\":0,\"nofollow\":0,\"depth\":\"1\",\"target\":\"\"},{\"link\":\"page:28921\",\"text\":\"Placement\",\"groupdisplayed\":\"\",\"secure\":0,\"nofollow\":0,\"depth\":\"1\",\"target\":\"\"},{\"link\":\"page:29180\",\"text\":\"Outils pratiques\",\"groupdisplayed\":\"\",\"secure\":0,\"nofollow\":0,\"depth\":\"1\",\"target\":\"\"}]}','fr'),(440,'{\"titreBloc\":\"Actualit\\u00e9s \\u00e0 la une\",\"length\":300,\"nbArticles\":3,\"section\":[\"1\",\"4\",\"11\",\"6\",\"9\"],\"lien\":\"Les actus en \",\"withImage\":true,\"widthImage\":\"\",\"heightImage\":\"\",\"chapo\":null}','fr'),(441,'{\"titreBloc\":\"Dossier \\u00e0 la une\",\"length\":0,\"nbArticles\":1,\"section\":[\"7\",\"2\",\"12\"],\"lien\":\"Les dossiers en \",\"widthImage\":\"\",\"heightImage\":\"\",\"withImage\":false,\"chapo\":null}','fr'),(442,'{\"titreBloc\":\"La question \\u00e0 la une\",\"length\":0,\"nbArticles\":1,\"section\":[\"3\",\"10\",\"5\",\"8\"],\"lien\":\"Les autres questions r\\u00e9ponses en\",\"widthImage\":\"\",\"heightImage\":\"\",\"withImage\":false,\"chapo\":null}','fr'),(444,'{\"orderField\":\"position\",\"orderType\":\"asc\",\"maxPerPage\":5,\"navTop\":false,\"navBottom\":false}','fr'),(454,'{\"titreBloc\":\"\"}','fr'),(496,'{\"titreBloc\":\"Dessin de la semaine\",\"effect\":\"fade\",\"lien\":\"LES AUTRES DESSINS\",\"widthImage\":\"\",\"heightImage\":\"\",\"length\":null,\"withImage\":false,\"nbArticles\":null,\"chapo\":null,\"filDActu\":false}','fr'),(497,'{\"titreBloc\":\"\"}','fr'),(499,'[]','fr'),(500,'{\"menuType\":\"accordion\",\"ulClass\":\"\",\"menuName\":\"\",\"liClass\":\"\",\"menuClass\":\"\",\"widthImage\":\"\",\"heightImage\":\"\",\"length\":null,\"withImage\":false,\"nbArticles\":null,\"lien\":\"\",\"titreBloc\":\"\",\"chapo\":null,\"items\":[{\"link\":\"page:1\",\"text\":\"Accueil\",\"groupdisplayed\":\"\",\"secure\":0,\"nofollow\":0,\"depth\":\"0\",\"target\":\"\"},{\"link\":\"page:28918\",\"text\":\"Famille\",\"groupdisplayed\":\"\",\"secure\":0,\"nofollow\":0,\"depth\":\"1\",\"target\":\"\"},{\"link\":\"page:28919\",\"text\":\"Fiscalit\\u00e9\",\"groupdisplayed\":\"\",\"secure\":0,\"nofollow\":0,\"depth\":\"1\",\"target\":\"\"},{\"link\":\"page:28920\",\"text\":\"Immobilier\",\"groupdisplayed\":\"\",\"secure\":0,\"nofollow\":0,\"depth\":\"1\",\"target\":\"\"},{\"link\":\"page:28921\",\"text\":\"Placement\",\"groupdisplayed\":\"\",\"secure\":0,\"nofollow\":0,\"depth\":\"1\",\"target\":\"\"},{\"link\":\"page:29180\",\"text\":\"Outils pratiques\",\"groupdisplayed\":\"\",\"secure\":0,\"nofollow\":0,\"depth\":\"1\",\"target\":\"\"}]}','fr'),(501,'{\"title\":\"\",\"text\":\"2011 - SID Presse - [mentions l\\u00e9gales](\\/mentions-legales \\\"Mentions L\\u00e9gales\\\")\\n\",\"mediaId\":null,\"titleLink\":\"\",\"mediaLink\":\"\",\"titlePosition\":\"outside\",\"width\":\"\",\"height\":\"\",\"legend\":\"\",\"method\":\"center\",\"background\":\"FFFFFF\",\"quality\":null}','fr'),(511,'{\"titreBloc\":\"DOSSIER\",\"section\":[\"511\",\"506\",\"495\",\"502\",\"498\"],\"lien\":\"\",\"nbArticles\":1,\"length\":0,\"isDossier\":true,\"widthImage\":\"\",\"heightImage\":\"\",\"withImage\":false,\"chapo\":null,\"visibleInDossier\":false}','fr'),(512,'{\"titreBloc\":\"\"}','fr'),(513,'{\"separator\":\">\",\"includeCurrent\":true,\"includeInactivePages\":true}','fr'),(515,'{\"titreBloc\":\"\"}','fr'),(517,'[]','fr'),(518,'{\"menuType\":\"accordion\",\"ulClass\":\"\",\"menuName\":\"\",\"liClass\":\"\",\"menuClass\":\"\",\"widthImage\":\"\",\"heightImage\":\"\",\"length\":null,\"withImage\":false,\"nbArticles\":null,\"lien\":\"\",\"titreBloc\":\"\",\"chapo\":null,\"items\":[{\"link\":\"page:1\",\"text\":\"Accueil\",\"groupdisplayed\":\"\",\"secure\":0,\"nofollow\":0,\"depth\":\"0\",\"target\":\"\"},{\"link\":\"page:28918\",\"text\":\"Famille\",\"groupdisplayed\":\"\",\"secure\":0,\"nofollow\":0,\"depth\":\"1\",\"target\":\"\"},{\"link\":\"page:28919\",\"text\":\"Fiscalit\\u00e9\",\"groupdisplayed\":\"\",\"secure\":0,\"nofollow\":0,\"depth\":\"1\",\"target\":\"\"},{\"link\":\"page:28920\",\"text\":\"Immobilier\",\"groupdisplayed\":\"\",\"secure\":0,\"nofollow\":0,\"depth\":\"1\",\"target\":\"\"},{\"link\":\"page:28921\",\"text\":\"Placement\",\"groupdisplayed\":\"\",\"secure\":0,\"nofollow\":0,\"depth\":\"1\",\"target\":\"\"},{\"link\":\"page:29180\",\"text\":\"Outils pratiques\",\"groupdisplayed\":\"\",\"secure\":0,\"nofollow\":0,\"depth\":\"1\",\"target\":\"\"}]}','fr'),(519,'{\"title\":\"\",\"text\":\"2011 - SID Presse - [mentions l\\u00e9gales](\\/mentions-legales \\\"Mentions L\\u00e9gales\\\")\\n\",\"mediaId\":null,\"titleLink\":\"\",\"mediaLink\":\"\",\"titlePosition\":\"outside\",\"width\":\"\",\"height\":\"\",\"legend\":\"\",\"method\":\"center\",\"background\":\"FFFFFF\",\"quality\":null}','fr'),(530,'{\"titreBloc\":\"\"}','fr'),(531,'{\"separator\":\">\",\"includeCurrent\":true,\"includeInactivePages\":true}','fr'),(533,'{\"titreBloc\":\"\"}','fr'),(536,'{\"titreBloc\":\"Contact\",\"message\":\"Vous recherchez un expert-comptable ?\",\"lien\":\"Contactez nous\",\"href\":\"page:1548 Contact\",\"widthImage\":\"\",\"heightImage\":\"\",\"length\":null,\"withImage\":false,\"nbArticles\":null,\"chapo\":null}','fr'),(537,'{\"titreBloc\":\"Contact\",\"message\":\"Vous recherchez un conseiller en gestion de patrimoine?\",\"lien\":\"Contactez nous\",\"href\":\"page:1548 Contact\",\"widthImage\":\"\",\"heightImage\":\"\",\"length\":null,\"withImage\":false,\"nbArticles\":null,\"chapo\":null}','fr'),(539,'{\"titreBloc\":\"Plan du site\"}','fr'),(542,'{\"titreBloc\":\"Actualit\\u00e9s\",\"section\":[\"500\",\"486\",\"505\",\"508\",\"504\",\"493\"],\"lien\":\"\",\"nbArticles\":1,\"length\":0,\"visibleInDossier\":true,\"widthImage\":\"\",\"heightImage\":\"\",\"withImage\":false,\"chapo\":null,\"isDossier\":false}','fr'),(551,'{\"pubsId\":[\"CGP-250x250-transmission.swf\",\"CGP-audit patrimonial perso-250x250.swf\",\"CGP-audit patrimonial pro-250x250.swf\",\"CGP-EspaceCol-250x250.swf\",\"CGP-generique-250x250.swf\",\"CGP-services-250x250.swf\"],\"width\":250,\"height\":250,\"widthImage\":\"\",\"heightImage\":\"\",\"length\":null,\"withImage\":false,\"nbArticles\":null,\"lien\":\"\",\"titreBloc\":\"\",\"chapo\":null}','fr'),(553,'{\"pubsId\":[\"CGP-250x250-transmission.swf\",\"CGP-audit patrimonial perso-250x250.swf\",\"CGP-audit patrimonial pro-250x250.swf\",\"CGP-EspaceCol-250x250.swf\",\"CGP-generique-250x250.swf\",\"CGP-services-250x250.swf\"],\"width\":250,\"height\":250,\"widthImage\":\"\",\"heightImage\":\"\",\"length\":null,\"withImage\":false,\"nbArticles\":null,\"lien\":\"\",\"titreBloc\":\"\",\"chapo\":null}','fr'),(554,'{\"recordId\":null,\"withImage\":true,\"widthImage\":\"622\",\"heightImage\":\"\",\"length\":null,\"nbArticles\":null,\"lien\":\"\",\"titreBloc\":\"\",\"chapo\":null}','fr'),(571,'{\"mediaId\":\"238\",\"legend\":\"\",\"width\":\"112\",\"height\":\"90\",\"method\":\"center\",\"background\":\"FFFFFF\",\"quality\":null,\"link\":\"\",\"widthImage\":\"\",\"heightImage\":\"\",\"length\":null,\"withImage\":false,\"nbArticles\":null,\"lien\":\"\",\"titreBloc\":\"\",\"chapo\":null}','fr'),(577,'{\"html\":\"<h1 class=\\\"dm_site_title\\\">\\n\\t{{Nomcabinet}}<\\/h1>\\n<p class=\\\"dm_site_slogan\\\">\\n\\t{{Slogancabinet}}<\\/p>\\n\",\"widthImage\":\"\",\"heightImage\":\"\",\"length\":null,\"withImage\":false,\"nbArticles\":null,\"lien\":\"\",\"titreBloc\":\"\",\"chapo\":null}','fr'),(580,'{\"facebook\":\"http:\\/\\/www.facebook.com\\/xxxx\",\"googleplus\":\"http:\\/\\/www.googleplus.com\\/xxxx\",\"linkedin\":\"http:\\/\\/www.linkedin.com\\/xxxx\",\"twitter\":\"http:\\/\\/www.twitter.com\\/xxx\"}','fr'),(582,'{\"mediaId\":\"241\",\"legend\":\"\",\"width\":\"622\",\"height\":\"90\",\"method\":\"center\",\"background\":\"FFFFFF\",\"quality\":null,\"link\":\"page:1 Accueil\",\"widthImage\":\"\",\"heightImage\":\"\",\"length\":null,\"withImage\":false,\"nbArticles\":null,\"lien\":\"\",\"titreBloc\":\"\",\"chapo\":null}','fr'),(583,'{\"html\":\"<h1 class=\\\"dm_site_title\\\">\\n\\t{{Nomcabinet}}<\\/h1>\\n<p class=\\\"dm_site_slogan\\\">\\n\\t{{Slogancabinet}}<\\/p>\\n\",\"widthImage\":\"\",\"heightImage\":\"\",\"length\":null,\"withImage\":false,\"nbArticles\":null,\"lien\":\"\",\"titreBloc\":\"\",\"chapo\":null}','fr'),(584,'{\"facebook\":\"http:\\/\\/www.facebook.com\\/xxxx\",\"googleplus\":\"http:\\/\\/www.googleplus.com\\/xxxx\",\"linkedin\":\"http:\\/\\/www.linkedin.com\\/xxxx\",\"twitter\":\"http:\\/\\/www.twitter.com\\/xxx\"}','fr'),(585,'{\"facebook\":\"http:\\/\\/www.facebook.com\\/xxxx\",\"googleplus\":\"http:\\/\\/www.googleplus.com\\/xxxx\",\"linkedin\":\"http:\\/\\/www.linkedin.com\\/xxxx\",\"twitter\":\"http:\\/\\/www.twitter.com\\/xxx\"}','fr'),(586,'{\"mediaId\":\"238\",\"legend\":\"\",\"width\":\"112\",\"height\":\"90\",\"method\":\"center\",\"background\":\"FFFFFF\",\"quality\":null,\"link\":\"\",\"widthImage\":\"\",\"heightImage\":\"\",\"length\":null,\"withImage\":false,\"nbArticles\":null,\"lien\":\"\",\"titreBloc\":\"\",\"chapo\":null}','fr'),(587,'{\"html\":\"<h1 class=\\\"dm_site_title\\\">\\n\\t{{Nomcabinet}}<\\/h1>\\n<p class=\\\"dm_site_slogan\\\">\\n\\t{{Slogancabinet}}<\\/p>\\n\",\"widthImage\":\"\",\"heightImage\":\"\",\"length\":null,\"withImage\":false,\"nbArticles\":null,\"lien\":\"\",\"titreBloc\":\"\",\"chapo\":null}','fr'),(600,'{\"url\":\"http:\\/\\/www.lesechos.fr\\/rss\\/rss_anafi.xml\",\"title\":\"Bourse\",\"nbArticles\":10,\"length\":120,\"life_time\":86400,\"logo_les_echos\":true,\"widthImage\":\"\",\"heightImage\":\"\",\"withImage\":false,\"lien\":\"\",\"titreBloc\":\"\",\"chapo\":null}','fr'),(602,'{\"titreBloc\":\"Dans la m\\u00eame rubrique\",\"nbArticles\":5,\"length\":0,\"chapo\":\"0\",\"withImage\":true,\"widthImage\":\"\",\"heightImage\":\"100\",\"lien\":\"\",\"justTitle\":false}','fr'),(605,'{\"html\":\"<p style=\\\"text-align: center;\\\">\\n\\t<img alt=\\\"\\\" id=\\\"ck-media-205\\\" src=\\\"\\/uploads\\/widget\\/404.jpg\\\" style=\\\"width: 496px; height: 395px;\\\" \\/><\\/p>\\n<p style=\\\"text-align: center;\\\">\\n\\t<span style=\\\"font-size:14px;\\\"><span style=\\\"color: rgb(128, 0, 0);\\\"><strong>Erreur 404<br \\/>\\n\\t<\\/strong><\\/span><\\/span><\\/p>\\n<p style=\\\"text-align: center;\\\">\\n\\t<span style=\\\"font-size: 14px;\\\"><span style=\\\"color: rgb(128, 0, 0);\\\"><strong>Cette page est introuvable.<\\/strong><\\/span><\\/span><\\/p>\\n\",\"widthImage\":\"\",\"heightImage\":\"\",\"length\":null,\"withImage\":false,\"nbArticles\":null,\"lien\":\"\",\"titreBloc\":\"\",\"chapo\":null}','fr'),(621,'{\"titreBloc\":\"Nos implantations\",\"length\":0,\"withResume\":true,\"smartGoogleMap\":true,\"widthImage\":\"\",\"heightImage\":\"\",\"withImage\":false,\"nbArticles\":null,\"lien\":\"\",\"chapo\":null}','fr'),(625,'[]','fr'),(626,'{\"cssClass\":null}','fr'),(627,'[]','fr'),(628,'[]','fr'),(629,'[]','fr'),(630,'[]','fr'),(631,'[]','fr'),(632,'[]','fr'),(633,'[]','fr'),(634,'[]','fr'),(636,'[]','fr'),(637,'[]','fr'),(638,'{\"cssClass\":null}','fr'),(639,'{\"cssClass\":null}','fr'),(640,'[]','fr'),(641,'{\"cssClass\":null}','fr'),(642,'{\"html\":\"<h1 class=\\\"title\\\">\\n\\tSimulateurs<\\/h1>\\n<div class=\\\"text_content\\\">\\n\\t<div class=\\\"markdown text_markdown\\\">\\n\\t\\t<h2 id=\\\"calculs-financiers-placements\\\">\\n\\t\\t\\tCalculs financiers : placements<\\/h2>\\n\\t\\t<p class=\\\"dm_first_p\\\">\\n\\t\\t\\tCe module vous permet de calculer la valeur acquise et le taux de rendement d&#39;un placement selon deux modes de versement : un capital plac&eacute; &agrave; int&eacute;r&ecirc;ts compos&eacute;s et une suite de versements constants ou non.<\\/p>\\n\\t\\t<ul>\\n\\t\\t\\t<li>\\n\\t\\t\\t\\t<a class=\\\"link\\\" href=\\\"simulateurs\\/valeur-acquise-par-un-capital-place-a-interets-composes-pendant-une-duree-determinee\\\" title=\\\"Valeur acquise par un capital plac\\u00e9 \\u00e0 int\\u00e9r\\u00eats compos\\u00e9s pendant une dur\\u00e9e d\\u00e9termin\\u00e9e \\\">Valeur acquise par un capital plac&eacute; &agrave; int&eacute;r&ecirc;ts compos&eacute;s pendant une dur&eacute;e d&eacute;termin&eacute;e<\\/a><\\/li>\\n\\t\\t\\t<li>\\n\\t\\t\\t\\t<a class=\\\"link\\\" href=\\\"simulateurs\\/valeur-acquise-par-une-suite-de-versements-constants\\\">Valeur acquise par une suite de versements constants<\\/a><\\/li>\\n\\t\\t\\t<li>\\n\\t\\t\\t\\t<a class=\\\"link\\\" href=\\\"simulateurs\\/taux-de-rendement-dun-capital\\\" title=\\\"Taux de rendement d\'un capital \\\">Taux de rendement d&#39;un capital<\\/a><\\/li>\\n\\t\\t\\t<li>\\n\\t\\t\\t\\t<a class=\\\"link\\\" href=\\\"simulateurs\\/taux-de-rendement-dune-suite-de-versement\\\" title=\\\"Taux de rendement d\'une suite de versement \\\">Taux de rendement d&#39;une suite de versement<\\/a><\\/li>\\n\\t\\t<\\/ul>\\n\\t\\t<h2 id=\\\"calculs-financiers-emprunts\\\">\\n\\t\\t\\tCalculs financiers : emprunts<\\/h2>\\n\\t\\t<p>\\n\\t\\t\\tCe module vous permet de calculer une donn&eacute;e connaissant les 3 autres ; les donn&eacute;es &eacute;tant : le capital emprunt&eacute;, la dur&eacute;e, le montant du versement p&eacute;riodique et le taux.<\\/p>\\n\\t\\t<ul>\\n\\t\\t\\t<li>\\n\\t\\t\\t\\t<a class=\\\"link\\\" href=\\\"simulateurs\\/calcul-du-capital-emprunte\\\" title=\\\"Calcul du capital emprunt\\u00e9 \\\">Calcul du capital emprunt&eacute;<\\/a><\\/li>\\n\\t\\t\\t<li>\\n\\t\\t\\t\\t<a class=\\\"link\\\" href=\\\"simulateurs\\/calcul-de-la-duree-selon-votre-capacite-de-remboursement\\\" title=\\\"Calcul de la dur\\u00e9e (selon votre capacit\\u00e9 de remboursement) \\\">Calcul de la dur&eacute;e (selon votre capacit&eacute; de remboursement)<\\/a><\\/li>\\n\\t\\t\\t<li>\\n\\t\\t\\t\\t<a class=\\\"link\\\" href=\\\"simulateurs\\/calcul-du-versement-periodique\\\" title=\\\"Calcul du versement p\\u00e9riodique \\\">Calcul du versement p&eacute;riodique<\\/a><\\/li>\\n\\t\\t\\t<li>\\n\\t\\t\\t\\t<a class=\\\"link\\\" href=\\\"simulateurs\\/calcul-du-taux\\\" title=\\\"Calcul du taux \\\">Calcul du taux<\\/a><\\/li>\\n\\t\\t<\\/ul>\\n\\t\\t<h2 id=\\\"calculs-financiers-credit-bail\\\">\\n\\t\\t\\tCalculs financiers : cr&eacute;dit-bail<\\/h2>\\n\\t\\t<p>\\n\\t\\t\\tCette fonction permet de conna&icirc;tre le taux d&#39;int&eacute;r&ecirc;t r&eacute;el (proportionnel et &eacute;quivalent) d&#39;un cr&eacute;dit-bail.<br \\/>\\n\\t\\t\\tUne soci&eacute;t&eacute; de cr&eacute;dit-bail propose le financement d&#39;un v&eacute;hicule, vous souhaitez comparer le taux d&#39;int&eacute;r&ecirc;t de ce cr&eacute;dit-bail avec les taux en vigueur sur le march&eacute; bancaire. Ce calcul vous aide &agrave; faire le choix du financement : emprunt ou cr&eacute;dit-bail.<\\/p>\\n\\t\\t<ul>\\n\\t\\t\\t<li>\\n\\t\\t\\t\\t<a class=\\\"link\\\" href=\\\"simulateurs\\/calcul-des-loyers-constants\\\" title=\\\"Calcul des loyers (constants) \\\">Calcul des loyers (constants)<\\/a><\\/li>\\n\\t\\t\\t<li>\\n\\t\\t\\t\\t<a class=\\\"link\\\" href=\\\"simulateurs\\/calcul-du-taux-reel-cout-reel-du-credit-bail\\\" title=\\\"Calcul du taux r\\u00e9el (co\\u00fbt r\\u00e9el du cr\\u00e9dit-bail) \\\">Calcul du taux r&eacute;el (co&ucirc;t r&eacute;el du cr&eacute;dit-bail)<\\/a><\\/li>\\n\\t\\t\\t<li>\\n\\t\\t\\t\\t<a class=\\\"link\\\" href=\\\"simulateurs\\/calcul-de-la-duree\\\">Calcul de la dur&eacute;e<\\/a><\\/li>\\n\\t\\t<\\/ul>\\n\\t\\t<h2 id=\\\"autres-simulateurs\\\">\\n\\t\\t\\tAutres simulateurs<\\/h2>\\n\\t\\t<ul>\\n\\t\\t\\t<li>\\n\\t\\t\\t\\t<a class=\\\"link\\\" href=\\\"simulateurs\\/calcul-des-frais-kilometriques-vehicules-automobiles\\\">Calcul des frais kilom&eacute;triques : v&eacute;hicules automobiles<\\/a><\\/li>\\n\\t\\t<\\/ul>\\n\\t<\\/div>\\n<\\/div>\\n\",\"widthImage\":\"\",\"heightImage\":\"\",\"length\":null,\"withImage\":false,\"nbArticles\":null,\"lien\":\"\",\"titreBloc\":\"\",\"chapo\":null}','fr'),(649,'{\"titreBloc\":\"Actualit\\u00e9s \\u00e0 la une\",\"length\":0,\"nbArticles\":3,\"section\":[\"1\",\"4\",\"11\",\"6\",\"9\"],\"lien\":\"Les articles en\",\"withImage\":true,\"widthImage\":\"200\",\"heightImage\":\"\",\"chapo\":null}','fr'),(650,'{\"titreBloc\":\"Dossiers \\u00e0 la une\",\"length\":200,\"nbArticles\":3,\"section\":[\"12\",\"7\"],\"lien\":\"Les dossiers en\",\"withImage\":true,\"widthImage\":\"238\",\"heightImage\":\"\",\"chapo\":null,\"justTitle\":false}','fr'),(651,'{\"titreBloc\":\"La question \\u00e0 la une\",\"length\":0,\"nbArticles\":1,\"section\":[\"8\",\"3\",\"10\",\"5\"],\"lien\":\"Les autres Questions R\\u00e9ponses en\",\"withImage\":true,\"widthImage\":\"200\",\"heightImage\":\"\",\"chapo\":null}','fr'),(653,'{\"menuType\":\"default\",\"ulClass\":\"\",\"menuName\":\"\",\"liClass\":\"\",\"menuClass\":\"\",\"widthImage\":\"\",\"heightImage\":\"\",\"length\":null,\"withImage\":false,\"nbArticles\":null,\"lien\":\"\",\"titreBloc\":\"\",\"chapo\":null,\"items\":[{\"link\":\"page:8418\",\"text\":\"Plan du site\",\"groupdisplayed\":\"\",\"secure\":0,\"nofollow\":0,\"depth\":\"0\",\"target\":\"\"},{\"link\":\"http:\\/\\/abonnes.expertinfos.com\\/login.php\",\"text\":\"Administration\",\"groupdisplayed\":\"\",\"secure\":0,\"nofollow\":0,\"depth\":\"0\",\"target\":\"\"}]}','fr'),(654,'{\"menuType\":\"default\",\"ulClass\":\"\",\"menuName\":\"\",\"liClass\":\"\",\"menuClass\":\"\",\"widthImage\":\"\",\"heightImage\":\"\",\"length\":null,\"withImage\":false,\"nbArticles\":null,\"lien\":\"\",\"titreBloc\":\"\",\"chapo\":null,\"items\":[{\"link\":\"page:8418\",\"text\":\"Plan du site\",\"groupdisplayed\":\"\",\"secure\":0,\"nofollow\":0,\"depth\":\"0\",\"target\":\"\"},{\"link\":\"http:\\/\\/abonnes.expertinfos.com\\/login.php\",\"text\":\"Administration\",\"groupdisplayed\":\"\",\"secure\":0,\"nofollow\":0,\"depth\":\"0\",\"target\":\"\"}]}','fr'),(655,'{\"menuType\":\"default\",\"ulClass\":\"\",\"menuName\":\"\",\"liClass\":\"\",\"menuClass\":\"\",\"widthImage\":\"\",\"heightImage\":\"\",\"length\":null,\"withImage\":false,\"nbArticles\":null,\"lien\":\"\",\"titreBloc\":\"\",\"chapo\":null,\"items\":[{\"link\":\"page:8418\",\"text\":\"Plan du site\",\"groupdisplayed\":\"\",\"secure\":0,\"nofollow\":0,\"depth\":\"0\",\"target\":\"\"},{\"link\":\"http:\\/\\/abonnes.expertinfos.com\\/login.php\",\"text\":\"Administration\",\"groupdisplayed\":\"\",\"secure\":0,\"nofollow\":0,\"depth\":\"0\",\"target\":\"\"}]}','fr'),(656,'{\"mediaId\":\"241\",\"legend\":\"\",\"width\":\"622\",\"height\":\"90\",\"method\":\"center\",\"background\":\"FFFFFF\",\"quality\":null,\"link\":\"page:1 Accueil\",\"widthImage\":\"\",\"heightImage\":\"\",\"length\":null,\"withImage\":false,\"nbArticles\":null,\"lien\":\"\",\"titreBloc\":\"\",\"chapo\":null}','fr'),(657,'{\"mediaId\":\"241\",\"legend\":\"\",\"width\":\"622\",\"height\":\"90\",\"method\":\"center\",\"background\":\"FFFFFF\",\"quality\":null,\"link\":\"page:1 Accueil\",\"widthImage\":\"\",\"heightImage\":\"\",\"length\":null,\"withImage\":false,\"nbArticles\":null,\"lien\":\"\",\"titreBloc\":\"\",\"chapo\":null}','fr'),(658,'{\"mediaId\":\"238\",\"legend\":\"\",\"width\":\"112\",\"height\":\"90\",\"method\":\"center\",\"background\":\"FFFFFF\",\"quality\":null,\"link\":\"\",\"widthImage\":\"\",\"heightImage\":\"\",\"length\":null,\"withImage\":false,\"nbArticles\":null,\"lien\":\"\",\"titreBloc\":\"\",\"chapo\":null}','fr'),(659,'{\"titreBloc\":\"\",\"defaultInfos\":true,\"text\":\"\",\"widthImage\":\"\",\"heightImage\":\"\",\"length\":null,\"withImage\":false,\"nbArticles\":null,\"lien\":\"\",\"chapo\":null}','fr'),(660,'{\"recordId\":null,\"nbSections\":0,\"nbArticles\":1,\"withImage\":true,\"widthImage\":\"200\",\"heightImage\":\"\",\"length\":null,\"lien\":\"\",\"titreBloc\":\"\",\"chapo\":null}','fr'),(661,'{\"orderField\":\"position\",\"orderType\":\"asc\",\"maxPerPage\":50,\"navTop\":false,\"navBottom\":false}','fr');
/*!40000 ALTER TABLE `dm_widget_translation` ENABLE KEYS */;
UNLOCK TABLES;

--
-- Dumping data for table `dm_zone`
--

LOCK TABLES `dm_zone` WRITE;
/*!40000 ALTER TABLE `dm_zone` DISABLE KEYS */;
INSERT INTO `dm_zone` (`id`, `dm_area_id`, `css_class`, `width`, `position`) VALUES (1,1,NULL,NULL,-1),(2,2,NULL,NULL,-2),(6,6,NULL,NULL,-6),(7,7,NULL,NULL,-7),(9,9,NULL,NULL,-9),(10,10,NULL,NULL,-10),(11,11,NULL,NULL,-11),(12,12,NULL,NULL,-12),(18,3,NULL,NULL,4),(21,15,NULL,NULL,-15),(35,29,NULL,NULL,-29),(39,31,NULL,NULL,-31),(40,4,'derniers_articles_colonne','',2),(41,32,NULL,NULL,-32),(42,33,NULL,NULL,-33),(65,5,NULL,NULL,2),(77,65,NULL,NULL,1),(80,68,NULL,NULL,-67),(81,69,NULL,NULL,-68),(84,72,NULL,NULL,-71),(85,73,NULL,NULL,-72),(100,88,NULL,NULL,-80),(102,90,NULL,NULL,-82),(103,91,NULL,NULL,-83),(104,92,NULL,NULL,-84),(121,109,NULL,NULL,-85),(122,110,NULL,NULL,4),(123,111,'derniers_articles_colonne','',2),(124,112,NULL,NULL,-6),(125,113,'toto','',1),(126,114,NULL,NULL,-67),(127,115,NULL,NULL,-68),(128,116,NULL,NULL,-83),(129,117,NULL,NULL,-84),(130,118,NULL,NULL,4),(131,119,'derniers_articles_colonne','',2),(132,120,NULL,NULL,-6),(133,121,NULL,NULL,1),(134,122,NULL,NULL,-67),(135,123,NULL,NULL,-68),(136,124,NULL,NULL,-83),(137,125,NULL,NULL,-84),(138,126,NULL,NULL,-86),(150,138,NULL,NULL,-90),(151,139,NULL,NULL,-91),(152,140,NULL,NULL,-92),(153,141,NULL,NULL,-93),(154,142,NULL,NULL,-94),(155,143,NULL,NULL,-95),(156,144,NULL,NULL,-96),(157,145,NULL,NULL,-97),(158,146,NULL,NULL,-98),(159,147,NULL,NULL,-99),(160,148,NULL,NULL,-100),(161,149,NULL,NULL,-101),(162,150,NULL,NULL,-102),(163,151,NULL,NULL,-103),(164,152,NULL,NULL,-104),(165,153,NULL,NULL,-105),(166,154,NULL,NULL,-106),(167,155,NULL,NULL,-107),(172,160,NULL,NULL,-108),(173,161,NULL,NULL,-109),(174,162,NULL,NULL,-110);
/*!40000 ALTER TABLE `dm_zone` ENABLE KEYS */;
UNLOCK TABLES;

--
-- Dumping data for table `sid_actu_article`
--

LOCK TABLES `sid_actu_article` WRITE;
/*!40000 ALTER TABLE `sid_actu_article` DISABLE KEYS */;
/*!40000 ALTER TABLE `sid_actu_article` ENABLE KEYS */;
UNLOCK TABLES;

--
-- Dumping data for table `sid_actu_article_sid_rubrique`
--

LOCK TABLES `sid_actu_article_sid_rubrique` WRITE;
/*!40000 ALTER TABLE `sid_actu_article_sid_rubrique` DISABLE KEYS */;
/*!40000 ALTER TABLE `sid_actu_article_sid_rubrique` ENABLE KEYS */;
UNLOCK TABLES;

--
-- Dumping data for table `sid_actu_article_translation`
--

LOCK TABLES `sid_actu_article_translation` WRITE;
/*!40000 ALTER TABLE `sid_actu_article_translation` DISABLE KEYS */;
/*!40000 ALTER TABLE `sid_actu_article_translation` ENABLE KEYS */;
UNLOCK TABLES;

--
-- Dumping data for table `sid_actu_article_translation_version`
--

LOCK TABLES `sid_actu_article_translation_version` WRITE;
/*!40000 ALTER TABLE `sid_actu_article_translation_version` DISABLE KEYS */;
/*!40000 ALTER TABLE `sid_actu_article_translation_version` ENABLE KEYS */;
UNLOCK TABLES;

--
-- Dumping data for table `sid_actu_type`
--

LOCK TABLES `sid_actu_type` WRITE;
/*!40000 ALTER TABLE `sid_actu_type` DISABLE KEYS */;
INSERT INTO `sid_actu_type` (`id`, `is_active`, `position`) VALUES (2,1,-2);
/*!40000 ALTER TABLE `sid_actu_type` ENABLE KEYS */;
UNLOCK TABLES;

--
-- Dumping data for table `sid_actu_type_article`
--

LOCK TABLES `sid_actu_type_article` WRITE;
/*!40000 ALTER TABLE `sid_actu_type_article` DISABLE KEYS */;
/*!40000 ALTER TABLE `sid_actu_type_article` ENABLE KEYS */;
UNLOCK TABLES;

--
-- Dumping data for table `sid_actu_type_translation`
--

LOCK TABLES `sid_actu_type_translation` WRITE;
/*!40000 ALTER TABLE `sid_actu_type_translation` DISABLE KEYS */;
INSERT INTO `sid_actu_type_translation` (`id`, `title`, `lang`, `version`, `created_at`, `updated_at`) VALUES (2,'publi sur le site','fr',2,'2011-08-19 02:05:04','2011-08-19 02:05:04');
/*!40000 ALTER TABLE `sid_actu_type_translation` ENABLE KEYS */;
UNLOCK TABLES;

--
-- Dumping data for table `sid_actu_type_translation_version`
--

LOCK TABLES `sid_actu_type_translation_version` WRITE;
/*!40000 ALTER TABLE `sid_actu_type_translation_version` DISABLE KEYS */;
INSERT INTO `sid_actu_type_translation_version` (`id`, `lang`, `title`, `version`) VALUES (2,'fr','diter sur le site',1);
/*!40000 ALTER TABLE `sid_actu_type_translation_version` ENABLE KEYS */;
UNLOCK TABLES;

--
-- Dumping data for table `sid_added_pages`
--

LOCK TABLES `sid_added_pages` WRITE;
/*!40000 ALTER TABLE `sid_added_pages` DISABLE KEYS */;
/*!40000 ALTER TABLE `sid_added_pages` ENABLE KEYS */;
UNLOCK TABLES;

--
-- Dumping data for table `sid_added_pages_translation`
--

LOCK TABLES `sid_added_pages_translation` WRITE;
/*!40000 ALTER TABLE `sid_added_pages_translation` DISABLE KEYS */;
/*!40000 ALTER TABLE `sid_added_pages_translation` ENABLE KEYS */;
UNLOCK TABLES;

--
-- Dumping data for table `sid_added_pages_translation_version`
--

LOCK TABLES `sid_added_pages_translation_version` WRITE;
/*!40000 ALTER TABLE `sid_added_pages_translation_version` DISABLE KEYS */;
/*!40000 ALTER TABLE `sid_added_pages_translation_version` ENABLE KEYS */;
UNLOCK TABLES;

--
-- Dumping data for table `sid_article`
--

LOCK TABLES `sid_article` WRITE;
/*!40000 ALTER TABLE `sid_article` DISABLE KEYS */;
INSERT INTO `sid_article` (`id`, `filename`, `section_id`, `is_active`, `is_dossier`, `position`) VALUES (421,'10013870',4,1,0,-1),(422,'10014087',4,1,0,-2),(423,'10014786',4,1,0,-3),(424,'10014942',4,1,0,-4),(425,'10015121',4,1,0,-5),(426,'10015264',4,1,0,-6),(427,'10015342',4,1,0,-7),(428,'10015382',4,1,0,-8),(429,'10015624',4,1,0,-9),(430,'10015722',4,1,0,-10),(431,'10015918',4,1,0,-11),(432,'10016842',4,1,0,-12),(433,'10017253',4,1,0,-13),(434,'10017606',4,1,0,-14),(435,'10017960',4,1,0,-15),(436,'114291',4,1,0,-16),(437,'114719',4,1,0,-17),(438,'114756',4,1,0,-18),(439,'114794',4,1,0,-19),(440,'114889',4,1,0,-20),(441,'10018326',4,1,0,-21),(442,'10018591',4,1,0,-22),(443,'10014050',5,1,0,-23),(444,'10013870',6,1,0,-24),(445,'10013883',6,1,0,-25),(446,'10014122',6,1,0,-26),(447,'10014137',6,1,0,-27),(448,'10014142',6,1,0,-28),(449,'10014196',6,1,0,-29),(450,'10014283',6,1,0,-30),(451,'10014430',6,1,0,-31),(452,'10014540',6,1,0,-32),(453,'10014775',6,1,0,-33),(454,'10014840',6,1,0,-34),(455,'10014860',6,1,0,-35),(456,'10014950',6,1,0,-36),(457,'10014967',6,1,0,-37),(458,'10015170',6,1,0,-38),(459,'10015264',6,1,0,-39),(460,'10015278',6,1,0,-40),(461,'10015379',6,1,0,-41),(462,'10015382',6,1,0,-42),(463,'10015457',6,1,0,-43),(464,'10015480',6,1,0,-44),(465,'10015762',6,1,0,-45),(466,'10015822',6,1,0,-46),(467,'10015890',6,1,0,-47),(468,'10015918',6,1,0,-48),(469,'10016009',6,1,0,-49),(470,'10016013',6,1,0,-50),(471,'10016075',6,1,0,-51),(472,'10016137',6,1,0,-52),(473,'10016164',6,1,0,-53),(474,'10016177',6,1,0,-54),(475,'10016325',6,1,0,-55),(476,'10016329',6,1,0,-56),(477,'10016360',6,1,0,-57),(478,'10016384',6,1,0,-58),(479,'10016513',6,1,0,-59),(480,'10016563',6,1,0,-60),(481,'10016771',6,1,0,-61),(482,'10016842',6,1,0,-62),(483,'10016931',6,1,0,-63),(484,'10016977',6,1,0,-64),(485,'10017076',6,1,0,-65),(486,'10017158',6,1,0,-66),(487,'10017170',6,1,0,-67),(488,'10017253',6,1,0,-68),(489,'10017305',6,1,0,-69),(490,'10017322',6,1,0,-70),(491,'10017451',6,1,0,-71),(492,'10017653',6,1,0,-72),(493,'10017689',6,1,0,-73),(494,'10017811',6,1,0,-74),(495,'10017930',6,1,0,-75),(496,'10017960',6,1,0,-76),(497,'110193',6,1,0,-77),(498,'110308',6,1,0,-78),(499,'110367',6,1,0,-79),(500,'110420',6,1,0,-80),(501,'110499',6,1,0,-81),(502,'110598',6,1,0,-82),(503,'110725',6,1,0,-83),(504,'110825',6,1,0,-84),(505,'110847',6,1,0,-85),(506,'110860',6,1,0,-86),(507,'110861',6,1,0,-87),(508,'110949',6,1,0,-88),(509,'111094',6,1,0,-89),(510,'111117',6,1,0,-90),(511,'111206',6,1,0,-91),(512,'111248',6,1,0,-92),(513,'111332',6,1,0,-93),(514,'111366',6,1,0,-94),(515,'111476',6,1,0,-95),(516,'111518',6,1,0,-96),(517,'111579',6,1,0,-97),(518,'111645',6,1,0,-98),(519,'111728',6,1,0,-99),(520,'111729',6,1,0,-100),(521,'111916',6,1,0,-101),(522,'111953',6,1,0,-102),(523,'112014',6,1,0,-103),(524,'112102',6,1,0,-104),(525,'112186',6,1,0,-105),(526,'112236',6,1,0,-106),(527,'112347',6,1,0,-107),(528,'112371',6,1,0,-108),(529,'112390',6,1,0,-109),(530,'112398',6,1,0,-110),(531,'112442',6,1,0,-111),(532,'112513',6,1,0,-112),(533,'112579',6,1,0,-113),(534,'112602',6,1,0,-114),(535,'112673',6,1,0,-115),(536,'112736',6,1,0,-116),(537,'112837',6,1,0,-117),(538,'112910',6,1,0,-118),(539,'112964',6,1,0,-119),(540,'113055',6,1,0,-120),(541,'113074',6,1,0,-121),(542,'113103',6,1,0,-122),(543,'113188',6,1,0,-123),(544,'113240',6,1,0,-124),(545,'113286',6,1,0,-125),(546,'113348',6,1,0,-126),(547,'113409',6,1,0,-127),(548,'113546',6,1,0,-128),(549,'113659',6,1,0,-129),(550,'113772',6,1,0,-130),(551,'113830',6,1,0,-131),(552,'113895',6,1,0,-132),(553,'114271',6,1,0,-133),(554,'114286',6,1,0,-134),(555,'114313',6,1,0,-135),(556,'114430',6,1,0,-136),(557,'114590',6,1,0,-137),(558,'114593',6,1,0,-138),(559,'114669',6,1,0,-139),(560,'114719',6,1,0,-140),(561,'114765',6,1,0,-141),(562,'114794',6,1,0,-142),(563,'114880',6,1,0,-143),(564,'114952',6,1,0,-144),(565,'114994',6,1,0,-145),(566,'10018326',6,1,0,-146),(567,'10018500',6,1,0,-147),(568,'10018308',6,1,0,-148),(569,'10018591',6,1,0,-149),(570,'10018628',6,1,0,-150),(571,'10014071',7,1,0,-151),(572,'tpepme_00010014071',7,1,0,-152),(573,'10013976',8,1,0,-153),(574,'10014056',8,1,0,-154),(575,'10014057',8,1,0,-155),(576,'10013855',9,1,0,-156),(577,'10013926',9,1,0,-157),(578,'10014142',9,1,0,-158),(579,'10014530',9,1,0,-159),(580,'10014619',9,1,0,-160),(581,'10014693',9,1,0,-161),(582,'10014860',9,1,0,-162),(583,'10015067',9,1,0,-163),(584,'10016419',9,1,0,-164),(585,'10016513',9,1,0,-165),(586,'10016771',9,1,0,-166),(587,'10016977',9,1,0,-167),(588,'10017076',9,1,0,-168),(589,'10017137',9,1,0,-169),(590,'10017451',9,1,0,-170),(591,'10017653',9,1,0,-171),(592,'10017811',9,1,0,-172),(593,'10017825',9,1,0,-173),(594,'10017877',9,1,0,-174),(595,'10018092',9,1,0,-175),(596,'114041',9,1,0,-176),(597,'115158',9,1,0,-177),(598,'10018500',9,1,0,-178),(599,'10018628',9,1,0,-179),(600,'10014059',10,1,0,-180),(601,'10013883',11,1,0,-181),(602,'10016657',11,1,0,-182),(603,'10017930',11,1,0,-183),(604,'114606',11,1,0,-184),(605,'114794',11,1,0,-185),(606,'10018308',11,1,0,-186),(607,'10014065',12,1,0,-187),(608,'10014068',12,1,0,-188),(609,'tpepme_00010014065',12,1,0,-189),(610,'tpepme_00010014068',12,1,0,-190),(611,'10018712',6,1,0,-191),(612,'10018637',6,1,0,-192),(613,'10018781',6,1,0,-193),(614,'10018925',9,1,0,-194),(615,'10019211',4,1,0,-195),(616,'10018988',6,1,0,-196),(617,'10019012',6,1,0,-197),(618,'10019146',9,1,0,-198),(619,'10019244',6,1,0,-199),(620,'10019244',9,1,0,-200),(621,'10019291',9,1,0,-201),(622,'10019946',4,1,0,-202),(623,'10019636',6,1,0,-203),(624,'10019728',6,1,0,-204),(625,'10019781',6,1,0,-205),(626,'10019946',6,1,0,-206),(627,'10020075',6,1,0,-207),(628,'10020142',6,1,0,-208),(629,'10020311',6,1,0,-209),(630,'10020386',6,1,0,-210),(631,'10020368',6,1,0,-211),(632,'10020493',6,1,0,-212),(633,'10020624',6,1,0,-213),(634,'10020614',8,1,0,-214),(635,'10020616',8,1,0,-215),(636,'10020694',6,1,0,-216),(637,'726',13,1,0,-217),(638,'729',13,1,0,-218),(639,'732',13,1,0,-219),(640,'733',13,1,0,-220),(641,'736',13,1,0,-221),(642,'744',13,1,0,-222),(643,'10020701',5,1,0,-223),(644,'10020747',5,1,0,-224),(645,'10019269',6,1,0,-225),(646,'10020752',6,1,0,-226),(647,'10020748',8,1,0,-227),(648,'10019269',11,1,0,-228),(649,'10020752',11,1,0,-229),(650,'10020720',10,1,0,-230),(651,'10020735',14,1,0,-231),(652,'10020753',4,1,0,-232),(653,'10016400',15,1,0,-233),(654,'2291',15,1,0,-234),(655,'770',15,1,0,-235),(656,'773',15,1,0,-236),(657,'776',15,1,0,-237),(658,'777',15,1,0,-238),(659,'779',15,1,0,-239),(660,'780',15,1,0,-240),(661,'781',15,1,0,-241),(662,'782',15,1,0,-242),(663,'787',15,1,0,-243),(664,'790',15,1,0,-244),(665,'794',15,1,0,-245),(666,'726',16,1,0,-246),(667,'729',16,1,0,-247),(668,'732',16,1,0,-248),(669,'733',16,1,0,-249),(670,'736',16,1,0,-250),(671,'744',16,1,0,-251),(672,'621',17,1,0,-252),(673,'634',17,1,0,-253),(674,'640',17,1,0,-254),(675,'646',17,1,0,-255),(676,'652',17,1,0,-256),(677,'662',17,1,0,-257),(678,'666',17,1,0,-258),(679,'10020885',5,1,0,-259),(680,'10020702',5,1,0,-260),(681,'10020705',5,1,0,-261),(682,'10020707',5,1,0,-262),(683,'10020708',5,1,0,-263),(684,'10020712',5,1,0,-264),(685,'10020713',5,1,0,-265),(686,'10020714',5,1,0,-266),(687,'10020717',5,1,0,-267),(688,'10020722',5,1,0,-268),(689,'10020723',5,1,0,-269),(690,'10020728',5,1,0,-270),(691,'10020729',5,1,0,-271),(692,'10020730',5,1,0,-272),(693,'10020734',5,1,0,-273),(694,'10020737',5,1,0,-274),(695,'10020739',5,1,0,-275),(696,'10020741',5,1,0,-276),(697,'10020746',5,1,0,-277),(698,'10020751',5,1,0,-278);
/*!40000 ALTER TABLE `sid_article` ENABLE KEYS */;
UNLOCK TABLES;

--
-- Dumping data for table `sid_article_dm_tag`
--

LOCK TABLES `sid_article_dm_tag` WRITE;
/*!40000 ALTER TABLE `sid_article_dm_tag` DISABLE KEYS */;
INSERT INTO `sid_article_dm_tag` (`id`, `dm_tag_id`) VALUES (561,56),(655,56),(656,56),(657,56),(658,56),(659,56),(660,56),(661,56),(662,56),(663,56),(664,56),(665,56),(561,57),(457,58),(424,59),(425,59),(426,59),(429,59),(430,59),(431,59),(440,59),(459,59),(468,59),(576,59),(580,59),(593,59),(641,59),(670,59),(440,60),(426,61),(428,61),(431,61),(445,61),(449,61),(452,61),(453,61),(454,61),(455,61),(456,61),(457,61),(458,61),(459,61),(460,61),(461,61),(462,61),(463,61),(464,61),(465,61),(466,61),(467,61),(468,61),(469,61),(470,61),(471,61),(472,61),(473,61),(474,61),(475,61),(476,61),(478,61),(481,61),(486,61),(487,61),(493,61),(502,61),(509,61),(513,61),(520,61),(522,61),(528,61),(529,61),(533,61),(534,61),(536,61),(539,61),(540,61),(541,61),(546,61),(552,61),(554,61),(556,61),(557,61),(558,61),(563,61),(568,61),(582,61),(586,61),(601,61),(606,61),(611,61),(612,61),(616,61),(621,61),(631,61),(637,61),(638,61),(639,61),(640,61),(641,61),(657,61),(666,61),(667,61),(668,61),(669,61),(670,61),(445,62),(453,62),(457,62),(458,62),(460,62),(465,62),(466,62),(470,62),(471,62),(475,62),(529,62),(539,62),(540,62),(568,62),(601,62),(606,62),(426,63),(428,63),(445,63),(449,63),(452,63),(453,63),(454,63),(455,63),(456,63),(457,63),(458,63),(459,63),(460,63),(461,63),(462,63),(463,63),(464,63),(465,63),(466,63),(467,63),(469,63),(470,63),(471,63),(472,63),(474,63),(475,63),(476,63),(478,63),(481,63),(486,63),(493,63),(509,63),(513,63),(520,63),(522,63),(528,63),(529,63),(533,63),(534,63),(536,63),(539,63),(540,63),(541,63),(546,63),(552,63),(554,63),(556,63),(557,63),(558,63),(563,63),(568,63),(582,63),(586,63),(601,63),(606,63),(611,63),(612,63),(621,63),(631,63),(445,64),(453,64),(460,64),(469,64),(522,64),(539,64),(540,64),(601,64),(640,64),(669,64),(449,65),(452,65),(454,65),(455,65),(456,65),(460,65),(464,65),(465,65),(467,65),(470,65),(471,65),(473,65),(474,65),(476,65),(486,65),(487,65),(493,65),(502,65),(520,65),(522,65),(528,65),(533,65),(534,65),(536,65),(541,65),(546,65),(552,65),(556,65),(557,65),(558,65),(568,65),(582,65),(606,65),(611,65),(612,65),(631,65),(455,66),(456,66),(460,66),(461,66),(465,66),(470,66),(471,66),(502,66),(520,66),(528,66),(533,66),(536,66),(563,66),(568,66),(582,66),(606,66),(612,66),(456,67),(502,67),(522,67),(533,67),(546,67),(552,67),(554,67),(557,67),(558,67),(467,68),(502,68),(528,68),(536,68),(612,68),(471,69),(473,69),(486,69),(487,69),(493,69),(502,69),(513,69),(528,69),(536,69),(612,69),(616,69),(621,69),(509,70),(449,71),(454,71),(455,71),(456,71),(457,71),(458,71),(460,71),(461,71),(465,71),(466,71),(470,71),(471,71),(474,71),(475,71),(478,71),(486,71),(493,71),(509,71),(520,71),(522,71),(528,71),(529,71),(533,71),(536,71),(554,71),(556,71),(563,71),(568,71),(582,71),(606,71),(612,71),(637,71),(641,71),(666,71),(670,71),(449,72),(455,72),(456,72),(457,72),(460,72),(465,72),(471,72),(481,72),(486,72),(493,72),(513,72),(529,72),(536,72),(563,72),(582,72),(586,72),(612,72),(631,72),(638,72),(639,72),(657,72),(667,72),(668,72),(455,73),(460,73),(470,73),(486,73),(493,73),(528,73),(582,73),(576,74),(595,74),(457,77),(638,77),(663,77),(664,77),(667,77),(665,78),(665,79),(593,82),(641,82),(670,82),(677,83),(677,84),(676,85),(424,87),(425,87),(426,87),(429,87),(430,87),(431,87),(459,87),(468,87),(580,87),(593,87),(486,89),(493,89),(593,91),(486,96),(493,96),(631,96),(431,115),(460,115),(468,115),(472,115);
/*!40000 ALTER TABLE `sid_article_dm_tag` ENABLE KEYS */;
UNLOCK TABLES;

--
-- Dumping data for table `sid_article_translation`
--

LOCK TABLES `sid_article_translation` WRITE;
/*!40000 ALTER TABLE `sid_article_translation` DISABLE KEYS */;
INSERT INTO `sid_article_translation` (`id`, `title`, `chapeau`, `lang`, `created_at`, `updated_at`) VALUES (421,'Assouplissement du dispositif d\'exonration des dons de sommes d\'argent','Si la loi portant rforme de la fiscalit du patrimoine alourdit les droits de donation et de succession, elle assouplit toutefois le dispositif permettant de faire un don d\'une somme d\'argent  certains membres du cercle familial.','fr','2011-09-15 09:27:00','2011-09-16 12:32:01'),(422,'Don manuel : repoussez le paiement de vos droits de donation !','Pour les dons manuels suprieurs  15000 , le donataire peut choisir de payer les droits de mutation dans le dlai d\'un mois qui suit le dcs du donateur.','fr','2011-09-23 10:34:00','2011-09-23 15:35:05'),(423,'Les incidences d\'une donation avec rserve d\'usufruit','Un bien donn avec rserve d\'usufruit doit tre rapport  la succession du donateur pour sa valeur en pleine proprit.','fr','2011-10-28 10:54:00','2011-10-28 12:16:55'),(424,'Un poux peut-il s\'affranchir du remboursement d\'un emprunt ?','L\'poux, qui perd en bourse une partie des sommes empruntes dans le but de financer les tudes de ses enfants, commet une faute de gestion et doit rembourser seul l\'emprunt souscrit.','fr','2011-11-08 09:54:00','2011-11-14 14:32:48'),(425,'Quelle est la valeur d\'un acte non sign par le notaire?','Un acte de cession de parts de socit civile immobilire qui n\'est pas sign par le notaire est nanmoins valable en tant qu\'acte sous seing priv.','fr','2011-11-17 09:20:00','2011-11-17 12:01:47'),(426,'Abattement successoral : le fisc fait marche arrire !','L\'administration fiscale est revenue sur sa position: les petits-enfants succdant  l\'un de leurs grands-parents aprs renonciation ou dcs de leur pre ou de leur mre, enfant unique, continuent de bnficier de l\'abattement applicable aux successions en ligne directe!','fr','2011-11-24 09:55:00','2011-11-24 11:49:01'),(427,'Quel sort pour la vente de parts de SCI par un seul des poux ?','Des poux, maris sous le rgime lgal, ne peuvent, l\'un sans l\'autre, cder des parts de socit civile immobilire appartenant  la communaut.','fr','2011-11-29 10:02:00','2011-11-29 10:38:46'),(428,'Comment est impose la rversion d\'usufruit ?','Le bnficiaire d\'une rversion d\'usufruit est en principe tax, lors du dcs du donateur, au titre des droits de succession.','fr','2011-12-01 12:06:00','2011-12-02 09:51:15'),(429,'Assurance-vie : veillez  ne pas porter atteinte aux droits des hritiers !','Lorsque les primes verses sur un contrat d\'assurance-vie sont manifestement exagres, les hritiers du souscripteur sont en droit de demander leur rintgration dans la succession de ce dernier.','fr','2011-12-08 09:55:00','2011-12-08 11:12:27'),(430,'Comment distinguer un prsent d\'usage d\'un don manuel ?','Lorsqu\'ils reoivent une donation d\'un mme montant de la part de leurs parents, les enfants peuvent s\'accorder pour qualifier cette donation de prsent d\'usage.','fr','2011-12-14 12:42:00','2011-12-16 14:44:50'),(431,'Combien de personnes ont t exonres de droits de succession en 2010 ?','L\'administration fiscale vient de communiquer sur le nombre de personnes ayant bnfici d\'une exonration de droits de succession en 2010.','fr','2011-12-23 09:26:00','2011-12-23 10:06:31'),(432,'Le paiement fractionn des droits de succession','Le remboursement partiel par anticipation des droits de succession, dont le paiement est fractionn, est sans incidence sur le taux d\'intrt lgal appliqu.','fr','2012-02-02 12:24:00','2012-02-02 17:01:28'),(433,'Comment faire tomber en matire successorale la prsomption fiscale de proprit de l\'usufruitier ?','La prsomption fiscale de proprit de l\'usufruitier peut tre carte lorsque les hritiers attestent du dcs soudain du donateur.','fr','2012-02-21 14:18:00','2012-02-24 12:26:15'),(434,'De quel dlai disposez-vous pour rclamer le bnfice d\'un contrat d\'assurance-vie ?','Le dlai de prescription de la demande de paiement d\'une garantie dcs ne s\'interrompt que lorsque le bnficiaire du contrat en demande expressment le paiement.','fr','2012-03-06 14:00:00','2012-03-09 14:35:24'),(435,'Dclaration de succession incomplte: le fisc dtermine lui-mme les droits  payer !','Le dpt d\'une dclaration de succession incomplte est susceptible d\'entraner l\'application d\'une procdure de taxation d\'office.','fr','2012-03-21 12:33:00','2012-03-22 11:35:11'),(436,'Solidarit des poux pour un emprunt','Les poux sont engags solidairement par un emprunt souscrit par un seul d\'entre eux uniquement lorsqu\'il porte sur des sommes modestes ncessaires aux besoins de la vie courante.','fr','2011-07-07 14:22:00','2011-07-08 14:25:00'),(437,'Abattement successoral : l\'administration fiscale durcit le ton','Les petits-enfants qui succdent  leurs grands-parents aprs renonciation de leur pre ou de leur mre, enfant unique, ne bnficient plus dsormais de l\'abattement fiscal applicable  leur parent.','fr','2011-08-04 10:49:00','2011-08-09 10:24:17'),(438,'Le sort des indemnits de licenciement lors d\'un divorce','Le capital, global et forfaitaire, vers au titre des indemnits de carrire doit tre considr, dans un rgime communautaire, comme un bien commun appartenant aux deux poux.','fr','2011-08-08 11:10:00','2011-08-08 16:06:09'),(439,'Rforme de la fiscalit du patrimoine : l\'assurance-vie mise  contribution','La rforme de la fiscalit du patrimoine a alourdi la taxation des contrats d\'assurance-vie suprieurs  902838  et modifi les rgles rgissant les clauses bnficiaires ayant fait l\'objet d\'un dmembrement de proprit.','fr','2011-08-19 13:00:00','2011-09-05 10:11:43'),(440,'Liquidation judiciaire : le logement de l\'entrepreneur dclar insaisissable est  l\'abri !','La rsidence principale du chef d\'entreprise mis en liquidation judiciaire ne peut pas tre vendue par le liquidateur lorsqu\'elle a fait l\'objet d\'une dclaration d\'insaisissabilit.','fr','2011-08-26 09:57:00','2011-08-26 13:55:09'),(441,'Assurance-vie dmembre : comment se partager l\'abattement fiscal ?','En prsence de plusieurs nus-propritaires bnficiaires d\'un contrat d\'assurance-vie, chacun d\'entre eux partage un abattement de 152500  avec l\'usufruitier en fonction de leurs droits respectifs.','fr','2012-04-04 14:01:00','2012-04-06 12:00:20'),(442,'Quelles obligations dclaratives pour les contribuables soumis  l\'exit tax?','Les contribuables soumis  l\'exit tax ont l\'obligation de joindre  leur dclaration de revenus un formulaire comportant un certain nombre de renseignements.','fr','2012-04-17 13:59:00','2012-04-20 14:21:52'),(443,'Construction d\'une maison','Je suis mari sous le rgime lgal. Mon pouse et moi-mme souhaiterions faire construire une maison sur un terrain dont j\'avais fait l\'acquisition avant mon mariage. Est-ce possible ?','fr','2011-09-22 14:29:00','2011-09-26 10:10:45'),(444,'Assouplissement du dispositif d\'exonration des dons de sommes d\'argent','Si la loi portant rforme de la fiscalit du patrimoine alourdit les droits de donation et de succession, elle assouplit toutefois le dispositif permettant de faire un don d\'une somme d\'argent  certains membres du cercle familial.','fr','2011-09-15 09:27:00','2011-09-16 12:32:01'),(445,'Le dispositif de rduction d\'ISF pour investissement dans une PME assoupli !','La socit, au sein de laquelle le redevable de l\'ISF investit pour rduire son impt, dispose de plus de temps pour employer des salaris.','fr','2011-09-16 10:00:00','2011-09-16 12:14:18'),(446,'Dclaration d\'ISF : le compte  rebours a commenc','N\'oubliez pas de faire votre dclaration d\'impt de solidarit sur la fortune le 30 septembre prochain au plus tard!','fr','2011-09-26 09:11:00','2011-09-27 08:19:19'),(447,'Le secteur bancaire : le baromtre des crises','Malmen en raison de son exposition  la crise de la dette, le secteur bancaire peine a voir le bout du tunnel.','fr','2011-09-26 10:50:00','2011-10-06 09:33:32'),(448,'Comment calculer une plus-value immobilire ?','La vente d\'un bien immobilier obit  des rgles d\'imposition particulires qui ont, par ailleurs, t remodeles par le plan d\'austrit du gouvernement.','fr','2011-09-30 11:45:00','2011-10-03 11:27:48'),(449,'Plus-value de cession de titres sous condition suspensive :  quel moment est-on impos ?','La cession de titres inscrits dans une convention dont la condition suspensive ne s\'est pas encore ralise entrane l\'imposition du cdant, encore propritaire des titres.','fr','2011-09-29 12:00:00','2011-09-29 17:48:43'),(450,'Projet de loi de finances pour 2012','Quelles seraient les consquences du projet de loi de finances sur votre imposition ?','fr','2011-10-04 13:08:00','2011-10-07 15:10:53'),(451,'Quotient familial : incidence de l\'obtention de la garde d\'un enfant en cours d\'anne','Un pre divorc peut majorer son quotient familial s\'il obtient la garde de ses enfants en cours d\'anne.','fr','2011-10-12 13:00:00','2011-10-14 12:10:48'),(452,'Augmentation annonce du malus automobile en 2012','Le gouvernement vient de prsenter le nouveau barme 2012 du  bonus-malus automobile , qui conduit  davantage taxer les vhicules les plus polluants.','fr','2011-10-18 14:00:00','2011-10-21 12:25:25'),(453,'Activez votre holding pour tre exonr d\'ISF !','L\'exonration des titres d\'une socit holding en tant que biens professionnels suppose que la socit anime les filiales qu\'elle dtient.','fr','2011-10-28 10:00:00','2011-10-28 10:11:14'),(454,'Pas de pnalits de retard en cas de difficults techniques de tldclaration','Certaines difficults techniques lies  la tldclaration annuelle de l\'impt sur le revenu n\'entranent pas de pnalits de retard pour dpt tardif de la dclaration papier.','fr','2011-11-02 14:00:00','2011-11-02 14:00:02'),(455,'Projet de loi de finances pour 2012 : les amendements adopts','Dcouvrez les nouvelles mesures votes par les dputs lors de l\'examen de la premire partie de la loi de finances pour 2012.','fr','2011-11-03 14:00:00','2011-12-15 11:29:17'),(456,'vitez de payer un impt prescrit !','\nIl n\'est pas possible de demander le remboursement d\'un impt pay alors qu\'il tait prescrit.','fr','2011-11-08 14:07:00','2011-11-10 14:43:22'),(457,'Plan d\'austrit : acte II','Le gouvernement envisage d\'alourdir  nouveau la fiscalit des particuliers et des entreprises.','fr','2011-11-09 11:24:00','2011-11-14 14:36:59'),(458,'Projet de loi de finances pour 2012 : les nouveaux amendements vots par les dputs','Les dputs ont de nouveau affaibli l\'attractivit des niches fiscales et de certains dispositifs d\'exonration.','fr','2011-11-18 12:00:00','2011-11-18 14:31:34'),(459,'Abattement successoral : le fisc fait marche arrire !','L\'administration fiscale est revenue sur sa position: les petits-enfants succdant  l\'un de leurs grands-parents aprs renonciation ou dcs de leur pre ou de leur mre, enfant unique, continuent de bnficier de l\'abattement applicable aux successions en ligne directe!','fr','2011-11-24 09:55:00','2011-11-24 11:49:01'),(460,'Projet de loi de finances pour 2012 : les amendements des snateurs','Les snateurs ont radicalement amend le projet de loi de finances pour 2012.','fr','2011-11-25 12:00:00','2011-11-25 15:20:27'),(461,'Socit civile immobilire : une prcision intressante en cas d\'option  l\'impt sur les socits','Les socits civiles immobilires disposent d\'un dlai de 60 jours  compter de la notification de l\'option  l\'impt sur les socits pour respecter leurs obligations dclaratives.','fr','2011-12-02 12:00:00','2011-12-02 12:00:02'),(462,'Comment est impose la rversion d\'usufruit ?','Le bnficiaire d\'une rversion d\'usufruit est en principe tax, lors du dcs du donateur, au titre des droits de succession.','fr','2011-12-01 12:06:00','2011-12-02 09:51:15'),(463,'L\'administration fiscale vigilante sur les donations ralises successivement!','La donation successive d\'un mme bien consentie dans le seul but de rduire les droits de donation est sanctionnable fiscalement.','fr','2011-12-06 11:48:00','2011-12-09 16:14:22'),(464,'Lutte contre la fraude et l\'vasion fiscales : bilan et perspectives','Le gouvernement vient de prsenter son bilan de la lutte contre la fraude et l\'vasion fiscales et d\'annoncer de nouvelles mesures visant  renforcer ses actions.','fr','2011-12-07 12:00:00','2011-12-09 16:32:24'),(465,'Projet de 4e loi de finances rectificative pour 2011 : les amendements des dputs','L\'Assemble nationale durcit encore la fiscalit des entreprises et des particuliers.','fr','2011-12-15 12:00:00','2011-12-16 14:42:41'),(466,'Plus que quelques jours pour rduire votre impt sur le revenu !','Vous avez jusqu\'au 31 dcembre pour saisir les dernires opportunits afin de rduire votre impt sur le revenu 2011.','fr','2011-12-19 13:44:00','2011-12-23 09:48:10'),(467,'Valeur locative d\'un local : modalits pratiques de la nouvelle obligation de mise  jour','L\'administration fiscale peut demander aux propritaires de locaux de souscrire une dclaration pour mettre  jour la valeur locative de ceux-ci.','fr','2011-12-21 12:00:00','2011-12-21 13:52:59'),(468,'Combien de personnes ont t exonres de droits de succession en 2010 ?','L\'administration fiscale vient de communiquer sur le nombre de personnes ayant bnfici d\'une exonration de droits de succession en 2010.','fr','2011-12-23 09:26:00','2011-12-23 10:06:31'),(469,'Bouclier fiscal : attention  la perte de la crance 2011 !','Les redevables de l\'ISF ont jusqu\'au 31 dcembre prochain pour dposer une demande de restitution de la crance acquise au titre du bouclier fiscal.','fr','2011-12-29 11:13:00','2011-12-29 12:30:34'),(470,'La loi de finances pour 2012 est dfinitive !','La loi de finances pour 2012 a t adopte conformment  la version de l\'Assemble nationale.','fr','2011-12-30 12:00:00','2012-01-06 11:53:07'),(471,'La 4e loi de finances rectificative pour 2011 est dfinitivement adopte !','La hausse des impositions se poursuit avec la 4e loi de finances rectificative pour 2011.','fr','2012-01-03 11:03:00','2012-01-03 18:07:42'),(472,'Le dispositif du contrle sur demande des successions et donations est prennis !','La procdure de contrle sur demande du contribuable des successions et donations est dfinitivement institue.','fr','2012-01-04 13:55:00','2012-01-06 11:49:52'),(473,'Attention au changement de taux de TVA au 1er janvier 2012 !','La plupart des produits et services auparavant soumis au taux rduit de TVA de 5,5 % sont dsormais taxs  7 %.','fr','2012-01-05 15:32:00','2012-01-05 19:13:07'),(474,'Dclaration de revenus : vous pouvez recourir  un tiers de confiance !','Le dcret fixant les conditions d\'application du dispositif du tiers de confiance vient de paratre, permettant ainsi son entre en vigueur  compter du 30 dcembre 2011.','fr','2012-01-06 12:00:00','2012-01-06 12:28:25'),(475,'Prorogation de la rduction d\'impt pour la souscription au capital de SOFICA','La rduction d\'impt pour les versements raliss au capital de socits pour le financement de l\'industrie cinmatographique et audiovisuelle (Sofica) est reconduite jusqu\'au 31 dcembre 2012.','fr','2012-01-12 09:26:00','2012-01-12 11:32:26'),(476,'Le malus automobile une nouvelle fois durci !','Les barmes du malus automobile et le montant du malus annuel viennent d\'tre augments par la loi de finances pour 2012.','fr','2012-01-12 12:00:00','2012-01-13 14:05:55'),(477,'Un millsime 2011 record pour les entreprises de luxe','Les rsultats exceptionnels des entreprises du secteur de luxe en 2011 sont  peine clipss par des performances boursires en demi-teinte.','fr','2012-01-13 12:20:00','2012-02-06 09:35:56'),(478,'Calculez votre impt sur le revenu 2012','Le gouvernement met  la disposition des contribuables un simulateur pour raliser une estimation de leur impt pour 2012.','fr','2012-01-16 12:00:00','2012-01-16 13:51:45'),(479,'L\'administration vous aide  valuer votre bien immobilier !','Certains contribuables peuvent obtenir de l\'administration fiscale des informations relatives aux transactions immobilires afin d\'valuer plus justement leur bien.','fr','2012-01-23 10:25:00','2012-01-27 14:35:25'),(480,'L\'administration fiscale peut prolonger son dlai de rponse dans certains cas','L\'administration fiscale peut, de faon exceptionnelle, allonger le dlai de rponse des informations transmises par le contribuable.','fr','2012-01-25 12:24:00','2012-01-27 14:33:11'),(481,'Bailleurs : attention  ne pas fixer un loyer trop lev !','Le seuil d\'application de la taxe sur les loyers levs des micro-logements vient d\'tre prcis.','fr','2012-02-01 12:00:00','2012-02-15 10:24:38'),(482,'Le paiement fractionn des droits de succession','Le remboursement partiel par anticipation des droits de succession, dont le paiement est fractionn, est sans incidence sur le taux d\'intrt lgal appliqu.','fr','2012-02-02 12:24:00','2012-02-02 17:01:28'),(483,'N\'oubliez pas de payer votre premier tiers provisionnel !','Le paiement du premier acompte provisionnel de l\'impt sur le revenu 2012 doit, en principe, tre effectu au plus tard le mercredi 15 fvrier 2012.','fr','2012-02-07 11:45:00','2012-02-10 14:51:02'),(484,'Dispositif \"Scellier\" : du changement pour la zone C !','La liste des communes de la zone C ligibles au dispositif \"Scellier\" a t largie alors que le plafond de loyer de cette zone a, quant  lui, t revaloris.','fr','2012-02-09 12:21:00','2012-02-10 14:50:12'),(485,'valuation des biens dans le cadre d\'une succession','Un terrain devenu inconstructible peut tre tax aux droits de succession pour sa valeur en tant que terrain constructible!','fr','2012-02-14 09:38:00','2012-02-17 15:13:08'),(486,'Projet de loi de finances rectificative pour 2012','Comme annonc par le Prsident de la rpublique, un projet de loi prvoit d\'allger le cot du travail pour les entreprises du secteur priv.','fr','2012-02-17 11:00:00','2012-02-17 13:54:40'),(487,'Quand et comment appliquer le nouveau taux de TVA de 7 % ?','Le champ et les modalits d\'application du nouveau taux de TVA de 7 % viennent d\'tre prciss.','fr','2012-02-20 12:00:00','2012-02-22 09:01:24'),(488,'Comment faire tomber en matire successorale la prsomption fiscale de proprit de l\'usufruitier ?','La prsomption fiscale de proprit de l\'usufruitier peut tre carte lorsque les hritiers attestent du dcs soudain du donateur.','fr','2012-02-21 14:18:00','2012-02-24 12:26:15'),(489,'Barmes des frais kilomtriques 2011','Les barmes kilomtriques pour les frais engags en 2011 viennent d\'tre publis et restent inchangs par rapport  ceux utiliss l\'an dernier.','fr','2012-02-23 10:00:00','2012-02-24 11:34:43'),(490,'Quel dlai de reprise en matire d\'ISF?','L\'administration fiscale dispose d\'un dlai de reprise de longue dure pour le contrle de la qualification de biens professionnels inscrits dans une dclaration d\'ISF.','fr','2012-02-23 16:34:00','2012-02-24 10:29:54'),(491,'Louez une partie de votre rsidence principale sans tre impos : c\'est possible !','Les loyers perus au titre de la location meuble d\'une partie de votre rsidence principale peuvent tre, sous certaines conditions, exonrs d\'impt sur le revenu.','fr','2012-02-29 14:00:00','2012-03-02 12:47:38'),(492,'Les plafonds de loyers des investissements immobiliers locatifs publis !','Les nouveaux plafonds de loyers conditionnant l\'application des dispositifs d\'investissements locatifs pour les baux conclus ou renouvels  compter du 1er janvier 2012 ont t publis.','fr','2012-03-07 14:00:00','2012-03-09 11:02:44'),(493,'La loi de finances rectificative pour 2012 est adopte !','La premire loi de finances rectificative pour 2012 augmente la TVA et les prlvements sociaux pour financer une rduction de cotisations sociales des employeurs.','fr','2012-03-08 14:00:00','2012-03-16 12:09:01'),(494,'Dispositif  Scellier  : le plafonnement supplmentaire enfin publi !','Un dcret fixe les plafonds par mtre carr de surface habitable applicables pour le calcul de la rduction d\'impt Scellier.','fr','2012-03-14 10:13:00','2012-03-16 14:07:03'),(495,'Secteur de l\'aronautique : les avionneurs survolent la crise','Portes par des carnets de commandes records, les principales socits du secteur de l\'aronautique ont ralis des performances boursires remarques.','fr','2012-03-20 09:51:00','2012-03-20 09:52:42'),(496,'Dclaration de succession incomplte: le fisc dtermine lui-mme les droits  payer !','Le dpt d\'une dclaration de succession incomplte est susceptible d\'entraner l\'application d\'une procdure de taxation d\'office.','fr','2012-03-21 12:33:00','2012-03-22 11:35:11'),(497,'Pacte d\'associs et ISF','Pour bnficier d\'une exonration d\'ISF en 2011, vous pouvez souscrire un pacte Dutreil avant le 31 dcembre 2010.','fr','2010-12-16 10:23:00','2010-12-17 15:20:43'),(498,'Rduction d\'impt Scellier : amnagements dans certains territoires d\'outre-mer','Les conditions d\'application du dispositif Scellier pour les investissements raliss dans certaines collectivits territoriales d\'outre-mer sont assouplies.','fr','2010-12-22 14:03:00','2010-12-22 18:30:22'),(499,'Rduction d\'impt et augmentation de capital d\'une PME','L\'administration fiscale a apport des prcisions quant  l\'ligibilit aux rductions d\'impt d\'une augmentation de capital par compensation avec un compte courant d\'associ.','fr','2010-12-23 16:44:00','2010-12-24 10:00:02'),(500,'Rpartition du patrimoine des mnages : les Franais recentrent leurs placements','Une tude rcente de l\'Insee concernant la rpartition du patrimoine des mnages souligne que les Franais ont restreint leur univers de placement pour se concentrer sur l\'immobilier et l\'assurance-vie.','fr','2010-12-28 17:32:00','2010-12-30 17:06:38'),(501,'Loi de finances pour 2011 : les mesures concernant les particuliers','La loi de finances pour 2011 contient de nombreuses dispositions intressant la fiscalit des particuliers.','fr','2011-01-03 14:09:00','2011-01-07 15:38:04'),(502,'Adoption dfinitive de la loi de finances rectificative pour 2010','La 4e loi de finances rectificative pour 2010 dfinitivement adopte n\'affecte pas la fiscalit des entreprises autant qu\'il l\'tait annonc.','fr','2011-01-07 10:00:00','2011-01-07 15:38:39'),(503,'Annonces immobilires : n\'oubliez pas l\'tiquette nergie !','L\'affichage de la  classe nergie  figurant dans le diagnostic de performance nergtique est obligatoire pour toutes les annonces immobilires de vente ou de location parues depuis le 1er janvier 2011.','fr','2011-01-13 12:31:00','2011-01-14 17:09:30'),(504,'Petits-enfants succdant  leurs grands-parents : quelle fiscalit ?','Les petits-enfants succdant  l\'un de leurs grands-parents aprs renonciation ou dcs de leur pre ou de leur mre bnficient de l\'abattement applicable aux successions en ligne directe.','fr','2011-01-19 14:00:00','2011-01-21 14:11:07'),(505,'Les nouveaux plafonds de loyers des investissements immobiliers dfiscaliss','Les nouveaux plafonds de loyers conditionnant la rduction d\'impt Scellier pour les logements acquis  compter du 1er janvier 2011 ont t publis.','fr','2011-01-20 14:00:00','2011-04-08 15:37:12'),(506,'Les quipementiers automobiles font la course en tte !','Les valeurs du secteur automobile ont t  l\'honneur durant l\'anne 2010 portes par la prime  la casse et par la croissance des pays mergents.','fr','2011-01-20 17:42:00','2011-01-26 15:05:00'),(507,'La rforme des retraites et ses consquences patrimoniales','Afin de favoriser la constitution d\'un complment de retraite, de nombreux amnagements ont t apports.','fr','2011-01-20 17:46:00','2011-01-28 16:17:24'),(508,'Simulez votre prt  taux zro renforc !','Les particuliers ont dsormais la possibilit de raliser en ligne une simulation de leurs droits au nouveau prt  taux zro renforc entr en vigueur le 1er janvier 2011.','fr','2011-01-27 14:00:00','2011-03-01 09:59:16'),(509,'Cession de droits sociaux au sein de sa famille','Les plus-values de cession de titres de socits entre membres d\'une mme famille ne peuvent plus tre exonres de prlvements sociaux.','fr','2011-02-02 09:53:00','2011-02-03 17:51:09'),(510,'Les amnagements apports au crdit d\'impt pour l\'isolation des logements','Isoler son logement peut, dans certains cas, ouvrir droit  un crdit d\'impt.','fr','2011-02-03 09:03:00','2011-02-04 15:42:44'),(511,'Paiement de l\'impt sur le revenu : attention  l\'chance !','N\'oubliez pas de rgler votre premier tiers provisionnel de l\'impt sur le revenu pour le 20 fvrier prochain au plus tard.','fr','2011-02-08 13:57:00','2011-02-11 15:50:37'),(512,'Exonration limite des dividendes dans un PEA','Les produits des titres de socits non cotes, placs dans un PEA, sont exonrs d\'impt sur le revenu dans la limite de 10 % de la valeur d\'inscription de ces titres.','fr','2011-02-10 14:12:00','2011-02-18 12:00:27'),(513,'Les locations de locaux d\'hbergement de gardiens peuvent tre soumises  la TVA','L\'administration fiscale autorise l\'extension de l\'option  la TVA sur les loyers relatifs aux locaux d\'habitation du personnel de gardiennage.','fr','2011-02-16 10:00:00','2011-02-18 11:56:03'),(514,'Louez une partie de votre habitation principale en franchise d\'impt !','Les loyers perus au titre de la location en meubl d\'une partie de votre rsidence principale peuvent tre, sous certaines conditions, exonrs d\'impt sur le revenu.','fr','2011-02-17 09:00:00','2011-02-18 11:52:51'),(515,'Fonds en euros : les socits d\'assurances anticipent la baisse des rendements','La Fdration franaise des socits d\'assurances (FFSA) vient d\'annoncer que le taux moyen de rmunration des fonds en euros ne dpasserait pas 3,4 % pour l\'anne 2010.','fr','2011-02-23 12:08:00','2011-02-25 11:28:00'),(516,'Apport en usufruit et abus de droit','L\'apport en usufruit d\'un bien  une socit ralis dans le seul but d\'chapper  l\'ISF entre dans le cadre de l\'abus de droit.','fr','2011-02-24 14:04:00','2011-02-25 12:04:01'),(517,'Contrats de capitalisation pour les personnes morales : accs limit !','La Fdration franaise des socits d\'assurances (FFSA) prcise les conditions dans lesquelles les personnes morales peuvent souscrire  des contrats de capitalisation.','fr','2011-02-28 10:47:00','2011-03-04 15:12:03'),(518,'Investissement locatif : les modalits d\'agrment en zone C','Les conditions dans lesquelles l\'agrment d\'une commune situe en zone C est dlivr par le ministre charg du Logement viennent d\'tre prcises.','fr','2011-03-03 14:00:00','2011-03-04 15:09:20'),(519,'Rforme de la fiscalit du patrimoine : les diffrentes hypothses','Le ministre du Budget a annonc, jeudi 3 mars dernier, les pistes de rflexion tudies par le gouvernement pour la rforme de la fiscalit du patrimoine','fr','2011-03-08 12:34:00','2011-03-11 22:24:37'),(520,'Barmes des frais kilomtriques 2010','Les barmes kilomtriques pour les frais engags en 2010 viennent d\'tre publis.','fr','2011-03-08 16:00:00','2011-03-11 11:21:13'),(521,'ISF : dlai supplmentaire accord pour transmettre des justificatifs','Les redevables ont, en principe, jusqu\'au 15 septembre 2011 pour transmettre les justificatifs lis aux dons ligibles  la rduction d\'ISF.','fr','2011-03-16 09:35:00','2011-03-18 11:29:09'),(522,'Une transaction avec l\'administration fiscale ne vous prserve pas de tout redressement','L\'administration fiscale peut utiliser des lments ressortant d\'une transaction pour redresser des impts non viss par celle-ci.','fr','2011-03-18 12:00:00','2011-03-18 12:08:15'),(523,'Le secteur de l\'agroalimentaire : sant retrouve pour les champagnes et spiritueux !','Les producteurs de champagne et de spiritueux ont ralis en 2010 les meilleures performances boursires du compartiment alimentaire, aprs une anne 2009 dlicate. Une bonne raison de s\'y intresser de prs.','fr','2011-03-21 14:26:00','2011-03-25 12:54:33'),(524,'Le crdit d\'impt sur les intrts d\'emprunt n\'a pas totalement disparu !','Les logements acquis en l\'tat futur d\'achvement (VEFA) avant le 1er janvier 2011 demeurent ligibles au crdit d\'impt sur les intrts d\'emprunt.','fr','2011-03-24 10:06:00','2011-03-29 11:55:10'),(525,'Investissement locatif : le dispositif Girardin ractualis !','L\'administration fiscale vient de ractualiser les plafonds d\'investissements ainsi que les plafonds de loyers et de ressources du locataire pour les investissements ligibles au dispositif Girardin.','fr','2011-03-29 11:42:00','2011-04-01 16:15:18'),(526,'Quel sera le montant de votre impt en 2011 ?','Le gouvernement vient de lancer la campagne dclarative des revenus perus en 2010 et met  la disposition des contribuables un simulateur pour raliser une estimation de leur impt.','fr','2011-03-31 14:00:00','2011-04-08 11:12:00'),(527,'Contrat d\'assurance-vie apport en garantie d\'un crdit','La restriction  la facult de rachat d\'un contrat d\'assurance-vie est sans incidence sur son caractre imposable  l\'ISF.','fr','2011-04-05 11:21:00','2011-04-29 14:51:19'),(528,'Recouvrement de l\'impt : frais de poursuite','Les frais mis  la charge d\'une entreprise, en cas de poursuites pour non-paiement de l\'impt, viennent d\'tre unifis.','fr','2011-04-06 14:00:00','2011-04-08 14:39:09'),(529,'Une possibilit de rduire l\'impt sur les dividendes','L\'imposition du bnficiaire de dividendes peut tre attnue grce au systme du quotient.','fr','2011-04-08 10:00:00','2011-04-08 14:41:26'),(530,'Les nouveaux plafonds des investissements locatifs','L\'administration fiscale vient de ractualiser les plafonds d\'investissements ainsi que les plafonds de loyers et de ressources du locataire pour les investissements locatifs.','fr','2011-04-07 12:00:00','2011-04-07 13:41:55'),(531,'Les nouveaux plafonds de l\'investissement Scellier','Les nouveaux plafonds de loyers conditionnant la rduction d\'impt Scellier pour les logements acquis  compter du 1er janvier 2011 ont t publis.','fr','2011-04-08 11:59:00','2011-04-08 12:04:51'),(532,'Quelles perspectives pour le patrimoine des Franais ?','Le BIPE, socit d\'tudes conomiques et de conseil en stratgie, a prsent ses prvisions sur les comportements financiers des Franais en 2011 et 2012.','fr','2011-04-12 14:00:00','2011-05-24 13:17:27'),(533,'Lutte contre la fraude fiscale au sein de l\'Union europenne','Des mesures facilitant les changes d\'informations en matire fiscale entre les tats membres viennent d\'tre adoptes au niveau communautaire.','fr','2011-04-15 10:00:00','2011-04-15 14:42:49'),(534,'Ractualisation des barmes des frais kilomtriques 2010','Les barmes kilomtriques pour les frais engags en 2010 viennent d\'tre rvalus.','fr','2011-04-15 13:11:00','2011-04-19 11:48:28'),(535,'Restitution de droits de succession en cas de survaluation d\'un bien immobilier','La vente d\'un bien immobilier pour un prix infrieur  l\'estimation faite dans la dclaration de succession peut ouvrir droit  une restitution des droits pays en trop.','fr','2011-04-19 12:00:00','2011-04-29 14:54:20'),(536,'Dpt des dclarations fiscales des entreprises : n\'oubliez pas la date limite du 3 mai 2011 !','Les entreprises doivent souscrire la plupart de leurs dclarations fiscales pour le 3 mai au plus tard.','fr','2011-04-22 10:00:00','2011-04-22 11:20:50'),(537,'Les taux de la rduction d\'impt Scellier pour 2012 dj annoncs !','Une instruction fiscale fait le point sur les diffrents amnagements apports au dispositif Scellier par la loi de finances pour 2011 et prcise les taux applicables pour 2012.','fr','2011-04-28 09:08:00','2011-05-06 14:38:43'),(538,'Soutenir la cration d\'entreprise peut vous permettre de rduire votre ISF !','Un dcret dresse la liste des associations de financement et d\'accompagnement de la cration et de la reprise d\'entreprises suceptibles d\'ouvrir droit  une rduction d\'ISF en cas de don  leur profit.','fr','2011-05-03 09:44:00','2011-05-03 12:23:01'),(539,'Exonration d\'ISF des dirigeants de socits','Pour tre exonr d\'impt sur la fortune (ISF) sur la valeur des actions ou des parts de la socit qu\'il dirige, un contribuable doit intervenir activement dans la gestion de la socit.','fr','2011-05-05 12:00:00','2011-05-05 19:18:33'),(540,'Investir pour rduire son ISF','Le bnfice de la rduction d\'impt sur la fortune pour souscription au capital d\'une PME est subordonn  une condition d\'effectif salari de la socit concerne.','fr','2011-05-11 10:00:00','2011-05-13 13:58:59'),(541,'La liste 2011 des tats et territoires non coopratifs est connue !','La liste des tats et territoires non coopratifs (ETNC) ayant une incidence sur la fiscalit applicable  certains flux vient de faire l\'objet de sa mise  jour annuelle pour 2011.','fr','2011-05-12 12:00:00','2011-05-12 12:00:02'),(542,'Rforme de la fiscalit du patrimoine : les incidences sur votre patrimoine personnel','Le projet de loi de finances rectificative vise principalement  l\'allgement de l\'ISF,  la suppression du bouclier fiscal et au durcissement des droits de mutation  titre gratuit.','fr','2011-05-13 09:04:00','2011-05-24 13:17:46'),(543,'Rforme de la fiscalit du patrimoine : l\'assouplissement du pacte Dutreil','Le projet de loi prsent au conseil des ministres et visant  rformer la fiscalit du patrimoine prvoit l\'assouplissement du pacte Dutreil.','fr','2011-05-17 12:14:00','2011-05-17 14:35:11'),(544,'Le nouveau plafond de versement  certaines uvres vient d\'tre publi','Le seuil des versements ouvrant droit  une rduction d\'impt au titre des dons aux uvres verss par les particuliers vient d\'tre ractualis.','fr','2011-05-20 09:35:00','2011-05-20 10:21:45'),(545,'La date limite de dclaration et de paiement de l\'ISF reporte','Comme l\'avait indiqu le gouvernement lors du conseil des ministres du 11 mai dernier, la date limite de dclaration et de paiement de l\'ISF est reporte au 30 septembre 2011.','fr','2011-05-23 09:12:00','2011-06-22 10:53:40'),(546,'Donnes bancaires du contribuable : un accs facilit pour l\'administration fiscale','L\'administration fiscale peut dsormais accder plus facilement  certaines donnes bancaires relatives au contribuable.','fr','2011-05-24 14:00:00','2011-06-22 10:55:13'),(547,'Rforme de la fiscalit du patrimoine : les amnagements concernant les biens professionnels','Le rgime des biens professionnels devrait tre amnag par la loi portant rforme de la fiscalit du patrimoine.','fr','2011-05-26 09:28:00','2011-05-26 16:52:08'),(548,'Un bien immobilier reu par donation peut-il bnficier du dispositif Scellier ?','Un local commercial reu  titre gratuit puis transform en logement ne peut pas ouvrir droit au dispositif Scellier.','fr','2011-05-31 09:18:00','2011-06-01 16:36:01'),(549,'Rentes et indemnits perues en rparation de dommages corporels au regard de l\'ISF','Le conjoint survivant peut dsormais porter au passif de sa dclaration d\'ISF une fraction de la valeur capitalise des rentes ou indemnits perues par le dfunt.','fr','2011-06-07 12:08:00','2011-06-10 11:58:26'),(550,'Un Diagnostic mitig pour le secteur de la sant','Le secteur de la sant n\'a pas particulirement brill en Bourse en 2010, pnalis par la pitre performance de son  poids lourd , Sanofi-Aventis, deuxime capitalisation du CAC 40, dont le titre a recul de 13% l\'anne dernire.','fr','2011-06-10 14:48:00','2011-06-16 10:03:32'),(551,'Les impts supplmentaires et les pnalits fiscales influent-ils sur le calcul du bouclier fiscal ?','Les impositions supplmentaires et les pnalits rsultant d\'un redressement fiscal ne sont pas  retenir pour la dtermination du droit  restitution au titre du bouclier fiscal.','fr','2011-06-16 09:25:00','2011-06-16 10:06:05'),(552,'Redressement fiscal : soyez vigilant sur l\'adresse d\'envoi de votre rponse !','S\'il n\'envoie pas ses observations en rponse  une proposition de rectification fiscale  la bonne adresse, un contribuable est cens avoir accept les redressements fiscaux.','fr','2011-06-21 14:00:00','2011-08-02 16:51:31'),(553,'Imposition spare des poux et contrle fiscal','Les poux spars de biens et ne vivant pas sous le mme toit doivent tre imposs sparment.','fr','2011-07-06 09:26:00','2011-07-08 11:18:42'),(554,'Contrle fiscal : l\'administration fiscale peut demander vos relevs de comptes !','Dans le cadre d\'un contrle fiscal, l\'administration fiscale peut demander au contribuable de produire les relevs de ses comptes courants d\'associs.','fr','2011-07-07 14:00:00','2011-07-13 14:34:17'),(555,'Dons dductibles de l\'ISF : le rsultat par rgion publi','Le bilan des dons effectus par les redevables de l\'ISF 2010 vient d\'tre rendu public.','fr','2011-07-07 17:44:00','2011-08-02 16:50:00'),(556,'Comment sera impos le remboursement des rachats de vos cotisations retraite ?','Le remboursement des rachats de trimestres est un revenu imposable  l\'impt sur le revenu au titre de l\'anne de sa perception.','fr','2011-07-12 14:00:00','2011-07-12 17:36:53'),(557,'Lutte contre la fraude fiscale: bilan 2010','Le Gouvernement a prsent le bilan 2010 de son action de lutte contre les fraudes, notamment en matire fiscale.','fr','2011-08-09 14:00:00','2011-08-09 15:29:08'),(558,'Contrle fiscal et documents dposs au greffe','L\'administration fiscale peut fonder un redressement  partir notamment de documents dposs au greffe sans informer le contribuable de l\'origine et de la teneur de ces informations.','fr','2011-08-11 14:00:00','2011-08-11 14:00:03'),(559,'La rforme de la fiscalit du patrimoine enfin adopte !','Aprs de longs dbats, les parlementaires ont enfin adopt le projet de rforme de la fiscalit du patrimoine.','fr','2011-08-01 11:07:00','2011-08-19 14:00:51'),(560,'Abattement successoral : l\'administration fiscale durcit le ton','Les petits-enfants qui succdent  leurs grands-parents aprs renonciation de leur pre ou de leur mre, enfant unique, ne bnficient plus dsormais de l\'abattement fiscal applicable  leur parent.','fr','2011-08-04 10:49:00','2011-08-09 10:24:17'),(561,'BTP-matriaux : la construction  nouveau sur la bonne voie','Les socits du secteur de la construction et du BTP veulent s\'appuyer sur leurs bons rsultats pour sduire les investisseurs malgr les mauvais chiffres macroconomiques outre-atlantique et la raction virulante des marchs financiers.','fr','2011-08-10 14:00:00','2011-08-10 14:00:01'),(562,'Rforme de la fiscalit du patrimoine : l\'assurance-vie mise  contribution','La rforme de la fiscalit du patrimoine a alourdi la taxation des contrats d\'assurance-vie suprieurs  902838  et modifi les rgles rgissant les clauses bnficiaires ayant fait l\'objet d\'un dmembrement de proprit.','fr','2011-08-19 13:00:00','2011-09-05 10:11:43'),(563,'SCI : et si vous optiez  l\'impt sur les socits ?','La condition de dlai pour l\'exercice de l\'option  l\'impt sur les socits des socits civiles immobilires vient d\'tre simplifie.','fr','2011-08-25 14:00:00','2011-08-26 13:55:58'),(564,'Plan d\'austrit du gouvernement : quelles consquences sur votre patrimoine ?','Le gouvernement prvoit notamment une hausse de 1,2 point des prlvements sociaux sur les revenus du patrimoine et la suppression de l\'abattement sur les plus-values immobilires hors rsidence principale.','fr','2011-08-31 14:06:00','2011-09-02 11:25:31'),(565,'ISF :  vos dclarations !','Les redevables de l\'impt de solidarit sur la fortune (ISF) ont jusqu\'au 30 septembre 2011 pour adresser leur dclaration au service des impts.','fr','2011-09-05 09:57:00','2011-09-09 12:12:09'),(566,'Assurance-vie dmembre : comment se partager l\'abattement fiscal ?','En prsence de plusieurs nus-propritaires bnficiaires d\'un contrat d\'assurance-vie, chacun d\'entre eux partage un abattement de 152500  avec l\'usufruitier en fonction de leurs droits respectifs.','fr','2012-04-04 14:01:00','2012-04-06 12:00:20'),(567,'Dduire les intrts d\'un emprunt rengoci de vos revenus fonciers','Les intrts d\'un emprunt rengoci sont dductibles des revenus fonciers ds lors que le nouvel emprunt est immdiatement et intgralement utilis pour rembourser le premier.','fr','2012-04-12 12:28:00','2012-04-13 12:32:29'),(568,'La rduction d\'impt pour mcnat est largie !','La rduction d\'impt pour mcnat est tendue aux dons effectus par les entreprises au profit d\'organismes agrs dont l\'objet exclusif est de verser des aides financires aux PME.','fr','2012-04-03 14:00:00','2012-04-06 11:52:52'),(569,'Quelles obligations dclaratives pour les contribuables soumis  l\'exit tax?','Les contribuables soumis  l\'exit tax ont l\'obligation de joindre  leur dclaration de revenus un formulaire comportant un certain nombre de renseignements.','fr','2012-04-17 13:59:00','2012-04-20 14:21:52'),(570,'Le nouveau mcanisme de plafonnement de la taxe foncire sur les proprits bties','Un plafonnement de la taxe foncire sur les proprits bties, tabli en fonction des revenus du contribuable, est mis en place  compter des revenus de 2011 imposs en 2012.','fr','2012-04-19 12:24:00','2012-04-20 14:19:06'),(571,'Rforme de la fiscalit du patrimoine','Les changements apports','fr','2011-09-22 15:39:00','2011-09-22 15:45:03'),(572,'Rforme de la fiscalit du patrimoine','Les changements apports','fr','2011-09-22 15:39:00','2011-09-22 15:45:03'),(573,'Plan d\'pargne logement','Mon plan d\'pargne logement (PEL) est arriv  terme, mais je n\'ai aucun projet immobilier en vue. C\'est pourquoi je souhaiterais faire bnficier  mon petit-fils des droits  prt issus de ce PEL. Suis-je tenu de lui verser les sommes places sur mon PEL ?','fr','2011-09-20 13:44:00','2011-09-26 10:12:05'),(574,'Exonration de TVA relative aux livraisons intracommunautaires','J\'ai procd au profit d\'une socit espagnole  des ventes de matriel auxquelles j\'ai appliqu l\'exonration de TVA relative aux livraisons intracommunautaires. Mais l\'administration fiscale a remis en cause cette exonration au motif que ces ventes participaient  une fraude  la TVA, mon client n\'ayant pas d\'activit en rapport avec le matriel livr. Selon elle, j\'aurais pu connatre l\'existence de cette fraude en vrifiant le numro d\'identification  la TVA de mon client, lequel n\'tait pas valide. L\'administration peut-elle me redresser pour ce seul dfaut de vrification ?','fr','2011-09-22 14:46:00','2011-09-26 10:01:42'),(575,'Dductibilit du rsultat des dpenses de cadeaux d\'affaires','J\'ai offert un week-end touristique  l\'un de mes meilleurs clients. Puis-je dduire cette dpense de mon rsultat imposable ?','fr','2011-09-22 14:50:00','2011-09-26 09:58:59'),(576,'Gare aux notifications par lettre recommande avec accus de rception !','Lorsque le locataire ne retire pas la lettre recommande avec accus de rception envoye par son propritaire pour mettre fin au bail, le cong est irrgulier.','fr','2011-09-14 14:00:00','2011-09-16 11:48:14'),(577,'Le diagnostic de performance nergtique subit un nouveau lifting !','Le ministre de l\'cologie et du Dveloppement durable a annonc un certain nombre de mesures destines  amliorer et fiabiliser le diagnostic de performance nergtique (DPE).','fr','2011-09-19 11:41:00','2011-09-23 15:34:04'),(578,'Comment calculer une plus-value immobilire ?','La vente d\'un bien immobilier obit  des rgles d\'imposition particulires qui ont, par ailleurs, t remodeles par le plan d\'austrit du gouvernement.','fr','2011-09-30 11:45:00','2011-10-03 11:27:48'),(579,'Dcs d\'un locataire : comment rcuprer le logement ?','La procdure permettant  un bailleur de rcuprer son logement aprs le dcs du locataire a t amliore.','fr','2011-10-18 10:41:00','2011-10-21 12:27:58'),(580,'Un poux a-t-il pouvoir sur le compte de son conjoint?','Lorsqu\'un poux dtient un compte en son seul nom propre, la banque n\'est tenue d\'excuter que ses ordres et non ceux de son conjoint.','fr','2011-10-21 12:00:00','2011-11-14 14:35:25'),(581,'Sur qui pse le rglement des frais de diagnostics immobiliers ?','Les frais de diagnostics techniques immobiliers doivent tre supports par le vendeur, les parties pouvant toutefois convenir de les mettre  la charge de l\'acqureur.','fr','2011-10-25 09:32:00','2011-10-25 10:10:37'),(582,'Projet de loi de finances pour 2012 : les amendements adopts','Dcouvrez les nouvelles mesures votes par les dputs lors de l\'examen de la premire partie de la loi de finances pour 2012.','fr','2011-11-03 14:00:00','2011-12-15 11:29:17'),(583,'Quels pouvoirs pour le grant d\'une SCI ?','Le grant d\'une socit civile immobilire n\'a pas le pouvoir de vendre un immeuble dtenu par la socit si un tel acte ne figure pas dans l\'objet social.','fr','2011-11-15 11:43:00','2011-11-18 14:28:34'),(584,'Entre en piste de l\'indice des loyers des activits tertiaires','L\'indice des loyers des activits tertiaires peut dsormais tre utilis pour la rvision du loyer d\'un bail professionnel ou  usage de bureaux.','fr','2012-01-17 12:16:00','2012-01-17 16:49:12'),(585,'L\'administration vous aide  valuer votre bien immobilier !','Certains contribuables peuvent obtenir de l\'administration fiscale des informations relatives aux transactions immobilires afin d\'valuer plus justement leur bien.','fr','2012-01-23 10:25:00','2012-01-27 14:35:25'),(586,'Bailleurs : attention  ne pas fixer un loyer trop lev !','Le seuil d\'application de la taxe sur les loyers levs des micro-logements vient d\'tre prcis.','fr','2012-02-01 12:00:00','2012-02-15 10:24:38'),(587,'Dispositif \"Scellier\" : du changement pour la zone C !','La liste des communes de la zone C ligibles au dispositif \"Scellier\" a t largie alors que le plafond de loyer de cette zone a, quant  lui, t revaloris.','fr','2012-02-09 12:21:00','2012-02-10 14:50:12'),(588,'valuation des biens dans le cadre d\'une succession','Un terrain devenu inconstructible peut tre tax aux droits de succession pour sa valeur en tant que terrain constructible!','fr','2012-02-14 09:38:00','2012-02-17 15:13:08'),(589,'Donner en location un logement  l\'un de vos enfants peut tre dangereux !','Des parents donnant en location un de leurs logements  leurs enfants  un loyer anormalement bas doivent dclarer au titre des revenus fonciers un loyer correspondant  la valeur relle du march.','fr','2012-02-16 10:30:00','2012-02-16 12:22:21'),(590,'Louez une partie de votre rsidence principale sans tre impos : c\'est possible !','Les loyers perus au titre de la location meuble d\'une partie de votre rsidence principale peuvent tre, sous certaines conditions, exonrs d\'impt sur le revenu.','fr','2012-02-29 14:00:00','2012-03-02 12:47:38'),(591,'Les plafonds de loyers des investissements immobiliers locatifs publis !','Les nouveaux plafonds de loyers conditionnant l\'application des dispositifs d\'investissements locatifs pour les baux conclus ou renouvels  compter du 1er janvier 2012 ont t publis.','fr','2012-03-07 14:00:00','2012-03-09 11:02:44'),(592,'Dispositif  Scellier  : le plafonnement supplmentaire enfin publi !','Un dcret fixe les plafonds par mtre carr de surface habitable applicables pour le calcul de la rduction d\'impt Scellier.','fr','2012-03-14 10:13:00','2012-03-16 14:07:03'),(593,'La remise en mains propres gagne ses lettres de noblesse !','On peut dsormais remettre une lettre en mains propres contre margement lorsque la loi impose l\'envoi d\'un recommand.','fr','2012-03-14 14:12:00','2012-03-17 10:26:17'),(594,'Dpt de garantie : le bailleur doit justifier les sommes dduites','Le bailleur doit justifier les sommes qu\'il dduit du dpt de garantie devant tre restitu au locataire.','fr','2012-03-16 10:56:00','2012-03-16 14:01:55'),(595,'Rsiliation d\'un bail d\'habitation en justice: il faut prvenir le prfet','Le propritaire doit informer le prfet lorsqu\'il engage une procdure judiciaire de rsiliation d\'un bail d\'habitation.','fr','2012-03-26 14:00:00','2012-03-28 14:41:10'),(596,'Transaction immobilire : attention au prix drisoire !','La vente d\'un bien immobilier conclue  un prix drisoire doit tre annule.','fr','2011-06-28 09:15:00','2011-06-28 12:00:02'),(597,'Comment reprendre un logement abandonn par son locataire ?','En cas d\'abandon du logement par le locataire, le bailleur dispose dsormais d\'une procdure lui permettant de rsilier le bail.','fr','2011-09-07 12:35:00','2011-09-09 12:03:43'),(598,'Dduire les intrts d\'un emprunt rengoci de vos revenus fonciers','Les intrts d\'un emprunt rengoci sont dductibles des revenus fonciers ds lors que le nouvel emprunt est immdiatement et intgralement utilis pour rembourser le premier.','fr','2012-04-12 12:28:00','2012-04-13 12:32:29'),(599,'Le nouveau mcanisme de plafonnement de la taxe foncire sur les proprits bties','Un plafonnement de la taxe foncire sur les proprits bties, tabli en fonction des revenus du contribuable, est mis en place  compter des revenus de 2011 imposs en 2012.','fr','2012-04-19 12:24:00','2012-04-20 14:19:06'),(600,'Bail d\'habitation et garantie des loyers impays','Je viens d\'acqurir un studio que j\'ai l\'intention de louer. Mais pour viter d\'avoir  subir des loyers impays, je souhaite cumuler mon assurance loyers impays avec un cautionnement. Mais l\'un de mes amis m\'a averti qu\'il n\'tait plus possible de cumuler ces deux dispositifs.Est-ce vrai ?','fr','2011-09-22 14:55:00','2011-09-26 10:00:24'),(601,'Le dispositif de rduction d\'ISF pour investissement dans une PME assoupli !','La socit, au sein de laquelle le redevable de l\'ISF investit pour rduire son impt, dispose de plus de temps pour employer des salaris.','fr','2011-09-16 10:00:00','2011-09-16 12:14:18'),(602,'La hausse du taux du livret A bloque par le ministre de l\'conomie','Le ministre de l\'conomie invoque des  circonstances exceptionnelles  pour maintenir le taux de rmunration du livret A  2,25 %.','fr','2012-01-30 13:53:00','2012-01-31 13:46:08'),(603,'Secteur de l\'aronautique : les avionneurs survolent la crise','Portes par des carnets de commandes records, les principales socits du secteur de l\'aronautique ont ralis des performances boursires remarques.','fr','2012-03-20 09:51:00','2012-03-20 09:52:42'),(604,'Le livret A suit le rythme de l\'inflation','La rmunration du livret A est revalorise  compter du 1er aot 2011.','fr','2011-07-26 14:00:00','2011-08-19 14:02:35'),(605,'Rforme de la fiscalit du patrimoine : l\'assurance-vie mise  contribution','La rforme de la fiscalit du patrimoine a alourdi la taxation des contrats d\'assurance-vie suprieurs  902838  et modifi les rgles rgissant les clauses bnficiaires ayant fait l\'objet d\'un dmembrement de proprit.','fr','2011-08-19 13:00:00','2011-09-05 10:11:43'),(606,'La rduction d\'impt pour mcnat est largie !','La rduction d\'impt pour mcnat est tendue aux dons effectus par les entreprises au profit d\'organismes agrs dont l\'objet exclusif est de verser des aides financires aux PME.','fr','2012-04-03 14:00:00','2012-04-06 11:52:52'),(607,'La rue vers les placements or','Comment profiter de l\'envole du cours du mtal jaune ?','fr','2011-09-22 15:21:45','2011-09-22 15:22:43'),(608,'Le contrat de capitalisation','Comment valoriser votre pargne sans pour autant augmenter votre patrimoine taxable  l\'ISF','fr','2011-09-22 15:29:00','2011-09-22 15:31:39'),(609,'La rue vers les placements or','Comment profiter de l\'envole du cours du mtal jaune ?','fr','2011-09-22 15:21:45','2011-09-22 15:22:43'),(610,'Le contrat de capitalisation','Comment valoriser votre pargne sans pour autant augmenter votre patrimoine taxable  l\'ISF','fr','2011-09-22 15:29:00','2011-09-22 15:31:39'),(611,'La liste 2012 des tats et territoires non coopratifs est connue !','La liste des tats et territoires non coopratifs (ETNC) vient de faire l\'objet de sa mise  jour annuelle pour 2012.','fr','2012-04-23 12:00:00','2012-04-27 09:47:50'),(612,'Dpt des dclarations fiscales des entreprises : n\'oubliez pas la date limite du 3 mai 2012 !','Les entreprises doivent souscrire la plupart de leurs dclarations fiscales pour le 3 mai 2012 au plus tard.','fr','2012-04-26 10:00:00','2012-04-26 12:37:48'),(613,'La nouvelle saison de dclaration des revenus a commenc !','Les dates limites pour faire parvenir  l\'administration fiscale sa dclaration d\'impt sur les revenus de 2011 ont t publies.','fr','2012-04-25 12:27:00','2012-04-27 09:43:53'),(614,'Acquisition immobilire : peut-on revenir sur sa rtractation ?','Une personne se portant acqureur d\'un bien immobilier et qui se rtracte ne peut pas revenir sur sa dcision.','fr','2012-05-03 12:26:00','2012-05-05 15:56:51'),(615,'Quelles sont les conditions pour qu\'un hritier soit considr comme indigne ?','Les juges peuvent prononcer la sanction d\'indignit successorale contre un hritier qui a commis certains actes rprhensibles  l\'encontre du dfunt.','fr','2012-05-21 13:48:00','2012-05-21 14:00:02'),(616,'TVA  7 % sur les travaux et attestation du client','Le taux rduit de TVA de 7 % peut s\'appliquer ds le 1er acompte relatif  des travaux mme en l\'absence d\'une attestation du client.','fr','2012-05-07 14:00:00','2012-05-10 15:39:50'),(617,'Dclaration d\'impt de solidarit sur la fortune : la campagne 2012 a dbut !','L\'administration fiscale a publi les dates limites relatives  la dclaration d\'impt de solidarit sur la fortune 2012.','fr','2012-05-09 12:00:00','2012-05-10 15:38:29'),(618,'Propritaires-bailleurs : pensez  rgulariser vos charges locatives rapidement','Le comportement du bailleur, qui attend prs de 5 ans pour demander la rgularisation des charges locatives  son locataire, peut tre considr comme fautif.','fr','2012-05-16 11:48:00','2012-05-16 15:59:49'),(619,'Quelle date d\'application pour le nouveau plafonnement Scellier ?','Une instruction fiscale est venue apporter des prcisions sur l\'application, pour le dispositif Scellier, du nouveau plafond de prix de revient par mtre carr de surface habitable.','fr','2012-05-25 09:00:00','2012-05-25 14:28:25'),(620,'Quelle date d\'application pour le nouveau plafonnement Scellier ?','Une instruction fiscale est venue apporter des prcisions sur l\'application, pour le dispositif Scellier, du nouveau plafond de prix de revient par mtre carr de surface habitable.','fr','2012-05-25 09:00:00','2012-05-25 14:28:25'),(621,'TVA sur les travaux : du nouveau pour les amnagements intrieurs et extrieurs','Les conditions d\'ligibilit au taux rduit de TVA de 7 % des travaux de construction de mezzanines, de terrasses et de vrandas sont modifies.','fr','2012-05-24 10:00:00','2012-05-25 14:27:21'),(622,'Doit-on rapporter  la succession un chque remis  un enfant lors des ftes de fin d\'anne ?','La distinction entre le prsent d\'usage, qui n\'est pas impos et n\'a pas  tre rapport  la succession du donateur, et le don manuel est tablie par les juges au cas par cas.','fr','2012-06-20 10:47:00','2012-06-20 13:48:11'),(623,'Dnouement d\'une assurance-vie en cas de licenciement','Le souscripteur ayant dnou son contrat d\'assurance-vie aprs la fin de l\'anne qui suit celle du licenciement ne peut pas bnficier d\'une exonration d\'impt sur le revenu sur les produits raliss.','fr','2012-06-07 09:55:00','2012-06-08 14:09:11'),(624,'Une pension alimentaire verse  un frre ou  une soeur est-elle dductible ?','Une pension alimentaire verse par un contribuable  ses frres et surs ne peut tre dduite de son revenu global.','fr','2012-06-12 14:00:00','2012-06-22 15:54:02'),(625,'Quelle fiscalit pour les ventes de terrains nus constructibles ?','L\'administration fiscale apporte des prcisions sur l\'application du rgime des plus-values aux ventes de terrains nus constructibles.','fr','2012-06-14 10:24:00','2012-06-27 17:43:39'),(626,'Doit-on rapporter  la succession un chque remis  un enfant lors des ftes de fin d\'anne ?','La distinction entre le prsent d\'usage, qui n\'est pas impos et n\'a pas  tre rapport  la succession du donateur, et le don manuel est tablie par les juges au cas par cas.','fr','2012-06-20 10:47:00','2012-06-20 13:48:11'),(627,'ISF : les formalits ncessaires  l\'exonration partielle des bois et forts','Le contribuable qui bnficie de l\'exonration partielle des bois et forts au titre de l\'ISF doit apporter  l\'administration fiscale, conjointement au renouvellement du certificat de gestion durable, un bilan de mise en uvre du document de gestion durable.','fr','2012-06-26 10:51:00','2012-06-29 14:59:26'),(628,'Succession : le sort des retraits d\'espces raliss un an avant le dcs','Les retraits d\'espces importants effectus par une personne un an avant son dcs doivent tre justifis sous peine d\'tre rintgres  l\'actif successoral par l\'administration fiscale.','fr','2012-06-28 13:44:00','2012-06-28 16:02:13'),(629,'Plus-values immobilires : faut-il tenir compte des changements intervenus aprs l\'acquisition du bien ?','Les circonstances postrieures  l\'acquisition d\'un bien immobilier n\'ont pas d\'incidence sur le prix d\'acquisition  retenir pour le calcul de la plus-value ralise lors de la revente de tout ou partie de ce bien.','fr','2012-07-04 11:51:00','2012-07-09 09:52:16'),(630,'Collectif budgtaire : les mesures qui impactent le patrimoine des particuliers','Le collectif budgtaire prvoit l\'instauration d\'une contribution exceptionnelle sur la fortune et une augmentation des droits de donation et de succession.','fr','2012-07-06 12:00:00','2012-07-06 15:02:33'),(631,'Augmentation des prlvements sociaux depuis le 1er juillet !','L\'augmentation du taux global d\'imposition des prlvements sociaux de 13,5  15,5 % sur les produits de placement est entre en vigueur le 1er juillet dernier.','fr','2012-07-09 10:00:00','2012-07-13 11:38:34'),(632,'Biens immobiliers lous et impt de solidarit sur la fortune','Une rponse ministrielle confirme que les logements lous non meubls sont assujettis  l\'impt de solidarit sur la fortune.','fr','2012-07-11 11:39:00','2012-07-11 12:06:41'),(633,'ISF : les consquences d\'un prjudice esthtique sur l\'valuation d\'un bien','Le simple constat d\'un prjudice esthtique n\'est pas suffisant pour minorer la valeur d\'un bien immobilier dans le cadre de l\'impt de solidarit sur la fortune.','fr','2012-07-13 11:39:00','2012-07-13 14:20:56'),(634,'Bail de locaux  usage professionnel et option pour la TVA','Je suis en train de constituer une socit dont l\'activit consistera  louer des locaux nus  usage professionnel. Je souhaiterais que les loyers de ces locations soient soumis  la TVA. Ma socit peut-elle exercer cette option directement au sein de la dclaration d\'existence qu\'elle est tenue de souscrire auprs du Centre de formalits des entreprises lors de sa constitution?','fr','2012-07-13 10:30:00','2012-07-13 10:31:39'),(635,'Rduction d\'ISF: dons au CHU','J\'ai ralis un don d\'un montant de 7 000  au profit d\'un centre hospitalier universitaire (CHU) et je souhaiterais savoir s\'il est possible d\'imputer cette somme de mon impt de solidarit sur la fortune (ISF)?','fr','2012-07-13 10:34:13','2012-07-16 17:00:41'),(636,'La mauvaise foi d\'un contribuable lors d\'un contrle fiscal','Un contribuable qui fait preuve de mauvaise foi lors d\'un contrle fiscal postrieur  sa dclaration de revenus ne peut pas tre sanctionn au titre de cette dclaration.','fr','2012-07-17 13:40:00','2012-07-18 18:18:27'),(637,'Barme de l\'impt sur les revenus 2011 pour une part','Les limites des tranches du barme de l\'impt sur les revenus restent fixes pour les revenus de l\'anne 2011 aux mmes montants que ceux applicables pour les revenus de 2010.','fr','2009-01-13 00:00:00','2012-01-10 14:35:16'),(638,'Plus-values immobilires des particuliers','La plus-value ralise lors de la vente d\'un bien immobilier est, en principe, fiscalement impose.','fr','2008-05-05 00:00:00','2012-07-01 01:00:03'),(639,'Prlvements libratoires','Certains revenus financiers ne sont pas soumis au barme de l\'impt sur le revenu mais  un taux forfaitaire d\'imposition.','fr','2008-05-05 00:00:00','2012-07-01 01:00:02'),(640,'Barme de l\'I.S.F. au 01/01/2012','Seuls les contribuables dtenant un patrimoine dont la valeur nette taxable est suprieure  1 300 000  sont redevables de l\'ISF.','fr','2010-01-15 00:00:00','2012-01-26 10:59:30'),(641,'Intrts des comptes courants d\'associs','Les intrts des sommes mises en compte courant par un associ sont dductibles dans la limite de la moyenne annuelle des taux effectifs moyens pratiqus par les tablissements de crdit pour des prts  taux variable aux entreprises d\'une dure initiale suprieure  deux ans.','fr','2010-04-01 00:00:00','2012-06-29 14:53:00'),(642,'Tarif des droits de donation et de succession','Les tranches des barmes et les abattements applicables aux droits de mutation  titre gratuit applicables en 2012 sont identiques  ceux de 2011.','fr','2010-01-15 00:00:00','2012-01-10 18:31:24'),(643,'Formalits pralables  la fermeture estivale de l\'entreprise','L\'activit de mon entreprise tant quasiment inexistante au mois d\'aot, j\'ai dcid de fermer l\'entreprise pendant les trois premires semaines de ce mois. Pourriez-vous m\'indiquer la marche  suivre  l\'gard des salaris?','fr','2012-07-17 16:28:50','2012-07-18 12:12:36'),(644,'Demande de cong parental d\'ducation','L\'une de mes salaries, qui devait reprendre le travail la semaine prochaine aprs son cong de maternit, vient de m\'informer qu\'elle souhaitait bnficier d\'un cong parental d\'ducation  l\'issue de ce cong de maternit. Sa demande ayant t formule tardivement, puis-je m\'y opposer?','fr','2012-07-18 11:25:22','2012-07-18 12:22:18'),(645,'Secteur du tourisme : un habitu des zones de turbulences','Le secteur du tourisme a vcu une anne agite, pnalis notamment par de nombreux vnements climatiques et gopolitiques importants.','fr','2012-05-23 11:34:00','2012-07-18 11:00:49'),(646,'Tlcommunication : un secteur en pleine rvolution','Fragilises par de nombreux changements conomiques et technologiques, les principales socits du secteur de la tlcommunication ont t contraintes de revoir leurs stratgies.','fr','2012-07-18 11:41:00','2012-07-27 11:06:20'),(647,'Bail de locaux  usage professionnel et option pour la TVA','Je suis en train de constituer une socit dont l\'activit consistera  louer des locaux nus  usage professionnel. Je souhaiterais que les loyers de ces locations soient soumis  la TVA. Ma socit peut-elle exercer cette option directement au sein de la dclaration d\'existence qu\'elle est tenue de souscrire auprs du Centre de formalits des entreprises lors de sa constitution?','fr','2012-07-18 11:27:26','2012-07-18 12:14:14'),(648,'Secteur du tourisme : un habitu des zones de turbulences','Le secteur du tourisme a vcu une anne agite, pnalis notamment par de nombreux vnements climatiques et gopolitiques importants.','fr','2012-05-23 11:34:00','2012-07-18 11:00:49'),(649,'Tlcommunication : un secteur en pleine rvolution','Fragilises par de nombreux changements conomiques et technologiques, les principales socits du secteur de la tlcommunication ont t contraintes de revoir leurs stratgies.','fr','2012-07-18 11:41:00','2012-07-27 11:06:20'),(650,'Loyer du bail commercial et extension de l\'activit','J\'ai averti le bailleur du local lou  ma socit que celle-ci va adjoindre une activit  celle qu\'elle y exerce dj. Il ne s\'y est pas oppos mais veut augmenter le montant du loyer. En a-t-il le droit?','fr','2012-07-18 09:12:00','2012-07-18 09:12:45'),(651,'Attribution d\'un droit de vote double aux actionnaires de socit anonyme','Nous ouvrons le capital de notre socit anonyme  des nouveaux actionnaires. Afin de prserver le pouvoir dcisionnaire des actionnaires fondateurs au sein de la socit, peut-on attribuer  ces derniers des actions avec un droit de vote suprieur  celui des autres actions?','fr','2012-07-18 10:32:00','2012-07-18 10:32:51'),(652,'Donation d\'une somme d\'argent : les consquences sur une succession !','Le rapport  la succession d\'une somme d\'argent qui a t utilise afin d\'acqurir un bien est d sur la valeur du bien au moment du partage d\'aprs son tat  l\'poque de la donation sans que d\'ventuels travaux viennent influer sur la valeur de celui-ci.','fr','2012-07-18 12:10:00','2012-07-27 11:47:00'),(653,'Indice des loyers des activits tertiaires','L\'indice des loyers des activits tertiaires peut servir de rfrence pour la rvision des loyers des baux professionnels en lieu et place de l\'indice du cot de la construction.\nPlus prcisment, il peut tre utilis pour les baux de locaux  usage de bureaux et de locaux occups pour l\'exercice d\'une activit tertiaire autre que commerciale ou artisanale (baux des professions librales).','fr','2012-01-16 16:57:00','2012-07-06 15:30:52'),(654,'Indice des loyers commerciaux','Institu par la loi de modernisation de l\'conomie du 4 aot 2008, l\'indice des loyers commerciaux (ILC) peut tre utilis en lieu et place de l\'indice du cot de la construction (ICC) pour la rvision du loyer d\'un bail commercial. Compos pour 50 % de l\'indice des prix  la consommation, pour 25 % de l\'indice du cot de la construction et pour 25 % de l\'indice du chiffre d\'affaires du commerce de dtail en valeur, cet indice est cens varier de faon moins forte que l\'ICC.\nAttention, l\'indice des loyers commerciaux concerne uniquement les locataires commerants immatriculs au registre du commerce et des socits (RCS) et artisans inscrits au rpertoire des mtiers. Il ne peut tre utilis pour les activits industrielles (fabriques, usines, ateliers...) et pour les activits exerces dans des immeubles  usage exclusif de bureaux ou dans des plates-formes logistiques (entrepts...).','fr','2009-10-09 11:42:00','2012-07-06 15:21:24'),(655,'Taux de base bancaire','Le taux de base bancaire est dfini  partir des pratiques de la profession bancaire, chaque banque fixant elle-mme librement son taux de base, c\'est--dire le taux minimum, qu\'elle entend retenir pour ses oprations. Il sert de rfrence  la tarification des crdits  court et moyen terme consentis aux entreprises.','fr','2010-01-04 11:00:00','2012-08-01 01:00:04'),(656,'Taux EONIA (ex-Taux du march montaire)','EONIA (pour Euro Overnight Index Average) est le taux au jour le jour du march montaire europen. C\'est un taux moyen pondr par les transactions dclares par un chantillon reprsentatif d\'tablissements de la zone euro.','fr','2009-12-01 00:00:00','2012-07-03 09:09:27'),(657,'Rmunration de l\'pargne rglemente','L\'pargne rglemente consiste en un compte ouvert auprs d\'une banque et pour lequel tous les dpts d\'argent sont rmunrs selon un taux fix par l\'Etat (le terme de livret rglement est utilis dans ce cas).','fr','2009-07-16 00:00:00','2011-07-12 09:36:59'),(658,'Taux d\'intrt lgal','Le taux de l\'intrt lgal, fix pour la dure de l\'anne civile, est gal  la moyenne arithmtique des douze dernires moyennes mensuelles des taux de rendement actuariel des adjudications de bons du Trsor  treize semaines.','fr','2008-02-26 00:00:00','2012-02-08 10:22:10'),(659,'Taux de l\'usure en %','Le taux de l\'usure correspond au taux maximum d\'intrt qu\'un prteur ne peut lgalement dpasser. Ainsi, le taux effectif global d\'un prt doit obligatoirement tre infrieur au taux de l\'usure.','fr','2009-09-28 10:00:00','2012-06-28 21:58:46'),(660,'Taux Effectif Global moyen en %','Le taux effectif global (TEG) correspond au taux d\'intrt annuel, tout frais compris, pay effectivement pour un crdit. Il comprend, outre les intrts proprement dits, les frais, commissions ou rmunrations lis  l\'octroi du crdit.','fr','2009-09-28 11:00:00','2012-06-28 22:05:44'),(661,'Taux de conversion de l\'Euro','Le 1er janvier 1999, l\'euro devenait une monnaie lgale et les monnaies nationales des 11 pays europens ayant adopt l\'euro des subdivisions de l\'euro. Pour chacune de ces monnaies, un taux de conversion fixe est arrt.','fr','2005-03-10 00:00:00','2008-10-27 11:58:10'),(662,'Indices mensuels des prix  la consommation','L\'indice des prix  la consommation est l\'instrument de mesure de l\'inflation. Il permet d\'estimer, entre deux priodes donnes, la variation moyenne des prix des produits consomms par les mnages.','fr','2010-04-13 10:30:00','2012-07-12 09:18:22'),(663,'Indice trimestriel du cot de la construction','L\'indice du cot de la construction, calcul par l\'INSEE, traduit l\'volution des prix dans le secteur immobilier. Il sert de rfrence pour l\'indexation des mensualits de certaines formules de prts et pour la rvision des loyers commerciaux.','fr','2009-10-09 12:00:00','2012-07-06 15:36:06'),(664,'Indice de rfrence des loyers','Le 1er janvier 2006, l\'indice de rfrence des loyers s\'est substitu  la moyenne associe de l\'indice du cot de la construction comme rfrence pour la rvision des loyers en cours de bail dans le parc locatif priv. Modifi par la loi n 2008-111 du 8 fvrier 2008, il correspond aujourd\'hui  la moyenne, sur les douze derniers mois, de l\'indice des prix  la consommation hors tabac et hors loyers.','fr','2009-07-17 10:00:00','2012-07-13 10:15:28'),(665,'Crdit gratuit : prix maximum pour paiement comptant','En cas de paiement comptant d\'un article pour lequel un crdit gratuit est propos, le vendeur est tenu de consentir une rduction de prix dont le montant est calcul selon un barme tabli semestriellement et publi au Journal Officiel.','fr','2010-01-07 00:00:00','2010-07-05 08:32:26'),(666,'Barme de l\'impt sur les revenus 2011 pour une part','Les limites des tranches du barme de l\'impt sur les revenus restent fixes pour les revenus de l\'anne 2011 aux mmes montants que ceux applicables pour les revenus de 2010.','fr','2009-01-13 00:00:00','2012-01-10 14:35:16'),(667,'Plus-values immobilires des particuliers','La plus-value ralise lors de la vente d\'un bien immobilier est, en principe, fiscalement impose.','fr','2008-05-05 00:00:00','2012-07-01 01:00:03'),(668,'Prlvements libratoires','Certains revenus financiers ne sont pas soumis au barme de l\'impt sur le revenu mais  un taux forfaitaire d\'imposition.','fr','2008-05-05 00:00:00','2012-07-01 01:00:02'),(669,'Barme de l\'I.S.F. au 01/01/2012','Seuls les contribuables dtenant un patrimoine dont la valeur nette taxable est suprieure  1 300 000  sont redevables de l\'ISF.','fr','2010-01-15 00:00:00','2012-01-26 10:59:30'),(670,'Intrts des comptes courants d\'associs','Les intrts des sommes mises en compte courant par un associ sont dductibles dans la limite de la moyenne annuelle des taux effectifs moyens pratiqus par les tablissements de crdit pour des prts  taux variable aux entreprises d\'une dure initiale suprieure  deux ans.','fr','2010-04-01 00:00:00','2012-06-29 14:53:00'),(671,'Tarif des droits de donation et de succession','Les tranches des barmes et les abattements applicables aux droits de mutation  titre gratuit applicables en 2012 sont identiques  ceux de 2011.','fr','2010-01-15 00:00:00','2012-01-10 18:31:24'),(672,'SMIC horaire et mensuel','Le SMIC, ou salaire minimum de croissance, augmente chaque anne en fonction de l\'volution de l\'conomie et de la conjoncture, tout comme le minimum garanti, qui sert notamment de rfrence  l\'valuation des avantages en nature consentis aux salaris.','fr','2009-11-25 14:31:00','2012-08-01 01:00:04'),(673,'Plafond de la Scurit sociale en fonction de la priodicit de la paie','Le plafond de la Scurit sociale constitue la limite au-del de laquelle les rmunrations ne sont plus prises en compte pour le calcul de certaines cotisations sociales plafonnes. Ce plafond, dtermin par rapport  la priodicit de la paie, est rvalu chaque anne en fonction de l\'volution du cot de la vie.','fr','2008-11-28 00:00:00','2012-01-03 15:38:37'),(674,'Remboursement forfaitaire des frais de dplacement','Les frais engags par un salari  l\'occasion de dplacements dans le cadre de son travail doivent lui tre rembourss. Ces remboursements sont exonrs de cotisations sociales et d\'impt sur le revenu s\'ils respectent certaines limites d\'exonration tablies chaque anne par l\'administration.','fr','2012-01-03 14:00:00','2012-03-26 10:46:25'),(675,'valuation des avantages en nature','Les avantages en nature, c\'est--dire les prestations fournies gratuitement (ou moyennant une faible participation) par l\'employeur  son salari, doivent s\'ajouter  son salaire pour le calcul des cotisations sociales et de l\'impt sur le revenu. Certains de ces avantages (nourriture, logement, voiture de fonction, nouvelles technologies...) font l\'objet d\'valuations forfaitaires minimales publies chaque anne par l\'administration.','fr','2012-07-02 09:00:00','2012-07-03 10:35:15'),(676,'Assurance chmage des dirigeants','Les dirigeants de socit sont exclus du rgime d\'assurance-chmage de l\'Unedic, mme s\'ils relvent du rgime gnral de la Scurit sociale. Des rgimes spcifiques ont toutefois t crs pour eux, notamment la GSC et l\'APPI, dont les cotisations et les indemnits annuelles sont fonction d\'un revenu forfaitaire et d\'un barme fixs chaque anne.','fr','2012-01-12 00:00:00','2012-01-12 11:54:11'),(677,'lves ou tudiants stagiaires en entreprise : franchise de cotisations','Les sommes verses aux stagiaires en entreprise sont exonres de cotisations et contributions sociales dans la limite d\'un plafond modifi chaque anne au 1er janvier.','fr','2012-01-10 00:00:00','2012-04-20 09:42:33'),(678,'Fractions saisissables des rmunrations','Le salaire est protg contre les saisies des cranciers d\'un salari auprs de l\'employeur. Seule une partie des sommes peut en effet tre retenue, dont le montant varie selon un barme tabli par l\'administration.','fr','2012-01-03 09:00:00','2012-01-03 14:58:32'),(679,'Droits de succession et renonciation  un legs','Alors que je devais recevoir une partie du patrimoine issue de la succession d\'un des membres de ma famille, un conflit s\'est ouvert avec les autres hritiers. Nous sommes toutefois parvenus  signer un protocole d\'accord qui stipule notamment que je devrais renoncer  une partie de la succession et rgler une somme de 15 000  aux autres hritiers pour compenser les montants importants qui m\'ont t verss par le dfunt par l\'intermdiaire de contrats d\'assurance-vie.  ce titre, j\'ai entendu dire que je devrai tout de mme payer des droits de succession sur le legs que j\'ai renonc  percevoir. Est-ce vrai ?','fr','2012-07-27 10:18:33','2012-07-27 10:19:13'),(680,'Fractionnement des congs pays et droit  des jours supplmentaires','L\'un de mes salaris a demand  prendre son cong principal de 24 jours ouvrables en deux fois: 14 jours au mois de juillet, et 10 jours  la fin du mois de novembre, ce que j\'ai accept. Mais il prtend maintenant avoir droit  2 jours de congs supplmentaires car il a fractionn ses congs pays. Est-ce exact?','fr','2012-07-17 16:35:23','2012-07-17 16:35:52'),(681,'Exonration de cotisations sociales des cadeaux aux salaris',' l\'occasion des ftes de fin d\'anne, j\'envisage d\'offrir  chacun de mes salaris un bon d\'achat d\'une valeur de 100 . Ces bons d\'achat bnficieront-ils d\'une exonration de cotisations sociales?','fr','2012-07-17 16:42:53','2012-07-17 16:43:12'),(682,'Clause de non-concurrence d\'un salari et dispense de pravis','J\'ai procd au licenciement d\'un salari en le dispensant d\'effectuer son pravis. Ce salari tant soumis  une clause de non-concurrence, quand dois-je lui verser la contrepartie financire attache  cette clause?','fr','2012-07-17 16:49:52','2012-07-17 16:50:19'),(683,'Pouvoir d\'engager une socit','J\'ai sign un contrat de vente de matriels pour un montant important avec le directeur commercial d\'une socit. Mais celle-ci refuse d\'honorer le contrat au motif que ce directeur commercial n\'avait pas le pouvoir de l\'engager. A-t-elle le droit?','fr','2012-07-17 16:51:21','2012-07-17 16:51:41'),(684,'Contrepartie au temps pass par un salari pour revtir une tenue de travail','Dans le cadre de leur activit professionnelle, mes salaris doivent revtir un uniforme que je leur fournis. L\'un d\'entre eux me demande de lui verser une compensation financire pour le temps d\'habillage et de dshabillage. Dois-je accder  sa requte?','fr','2012-07-17 16:58:37','2012-07-17 16:58:57'),(685,'Exercice d\'une activit professionnelle pendant un arrt de travail','J\'ai appris qu\'un de mes salaris exerce une activit professionnelle alors qu\'il est actuellement en arrt de travail. Commet-il, de ce fait, une faute susceptible de justifier son licenciement?','fr','2012-07-17 17:00:11','2012-07-17 17:00:35'),(686,'Opposition d\'un cogrant  la conclusion d\'un contrat par l\'autre grant','J\'assume la direction d\'une socit en tant que cogrant avec un autre associ. Or je viens d\'apprendre que celui-ci est en pourparlers avec un fournisseur pour signer un contrat qui me parat contraire aux intrts de la socit. Puis-je m\'y opposer?','fr','2012-07-17 17:01:45','2012-07-17 17:02:09'),(687,'Modification des horaires de travail d\'un salari','Puis-je modifier les horaires d\'un de mes salaris sans obtenir pralablement son accord ds lors qu\'il continuera  travailler 35 heures par semaine comme auparavant?','fr','2012-07-17 17:14:36','2012-07-17 17:14:54'),(688,'Rtractation d\'une promesse de vente d\'actions','En 2009, l\'actionnaire d\'une socit avait promis de me vendre ses actions. Nous avions convenu de la priode pendant laquelle je pourrais les acheter, soit entre le 1er janvier et le 31 dcembre 2011. De nombreux litiges nous ayant oppos l\'un  l\'autre, il a finalement rtract sa promesse de vente en avril 2010. Mais j\'ai nanmoins fait connatre ma dcision d\'acqurir les actions en janvier 2011. Puis-je agir en justice en vue de le forcer  procder  la vente?','fr','2012-07-18 09:14:36','2012-07-18 09:20:20'),(689,'Sort du cautionnement en cas d\'absence de dclaration de crance','La socit pour laquelle je me suis port caution a t mise en redressement judiciaire. Or le crancier bnficiaire du cautionnement a omis de dclarer sa crance auprs des organes de la procdure. Puis-je en conclure que je suis libr de mon engagement?','fr','2012-07-18 09:23:22','2012-07-18 09:29:07'),(690,'Local de restauration des salaris','Un certain nombre de mes salaris restent manger sur place le midi. Suis-je tenu de leur amnager un espace de restauration dans l\'entreprise?','fr','2012-07-18 09:44:59','2012-07-18 09:45:27'),(691,'Contrat de scurisation professionnelle et priorit de rembauche','Deux de mes salaris m\'ont indiqu qu\'ils comptaient accepter la proposition de contrat de scurisation professionnelle qui leur sera faite prochainement dans le cadre d\'une procdure de licenciement conomique. Bnficieront-ils de la priorit de rembauche prvue par le Code du travail?','fr','2012-07-18 09:46:00','2012-07-18 09:55:25'),(692,'Interdiction des avertisseurs de radars','Depuis des annes, j\'utilise un avertisseur de radars dans le cadre de mes dplacements professionnels. Or, j\'ai cru comprendre que l\'usage de ces appareils tait dsormais interdit. Dois-je m\'en dbarrasser?','fr','2012-07-18 10:00:23','2012-07-18 10:00:48'),(693,'Dmarchage par SMS','Nous sommes une socit spcialise dans la ralisation de diagnostics immobiliers (prsence d\'amiante ou de plomb, performance nergtique, termites). Pour tenter de conqurir de nouveaux clients, nous envisageons de dmarcher, par SMS car c\'est moins cher, des personnes dont nous saurions qu\'elles ont mis en vente leur maison d\'habitation et qui seraient donc susceptibles de faire appel  nos services. Pouvons-nous utiliser en toute lgalit les coordonnes de personnes rcoltes  partir d\'annonces immobilires diffuses sur des sites Internet destins  des particuliers?','fr','2012-07-18 10:30:25','2012-07-18 10:30:53'),(694,'Externalisation de la procdure de licenciement','Je vais prochainement procder au licenciement d\'un de mes salaris. Puis-je confier  un conseil extrieur le soin de se charger de la procdure de licenciement  ma place?','fr','2012-07-18 10:36:36','2012-07-18 10:36:53'),(695,'Formalits  respecter pour accorder un pont aux salaris','Je souhaiterais autoriser mes salaris  faire le pont  l\'occasion de la fte de l\'Ascension. Dois-je respecter des formalits particulires?','fr','2012-07-18 10:39:28','2012-07-18 10:40:00'),(696,'Report des congs pays pour maladie','L\'un de mes salaris, absent pendant plusieurs semaines pour maladie, n\'a pas pu prendre tous les jours de congs pays qu\'il avait acquis en 2011, avant la date limite de prise des congs fixe dans l\'entreprise. Puis-je considrer qu\'il a dfinitivement perdu ses droits  congs?','fr','2012-07-18 11:02:28','2012-07-18 11:02:48'),(697,'Chque sans provision et recouvrement de la crance','J\'ai reu de la banque une attestation de rejet d\'un chque mis par l\'un de mes clients pour dfaut de provision. Que dois-je faire?','fr','2012-07-18 11:23:52','2012-07-18 11:24:25'),(698,'Signature par le salari d\'un contrat  dure dtermine','Je viens d\'embaucher un salari en contrat de travail  dure dtermine (CDD). Dois-je exiger de lui qu\'il me remette un exemplaire sign de son contrat avant son entre en fonction?','fr','2012-07-18 11:31:52','2012-07-18 11:32:09');
/*!40000 ALTER TABLE `sid_article_translation` ENABLE KEYS */;
UNLOCK TABLES;

--
-- Dumping data for table `sid_bandeau`
--

LOCK TABLES `sid_bandeau` WRITE;
/*!40000 ALTER TABLE `sid_bandeau` DISABLE KEYS */;
INSERT INTO `sid_bandeau` (`id`, `groupe_bandeau_id`, `is_active`, `category`, `scrollamount`, `scrolldelay`, `boucle`, `behavior`, `direction`, `height`, `width`, `position`) VALUES (8,1,1,'perso',2,0,0,'scroll','left',0,0,-1);
/*!40000 ALTER TABLE `sid_bandeau` ENABLE KEYS */;
UNLOCK TABLES;

--
-- Dumping data for table `sid_bandeau_translation`
--

LOCK TABLES `sid_bandeau_translation` WRITE;
/*!40000 ALTER TABLE `sid_bandeau_translation` DISABLE KEYS */;
INSERT INTO `sid_bandeau_translation` (`id`, `title`, `debut_date`, `fin_date`, `lang`, `version`, `created_at`, `updated_at`) VALUES (8,'bandeau page accueil',NULL,NULL,'fr',2,'2012-01-03 16:40:19','2012-01-11 11:27:42');
/*!40000 ALTER TABLE `sid_bandeau_translation` ENABLE KEYS */;
UNLOCK TABLES;

--
-- Dumping data for table `sid_bandeau_translation_version`
--

LOCK TABLES `sid_bandeau_translation_version` WRITE;
/*!40000 ALTER TABLE `sid_bandeau_translation_version` DISABLE KEYS */;
INSERT INTO `sid_bandeau_translation_version` (`id`, `lang`, `title`, `debut_date`, `fin_date`, `version`) VALUES (8,'fr','test',NULL,NULL,1),(8,'fr','bandeau page accueil',NULL,NULL,2);
/*!40000 ALTER TABLE `sid_bandeau_translation_version` ENABLE KEYS */;
UNLOCK TABLES;

--
-- Dumping data for table `sid_cabinet_equipe`
--

LOCK TABLES `sid_cabinet_equipe` WRITE;
/*!40000 ALTER TABLE `sid_cabinet_equipe` DISABLE KEYS */;
/*!40000 ALTER TABLE `sid_cabinet_equipe` ENABLE KEYS */;
UNLOCK TABLES;

--
-- Dumping data for table `sid_cabinet_equipe_sid_rubrique`
--

LOCK TABLES `sid_cabinet_equipe_sid_rubrique` WRITE;
/*!40000 ALTER TABLE `sid_cabinet_equipe_sid_rubrique` DISABLE KEYS */;
/*!40000 ALTER TABLE `sid_cabinet_equipe_sid_rubrique` ENABLE KEYS */;
UNLOCK TABLES;

--
-- Dumping data for table `sid_cabinet_equipe_translation`
--

LOCK TABLES `sid_cabinet_equipe_translation` WRITE;
/*!40000 ALTER TABLE `sid_cabinet_equipe_translation` DISABLE KEYS */;
/*!40000 ALTER TABLE `sid_cabinet_equipe_translation` ENABLE KEYS */;
UNLOCK TABLES;

--
-- Dumping data for table `sid_cabinet_equipe_translation_version`
--

LOCK TABLES `sid_cabinet_equipe_translation_version` WRITE;
/*!40000 ALTER TABLE `sid_cabinet_equipe_translation_version` DISABLE KEYS */;
/*!40000 ALTER TABLE `sid_cabinet_equipe_translation_version` ENABLE KEYS */;
UNLOCK TABLES;

--
-- Dumping data for table `sid_cabinet_mission`
--

LOCK TABLES `sid_cabinet_mission` WRITE;
/*!40000 ALTER TABLE `sid_cabinet_mission` DISABLE KEYS */;
/*!40000 ALTER TABLE `sid_cabinet_mission` ENABLE KEYS */;
UNLOCK TABLES;

--
-- Dumping data for table `sid_cabinet_mission_sid_rubrique`
--

LOCK TABLES `sid_cabinet_mission_sid_rubrique` WRITE;
/*!40000 ALTER TABLE `sid_cabinet_mission_sid_rubrique` DISABLE KEYS */;
/*!40000 ALTER TABLE `sid_cabinet_mission_sid_rubrique` ENABLE KEYS */;
UNLOCK TABLES;

--
-- Dumping data for table `sid_cabinet_mission_translation`
--

LOCK TABLES `sid_cabinet_mission_translation` WRITE;
/*!40000 ALTER TABLE `sid_cabinet_mission_translation` DISABLE KEYS */;
/*!40000 ALTER TABLE `sid_cabinet_mission_translation` ENABLE KEYS */;
UNLOCK TABLES;

--
-- Dumping data for table `sid_cabinet_mission_translation_version`
--

LOCK TABLES `sid_cabinet_mission_translation_version` WRITE;
/*!40000 ALTER TABLE `sid_cabinet_mission_translation_version` DISABLE KEYS */;
/*!40000 ALTER TABLE `sid_cabinet_mission_translation_version` ENABLE KEYS */;
UNLOCK TABLES;

--
-- Dumping data for table `sid_cabinet_page_cabinet`
--

LOCK TABLES `sid_cabinet_page_cabinet` WRITE;
/*!40000 ALTER TABLE `sid_cabinet_page_cabinet` DISABLE KEYS */;
/*!40000 ALTER TABLE `sid_cabinet_page_cabinet` ENABLE KEYS */;
UNLOCK TABLES;

--
-- Dumping data for table `sid_cabinet_page_cabinet_translation`
--

LOCK TABLES `sid_cabinet_page_cabinet_translation` WRITE;
/*!40000 ALTER TABLE `sid_cabinet_page_cabinet_translation` DISABLE KEYS */;
/*!40000 ALTER TABLE `sid_cabinet_page_cabinet_translation` ENABLE KEYS */;
UNLOCK TABLES;

--
-- Dumping data for table `sid_cabinet_page_cabinet_translation_version`
--

LOCK TABLES `sid_cabinet_page_cabinet_translation_version` WRITE;
/*!40000 ALTER TABLE `sid_cabinet_page_cabinet_translation_version` DISABLE KEYS */;
/*!40000 ALTER TABLE `sid_cabinet_page_cabinet_translation_version` ENABLE KEYS */;
UNLOCK TABLES;

--
-- Dumping data for table `sid_cabinet_recrutement`
--

LOCK TABLES `sid_cabinet_recrutement` WRITE;
/*!40000 ALTER TABLE `sid_cabinet_recrutement` DISABLE KEYS */;
/*!40000 ALTER TABLE `sid_cabinet_recrutement` ENABLE KEYS */;
UNLOCK TABLES;

--
-- Dumping data for table `sid_cabinet_recrutement_translation`
--

LOCK TABLES `sid_cabinet_recrutement_translation` WRITE;
/*!40000 ALTER TABLE `sid_cabinet_recrutement_translation` DISABLE KEYS */;
/*!40000 ALTER TABLE `sid_cabinet_recrutement_translation` ENABLE KEYS */;
UNLOCK TABLES;

--
-- Dumping data for table `sid_cabinet_recrutement_translation_version`
--

LOCK TABLES `sid_cabinet_recrutement_translation_version` WRITE;
/*!40000 ALTER TABLE `sid_cabinet_recrutement_translation_version` DISABLE KEYS */;
/*!40000 ALTER TABLE `sid_cabinet_recrutement_translation_version` ENABLE KEYS */;
UNLOCK TABLES;

--
-- Dumping data for table `sid_cabinet_selection_placement`
--

LOCK TABLES `sid_cabinet_selection_placement` WRITE;
/*!40000 ALTER TABLE `sid_cabinet_selection_placement` DISABLE KEYS */;
/*!40000 ALTER TABLE `sid_cabinet_selection_placement` ENABLE KEYS */;
UNLOCK TABLES;

--
-- Dumping data for table `sid_cabinet_selection_placement_translation`
--

LOCK TABLES `sid_cabinet_selection_placement_translation` WRITE;
/*!40000 ALTER TABLE `sid_cabinet_selection_placement_translation` DISABLE KEYS */;
/*!40000 ALTER TABLE `sid_cabinet_selection_placement_translation` ENABLE KEYS */;
UNLOCK TABLES;

--
-- Dumping data for table `sid_cabinet_selection_placement_translation_version`
--

LOCK TABLES `sid_cabinet_selection_placement_translation_version` WRITE;
/*!40000 ALTER TABLE `sid_cabinet_selection_placement_translation_version` DISABLE KEYS */;
/*!40000 ALTER TABLE `sid_cabinet_selection_placement_translation_version` ENABLE KEYS */;
UNLOCK TABLES;

--
-- Dumping data for table `sid_constantes`
--

LOCK TABLES `sid_constantes` WRITE;
/*!40000 ALTER TABLE `sid_constantes` DISABLE KEYS */;
INSERT INTO `sid_constantes` (`id`, `name`, `is_active`, `position`) VALUES (1,'nomcabinet',1,NULL),(2,'adressecabinet',1,NULL),(3,'recrutement',1,NULL),(4,'actualites_du_cabinet',1,NULL),(5,'slogancabinet',1,NULL),(6,'nom_page_contact',1,-1),(7,'selection_placement',1,-2);
/*!40000 ALTER TABLE `sid_constantes` ENABLE KEYS */;
UNLOCK TABLES;

--
-- Dumping data for table `sid_constantes_translation`
--

LOCK TABLES `sid_constantes_translation` WRITE;
/*!40000 ALTER TABLE `sid_constantes_translation` DISABLE KEYS */;
INSERT INTO `sid_constantes_translation` (`id`, `content`, `lang`, `created_at`, `updated_at`, `version`) VALUES (1,'Le nom du cabinet','fr','0000-00-00 00:00:00','2012-04-13 15:26:52',2),(2,'16, rue du 4 Septembre - 75002 Paris','fr','0000-00-00 00:00:00','0000-00-00 00:00:00',NULL),(3,'Le cabinet ne propose pas d\'annonce de recrutement actuellement.','fr','0000-00-00 00:00:00','2012-03-21 13:57:57',1),(4,'Le cabinet n\'a pas publi d\'actualits','fr','2012-02-15 00:00:00','2012-02-15 00:00:00',NULL),(5,'Votre cabinet vous informe','fr','0000-00-00 00:00:00','2012-03-28 11:32:19',1),(6,'Contactez nous','fr','2012-03-13 11:39:28','2012-03-13 11:39:28',1),(7,'pas de slection de placement pour le moment','fr','2012-03-28 17:06:10','2012-03-28 17:06:10',1);
/*!40000 ALTER TABLE `sid_constantes_translation` ENABLE KEYS */;
UNLOCK TABLES;

--
-- Dumping data for table `sid_constantes_translation_version`
--

LOCK TABLES `sid_constantes_translation_version` WRITE;
/*!40000 ALTER TABLE `sid_constantes_translation_version` DISABLE KEYS */;
INSERT INTO `sid_constantes_translation_version` (`id`, `lang`, `content`, `created_at`, `updated_at`, `version`) VALUES (1,'fr','Universel Patrimoine','0000-00-00 00:00:00','2012-03-28 11:32:04',1),(1,'fr','Le nom du cabinet','0000-00-00 00:00:00','2012-04-13 15:26:52',2),(3,'fr','Le cabinet ne propose pas d\'annonce de recrutement actuellement.','0000-00-00 00:00:00','2012-03-21 13:57:57',1),(5,'fr','Votre cabinet vous informe','0000-00-00 00:00:00','2012-03-28 11:32:19',1),(6,'fr','Contactez nous','2012-03-13 11:39:28','2012-03-13 11:39:28',1),(7,'fr','pas de slection de placement pour le moment','2012-03-28 17:06:10','2012-03-28 17:06:10',1);
/*!40000 ALTER TABLE `sid_constantes_translation_version` ENABLE KEYS */;
UNLOCK TABLES;

--
-- Dumping data for table `sid_contact_data`
--

LOCK TABLES `sid_contact_data` WRITE;
/*!40000 ALTER TABLE `sid_contact_data` DISABLE KEYS */;
/*!40000 ALTER TABLE `sid_contact_data` ENABLE KEYS */;
UNLOCK TABLES;

--
-- Dumping data for table `sid_contact_field`
--

LOCK TABLES `sid_contact_field` WRITE;
/*!40000 ALTER TABLE `sid_contact_field` DISABLE KEYS */;
INSERT INTO `sid_contact_field` (`id`, `widget_type`, `widget_options`, `widget_attributes`, `validator_type`, `validator_options`, `validator_messages`, `form_id`, `is_active`, `is_required`, `position`) VALUES (1,'sfWidgetFormInputText','','','sfValidatorNumber','','{\"invalid\" : \"Numro de tlphone invalide\"}',1,1,0,9),(2,'sfWidgetFormInputText','','','sfValidatorNumber','','{\"invalid\" : \"Numro de fax invalide\"}',1,1,0,10),(3,'sfWidgetFormInputText','','','sfValidatorString','','',1,1,0,1),(4,'sfWidgetFormInputText','','','sfValidatorNumber','','{\"invalid\" : \"Code postal invalide\"}',1,1,0,7),(5,'sfWidgetFormChoice','{\"choices\" : {\"Monsieur\" : \"Monsieur\", \"Madame\" : \"Madame\", \"Mademoiselle\" : \"Mademoiselle\"}}','','sfValidatorChoice','{\"choices\" : {\"Monsieur\" : \"Monsieur\", \"Madame\" : \"Madame\", \"Mademoiselle\" : \"Mademoiselle\"}}','',1,1,1,2),(6,'sfWidgetFormInputText','','','sfValidatorString','{\"min_length\" : \"3\"}','{\"min_length\" : \"\'%value%\' est trop court (%min_length% caractres minimum)\"}',1,1,1,3),(7,'sfWidgetFormInputText','','','sfValidatorString','{\"min_length\" : \"3\"}','{\"min_length\" : \"\'%value%\' est trop court (%min_length% caractres minimum)\"}',1,1,0,4),(8,'sfWidgetFormInputText','','','sfValidatorString','','',1,1,0,5),(9,'sfWidgetFormInputText','','','sfValidatorString','','',1,1,0,6),(10,'sfWidgetFormInputText','','','sfValidatorString','','',1,1,0,8),(11,'sfWidgetFormTextarea','','','sfValidatorString','','',1,1,1,11);
/*!40000 ALTER TABLE `sid_contact_field` ENABLE KEYS */;
UNLOCK TABLES;

--
-- Dumping data for table `sid_contact_field_translation`
--

LOCK TABLES `sid_contact_field_translation` WRITE;
/*!40000 ALTER TABLE `sid_contact_field_translation` DISABLE KEYS */;
INSERT INTO `sid_contact_field_translation` (`id`, `name`, `help`, `lang`, `version`, `created_at`, `updated_at`, `position`) VALUES (1,'Tlphone','','fr',3,'2012-06-26 14:14:21','2012-06-27 16:42:32',-1),(2,'Fax','','fr',3,'2012-06-26 14:15:18','2012-06-27 16:42:39',-2),(3,'Destinataire','','fr',3,'2012-06-26 17:28:16','2012-06-27 15:35:17',-3),(4,'Code postal','','fr',2,'2012-06-26 17:31:06','2012-06-26 17:31:06',-4),(5,'Civilit','','fr',2,'2012-06-27 14:34:39','2012-06-27 14:34:39',-5),(6,'Nom','','fr',2,'2012-06-27 15:20:19','2012-06-27 15:20:19',-6),(7,'Prnom','','fr',2,'2012-06-27 15:21:49','2012-06-27 15:21:49',-7),(8,'Fonction','','fr',2,'2012-06-27 15:23:44','2012-06-27 15:23:44',-8),(9,'Adresse','','fr',2,'2012-06-27 15:24:16','2012-06-27 15:24:16',-9),(10,'Ville','','fr',2,'2012-06-27 15:26:46','2012-06-27 15:26:46',-10),(11,'Message','','fr',2,'2012-06-27 15:30:33','2012-06-27 15:30:33',-11);
/*!40000 ALTER TABLE `sid_contact_field_translation` ENABLE KEYS */;
UNLOCK TABLES;

--
-- Dumping data for table `sid_contact_field_translation_version`
--

LOCK TABLES `sid_contact_field_translation_version` WRITE;
/*!40000 ALTER TABLE `sid_contact_field_translation_version` DISABLE KEYS */;
INSERT INTO `sid_contact_field_translation_version` (`id`, `lang`, `name`, `help`, `version`) VALUES (1,'fr','Tlphone','Le num&eacute;ro de t&eacute;l&eacute;phone',1),(1,'fr','Tlphone','Le num&eacute;ro de t&eacute;l&eacute;phone',2),(1,'fr','Tlphone','',3),(2,'fr','Fax','Le num&eacute;ro de fax',1),(2,'fr','Fax','Le num&eacute;ro de fax',2),(2,'fr','Fax','',3),(3,'fr','Destinataire','Destinataire',1),(3,'fr','Destinataire','Destinataire',2),(3,'fr','Destinataire','',3),(4,'fr','Code postal','',1),(4,'fr','Code postal','',2),(5,'fr','Civilit','',1),(5,'fr','Civilit','',2),(6,'fr','Nom','',1),(6,'fr','Nom','',2),(7,'fr','Prnom','',1),(7,'fr','Prnom','',2),(8,'fr','Fonction','',1),(8,'fr','Fonction','',2),(9,'fr','Adresse','',1),(9,'fr','Adresse','',2),(10,'fr','Ville','',1),(10,'fr','Ville','',2),(11,'fr','Message','',1),(11,'fr','Message','',2);
/*!40000 ALTER TABLE `sid_contact_field_translation_version` ENABLE KEYS */;
UNLOCK TABLES;

--
-- Dumping data for table `sid_contact_form`
--

LOCK TABLES `sid_contact_form` WRITE;
/*!40000 ALTER TABLE `sid_contact_form` DISABLE KEYS */;
INSERT INTO `sid_contact_form` (`id`, `position`) VALUES (1,-1);
/*!40000 ALTER TABLE `sid_contact_form` ENABLE KEYS */;
UNLOCK TABLES;

--
-- Dumping data for table `sid_contact_form_translation`
--

LOCK TABLES `sid_contact_form_translation` WRITE;
/*!40000 ALTER TABLE `sid_contact_form_translation` DISABLE KEYS */;
INSERT INTO `sid_contact_form_translation` (`id`, `name`, `description`, `lang`, `version`, `created_at`, `updated_at`) VALUES (1,'Contactez-nous','<br />\r\n','fr',3,'2012-06-26 14:13:51','2012-06-27 14:03:48');
/*!40000 ALTER TABLE `sid_contact_form_translation` ENABLE KEYS */;
UNLOCK TABLES;

--
-- Dumping data for table `sid_contact_form_translation_version`
--

LOCK TABLES `sid_contact_form_translation_version` WRITE;
/*!40000 ALTER TABLE `sid_contact_form_translation_version` DISABLE KEYS */;
INSERT INTO `sid_contact_form_translation_version` (`id`, `lang`, `name`, `description`, `version`) VALUES (1,'fr','Contactez-nous',NULL,1);
/*!40000 ALTER TABLE `sid_contact_form_translation_version` ENABLE KEYS */;
UNLOCK TABLES;

--
-- Dumping data for table `sid_coord_name`
--

LOCK TABLES `sid_coord_name` WRITE;
/*!40000 ALTER TABLE `sid_coord_name` DISABLE KEYS */;
INSERT INTO `sid_coord_name` (`id`, `is_active`, `siege_social`, `image`, `file`, `title_file`, `position`) VALUES (2,1,1,NULL,NULL,'',1);
/*!40000 ALTER TABLE `sid_coord_name` ENABLE KEYS */;
UNLOCK TABLES;

--
-- Dumping data for table `sid_coord_name_translation`
--

LOCK TABLES `sid_coord_name_translation` WRITE;
/*!40000 ALTER TABLE `sid_coord_name_translation` DISABLE KEYS */;
INSERT INTO `sid_coord_name_translation` (`id`, `title`, `adresse`, `adresse2`, `code_postal`, `ville`, `tel`, `fax`, `email`, `region_ec`, `region_cc`, `resume_town`, `resume_team`, `adresse_google`, `rcs`, `rcs_locality`, `orias`, `cif`, `carte_pro`, `carte_pro_locality`, `lang`, `version`, `created_at`, `updated_at`) VALUES (2,'Cabinet 1','16, rue du 4 Septembre','','75002','Paris','01 23 45 67 89','09 87 65 43 21','contact@lesiteducabinet.com','','','<br />\r\n','<br />\r\n','','000 000 000','Paris','','','','','fr',10,'2012-03-14 09:27:19','2012-04-23 13:42:49');
/*!40000 ALTER TABLE `sid_coord_name_translation` ENABLE KEYS */;
UNLOCK TABLES;

--
-- Dumping data for table `sid_coord_name_translation_version`
--

LOCK TABLES `sid_coord_name_translation_version` WRITE;
/*!40000 ALTER TABLE `sid_coord_name_translation_version` DISABLE KEYS */;
INSERT INTO `sid_coord_name_translation_version` (`id`, `lang`, `title`, `adresse`, `adresse2`, `code_postal`, `ville`, `tel`, `fax`, `email`, `region_ec`, `region_cc`, `resume_town`, `resume_team`, `adresse_google`, `rcs`, `rcs_locality`, `orias`, `cif`, `carte_pro`, `carte_pro_locality`, `version`) VALUES (2,'fr','Cabinet Tnor Expert-Comptable','16, rue du 4 Septembre','','75002','Paris','01 23 45 67 89','09 87 65 43 21','contact-paris@lesiteducabinet.com','Poitou-Charentes Vende','Poitiers','','',NULL,NULL,NULL,NULL,NULL,NULL,NULL,1),(2,'fr','Cabinet Tnor Expert-Comptable','16, rue du 4 Septembre','','75002','Paris','01 23 45 67 89','09 87 65 43 21','contact-paris@lesiteducabinet.com','Poitou-Charentes Vende','Poitiers','<p>\r\n	Lorem ipsum dolor sit amet, consectetur adipiscing elit. Curabitur in enim ligula, a vestibulum sapien. Fusce eu vehicula sem. In hac habitasse platea dictumst. Sed gravida orci id dui iaculis gravida. Mauris tincidunt ipsum eu nibh commodo pharetra. Curabitur felis mauris, tristique ut eleifend in, facilisis a enim. Maecenas ac sollicitudin eros. Donec elementum egestas pulvinar. Nam semper vehicula augue non euismod. Aenean et nulla magna, eget tincidunt erat.</p>\r\n','<p>\r\n	Ut velit tellus, porttitor id dapibus at, ultricies eget tellus. Fusce bibendum consequat malesuada. Integer tempus pharetra mattis. Etiam quis arcu non turpis pharetra vestibulum. Proin id augue a nisi feugiat cursus. Integer libero dolor, viverra quis bibendum ut, condimentum eu diam</p>\r\n',NULL,NULL,NULL,NULL,NULL,NULL,NULL,2),(2,'fr','Cabinet Tnor Expert-Comptable','16, rue du 4 Septembre','','75002','Paris','01 23 45 67 89','09 87 65 43 21','contact-paris@lesiteducabinet.com','Poitou-Charentes Vende','Poitiers','<p>\r\n	Lorem ipsum dolor sit amet, consectetur adipiscing elit. Curabitur in enim ligula, a vestibulum sapien. Fusce eu vehicula sem. In hac habitasse platea dictumst. Sed gravida orci id dui iaculis gravida. Mauris tincidunt ipsum eu nibh commodo pharetra. Curabitur felis mauris, tristique ut eleifend in, facilisis a enim. Maecenas ac sollicitudin eros. Donec elementum egestas pulvinar. Nam semper vehicula augue non euismod. Aenean et nulla magna, eget tincidunt erat.</p>\r\n','<p>\r\n	Ut velit tellus, porttitor id dapibus at, ultricies eget tellus. Fusce bibendum consequat malesuada. Integer tempus pharetra mattis. Etiam quis arcu non turpis pharetra vestibulum. Proin id augue a nisi feugiat cursus. Integer libero dolor, viverra quis bibendum ut, condimentum eu diam</p>\r\n','16, rue du 4 Septembre 75002 Paris ','','','','','','',3),(2,'fr','Cabinet Tnor Expert-Comptable','16, rue du 4 Septembre','','75002','Paris','01 23 45 67 89','09 87 65 43 21','contact-paris@lesiteducabinet.com','Poitou-Charentes Vende','Poitiers','<div>\r\n	Lorem ipsum dolor sit amet, consectetur adipiscing elit. Curabitur in enim ligula, a vestibulum sapien. Fusce eu vehicula sem. In hac habitasse platea dictumst. Sed gravida orci id dui iaculis gravida. Mauris tincidunt ipsum eu nibh commodo pharetra. Curabitur felis mauris, tristique ut eleifend in, facilisis a enim. Maecenas ac sollicitudin eros. Donec elementum egestas pulvinar. Nam semper vehicula augue non euismod. Aenean et nulla magna, eget tincidunt erat.</div>\r\n','<p>\r\n	Ut velit tellus, porttitor id dapibus at, ultricies eget tellus. Fusce bibendum consequat malesuada. Integer tempus pharetra mattis. Etiam quis arcu non turpis pharetra vestibulum. Proin id augue a nisi feugiat cursus. Integer libero dolor, viverra quis bibendum ut, condimentum eu diam</p>\r\n','16, rue du 4 Septembre 75002 Paris ','','','','','','',4),(2,'fr','Cabinet Tnor Expert-Comptable','16, rue du 4 Septembre','','75002','Paris','01 23 45 67 89','09 87 65 43 21','contact-paris@lesiteducabinet.com','Poitou-Charentes Vende','Poitiers','Lorem ipsum dolor sit amet, consectetur adipiscing elit. Curabitur in enim ligula, a vestibulum sapien. Fusce eu vehicula sem. In hac habitasse platea dictumst. Sed gravida orci id dui iaculis gravida. Mauris tincidunt ipsum eu nibh commodo pharetra. Curabitur felis mauris, tristique ut eleifend in, facilisis a enim. Maecenas ac sollicitudin eros. Donec elementum egestas pulvinar. Nam semper vehicula augue non euismod. Aenean et nulla magna, eget tincidunt erat.','<p>\r\n	Ut velit tellus, porttitor id dapibus at, ultricies eget tellus. Fusce bibendum consequat malesuada. Integer tempus pharetra mattis. Etiam quis arcu non turpis pharetra vestibulum. Proin id augue a nisi feugiat cursus. Integer libero dolor, viverra quis bibendum ut, condimentum eu diam</p>\r\n','16, rue du 4 Septembre 75002 Paris ','','','','','','',5),(2,'fr','Cabinet Tnor Expert-Comptable','16, rue du 4 Septembre','','75002','Paris','01 23 45 67 89','09 87 65 43 21','contact-paris@lesiteducabinet.com','Poitou-Charentes Vende','Poitiers','Lorem ipsum dolor sit amet, consectetur adipiscing elit. Curabitur in enim ligula, a vestibulum sapien. Fusce eu vehicula sem. In hac habitasse platea dictumst. Sed gravida orci id dui iaculis gravida. Mauris tincidunt ipsum eu nibh commodo pharetra. Curabitur felis mauris, tristique ut eleifend in, facilisis a enim. Maecenas ac sollicitudin eros. Donec elementum egestas pulvinar. Nam semper vehicula augue non euismod. Aenean et nulla magna, eget tincidunt erat.<br />\r\ntrytry<br />\r\n','<p>\r\n	Ut velit tellus, porttitor id dapibus at, ultricies eget tellus. Fusce bibendum consequat malesuada. Integer tempus pharetra mattis. Etiam quis arcu non turpis pharetra vestibulum. Proin id augue a nisi feugiat cursus. Integer libero dolor, viverra quis bibendum ut, condimentum eu diam</p>\r\n','16, rue du 4 Septembre 75002 Paris ','','','','','','',6),(2,'fr','Cabinet Tnor Expert-Comptable','16, rue du 4 Septembre','','75002','Paris','01 23 45 67 89','09 87 65 43 21','contact-paris@lesiteducabinet.com','Poitou-Charentes Vende','Poitiers','Lorem ipsum dolor sit amet, consectetur adipiscing elit. Curabitur in enim ligula, a vestibulum sapien. Fusce eu vehicula sem. In hac habitasse platea dictumst. Sed gravida orci id dui iaculis gravida. Mauris tincidunt ipsum eu nibh commodo pharetra. Curabitur felis mauris, tristique ut eleifend in, facilisis a enim. Maecenas ac sollicitudin eros. Donec elementum egestas pulvinar. Nam semper vehicula augue non euismod. Aenean et nulla magna, eget tincidunt erat.<br />\r\ntrytry<br />\r\n','Ut velit tellus, porttitor id dapibus at, ultricies eget tellus. Fusce bibendum consequat malesuada. Integer tempus pharetra mattis. Etiam quis arcu non turpis pharetra vestibulum. Proin id augue a nisi feugiat cursus. Integer libero dolor, viverra quis bibendum ut, condimentum eu diam ','16, rue du 4 Septembre 75002 Paris ','','','','','','',7),(2,'fr','Universel Patrimoine','88, Avenue Wagram','','75017','Paris','01 42 86 54 37','01 40 55 55 10','squere@universel-patrimoine.fr','Poitou-Charentes Vende','','<br />\r\n','<br />\r\n','','453 860 694','Nanterre','','','10 92 N 979','Nanterre',8),(2,'fr','Cabinet Tnor Gestion de Patrimoine','16, rue du 4 Septembre','','75002','Paris','01 23 45 67 89','09 87 65 43 21','contact@lesiteducabinet.com','','','<br />\r\n','<br />\r\n','','000 000 000','Paris','','','','',9),(2,'fr','Cabinet 1','16, rue du 4 Septembre','','75002','Paris','01 23 45 67 89','09 87 65 43 21','contact@lesiteducabinet.com','','','<br />\r\n','<br />\r\n','','000 000 000','Paris','','','','',10);
/*!40000 ALTER TABLE `sid_coord_name_translation_version` ENABLE KEYS */;
UNLOCK TABLES;

--
-- Dumping data for table `sid_groupe_bandeau`
--

LOCK TABLES `sid_groupe_bandeau` WRITE;
/*!40000 ALTER TABLE `sid_groupe_bandeau` DISABLE KEYS */;
INSERT INTO `sid_groupe_bandeau` (`id`, `dm_page_id`, `is_active`) VALUES (1,1,1);
/*!40000 ALTER TABLE `sid_groupe_bandeau` ENABLE KEYS */;
UNLOCK TABLES;

--
-- Dumping data for table `sid_groupe_bandeau_translation`
--

LOCK TABLES `sid_groupe_bandeau_translation` WRITE;
/*!40000 ALTER TABLE `sid_groupe_bandeau_translation` DISABLE KEYS */;
INSERT INTO `sid_groupe_bandeau_translation` (`id`, `title`, `lang`, `created_at`, `updated_at`) VALUES (1,'Le bandeau de la page d\'accueil','','2011-12-21 16:26:07','2011-12-21 16:26:07'),(1,'Le bandeau de la page d\'accueil','fr','2012-03-06 14:11:21','2012-03-06 14:11:21');
/*!40000 ALTER TABLE `sid_groupe_bandeau_translation` ENABLE KEYS */;
UNLOCK TABLES;

--
-- Dumping data for table `sid_groupe_sites_utiles`
--

LOCK TABLES `sid_groupe_sites_utiles` WRITE;
/*!40000 ALTER TABLE `sid_groupe_sites_utiles` DISABLE KEYS */;
/*!40000 ALTER TABLE `sid_groupe_sites_utiles` ENABLE KEYS */;
UNLOCK TABLES;

--
-- Dumping data for table `sid_groupe_sites_utiles_translation`
--

LOCK TABLES `sid_groupe_sites_utiles_translation` WRITE;
/*!40000 ALTER TABLE `sid_groupe_sites_utiles_translation` DISABLE KEYS */;
/*!40000 ALTER TABLE `sid_groupe_sites_utiles_translation` ENABLE KEYS */;
UNLOCK TABLES;

--
-- Dumping data for table `sid_index_sites_utiles`
--

LOCK TABLES `sid_index_sites_utiles` WRITE;
/*!40000 ALTER TABLE `sid_index_sites_utiles` DISABLE KEYS */;
/*!40000 ALTER TABLE `sid_index_sites_utiles` ENABLE KEYS */;
UNLOCK TABLES;

--
-- Dumping data for table `sid_index_sites_utiles_translation`
--

LOCK TABLES `sid_index_sites_utiles_translation` WRITE;
/*!40000 ALTER TABLE `sid_index_sites_utiles_translation` DISABLE KEYS */;
/*!40000 ALTER TABLE `sid_index_sites_utiles_translation` ENABLE KEYS */;
UNLOCK TABLES;

--
-- Dumping data for table `sid_rubrique`
--

LOCK TABLES `sid_rubrique` WRITE;
/*!40000 ALTER TABLE `sid_rubrique` DISABLE KEYS */;
INSERT INTO `sid_rubrique` (`id`, `is_active`, `position`) VALUES (2,1,-2),(3,1,-3),(4,1,-4),(5,1,-5),(7,1,-6);
/*!40000 ALTER TABLE `sid_rubrique` ENABLE KEYS */;
UNLOCK TABLES;

--
-- Dumping data for table `sid_rubrique_translation`
--

LOCK TABLES `sid_rubrique_translation` WRITE;
/*!40000 ALTER TABLE `sid_rubrique_translation` DISABLE KEYS */;
INSERT INTO `sid_rubrique_translation` (`id`, `title`, `lang`, `created_at`, `updated_at`) VALUES (2,'cgp_famille','fr','2012-03-28 09:02:46','2012-03-28 09:02:46'),(3,'cgp_fiscal','fr','2012-03-28 09:02:46','2012-03-28 09:02:46'),(4,'cgp_immobilier','fr','2012-03-28 09:02:46','2012-03-28 09:02:46'),(5,'cgp_placement','fr','2012-03-28 09:02:46','2012-03-28 09:02:46'),(7,'cgp_chiffres_cles','fr','2012-07-20 18:56:49','2012-07-20 18:56:49');
/*!40000 ALTER TABLE `sid_rubrique_translation` ENABLE KEYS */;
UNLOCK TABLES;

--
-- Dumping data for table `sid_section`
--

LOCK TABLES `sid_section` WRITE;
/*!40000 ALTER TABLE `sid_section` DISABLE KEYS */;
INSERT INTO `sid_section` (`id`, `rubrique_id`, `is_active`, `position`) VALUES (4,2,1,1),(5,2,1,2),(6,3,1,1),(7,3,1,3),(8,3,1,4),(9,4,1,1),(10,4,1,2),(11,5,1,1),(12,5,1,2),(13,3,1,2),(14,5,1,3),(15,7,1,1),(16,7,1,2),(17,7,1,3);
/*!40000 ALTER TABLE `sid_section` ENABLE KEYS */;
UNLOCK TABLES;

--
-- Dumping data for table `sid_section_translation`
--

LOCK TABLES `sid_section_translation` WRITE;
/*!40000 ALTER TABLE `sid_section_translation` DISABLE KEYS */;
INSERT INTO `sid_section_translation` (`id`, `title`, `lang`, `created_at`, `updated_at`) VALUES (4,'cgp_actualites','fr','2012-03-28 09:02:52','2012-03-28 09:02:52'),(5,'cgp_faq','fr','2012-03-28 09:02:52','2012-03-28 09:02:52'),(6,'cgp_actualites','fr','2012-03-28 09:02:52','2012-03-28 09:02:52'),(7,'cgp_dossiers','fr','2012-03-28 09:02:52','2012-03-28 09:02:52'),(8,'cgp_faq','fr','2012-03-28 09:02:52','2012-03-28 09:02:52'),(9,'cgp_actualites','fr','2012-03-28 09:02:52','2012-03-28 09:02:52'),(10,'cgp_faq','fr','2012-03-28 09:02:52','2012-03-28 09:02:52'),(11,'cgp_actualites','fr','2012-03-28 09:02:52','2012-03-28 09:02:52'),(12,'cgp_dossiers','fr','2012-03-28 09:02:52','2012-03-28 09:02:52'),(13,'cgp_chiffres','fr','2012-07-18 01:06:10','2012-07-18 01:06:10'),(14,'cgp_faq','fr','2012-07-20 01:05:11','2012-07-20 01:05:11'),(15,'cgp_ecofi','fr','2012-07-21 01:05:35','2012-07-21 01:05:35'),(16,'cgp_fiscal','fr','2012-07-21 01:05:35','2012-07-21 01:05:35'),(17,'cgp_social','fr','2012-07-21 01:05:35','2012-07-21 01:05:35');
/*!40000 ALTER TABLE `sid_section_translation` ENABLE KEYS */;
UNLOCK TABLES;

--
-- Dumping data for table `sid_sites_utiles`
--

LOCK TABLES `sid_sites_utiles` WRITE;
/*!40000 ALTER TABLE `sid_sites_utiles` DISABLE KEYS */;
/*!40000 ALTER TABLE `sid_sites_utiles` ENABLE KEYS */;
UNLOCK TABLES;

--
-- Dumping data for table `sid_sites_utiles_translation`
--

LOCK TABLES `sid_sites_utiles_translation` WRITE;
/*!40000 ALTER TABLE `sid_sites_utiles_translation` DISABLE KEYS */;
/*!40000 ALTER TABLE `sid_sites_utiles_translation` ENABLE KEYS */;
UNLOCK TABLES;

--
-- Dumping data for table `sid_sites_utiles_translation_version`
--

LOCK TABLES `sid_sites_utiles_translation_version` WRITE;
/*!40000 ALTER TABLE `sid_sites_utiles_translation_version` DISABLE KEYS */;
/*!40000 ALTER TABLE `sid_sites_utiles_translation_version` ENABLE KEYS */;
UNLOCK TABLES;
/*!40103 SET TIME_ZONE=@OLD_TIME_ZONE */;

/*!40101 SET SQL_MODE=@OLD_SQL_MODE */;
/*!40014 SET FOREIGN_KEY_CHECKS=@OLD_FOREIGN_KEY_CHECKS */;
/*!40014 SET UNIQUE_CHECKS=@OLD_UNIQUE_CHECKS */;
/*!40101 SET CHARACTER_SET_CLIENT=@OLD_CHARACTER_SET_CLIENT */;
/*!40101 SET CHARACTER_SET_RESULTS=@OLD_CHARACTER_SET_RESULTS */;
/*!40101 SET COLLATION_CONNECTION=@OLD_COLLATION_CONNECTION */;
/*!40111 SET SQL_NOTES=@OLD_SQL_NOTES */;

-- Dump completed on 2012-08-06 14:00:15
